Fecha,Tipo,Almacen,ID_Producto,Producto,Cantidad_Stock,Entidad,TIPO_PRODUCTO
2023-01-01,Entrada,SURCO,1,ACCORD,4,Prov Vehículos,AUTOS
2023-01-01,Entrada,SURCO,2,CIVIC,4,Prov Vehículos,AUTOS
2023-01-01,Entrada,SURCO,3,ODISSEY,1,Prov Vehículos,AUTOS
2023-01-01,Entrada,SURCO,4,CRV,6,Prov Vehículos,AUTOS
2023-01-01,Entrada,SURCO,5,PILOT,1,Prov Vehículos,AUTOS
2023-01-01,Entrada,SURCO,7,CITY,2,Prov Vehículos,AUTOS
2023-01-01,Entrada,SURCO,8,ELEMENT,1,Prov Vehículos,CAMIONETAS
2023-01-01,Entrada,SURCO,9,CROSSTOUR,4,Prov Vehículos,CAMIONETAS
2023-01-01,Entrada,SURCO,10,CR-Z,3,Prov Vehículos,CAMIONETAS
2023-01-01,Entrada,SURCO,11,RID LINE,3,Prov Vehículos,CAMIONETAS
2023-01-01,Entrada,SURCO,38,ACEITE FS 5W30,15,Prov Repuestos,REPUESTOS
2023-01-01,Entrada,SURCO,39,FILTRO COMBUST,15,Prov Repuestos,REPUESTOS
2023-01-01,Entrada,SURCO,40,AMORT DEL,20,Prov Repuestos,REPUESTOS
2023-01-01,Entrada,SURCO,41,AMORT POS,9,Prov Repuestos,REPUESTOS
2023-01-01,Entrada,SURCO,42,"LLANTAS 18""",9,Prov Repuestos,REPUESTOS
2023-01-01,Entrada,SURCO,43,BATERÍA 18 PLC,17,Prov Repuestos,REPUESTOS
2023-01-01,Entrada,LA MOLINA,3,ODISSEY,2,Prov Vehículos,AUTOS
2023-01-01,Entrada,LA MOLINA,4,CRV,2,Prov Vehículos,AUTOS
2023-01-01,Entrada,LA MOLINA,5,PILOT,2,Prov Vehículos,AUTOS
2023-01-01,Entrada,LA MOLINA,6,FIT,1,Prov Vehículos,AUTOS
2023-01-01,Entrada,LA MOLINA,7,CITY,3,Prov Vehículos,AUTOS
2023-01-01,Entrada,LA MOLINA,8,ELEMENT,2,Prov Vehículos,CAMIONETAS
2023-01-01,Entrada,LA MOLINA,9,CROSSTOUR,2,Prov Vehículos,CAMIONETAS
2023-01-01,Entrada,LA MOLINA,10,CR-Z,2,Prov Vehículos,CAMIONETAS
2023-01-01,Entrada,LA MOLINA,11,RID LINE,1,Prov Vehículos,CAMIONETAS
2023-01-01,Entrada,LA MOLINA,38,ACEITE FS 5W30,43,Prov Repuestos,REPUESTOS
2023-01-01,Entrada,LA MOLINA,39,FILTRO COMBUST,39,Prov Repuestos,REPUESTOS
2023-01-01,Entrada,LA MOLINA,40,AMORT DEL,23,Prov Repuestos,REPUESTOS
2023-01-01,Entrada,LA MOLINA,41,AMORT POS,37,Prov Repuestos,REPUESTOS
2023-01-01,Entrada,LA MOLINA,42,"LLANTAS 18""",36,Prov Repuestos,REPUESTOS
2023-01-01,Entrada,LA MOLINA,43,BATERÍA 18 PLC,34,Prov Repuestos,REPUESTOS
2023-01-01,Salida,SURCO,1,ACCORD,1,Cliente 12,AUTOS
2023-01-01,Salida,SURCO,2,CIVIC,1,Cliente 44,AUTOS
2023-01-01,Salida,LA MOLINA,3,ODISSEY,1,Cliente 8,AUTOS
2023-01-01,Salida,SURCO,4,CRV,1,Cliente 38,AUTOS
2023-01-01,Salida,SURCO,5,PILOT,1,Cliente 40,AUTOS
2023-01-01,Salida,LA MOLINA,6,FIT,1,Cliente 43,AUTOS
2023-01-01,Salida,LA MOLINA,7,CITY,1,Cliente 17,AUTOS
2023-01-01,Salida,LA MOLINA,8,ELEMENT,1,Cliente 16,CAMIONETAS
2023-01-01,Salida,LA MOLINA,9,CROSSTOUR,1,Cliente 9,CAMIONETAS
2023-01-01,Salida,LA MOLINA,10,CR-Z,1,Cliente 21,CAMIONETAS
2023-01-01,Salida,SURCO,11,RID LINE,1,Cliente 30,CAMIONETAS
2023-01-01,Salida,SURCO,38,ACEITE FS 5W30,1,Cliente 35,REPUESTOS
2023-01-01,Salida,LA MOLINA,39,FILTRO COMBUST,1,Cliente 9,REPUESTOS
2023-01-01,Salida,SURCO,40,AMORT DEL,1,Cliente 24,REPUESTOS
2023-01-01,Salida,LA MOLINA,41,AMORT POS,1,Cliente 35,REPUESTOS
2023-01-01,Salida,LA MOLINA,42,"LLANTAS 18""",1,Cliente 43,REPUESTOS
2023-01-01,Salida,SURCO,43,BATERÍA 18 PLC,1,Cliente 17,REPUESTOS
2023-01-02,Salida,SURCO,1,ACCORD,1,Cliente 48,AUTOS
2023-01-02,Salida,SURCO,2,CIVIC,1,Cliente 18,AUTOS
2023-01-02,Salida,SURCO,3,ODISSEY,1,Cliente 46,AUTOS
2023-01-02,Salida,SURCO,4,CRV,1,Cliente 44,AUTOS
2023-01-02,Salida,LA MOLINA,5,PILOT,1,Cliente 17,AUTOS
2023-01-02,Salida,SURCO,8,ELEMENT,1,Cliente 41,CAMIONETAS
2023-01-02,Salida,LA MOLINA,9,CROSSTOUR,1,Cliente 3,CAMIONETAS
2023-01-02,Salida,LA MOLINA,10,CR-Z,1,Cliente 50,CAMIONETAS
2023-01-02,Salida,LA MOLINA,11,RID LINE,1,Cliente 11,CAMIONETAS
2023-01-02,Salida,SURCO,38,ACEITE FS 5W30,4,Cliente 8,REPUESTOS
2023-01-02,Salida,SURCO,39,FILTRO COMBUST,1,Cliente 35,REPUESTOS
2023-01-02,Salida,SURCO,40,AMORT DEL,2,Cliente 28,REPUESTOS
2023-01-02,Salida,LA MOLINA,41,AMORT POS,1,Cliente 24,REPUESTOS
2023-01-02,Salida,SURCO,42,"LLANTAS 18""",2,Cliente 44,REPUESTOS
2023-01-02,Salida,SURCO,43,BATERÍA 18 PLC,1,Cliente 23,REPUESTOS
2023-01-03,Salida,SURCO,1,ACCORD,1,Cliente 40,AUTOS
2023-01-03,Salida,SURCO,2,CIVIC,1,Cliente 11,AUTOS
2023-01-03,Salida,LA MOLINA,4,CRV,1,Cliente 2,AUTOS
2023-01-03,Salida,LA MOLINA,5,PILOT,1,Cliente 27,AUTOS
2023-01-03,Salida,LA MOLINA,8,ELEMENT,1,Cliente 11,CAMIONETAS
2023-01-03,Salida,SURCO,10,CR-Z,1,Cliente 3,CAMIONETAS
2023-01-03,Salida,SURCO,38,ACEITE FS 5W30,2,Cliente 30,REPUESTOS
2023-01-03,Salida,LA MOLINA,39,FILTRO COMBUST,1,Cliente 15,REPUESTOS
2023-01-03,Salida,SURCO,40,AMORT DEL,1,Cliente 26,REPUESTOS
2023-01-03,Salida,SURCO,41,AMORT POS,3,Cliente 50,REPUESTOS
2023-01-03,Salida,LA MOLINA,42,"LLANTAS 18""",2,Cliente 44,REPUESTOS
2023-01-03,Salida,LA MOLINA,43,BATERÍA 18 PLC,1,Cliente 2,REPUESTOS
2023-01-04,Salida,SURCO,1,ACCORD,1,Cliente 12,AUTOS
2023-01-04,Salida,SURCO,2,CIVIC,1,Cliente 3,AUTOS
2023-01-04,Salida,LA MOLINA,38,ACEITE FS 5W30,4,Cliente 47,REPUESTOS
2023-01-04,Salida,LA MOLINA,39,FILTRO COMBUST,1,Cliente 39,REPUESTOS
2023-01-04,Salida,LA MOLINA,40,AMORT DEL,1,Cliente 37,REPUESTOS
2023-01-04,Salida,SURCO,41,AMORT POS,3,Cliente 46,REPUESTOS
2023-01-04,Salida,SURCO,42,"LLANTAS 18""",1,Cliente 24,REPUESTOS
2023-01-04,Salida,SURCO,43,BATERÍA 18 PLC,1,Cliente 43,REPUESTOS
2023-01-05,Salida,SURCO,38,ACEITE FS 5W30,3,Cliente 47,REPUESTOS
2023-01-05,Salida,LA MOLINA,39,FILTRO COMBUST,1,Cliente 43,REPUESTOS
2023-01-05,Salida,LA MOLINA,40,AMORT DEL,2,Cliente 45,REPUESTOS
2023-01-05,Salida,SURCO,41,AMORT POS,2,Cliente 27,REPUESTOS
2023-01-05,Salida,LA MOLINA,42,"LLANTAS 18""",1,Cliente 26,REPUESTOS
2023-01-05,Salida,SURCO,43,BATERÍA 18 PLC,1,Cliente 20,REPUESTOS
2023-01-06,Salida,LA MOLINA,38,ACEITE FS 5W30,2,Cliente 38,REPUESTOS
2023-01-06,Salida,LA MOLINA,39,FILTRO COMBUST,1,Cliente 30,REPUESTOS
2023-01-06,Salida,SURCO,40,AMORT DEL,2,Cliente 33,REPUESTOS
2023-01-06,Salida,SURCO,41,AMORT POS,1,Cliente 19,REPUESTOS
2023-01-06,Salida,SURCO,42,"LLANTAS 18""",2,Cliente 49,REPUESTOS
2023-01-06,Salida,LA MOLINA,43,BATERÍA 18 PLC,1,Cliente 15,REPUESTOS
2023-01-07,Salida,SURCO,38,ACEITE FS 5W30,2,Cliente 3,REPUESTOS
2023-01-07,Salida,SURCO,40,AMORT DEL,2,Cliente 30,REPUESTOS
2023-01-07,Salida,LA MOLINA,41,AMORT POS,2,Cliente 32,REPUESTOS
2023-01-07,Salida,SURCO,42,"LLANTAS 18""",1,Cliente 42,REPUESTOS
2023-01-07,Salida,SURCO,43,BATERÍA 18 PLC,1,Cliente 50,REPUESTOS
2023-01-08,Salida,SURCO,38,ACEITE FS 5W30,2,Cliente 45,REPUESTOS
2023-01-08,Salida,SURCO,40,AMORT DEL,2,Cliente 36,REPUESTOS
2023-01-08,Salida,LA MOLINA,41,AMORT POS,1,Cliente 9,REPUESTOS
2023-01-08,Salida,LA MOLINA,42,"LLANTAS 18""",2,Cliente 40,REPUESTOS
2023-01-08,Salida,LA MOLINA,43,BATERÍA 18 PLC,1,Cliente 36,REPUESTOS
2023-01-09,Salida,LA MOLINA,38,ACEITE FS 5W30,2,Cliente 29,REPUESTOS
2023-01-09,Salida,LA MOLINA,40,AMORT DEL,1,Cliente 50,REPUESTOS
2023-01-09,Salida,LA MOLINA,41,AMORT POS,4,Cliente 18,REPUESTOS
2023-01-09,Salida,LA MOLINA,42,"LLANTAS 18""",1,Cliente 16,REPUESTOS
2023-01-09,Salida,LA MOLINA,43,BATERÍA 18 PLC,1,Cliente 21,REPUESTOS
2023-01-10,Salida,SURCO,38,ACEITE FS 5W30,1,Cliente 10,REPUESTOS
2023-01-10,Salida,SURCO,40,AMORT DEL,2,Cliente 46,REPUESTOS
2023-01-10,Salida,LA MOLINA,41,AMORT POS,1,Cliente 27,REPUESTOS
2023-01-10,Salida,LA MOLINA,42,"LLANTAS 18""",2,Cliente 4,REPUESTOS
2023-01-10,Salida,LA MOLINA,43,BATERÍA 18 PLC,1,Cliente 25,REPUESTOS
2023-01-11,Salida,LA MOLINA,38,ACEITE FS 5W30,1,Cliente 31,REPUESTOS
2023-01-11,Salida,LA MOLINA,40,AMORT DEL,2,Cliente 49,REPUESTOS
2023-01-11,Salida,LA MOLINA,41,AMORT POS,4,Cliente 32,REPUESTOS
2023-01-11,Salida,LA MOLINA,42,"LLANTAS 18""",2,Cliente 32,REPUESTOS
2023-01-11,Salida,LA MOLINA,43,BATERÍA 18 PLC,2,Cliente 43,REPUESTOS
2023-01-12,Salida,LA MOLINA,38,ACEITE FS 5W30,2,Cliente 9,REPUESTOS
2023-01-12,Salida,SURCO,40,AMORT DEL,3,Cliente 26,REPUESTOS
2023-01-12,Salida,LA MOLINA,41,AMORT POS,1,Cliente 42,REPUESTOS
2023-01-12,Salida,LA MOLINA,42,"LLANTAS 18""",1,Cliente 12,REPUESTOS
2023-01-12,Salida,LA MOLINA,43,BATERÍA 18 PLC,2,Cliente 21,REPUESTOS
2023-01-13,Salida,LA MOLINA,38,ACEITE FS 5W30,4,Cliente 22,REPUESTOS
2023-01-13,Salida,LA MOLINA,40,AMORT DEL,2,Cliente 17,REPUESTOS
2023-01-13,Salida,LA MOLINA,41,AMORT POS,4,Cliente 48,REPUESTOS
2023-01-13,Salida,LA MOLINA,42,"LLANTAS 18""",1,Cliente 15,REPUESTOS
2023-01-13,Salida,SURCO,43,BATERÍA 18 PLC,1,Cliente 16,REPUESTOS
2023-01-14,Salida,LA MOLINA,38,ACEITE FS 5W30,1,Cliente 16,REPUESTOS
2023-01-14,Salida,SURCO,40,AMORT DEL,2,Cliente 37,REPUESTOS
2023-01-14,Salida,LA MOLINA,41,AMORT POS,4,Cliente 50,REPUESTOS
2023-01-14,Salida,SURCO,42,"LLANTAS 18""",1,Cliente 50,REPUESTOS
2023-01-14,Salida,SURCO,43,BATERÍA 18 PLC,2,Cliente 38,REPUESTOS
2023-01-14,Control,SURCO,1,ACCORD,0,,AUTOS
2023-01-14,Control,SURCO,2,CIVIC,0,,AUTOS
2023-01-14,Control,SURCO,3,ODISSEY,0,,AUTOS
2023-01-14,Control,SURCO,4,CRV,4,,AUTOS
2023-01-14,Control,SURCO,5,PILOT,0,,AUTOS
2023-01-14,Control,SURCO,6,FIT,0,,AUTOS
2023-01-14,Control,SURCO,7,CITY,2,,AUTOS
2023-01-14,Control,SURCO,8,ELEMENT,0,,CAMIONETAS
2023-01-14,Control,SURCO,9,CROSSTOUR,4,,CAMIONETAS
2023-01-14,Control,SURCO,10,CR-Z,2,,CAMIONETAS
2023-01-14,Control,SURCO,11,RID LINE,2,,CAMIONETAS
2023-01-14,Control,SURCO,38,ACEITE FS 5W30,0,,REPUESTOS
2023-01-14,Control,SURCO,39,FILTRO COMBUST,14,,REPUESTOS
2023-01-14,Control,SURCO,40,AMORT DEL,3,,REPUESTOS
2023-01-14,Control,SURCO,41,AMORT POS,0,,REPUESTOS
2023-01-14,Control,SURCO,42,"LLANTAS 18""",2,,REPUESTOS
2023-01-14,Control,SURCO,43,BATERÍA 18 PLC,9,,REPUESTOS
2023-01-14,Control,LA MOLINA,1,ACCORD,0,,AUTOS
2023-01-14,Control,LA MOLINA,2,CIVIC,0,,AUTOS
2023-01-14,Control,LA MOLINA,3,ODISSEY,1,,AUTOS
2023-01-14,Control,LA MOLINA,4,CRV,1,,AUTOS
2023-01-14,Control,LA MOLINA,5,PILOT,0,,AUTOS
2023-01-14,Control,LA MOLINA,6,FIT,0,,AUTOS
2023-01-14,Control,LA MOLINA,7,CITY,2,,AUTOS
2023-01-14,Control,LA MOLINA,8,ELEMENT,0,,CAMIONETAS
2023-01-14,Control,LA MOLINA,9,CROSSTOUR,0,,CAMIONETAS
2023-01-14,Control,LA MOLINA,10,CR-Z,0,,CAMIONETAS
2023-01-14,Control,LA MOLINA,11,RID LINE,0,,CAMIONETAS
2023-01-14,Control,LA MOLINA,38,ACEITE FS 5W30,27,,REPUESTOS
2023-01-14,Control,LA MOLINA,39,FILTRO COMBUST,34,,REPUESTOS
2023-01-14,Control,LA MOLINA,40,AMORT DEL,15,,REPUESTOS
2023-01-14,Control,LA MOLINA,41,AMORT POS,14,,REPUESTOS
2023-01-14,Control,LA MOLINA,42,"LLANTAS 18""",23,,REPUESTOS
2023-01-14,Control,LA MOLINA,43,BATERÍA 18 PLC,25,,REPUESTOS
2023-01-15,Salida,LA MOLINA,38,ACEITE FS 5W30,6,Cliente 26,REPUESTOS
2023-01-15,Salida,SURCO,40,AMORT DEL,1,Cliente 7,REPUESTOS
2023-01-15,Salida,LA MOLINA,41,AMORT POS,5,Cliente 37,REPUESTOS
2023-01-15,Salida,LA MOLINA,42,"LLANTAS 18""",2,Cliente 43,REPUESTOS
2023-01-15,Salida,LA MOLINA,43,BATERÍA 18 PLC,1,Cliente 1,REPUESTOS
2023-01-16,Salida,LA MOLINA,38,ACEITE FS 5W30,4,Cliente 28,REPUESTOS
2023-01-16,Salida,SURCO,40,AMORT DEL,2,Cliente 28,REPUESTOS
2023-01-16,Salida,LA MOLINA,41,AMORT POS,5,Cliente 40,REPUESTOS
2023-01-16,Salida,LA MOLINA,42,"LLANTAS 18""",2,Cliente 28,REPUESTOS
2023-01-16,Salida,LA MOLINA,43,BATERÍA 18 PLC,2,Cliente 16,REPUESTOS
2023-01-17,Entrada,SURCO,38,ACEITE FS 5W30,10,Prov Repuestos,REPUESTOS
2023-01-17,Entrada,SURCO,40,AMORT DEL,7,Prov Repuestos,REPUESTOS
2023-01-17,Entrada,SURCO,41,AMORT POS,10,Prov Repuestos,REPUESTOS
2023-01-17,Entrada,SURCO,42,"LLANTAS 18""",8,Prov Repuestos,REPUESTOS
2023-01-17,Entrada,SURCO,40,AMORT DEL,22,Prov Repuestos,REPUESTOS
2023-01-17,Entrada,LA MOLINA,42,"LLANTAS 18""",74,Prov Repuestos,REPUESTOS
2023-01-17,Salida,LA MOLINA,38,ACEITE FS 5W30,3,Cliente 16,REPUESTOS
2023-01-17,Salida,LA MOLINA,40,AMORT DEL,4,Cliente 2,REPUESTOS
2023-01-17,Salida,SURCO,41,AMORT POS,3,Cliente 32,REPUESTOS
2023-01-17,Salida,LA MOLINA,42,"LLANTAS 18""",2,Cliente 22,REPUESTOS
2023-01-17,Salida,SURCO,43,BATERÍA 18 PLC,2,Cliente 34,REPUESTOS
2023-01-18,Salida,SURCO,38,ACEITE FS 5W30,1,Cliente 47,REPUESTOS
2023-01-18,Salida,SURCO,40,AMORT DEL,4,Cliente 45,REPUESTOS
2023-01-18,Salida,LA MOLINA,41,AMORT POS,4,Cliente 2,REPUESTOS
2023-01-18,Salida,SURCO,42,"LLANTAS 18""",2,Cliente 26,REPUESTOS
2023-01-18,Salida,LA MOLINA,43,BATERÍA 18 PLC,2,Cliente 31,REPUESTOS
2023-01-19,Salida,LA MOLINA,38,ACEITE FS 5W30,5,Cliente 28,REPUESTOS
2023-01-19,Salida,LA MOLINA,40,AMORT DEL,3,Cliente 45,REPUESTOS
2023-01-19,Salida,SURCO,41,AMORT POS,3,Cliente 17,REPUESTOS
2023-01-19,Salida,SURCO,42,"LLANTAS 18""",1,Cliente 21,REPUESTOS
2023-01-19,Salida,SURCO,43,BATERÍA 18 PLC,1,Cliente 14,REPUESTOS
2023-01-20,Salida,LA MOLINA,38,ACEITE FS 5W30,3,Cliente 7,REPUESTOS
2023-01-20,Salida,SURCO,40,AMORT DEL,3,Cliente 24,REPUESTOS
2023-01-20,Salida,SURCO,41,AMORT POS,3,Cliente 46,REPUESTOS
2023-01-20,Salida,LA MOLINA,42,"LLANTAS 18""",1,Cliente 3,REPUESTOS
2023-01-20,Salida,SURCO,43,BATERÍA 18 PLC,2,Cliente 41,REPUESTOS
2023-01-21,Salida,SURCO,38,ACEITE FS 5W30,1,Cliente 37,REPUESTOS
2023-01-21,Salida,LA MOLINA,40,AMORT DEL,4,Cliente 29,REPUESTOS
2023-01-21,Salida,SURCO,41,AMORT POS,1,Cliente 17,REPUESTOS
2023-01-21,Salida,SURCO,42,"LLANTAS 18""",1,Cliente 26,REPUESTOS
2023-01-21,Salida,SURCO,43,BATERÍA 18 PLC,1,Cliente 10,REPUESTOS
2023-01-22,Salida,SURCO,38,ACEITE FS 5W30,5,Cliente 16,REPUESTOS
2023-01-22,Salida,SURCO,40,AMORT DEL,4,Cliente 50,REPUESTOS
2023-01-22,Salida,LA MOLINA,42,"LLANTAS 18""",2,Cliente 20,REPUESTOS
2023-01-22,Salida,LA MOLINA,43,BATERÍA 18 PLC,2,Cliente 37,REPUESTOS
2023-01-23,Salida,SURCO,38,ACEITE FS 5W30,1,Cliente 49,REPUESTOS
2023-01-23,Salida,LA MOLINA,40,AMORT DEL,2,Cliente 43,REPUESTOS
2023-01-23,Salida,SURCO,42,"LLANTAS 18""",2,Cliente 36,REPUESTOS
2023-01-23,Salida,SURCO,43,BATERÍA 18 PLC,1,Cliente 27,REPUESTOS
2023-01-24,Salida,LA MOLINA,38,ACEITE FS 5W30,6,Cliente 3,REPUESTOS
2023-01-24,Salida,LA MOLINA,40,AMORT DEL,2,Cliente 45,REPUESTOS
2023-01-24,Salida,LA MOLINA,42,"LLANTAS 18""",2,Cliente 41,REPUESTOS
2023-01-24,Salida,LA MOLINA,43,BATERÍA 18 PLC,1,Cliente 8,REPUESTOS
2023-01-25,Salida,SURCO,38,ACEITE FS 5W30,2,Cliente 18,REPUESTOS
2023-01-25,Salida,SURCO,40,AMORT DEL,1,Cliente 11,REPUESTOS
2023-01-25,Salida,SURCO,42,"LLANTAS 18""",4,Cliente 30,REPUESTOS
2023-01-25,Salida,LA MOLINA,43,BATERÍA 18 PLC,2,Cliente 33,REPUESTOS
2023-01-26,Salida,SURCO,40,AMORT DEL,4,Cliente 39,REPUESTOS
2023-01-26,Salida,LA MOLINA,42,"LLANTAS 18""",3,Cliente 2,REPUESTOS
2023-01-26,Salida,SURCO,43,BATERÍA 18 PLC,1,Cliente 49,REPUESTOS
2023-01-27,Salida,SURCO,40,AMORT DEL,1,Cliente 31,REPUESTOS
2023-01-27,Salida,LA MOLINA,42,"LLANTAS 18""",4,Cliente 12,REPUESTOS
2023-01-27,Salida,LA MOLINA,43,BATERÍA 18 PLC,2,Cliente 6,REPUESTOS
2023-01-28,Salida,SURCO,40,AMORT DEL,7,Cliente 21,REPUESTOS
2023-01-28,Salida,LA MOLINA,42,"LLANTAS 18""",3,Cliente 45,REPUESTOS
2023-01-28,Salida,LA MOLINA,43,BATERÍA 18 PLC,2,Cliente 49,REPUESTOS
2023-01-29,Salida,SURCO,40,AMORT DEL,5,Cliente 21,REPUESTOS
2023-01-29,Salida,LA MOLINA,42,"LLANTAS 18""",1,Cliente 33,REPUESTOS
2023-01-29,Salida,LA MOLINA,43,BATERÍA 18 PLC,4,Cliente 4,REPUESTOS
2023-01-30,Salida,LA MOLINA,42,"LLANTAS 18""",4,Cliente 36,REPUESTOS
2023-01-30,Salida,LA MOLINA,43,BATERÍA 18 PLC,3,Cliente 45,REPUESTOS
2023-01-31,Salida,LA MOLINA,42,"LLANTAS 18""",9,Cliente 36,REPUESTOS
2023-01-31,Salida,SURCO,43,BATERÍA 18 PLC,1,Cliente 8,REPUESTOS
2023-01-31,Control,SURCO,1,ACCORD,0,,AUTOS
2023-01-31,Control,SURCO,2,CIVIC,0,,AUTOS
2023-01-31,Control,SURCO,3,ODISSEY,0,,AUTOS
2023-01-31,Control,SURCO,4,CRV,4,,AUTOS
2023-01-31,Control,SURCO,5,PILOT,0,,AUTOS
2023-01-31,Control,SURCO,6,FIT,0,,AUTOS
2023-01-31,Control,SURCO,7,CITY,2,,AUTOS
2023-01-31,Control,SURCO,8,ELEMENT,0,,CAMIONETAS
2023-01-31,Control,SURCO,9,CROSSTOUR,4,,CAMIONETAS
2023-01-31,Control,SURCO,10,CR-Z,2,,CAMIONETAS
2023-01-31,Control,SURCO,11,RID LINE,2,,CAMIONETAS
2023-01-31,Control,SURCO,38,ACEITE FS 5W30,0,,REPUESTOS
2023-01-31,Control,SURCO,39,FILTRO COMBUST,14,,REPUESTOS
2023-01-31,Control,SURCO,40,AMORT DEL,0,,REPUESTOS
2023-01-31,Control,SURCO,41,AMORT POS,0,,REPUESTOS
2023-01-31,Control,SURCO,42,"LLANTAS 18""",0,,REPUESTOS
2023-01-31,Control,SURCO,43,BATERÍA 18 PLC,0,,REPUESTOS
2023-01-31,Control,LA MOLINA,1,ACCORD,0,,AUTOS
2023-01-31,Control,LA MOLINA,2,CIVIC,0,,AUTOS
2023-01-31,Control,LA MOLINA,3,ODISSEY,1,,AUTOS
2023-01-31,Control,LA MOLINA,4,CRV,1,,AUTOS
2023-01-31,Control,LA MOLINA,5,PILOT,0,,AUTOS
2023-01-31,Control,LA MOLINA,6,FIT,0,,AUTOS
2023-01-31,Control,LA MOLINA,7,CITY,2,,AUTOS
2023-01-31,Control,LA MOLINA,8,ELEMENT,0,,CAMIONETAS
2023-01-31,Control,LA MOLINA,9,CROSSTOUR,0,,CAMIONETAS
2023-01-31,Control,LA MOLINA,10,CR-Z,0,,CAMIONETAS
2023-01-31,Control,LA MOLINA,11,RID LINE,0,,CAMIONETAS
2023-01-31,Control,LA MOLINA,38,ACEITE FS 5W30,0,,REPUESTOS
2023-01-31,Control,LA MOLINA,39,FILTRO COMBUST,34,,REPUESTOS
2023-01-31,Control,LA MOLINA,40,AMORT DEL,0,,REPUESTOS
2023-01-31,Control,LA MOLINA,41,AMORT POS,0,,REPUESTOS
2023-01-31,Control,LA MOLINA,42,"LLANTAS 18""",62,,REPUESTOS
2023-01-31,Control,LA MOLINA,43,BATERÍA 18 PLC,4,,REPUESTOS
2023-02-01,Salida,LA MOLINA,3,ODISSEY,1,Cliente 32,AUTOS
2023-02-01,Salida,LA MOLINA,4,CRV,1,Cliente 27,AUTOS
2023-02-01,Salida,LA MOLINA,7,CITY,1,Cliente 16,AUTOS
2023-02-01,Salida,SURCO,9,CROSSTOUR,1,Cliente 25,CAMIONETAS
2023-02-01,Salida,SURCO,10,CR-Z,1,Cliente 5,CAMIONETAS
2023-02-01,Salida,SURCO,11,RID LINE,1,Cliente 22,CAMIONETAS
2023-02-01,Salida,SURCO,39,FILTRO COMBUST,1,Cliente 19,REPUESTOS
2023-02-01,Salida,LA MOLINA,42,"LLANTAS 18""",4,Cliente 23,REPUESTOS
2023-02-01,Salida,LA MOLINA,43,BATERÍA 18 PLC,2,Cliente 21,REPUESTOS
2023-02-02,Salida,SURCO,4,CRV,1,Cliente 37,AUTOS
2023-02-02,Salida,SURCO,7,CITY,1,Cliente 50,AUTOS
2023-02-02,Salida,SURCO,9,CROSSTOUR,1,Cliente 21,CAMIONETAS
2023-02-02,Salida,SURCO,10,CR-Z,1,Cliente 25,CAMIONETAS
2023-02-02,Salida,SURCO,11,RID LINE,1,Cliente 3,CAMIONETAS
2023-02-02,Salida,SURCO,39,FILTRO COMBUST,1,Cliente 29,REPUESTOS
2023-02-02,Salida,LA MOLINA,42,"LLANTAS 18""",2,Cliente 42,REPUESTOS
2023-02-02,Salida,LA MOLINA,43,BATERÍA 18 PLC,1,Cliente 17,REPUESTOS
2023-02-03,Entrada,SURCO,38,ACEITE FS 5W30,10,Prov Repuestos,REPUESTOS
2023-02-03,Entrada,SURCO,40,AMORT DEL,10,Prov Repuestos,REPUESTOS
2023-02-03,Entrada,SURCO,41,AMORT POS,10,Prov Repuestos,REPUESTOS
2023-02-03,Entrada,SURCO,42,"LLANTAS 18""",10,Prov Repuestos,REPUESTOS
2023-02-03,Entrada,SURCO,43,BATERÍA 18 PLC,5,Prov Repuestos,REPUESTOS
2023-02-03,Entrada,LA MOLINA,38,ACEITE FS 5W30,10,Prov Repuestos,REPUESTOS
2023-02-03,Entrada,LA MOLINA,40,AMORT DEL,10,Prov Repuestos,REPUESTOS
2023-02-03,Entrada,LA MOLINA,41,AMORT POS,10,Prov Repuestos,REPUESTOS
2023-02-03,Entrada,LA MOLINA,43,BATERÍA 18 PLC,1,Prov Repuestos,REPUESTOS
2023-02-03,Entrada,SURCO,38,ACEITE FS 5W30,26,Prov Repuestos,REPUESTOS
2023-02-03,Entrada,LA MOLINA,43,BATERÍA 18 PLC,81,Prov Repuestos,REPUESTOS
2023-02-03,Salida,SURCO,4,CRV,1,Cliente 42,AUTOS
2023-02-03,Salida,LA MOLINA,7,CITY,1,Cliente 44,AUTOS
2023-02-03,Salida,LA MOLINA,38,ACEITE FS 5W30,4,Cliente 41,REPUESTOS
2023-02-03,Salida,SURCO,39,FILTRO COMBUST,1,Cliente 40,REPUESTOS
2023-02-03,Salida,LA MOLINA,40,AMORT DEL,2,Cliente 15,REPUESTOS
2023-02-03,Salida,SURCO,41,AMORT POS,4,Cliente 49,REPUESTOS
2023-02-03,Salida,SURCO,42,"LLANTAS 18""",4,Cliente 45,REPUESTOS
2023-02-03,Salida,SURCO,43,BATERÍA 18 PLC,1,Cliente 21,REPUESTOS
2023-02-04,Salida,SURCO,4,CRV,1,Cliente 23,AUTOS
2023-02-04,Salida,SURCO,7,CITY,1,Cliente 10,AUTOS
2023-02-04,Salida,SURCO,38,ACEITE FS 5W30,4,Cliente 11,REPUESTOS
2023-02-04,Salida,SURCO,39,FILTRO COMBUST,1,Cliente 40,REPUESTOS
2023-02-04,Salida,LA MOLINA,40,AMORT DEL,2,Cliente 38,REPUESTOS
2023-02-04,Salida,LA MOLINA,41,AMORT POS,2,Cliente 41,REPUESTOS
2023-02-04,Salida,LA MOLINA,42,"LLANTAS 18""",4,Cliente 43,REPUESTOS
2023-02-04,Salida,LA MOLINA,43,BATERÍA 18 PLC,2,Cliente 44,REPUESTOS
2023-02-05,Salida,SURCO,4,CRV,1,Cliente 5,AUTOS
2023-02-05,Salida,LA MOLINA,38,ACEITE FS 5W30,3,Cliente 41,REPUESTOS
2023-02-05,Salida,LA MOLINA,39,FILTRO COMBUST,1,Cliente 30,REPUESTOS
2023-02-05,Salida,LA MOLINA,40,AMORT DEL,2,Cliente 31,REPUESTOS
2023-02-05,Salida,LA MOLINA,41,AMORT POS,2,Cliente 37,REPUESTOS
2023-02-05,Salida,LA MOLINA,42,"LLANTAS 18""",3,Cliente 2,REPUESTOS
2023-02-05,Salida,SURCO,43,BATERÍA 18 PLC,2,Cliente 37,REPUESTOS
2023-02-06,Salida,LA MOLINA,38,ACEITE FS 5W30,3,Cliente 50,REPUESTOS
2023-02-06,Salida,LA MOLINA,39,FILTRO COMBUST,1,Cliente 15,REPUESTOS
2023-02-06,Salida,SURCO,40,AMORT DEL,3,Cliente 41,REPUESTOS
2023-02-06,Salida,LA MOLINA,41,AMORT POS,1,Cliente 29,REPUESTOS
2023-02-06,Salida,SURCO,42,"LLANTAS 18""",3,Cliente 6,REPUESTOS
2023-02-06,Salida,LA MOLINA,43,BATERÍA 18 PLC,2,Cliente 12,REPUESTOS
2023-02-07,Salida,SURCO,38,ACEITE FS 5W30,2,Cliente 34,REPUESTOS
2023-02-07,Salida,LA MOLINA,39,FILTRO COMBUST,1,Cliente 11,REPUESTOS
2023-02-07,Salida,LA MOLINA,40,AMORT DEL,4,Cliente 48,REPUESTOS
2023-02-07,Salida,LA MOLINA,41,AMORT POS,1,Cliente 5,REPUESTOS
2023-02-07,Salida,LA MOLINA,42,"LLANTAS 18""",2,Cliente 36,REPUESTOS
2023-02-07,Salida,LA MOLINA,43,BATERÍA 18 PLC,1,Cliente 1,REPUESTOS
2023-02-08,Salida,SURCO,38,ACEITE FS 5W30,1,Cliente 24,REPUESTOS
2023-02-08,Salida,LA MOLINA,39,FILTRO COMBUST,1,Cliente 41,REPUESTOS
2023-02-08,Salida,SURCO,40,AMORT DEL,1,Cliente 31,REPUESTOS
2023-02-08,Salida,LA MOLINA,41,AMORT POS,4,Cliente 40,REPUESTOS
2023-02-08,Salida,LA MOLINA,42,"LLANTAS 18""",1,Cliente 45,REPUESTOS
2023-02-08,Salida,SURCO,43,BATERÍA 18 PLC,2,Cliente 9,REPUESTOS
2023-02-09,Entrada,SURCO,1,ACCORD,5,Prov Vehículos,AUTOS
2023-02-09,Entrada,SURCO,2,CIVIC,5,Prov Vehículos,AUTOS
2023-02-09,Entrada,SURCO,3,ODISSEY,5,Prov Vehículos,AUTOS
2023-02-09,Entrada,SURCO,4,CRV,1,Prov Vehículos,AUTOS
2023-02-09,Entrada,SURCO,5,PILOT,5,Prov Vehículos,AUTOS
2023-02-09,Entrada,LA MOLINA,1,ACCORD,5,Prov Vehículos,AUTOS
2023-02-09,Entrada,LA MOLINA,2,CIVIC,5,Prov Vehículos,AUTOS
2023-02-09,Entrada,LA MOLINA,3,ODISSEY,4,Prov Vehículos,AUTOS
2023-02-09,Entrada,LA MOLINA,4,CRV,2,Prov Vehículos,AUTOS
2023-02-09,Salida,SURCO,1,ACCORD,1,Cliente 20,AUTOS
2023-02-09,Salida,SURCO,2,CIVIC,1,Cliente 7,AUTOS
2023-02-09,Salida,SURCO,3,ODISSEY,1,Cliente 25,AUTOS
2023-02-09,Salida,SURCO,5,PILOT,1,Cliente 43,AUTOS
2023-02-09,Salida,SURCO,38,ACEITE FS 5W30,4,Cliente 27,REPUESTOS
2023-02-09,Salida,LA MOLINA,39,FILTRO COMBUST,1,Cliente 40,REPUESTOS
2023-02-09,Salida,SURCO,40,AMORT DEL,3,Cliente 45,REPUESTOS
2023-02-09,Salida,SURCO,41,AMORT POS,2,Cliente 29,REPUESTOS
2023-02-09,Salida,SURCO,42,"LLANTAS 18""",3,Cliente 44,REPUESTOS
2023-02-09,Salida,LA MOLINA,43,BATERÍA 18 PLC,2,Cliente 26,REPUESTOS
2023-02-10,Salida,SURCO,1,ACCORD,1,Cliente 8,AUTOS
2023-02-10,Salida,SURCO,2,CIVIC,1,Cliente 43,AUTOS
2023-02-10,Salida,SURCO,5,PILOT,1,Cliente 4,AUTOS
2023-02-10,Salida,SURCO,38,ACEITE FS 5W30,2,Cliente 37,REPUESTOS
2023-02-10,Salida,SURCO,39,FILTRO COMBUST,1,Cliente 49,REPUESTOS
2023-02-10,Salida,SURCO,40,AMORT DEL,2,Cliente 15,REPUESTOS
2023-02-10,Salida,SURCO,41,AMORT POS,2,Cliente 18,REPUESTOS
2023-02-10,Salida,LA MOLINA,42,"LLANTAS 18""",2,Cliente 12,REPUESTOS
2023-02-10,Salida,LA MOLINA,43,BATERÍA 18 PLC,1,Cliente 1,REPUESTOS
2023-02-11,Salida,SURCO,1,ACCORD,1,Cliente 38,AUTOS
2023-02-11,Salida,SURCO,2,CIVIC,1,Cliente 12,AUTOS
2023-02-11,Salida,SURCO,5,PILOT,1,Cliente 9,AUTOS
2023-02-11,Salida,SURCO,38,ACEITE FS 5W30,5,Cliente 48,REPUESTOS
2023-02-11,Salida,LA MOLINA,39,FILTRO COMBUST,1,Cliente 29,REPUESTOS
2023-02-11,Salida,SURCO,40,AMORT DEL,1,Cliente 29,REPUESTOS
2023-02-11,Salida,SURCO,41,AMORT POS,2,Cliente 47,REPUESTOS
2023-02-11,Salida,LA MOLINA,42,"LLANTAS 18""",3,Cliente 42,REPUESTOS
2023-02-11,Salida,LA MOLINA,43,BATERÍA 18 PLC,1,Cliente 26,REPUESTOS
2023-02-12,Salida,SURCO,1,ACCORD,1,Cliente 32,AUTOS
2023-02-12,Salida,SURCO,2,CIVIC,1,Cliente 6,AUTOS
2023-02-12,Salida,SURCO,5,PILOT,1,Cliente 5,AUTOS
2023-02-12,Salida,SURCO,38,ACEITE FS 5W30,3,Cliente 25,REPUESTOS
2023-02-12,Salida,LA MOLINA,39,FILTRO COMBUST,1,Cliente 30,REPUESTOS
2023-02-12,Salida,LA MOLINA,42,"LLANTAS 18""",1,Cliente 42,REPUESTOS
2023-02-12,Salida,LA MOLINA,43,BATERÍA 18 PLC,1,Cliente 29,REPUESTOS
2023-02-13,Salida,SURCO,5,PILOT,1,Cliente 22,AUTOS
2023-02-13,Salida,SURCO,38,ACEITE FS 5W30,4,Cliente 47,REPUESTOS
2023-02-13,Salida,LA MOLINA,39,FILTRO COMBUST,1,Cliente 28,REPUESTOS
2023-02-13,Salida,LA MOLINA,42,"LLANTAS 18""",2,Cliente 5,REPUESTOS
2023-02-13,Salida,LA MOLINA,43,BATERÍA 18 PLC,1,Cliente 28,REPUESTOS
2023-02-14,Salida,SURCO,38,ACEITE FS 5W30,3,Cliente 36,REPUESTOS
2023-02-14,Salida,LA MOLINA,39,FILTRO COMBUST,1,Cliente 43,REPUESTOS
2023-02-14,Salida,LA MOLINA,42,"LLANTAS 18""",6,Cliente 47,REPUESTOS
2023-02-14,Salida,LA MOLINA,43,BATERÍA 18 PLC,2,Cliente 23,REPUESTOS
2023-02-14,Control,SURCO,1,ACCORD,1,,AUTOS
2023-02-14,Control,SURCO,2,CIVIC,1,,AUTOS
2023-02-14,Control,SURCO,3,ODISSEY,4,,AUTOS
2023-02-14,Control,SURCO,4,CRV,1,,AUTOS
2023-02-14,Control,SURCO,5,PILOT,0,,AUTOS
2023-02-14,Control,SURCO,6,FIT,0,,AUTOS
2023-02-14,Control,SURCO,7,CITY,0,,AUTOS
2023-02-14,Control,SURCO,8,ELEMENT,0,,CAMIONETAS
2023-02-14,Control,SURCO,9,CROSSTOUR,2,,CAMIONETAS
2023-02-14,Control,SURCO,10,CR-Z,0,,CAMIONETAS
2023-02-14,Control,SURCO,11,RID LINE,0,,CAMIONETAS
2023-02-14,Control,SURCO,38,ACEITE FS 5W30,8,,REPUESTOS
2023-02-14,Control,SURCO,39,FILTRO COMBUST,9,,REPUESTOS
2023-02-14,Control,SURCO,40,AMORT DEL,0,,REPUESTOS
2023-02-14,Control,SURCO,41,AMORT POS,0,,REPUESTOS
2023-02-14,Control,SURCO,42,"LLANTAS 18""",0,,REPUESTOS
2023-02-14,Control,SURCO,43,BATERÍA 18 PLC,0,,REPUESTOS
2023-02-14,Control,LA MOLINA,1,ACCORD,5,,AUTOS
2023-02-14,Control,LA MOLINA,2,CIVIC,5,,AUTOS
2023-02-14,Control,LA MOLINA,3,ODISSEY,4,,AUTOS
2023-02-14,Control,LA MOLINA,4,CRV,2,,AUTOS
2023-02-14,Control,LA MOLINA,5,PILOT,0,,AUTOS
2023-02-14,Control,LA MOLINA,6,FIT,0,,AUTOS
2023-02-14,Control,LA MOLINA,7,CITY,0,,AUTOS
2023-02-14,Control,LA MOLINA,8,ELEMENT,0,,CAMIONETAS
2023-02-14,Control,LA MOLINA,9,CROSSTOUR,0,,CAMIONETAS
2023-02-14,Control,LA MOLINA,10,CR-Z,0,,CAMIONETAS
2023-02-14,Control,LA MOLINA,11,RID LINE,0,,CAMIONETAS
2023-02-14,Control,LA MOLINA,38,ACEITE FS 5W30,0,,REPUESTOS
2023-02-14,Control,LA MOLINA,39,FILTRO COMBUST,25,,REPUESTOS
2023-02-14,Control,LA MOLINA,40,AMORT DEL,0,,REPUESTOS
2023-02-14,Control,LA MOLINA,41,AMORT POS,0,,REPUESTOS
2023-02-14,Control,LA MOLINA,42,"LLANTAS 18""",32,,REPUESTOS
2023-02-14,Control,LA MOLINA,43,BATERÍA 18 PLC,70,,REPUESTOS
2023-02-15,Salida,SURCO,38,ACEITE FS 5W30,2,Cliente 43,REPUESTOS
2023-02-15,Salida,SURCO,39,FILTRO COMBUST,1,Cliente 7,REPUESTOS
2023-02-15,Salida,LA MOLINA,42,"LLANTAS 18""",1,Cliente 37,REPUESTOS
2023-02-15,Salida,LA MOLINA,43,BATERÍA 18 PLC,2,Cliente 39,REPUESTOS
2023-02-16,Salida,SURCO,38,ACEITE FS 5W30,1,Cliente 18,REPUESTOS
2023-02-16,Salida,LA MOLINA,39,FILTRO COMBUST,1,Cliente 23,REPUESTOS
2023-02-16,Salida,LA MOLINA,42,"LLANTAS 18""",5,Cliente 5,REPUESTOS
2023-02-16,Salida,LA MOLINA,43,BATERÍA 18 PLC,1,Cliente 48,REPUESTOS
2023-02-17,Entrada,SURCO,38,ACEITE FS 5W30,2,Prov Repuestos,REPUESTOS
2023-02-17,Entrada,SURCO,40,AMORT DEL,10,Prov Repuestos,REPUESTOS
2023-02-17,Entrada,SURCO,41,AMORT POS,10,Prov Repuestos,REPUESTOS
2023-02-17,Entrada,SURCO,42,"LLANTAS 18""",10,Prov Repuestos,REPUESTOS
2023-02-17,Entrada,SURCO,43,BATERÍA 18 PLC,5,Prov Repuestos,REPUESTOS
2023-02-17,Entrada,LA MOLINA,38,ACEITE FS 5W30,10,Prov Repuestos,REPUESTOS
2023-02-17,Entrada,LA MOLINA,40,AMORT DEL,10,Prov Repuestos,REPUESTOS
2023-02-17,Entrada,LA MOLINA,41,AMORT POS,10,Prov Repuestos,REPUESTOS
2023-02-17,Entrada,SURCO,42,"LLANTAS 18""",31,Prov Repuestos,REPUESTOS
2023-02-17,Entrada,LA MOLINA,42,"LLANTAS 18""",55,Prov Repuestos,REPUESTOS
2023-02-17,Salida,LA MOLINA,38,ACEITE FS 5W30,2,Cliente 27,REPUESTOS
2023-02-17,Salida,LA MOLINA,39,FILTRO COMBUST,1,Cliente 11,REPUESTOS
2023-02-17,Salida,LA MOLINA,40,AMORT DEL,3,Cliente 50,REPUESTOS
2023-02-17,Salida,SURCO,41,AMORT POS,2,Cliente 10,REPUESTOS
2023-02-17,Salida,SURCO,42,"LLANTAS 18""",5,Cliente 44,REPUESTOS
2023-02-17,Salida,LA MOLINA,43,BATERÍA 18 PLC,2,Cliente 43,REPUESTOS
2023-02-18,Salida,LA MOLINA,38,ACEITE FS 5W30,4,Cliente 27,REPUESTOS
2023-02-18,Salida,SURCO,39,FILTRO COMBUST,1,Cliente 49,REPUESTOS
2023-02-18,Salida,LA MOLINA,40,AMORT DEL,2,Cliente 28,REPUESTOS
2023-02-18,Salida,LA MOLINA,41,AMORT POS,5,Cliente 34,REPUESTOS
2023-02-18,Salida,SURCO,42,"LLANTAS 18""",1,Cliente 26,REPUESTOS
2023-02-18,Salida,SURCO,43,BATERÍA 18 PLC,1,Cliente 14,REPUESTOS
2023-02-19,Salida,SURCO,38,ACEITE FS 5W30,2,Cliente 49,REPUESTOS
2023-02-19,Salida,LA MOLINA,39,FILTRO COMBUST,1,Cliente 21,REPUESTOS
2023-02-19,Salida,LA MOLINA,40,AMORT DEL,1,Cliente 48,REPUESTOS
2023-02-19,Salida,SURCO,41,AMORT POS,3,Cliente 25,REPUESTOS
2023-02-19,Salida,SURCO,42,"LLANTAS 18""",6,Cliente 33,REPUESTOS
2023-02-19,Salida,LA MOLINA,43,BATERÍA 18 PLC,3,Cliente 5,REPUESTOS
2023-02-20,Salida,SURCO,38,ACEITE FS 5W30,5,Cliente 28,REPUESTOS
2023-02-20,Salida,LA MOLINA,39,FILTRO COMBUST,1,Cliente 5,REPUESTOS
2023-02-20,Salida,LA MOLINA,40,AMORT DEL,4,Cliente 46,REPUESTOS
2023-02-20,Salida,SURCO,41,AMORT POS,5,Cliente 26,REPUESTOS
2023-02-20,Salida,SURCO,42,"LLANTAS 18""",3,Cliente 40,REPUESTOS
2023-02-20,Salida,LA MOLINA,43,BATERÍA 18 PLC,3,Cliente 6,REPUESTOS
2023-02-21,Salida,LA MOLINA,38,ACEITE FS 5W30,4,Cliente 16,REPUESTOS
2023-02-21,Salida,LA MOLINA,39,FILTRO COMBUST,1,Cliente 34,REPUESTOS
2023-02-21,Salida,SURCO,40,AMORT DEL,7,Cliente 48,REPUESTOS
2023-02-21,Salida,LA MOLINA,41,AMORT POS,4,Cliente 50,REPUESTOS
2023-02-21,Salida,SURCO,42,"LLANTAS 18""",1,Cliente 34,REPUESTOS
2023-02-21,Salida,LA MOLINA,43,BATERÍA 18 PLC,1,Cliente 23,REPUESTOS
2023-02-22,Salida,SURCO,39,FILTRO COMBUST,1,Cliente 10,REPUESTOS
2023-02-22,Salida,SURCO,40,AMORT DEL,3,Cliente 39,REPUESTOS
2023-02-22,Salida,LA MOLINA,41,AMORT POS,1,Cliente 12,REPUESTOS
2023-02-22,Salida,LA MOLINA,42,"LLANTAS 18""",8,Cliente 44,REPUESTOS
2023-02-22,Salida,LA MOLINA,43,BATERÍA 18 PLC,3,Cliente 41,REPUESTOS
2023-02-23,Salida,LA MOLINA,39,FILTRO COMBUST,1,Cliente 5,REPUESTOS
2023-02-23,Salida,LA MOLINA,42,"LLANTAS 18""",5,Cliente 38,REPUESTOS
2023-02-23,Salida,SURCO,43,BATERÍA 18 PLC,2,Cliente 20,REPUESTOS
2023-02-24,Salida,SURCO,39,FILTRO COMBUST,1,Cliente 4,REPUESTOS
2023-02-24,Salida,SURCO,42,"LLANTAS 18""",2,Cliente 40,REPUESTOS
2023-02-24,Salida,LA MOLINA,43,BATERÍA 18 PLC,3,Cliente 30,REPUESTOS
2023-02-25,Salida,SURCO,39,FILTRO COMBUST,1,Cliente 29,REPUESTOS
2023-02-25,Salida,LA MOLINA,42,"LLANTAS 18""",10,Cliente 33,REPUESTOS
2023-02-25,Salida,LA MOLINA,43,BATERÍA 18 PLC,1,Cliente 7,REPUESTOS
2023-02-26,Salida,SURCO,39,FILTRO COMBUST,1,Cliente 3,REPUESTOS
2023-02-26,Salida,SURCO,42,"LLANTAS 18""",8,Cliente 24,REPUESTOS
2023-02-26,Salida,LA MOLINA,43,BATERÍA 18 PLC,3,Cliente 27,REPUESTOS
2023-02-27,Salida,SURCO,39,FILTRO COMBUST,1,Cliente 41,REPUESTOS
2023-02-27,Salida,LA MOLINA,42,"LLANTAS 18""",2,Cliente 19,REPUESTOS
2023-02-27,Salida,SURCO,43,BATERÍA 18 PLC,2,Cliente 22,REPUESTOS
2023-02-28,Salida,LA MOLINA,39,FILTRO COMBUST,1,Cliente 36,REPUESTOS
2023-02-28,Salida,SURCO,42,"LLANTAS 18""",10,Cliente 42,REPUESTOS
2023-02-28,Salida,LA MOLINA,43,BATERÍA 18 PLC,9,Cliente 2,REPUESTOS
2023-02-28,Control,SURCO,1,ACCORD,1,,AUTOS
2023-02-28,Control,SURCO,2,CIVIC,1,,AUTOS
2023-02-28,Control,SURCO,3,ODISSEY,4,,AUTOS
2023-02-28,Control,SURCO,4,CRV,1,,AUTOS
2023-02-28,Control,SURCO,5,PILOT,0,,AUTOS
2023-02-28,Control,SURCO,6,FIT,0,,AUTOS
2023-02-28,Control,SURCO,7,CITY,0,,AUTOS
2023-02-28,Control,SURCO,8,ELEMENT,0,,CAMIONETAS
2023-02-28,Control,SURCO,9,CROSSTOUR,2,,CAMIONETAS
2023-02-28,Control,SURCO,10,CR-Z,0,,CAMIONETAS
2023-02-28,Control,SURCO,11,RID LINE,0,,CAMIONETAS
2023-02-28,Control,SURCO,38,ACEITE FS 5W30,0,,REPUESTOS
2023-02-28,Control,SURCO,39,FILTRO COMBUST,2,,REPUESTOS
2023-02-28,Control,SURCO,40,AMORT DEL,0,,REPUESTOS
2023-02-28,Control,SURCO,41,AMORT POS,0,,REPUESTOS
2023-02-28,Control,SURCO,42,"LLANTAS 18""",5,,REPUESTOS
2023-02-28,Control,SURCO,43,BATERÍA 18 PLC,0,,REPUESTOS
2023-02-28,Control,LA MOLINA,1,ACCORD,5,,AUTOS
2023-02-28,Control,LA MOLINA,2,CIVIC,5,,AUTOS
2023-02-28,Control,LA MOLINA,3,ODISSEY,4,,AUTOS
2023-02-28,Control,LA MOLINA,4,CRV,2,,AUTOS
2023-02-28,Control,LA MOLINA,5,PILOT,0,,AUTOS
2023-02-28,Control,LA MOLINA,6,FIT,0,,AUTOS
2023-02-28,Control,LA MOLINA,7,CITY,0,,AUTOS
2023-02-28,Control,LA MOLINA,8,ELEMENT,0,,CAMIONETAS
2023-02-28,Control,LA MOLINA,9,CROSSTOUR,0,,CAMIONETAS
2023-02-28,Control,LA MOLINA,10,CR-Z,0,,CAMIONETAS
2023-02-28,Control,LA MOLINA,11,RID LINE,0,,CAMIONETAS
2023-02-28,Control,LA MOLINA,38,ACEITE FS 5W30,0,,REPUESTOS
2023-02-28,Control,LA MOLINA,39,FILTRO COMBUST,18,,REPUESTOS
2023-02-28,Control,LA MOLINA,40,AMORT DEL,0,,REPUESTOS
2023-02-28,Control,LA MOLINA,41,AMORT POS,0,,REPUESTOS
2023-02-28,Control,LA MOLINA,42,"LLANTAS 18""",56,,REPUESTOS
2023-02-28,Control,LA MOLINA,43,BATERÍA 18 PLC,39,,REPUESTOS
2023-03-01,Salida,SURCO,1,ACCORD,1,Cliente 22,AUTOS
2023-03-01,Salida,SURCO,2,CIVIC,1,Cliente 15,AUTOS
2023-03-01,Salida,SURCO,3,ODISSEY,1,Cliente 5,AUTOS
2023-03-01,Salida,SURCO,4,CRV,1,Cliente 33,AUTOS
2023-03-01,Salida,SURCO,9,CROSSTOUR,1,Cliente 43,CAMIONETAS
2023-03-01,Salida,SURCO,39,FILTRO COMBUST,1,Cliente 39,REPUESTOS
2023-03-01,Salida,SURCO,42,"LLANTAS 18""",1,Cliente 45,REPUESTOS
2023-03-01,Salida,LA MOLINA,43,BATERÍA 18 PLC,1,Cliente 47,REPUESTOS
2023-03-02,Salida,LA MOLINA,1,ACCORD,1,Cliente 27,AUTOS
2023-03-02,Salida,SURCO,3,ODISSEY,1,Cliente 29,AUTOS
2023-03-02,Salida,LA MOLINA,4,CRV,1,Cliente 49,AUTOS
2023-03-02,Salida,SURCO,9,CROSSTOUR,1,Cliente 35,CAMIONETAS
2023-03-02,Salida,LA MOLINA,39,FILTRO COMBUST,1,Cliente 13,REPUESTOS
2023-03-02,Salida,LA MOLINA,42,"LLANTAS 18""",1,Cliente 50,REPUESTOS
2023-03-02,Salida,LA MOLINA,43,BATERÍA 18 PLC,1,Cliente 11,REPUESTOS
2023-03-03,Entrada,SURCO,38,ACEITE FS 5W30,10,Prov Repuestos,REPUESTOS
2023-03-03,Entrada,SURCO,40,AMORT DEL,10,Prov Repuestos,REPUESTOS
2023-03-03,Entrada,SURCO,41,AMORT POS,10,Prov Repuestos,REPUESTOS
2023-03-03,Entrada,SURCO,42,"LLANTAS 18""",5,Prov Repuestos,REPUESTOS
2023-03-03,Entrada,SURCO,43,BATERÍA 18 PLC,5,Prov Repuestos,REPUESTOS
2023-03-03,Entrada,LA MOLINA,38,ACEITE FS 5W30,10,Prov Repuestos,REPUESTOS
2023-03-03,Entrada,LA MOLINA,40,AMORT DEL,10,Prov Repuestos,REPUESTOS
2023-03-03,Entrada,LA MOLINA,41,AMORT POS,10,Prov Repuestos,REPUESTOS
2023-03-03,Entrada,SURCO,40,AMORT DEL,38,Prov Repuestos,REPUESTOS
2023-03-03,Entrada,LA MOLINA,39,FILTRO COMBUST,69,Prov Repuestos,REPUESTOS
2023-03-03,Salida,LA MOLINA,1,ACCORD,1,Cliente 17,AUTOS
2023-03-03,Salida,LA MOLINA,3,ODISSEY,1,Cliente 24,AUTOS
2023-03-03,Salida,LA MOLINA,4,CRV,1,Cliente 46,AUTOS
2023-03-03,Salida,LA MOLINA,38,ACEITE FS 5W30,1,Cliente 6,REPUESTOS
2023-03-03,Salida,LA MOLINA,39,FILTRO COMBUST,1,Cliente 29,REPUESTOS
2023-03-03,Salida,LA MOLINA,40,AMORT DEL,1,Cliente 6,REPUESTOS
2023-03-03,Salida,LA MOLINA,41,AMORT POS,4,Cliente 2,REPUESTOS
2023-03-03,Salida,SURCO,42,"LLANTAS 18""",1,Cliente 26,REPUESTOS
2023-03-03,Salida,LA MOLINA,43,BATERÍA 18 PLC,1,Cliente 16,REPUESTOS
2023-03-04,Salida,LA MOLINA,1,ACCORD,1,Cliente 24,AUTOS
2023-03-04,Salida,SURCO,3,ODISSEY,1,Cliente 21,AUTOS
2023-03-04,Salida,SURCO,38,ACEITE FS 5W30,3,Cliente 9,REPUESTOS
2023-03-04,Salida,LA MOLINA,39,FILTRO COMBUST,1,Cliente 31,REPUESTOS
2023-03-04,Salida,LA MOLINA,40,AMORT DEL,2,Cliente 40,REPUESTOS
2023-03-04,Salida,SURCO,41,AMORT POS,1,Cliente 17,REPUESTOS
2023-03-04,Salida,SURCO,42,"LLANTAS 18""",1,Cliente 36,REPUESTOS
2023-03-04,Salida,LA MOLINA,43,BATERÍA 18 PLC,1,Cliente 8,REPUESTOS
2023-03-05,Salida,LA MOLINA,1,ACCORD,1,Cliente 20,AUTOS
2023-03-05,Salida,SURCO,3,ODISSEY,1,Cliente 16,AUTOS
2023-03-05,Salida,SURCO,38,ACEITE FS 5W30,4,Cliente 8,REPUESTOS
2023-03-05,Salida,SURCO,39,FILTRO COMBUST,1,Cliente 41,REPUESTOS
2023-03-05,Salida,SURCO,40,AMORT DEL,1,Cliente 19,REPUESTOS
2023-03-05,Salida,LA MOLINA,41,AMORT POS,1,Cliente 16,REPUESTOS
2023-03-05,Salida,LA MOLINA,42,"LLANTAS 18""",1,Cliente 12,REPUESTOS
2023-03-05,Salida,LA MOLINA,43,BATERÍA 18 PLC,1,Cliente 5,REPUESTOS
2023-03-06,Salida,LA MOLINA,1,ACCORD,1,Cliente 25,AUTOS
2023-03-06,Salida,LA MOLINA,3,ODISSEY,1,Cliente 41,AUTOS
2023-03-06,Salida,LA MOLINA,38,ACEITE FS 5W30,3,Cliente 48,REPUESTOS
2023-03-06,Salida,LA MOLINA,39,FILTRO COMBUST,1,Cliente 5,REPUESTOS
2023-03-06,Salida,SURCO,40,AMORT DEL,1,Cliente 50,REPUESTOS
2023-03-06,Salida,SURCO,41,AMORT POS,3,Cliente 3,REPUESTOS
2023-03-06,Salida,LA MOLINA,42,"LLANTAS 18""",1,Cliente 42,REPUESTOS
2023-03-06,Salida,LA MOLINA,43,BATERÍA 18 PLC,1,Cliente 45,REPUESTOS
2023-03-07,Salida,SURCO,38,ACEITE FS 5W30,2,Cliente 5,REPUESTOS
2023-03-07,Salida,LA MOLINA,39,FILTRO COMBUST,1,Cliente 19,REPUESTOS
2023-03-07,Salida,SURCO,40,AMORT DEL,1,Cliente 3,REPUESTOS
2023-03-07,Salida,LA MOLINA,41,AMORT POS,3,Cliente 35,REPUESTOS
2023-03-07,Salida,LA MOLINA,42,"LLANTAS 18""",1,Cliente 3,REPUESTOS
2023-03-07,Salida,LA MOLINA,43,BATERÍA 18 PLC,1,Cliente 23,REPUESTOS
2023-03-08,Salida,LA MOLINA,38,ACEITE FS 5W30,3,Cliente 8,REPUESTOS
2023-03-08,Salida,LA MOLINA,39,FILTRO COMBUST,1,Cliente 26,REPUESTOS
2023-03-08,Salida,LA MOLINA,40,AMORT DEL,2,Cliente 12,REPUESTOS
2023-03-08,Salida,LA MOLINA,41,AMORT POS,2,Cliente 34,REPUESTOS
2023-03-08,Salida,SURCO,42,"LLANTAS 18""",1,Cliente 47,REPUESTOS
2023-03-08,Salida,SURCO,43,BATERÍA 18 PLC,1,Cliente 28,REPUESTOS
2023-03-09,Salida,LA MOLINA,38,ACEITE FS 5W30,2,Cliente 21,REPUESTOS
2023-03-09,Salida,LA MOLINA,39,FILTRO COMBUST,1,Cliente 21,REPUESTOS
2023-03-09,Salida,LA MOLINA,40,AMORT DEL,2,Cliente 39,REPUESTOS
2023-03-09,Salida,SURCO,41,AMORT POS,2,Cliente 23,REPUESTOS
2023-03-09,Salida,SURCO,42,"LLANTAS 18""",1,Cliente 47,REPUESTOS
2023-03-09,Salida,LA MOLINA,43,BATERÍA 18 PLC,1,Cliente 18,REPUESTOS
2023-03-10,Salida,LA MOLINA,38,ACEITE FS 5W30,1,Cliente 24,REPUESTOS
2023-03-10,Salida,LA MOLINA,39,FILTRO COMBUST,1,Cliente 2,REPUESTOS
2023-03-10,Salida,SURCO,40,AMORT DEL,2,Cliente 9,REPUESTOS
2023-03-10,Salida,SURCO,41,AMORT POS,2,Cliente 24,REPUESTOS
2023-03-10,Salida,SURCO,42,"LLANTAS 18""",1,Cliente 39,REPUESTOS
2023-03-10,Salida,LA MOLINA,43,BATERÍA 18 PLC,1,Cliente 24,REPUESTOS
2023-03-11,Salida,SURCO,38,ACEITE FS 5W30,1,Cliente 37,REPUESTOS
2023-03-11,Salida,LA MOLINA,39,FILTRO COMBUST,1,Cliente 26,REPUESTOS
2023-03-11,Salida,SURCO,40,AMORT DEL,2,Cliente 8,REPUESTOS
2023-03-11,Salida,SURCO,41,AMORT POS,2,Cliente 32,REPUESTOS
2023-03-11,Salida,LA MOLINA,42,"LLANTAS 18""",1,Cliente 36,REPUESTOS
2023-03-11,Salida,LA MOLINA,43,BATERÍA 18 PLC,1,Cliente 50,REPUESTOS
2023-03-12,Entrada,SURCO,1,ACCORD,4,Prov Vehículos,AUTOS
2023-03-12,Entrada,SURCO,2,CIVIC,4,Prov Vehículos,AUTOS
2023-03-12,Entrada,SURCO,3,ODISSEY,1,Prov Vehículos,AUTOS
2023-03-12,Entrada,SURCO,4,CRV,4,Prov Vehículos,AUTOS
2023-03-12,Entrada,SURCO,5,PILOT,5,Prov Vehículos,AUTOS
2023-03-12,Entrada,SURCO,6,FIT,5,Prov Vehículos,AUTOS
2023-03-12,Entrada,SURCO,7,CITY,3,Prov Vehículos,AUTOS
2023-03-12,Entrada,LA MOLINA,3,ODISSEY,1,Prov Vehículos,AUTOS
2023-03-12,Entrada,LA MOLINA,4,CRV,3,Prov Vehículos,AUTOS
2023-03-12,Salida,SURCO,1,ACCORD,1,Cliente 14,AUTOS
2023-03-12,Salida,LA MOLINA,4,CRV,1,Cliente 45,AUTOS
2023-03-12,Salida,SURCO,5,PILOT,1,Cliente 8,AUTOS
2023-03-12,Salida,SURCO,6,FIT,1,Cliente 29,AUTOS
2023-03-12,Salida,SURCO,7,CITY,1,Cliente 6,AUTOS
2023-03-12,Salida,LA MOLINA,39,FILTRO COMBUST,1,Cliente 36,REPUESTOS
2023-03-12,Salida,LA MOLINA,40,AMORT DEL,2,Cliente 11,REPUESTOS
2023-03-12,Salida,SURCO,42,"LLANTAS 18""",1,Cliente 13,REPUESTOS
2023-03-12,Salida,SURCO,43,BATERÍA 18 PLC,1,Cliente 32,REPUESTOS
2023-03-13,Salida,SURCO,5,PILOT,1,Cliente 36,AUTOS
2023-03-13,Salida,SURCO,6,FIT,1,Cliente 30,AUTOS
2023-03-13,Salida,SURCO,7,CITY,1,Cliente 40,AUTOS
2023-03-13,Salida,LA MOLINA,39,FILTRO COMBUST,1,Cliente 26,REPUESTOS
2023-03-13,Salida,LA MOLINA,40,AMORT DEL,1,Cliente 37,REPUESTOS
2023-03-13,Salida,SURCO,42,"LLANTAS 18""",2,Cliente 29,REPUESTOS
2023-03-13,Salida,LA MOLINA,43,BATERÍA 18 PLC,1,Cliente 9,REPUESTOS
2023-03-14,Salida,SURCO,6,FIT,1,Cliente 50,AUTOS
2023-03-14,Salida,SURCO,7,CITY,1,Cliente 33,AUTOS
2023-03-14,Salida,LA MOLINA,39,FILTRO COMBUST,1,Cliente 20,REPUESTOS
2023-03-14,Salida,SURCO,40,AMORT DEL,1,Cliente 46,REPUESTOS
2023-03-14,Salida,SURCO,42,"LLANTAS 18""",1,Cliente 17,REPUESTOS
2023-03-14,Salida,LA MOLINA,43,BATERÍA 18 PLC,1,Cliente 9,REPUESTOS
2023-03-14,Control,SURCO,1,ACCORD,3,,AUTOS
2023-03-14,Control,SURCO,2,CIVIC,4,,AUTOS
2023-03-14,Control,SURCO,3,ODISSEY,1,,AUTOS
2023-03-14,Control,SURCO,4,CRV,4,,AUTOS
2023-03-14,Control,SURCO,5,PILOT,3,,AUTOS
2023-03-14,Control,SURCO,6,FIT,2,,AUTOS
2023-03-14,Control,SURCO,7,CITY,0,,AUTOS
2023-03-14,Control,SURCO,8,ELEMENT,0,,CAMIONETAS
2023-03-14,Control,SURCO,9,CROSSTOUR,0,,CAMIONETAS
2023-03-14,Control,SURCO,10,CR-Z,0,,CAMIONETAS
2023-03-14,Control,SURCO,11,RID LINE,0,,CAMIONETAS
2023-03-14,Control,SURCO,38,ACEITE FS 5W30,0,,REPUESTOS
2023-03-14,Control,SURCO,39,FILTRO COMBUST,0,,REPUESTOS
2023-03-14,Control,SURCO,40,AMORT DEL,40,,REPUESTOS
2023-03-14,Control,SURCO,41,AMORT POS,0,,REPUESTOS
2023-03-14,Control,SURCO,42,"LLANTAS 18""",0,,REPUESTOS
2023-03-14,Control,SURCO,43,BATERÍA 18 PLC,3,,REPUESTOS
2023-03-14,Control,LA MOLINA,1,ACCORD,0,,AUTOS
2023-03-14,Control,LA MOLINA,2,CIVIC,5,,AUTOS
2023-03-14,Control,LA MOLINA,3,ODISSEY,3,,AUTOS
2023-03-14,Control,LA MOLINA,4,CRV,2,,AUTOS
2023-03-14,Control,LA MOLINA,5,PILOT,0,,AUTOS
2023-03-14,Control,LA MOLINA,6,FIT,0,,AUTOS
2023-03-14,Control,LA MOLINA,7,CITY,0,,AUTOS
2023-03-14,Control,LA MOLINA,8,ELEMENT,0,,CAMIONETAS
2023-03-14,Control,LA MOLINA,9,CROSSTOUR,0,,CAMIONETAS
2023-03-14,Control,LA MOLINA,10,CR-Z,0,,CAMIONETAS
2023-03-14,Control,LA MOLINA,11,RID LINE,0,,CAMIONETAS
2023-03-14,Control,LA MOLINA,38,ACEITE FS 5W30,0,,REPUESTOS
2023-03-14,Control,LA MOLINA,39,FILTRO COMBUST,75,,REPUESTOS
2023-03-14,Control,LA MOLINA,40,AMORT DEL,0,,REPUESTOS
2023-03-14,Control,LA MOLINA,41,AMORT POS,0,,REPUESTOS
2023-03-14,Control,LA MOLINA,42,"LLANTAS 18""",51,,REPUESTOS
2023-03-14,Control,LA MOLINA,43,BATERÍA 18 PLC,27,,REPUESTOS
2023-03-15,Salida,SURCO,6,FIT,1,Cliente 33,AUTOS
2023-03-15,Salida,LA MOLINA,39,FILTRO COMBUST,1,Cliente 11,REPUESTOS
2023-03-15,Salida,SURCO,40,AMORT DEL,3,Cliente 37,REPUESTOS
2023-03-15,Salida,LA MOLINA,42,"LLANTAS 18""",1,Cliente 3,REPUESTOS
2023-03-15,Salida,SURCO,43,BATERÍA 18 PLC,2,Cliente 50,REPUESTOS
2023-03-16,Salida,SURCO,6,FIT,1,Cliente 40,AUTOS
2023-03-16,Salida,LA MOLINA,39,FILTRO COMBUST,1,Cliente 42,REPUESTOS
2023-03-16,Salida,SURCO,40,AMORT DEL,2,Cliente 44,REPUESTOS
2023-03-16,Salida,LA MOLINA,42,"LLANTAS 18""",2,Cliente 45,REPUESTOS
2023-03-16,Salida,LA MOLINA,43,BATERÍA 18 PLC,1,Cliente 27,REPUESTOS
2023-03-17,Entrada,SURCO,38,ACEITE FS 5W30,10,Prov Repuestos,REPUESTOS
2023-03-17,Entrada,SURCO,39,FILTRO COMBUST,1,Prov Repuestos,REPUESTOS
2023-03-17,Entrada,SURCO,41,AMORT POS,10,Prov Repuestos,REPUESTOS
2023-03-17,Entrada,SURCO,42,"LLANTAS 18""",10,Prov Repuestos,REPUESTOS
2023-03-17,Entrada,SURCO,43,BATERÍA 18 PLC,2,Prov Repuestos,REPUESTOS
2023-03-17,Entrada,LA MOLINA,38,ACEITE FS 5W30,10,Prov Repuestos,REPUESTOS
2023-03-17,Entrada,LA MOLINA,40,AMORT DEL,10,Prov Repuestos,REPUESTOS
2023-03-17,Entrada,LA MOLINA,41,AMORT POS,10,Prov Repuestos,REPUESTOS
2023-03-17,Entrada,SURCO,42,"LLANTAS 18""",9,Prov Repuestos,REPUESTOS
2023-03-17,Entrada,LA MOLINA,42,"LLANTAS 18""",29,Prov Repuestos,REPUESTOS
2023-03-17,Salida,SURCO,38,ACEITE FS 5W30,4,Cliente 22,REPUESTOS
2023-03-17,Salida,SURCO,39,FILTRO COMBUST,1,Cliente 21,REPUESTOS
2023-03-17,Salida,LA MOLINA,40,AMORT DEL,3,Cliente 26,REPUESTOS
2023-03-17,Salida,SURCO,41,AMORT POS,6,Cliente 21,REPUESTOS
2023-03-17,Salida,SURCO,42,"LLANTAS 18""",2,Cliente 18,REPUESTOS
2023-03-17,Salida,SURCO,43,BATERÍA 18 PLC,1,Cliente 7,REPUESTOS
2023-03-18,Salida,LA MOLINA,38,ACEITE FS 5W30,3,Cliente 40,REPUESTOS
2023-03-18,Salida,LA MOLINA,39,FILTRO COMBUST,1,Cliente 11,REPUESTOS
2023-03-18,Salida,LA MOLINA,40,AMORT DEL,3,Cliente 13,REPUESTOS
2023-03-18,Salida,LA MOLINA,41,AMORT POS,8,Cliente 32,REPUESTOS
2023-03-18,Salida,SURCO,42,"LLANTAS 18""",2,Cliente 6,REPUESTOS
2023-03-18,Salida,SURCO,43,BATERÍA 18 PLC,2,Cliente 14,REPUESTOS
2023-03-19,Salida,SURCO,38,ACEITE FS 5W30,3,Cliente 4,REPUESTOS
2023-03-19,Salida,LA MOLINA,40,AMORT DEL,2,Cliente 19,REPUESTOS
2023-03-19,Salida,SURCO,41,AMORT POS,1,Cliente 28,REPUESTOS
2023-03-19,Salida,LA MOLINA,42,"LLANTAS 18""",2,Cliente 49,REPUESTOS
2023-03-19,Salida,LA MOLINA,43,BATERÍA 18 PLC,2,Cliente 26,REPUESTOS
2023-03-20,Salida,SURCO,38,ACEITE FS 5W30,3,Cliente 24,REPUESTOS
2023-03-20,Salida,SURCO,40,AMORT DEL,2,Cliente 25,REPUESTOS
2023-03-20,Salida,LA MOLINA,41,AMORT POS,2,Cliente 40,REPUESTOS
2023-03-20,Salida,SURCO,42,"LLANTAS 18""",1,Cliente 7,REPUESTOS
2023-03-20,Salida,LA MOLINA,43,BATERÍA 18 PLC,2,Cliente 36,REPUESTOS
2023-03-21,Salida,LA MOLINA,38,ACEITE FS 5W30,7,Cliente 13,REPUESTOS
2023-03-21,Salida,LA MOLINA,40,AMORT DEL,2,Cliente 33,REPUESTOS
2023-03-21,Salida,SURCO,41,AMORT POS,1,Cliente 9,REPUESTOS
2023-03-21,Salida,LA MOLINA,42,"LLANTAS 18""",2,Cliente 10,REPUESTOS
2023-03-21,Salida,LA MOLINA,43,BATERÍA 18 PLC,1,Cliente 40,REPUESTOS
2023-03-22,Salida,SURCO,40,AMORT DEL,2,Cliente 38,REPUESTOS
2023-03-22,Salida,SURCO,41,AMORT POS,2,Cliente 46,REPUESTOS
2023-03-22,Salida,LA MOLINA,42,"LLANTAS 18""",2,Cliente 2,REPUESTOS
2023-03-22,Salida,LA MOLINA,43,BATERÍA 18 PLC,2,Cliente 27,REPUESTOS
2023-03-23,Salida,SURCO,40,AMORT DEL,3,Cliente 39,REPUESTOS
2023-03-23,Salida,SURCO,42,"LLANTAS 18""",1,Cliente 38,REPUESTOS
2023-03-23,Salida,LA MOLINA,43,BATERÍA 18 PLC,1,Cliente 10,REPUESTOS
2023-03-24,Salida,SURCO,40,AMORT DEL,3,Cliente 13,REPUESTOS
2023-03-24,Salida,LA MOLINA,42,"LLANTAS 18""",2,Cliente 10,REPUESTOS
2023-03-24,Salida,LA MOLINA,43,BATERÍA 18 PLC,1,Cliente 33,REPUESTOS
2023-03-25,Salida,SURCO,40,AMORT DEL,3,Cliente 46,REPUESTOS
2023-03-25,Salida,LA MOLINA,42,"LLANTAS 18""",2,Cliente 34,REPUESTOS
2023-03-25,Salida,LA MOLINA,43,BATERÍA 18 PLC,2,Cliente 30,REPUESTOS
2023-03-26,Salida,SURCO,40,AMORT DEL,3,Cliente 44,REPUESTOS
2023-03-26,Salida,SURCO,42,"LLANTAS 18""",1,Cliente 18,REPUESTOS
2023-03-26,Salida,LA MOLINA,43,BATERÍA 18 PLC,2,Cliente 20,REPUESTOS
2023-03-27,Salida,SURCO,40,AMORT DEL,2,Cliente 21,REPUESTOS
2023-03-27,Salida,LA MOLINA,42,"LLANTAS 18""",3,Cliente 19,REPUESTOS
2023-03-27,Salida,LA MOLINA,43,BATERÍA 18 PLC,3,Cliente 26,REPUESTOS
2023-03-28,Salida,SURCO,40,AMORT DEL,3,Cliente 19,REPUESTOS
2023-03-28,Salida,LA MOLINA,42,"LLANTAS 18""",2,Cliente 48,REPUESTOS
2023-03-28,Salida,LA MOLINA,43,BATERÍA 18 PLC,1,Cliente 35,REPUESTOS
2023-03-29,Salida,SURCO,40,AMORT DEL,3,Cliente 7,REPUESTOS
2023-03-29,Salida,SURCO,42,"LLANTAS 18""",1,Cliente 43,REPUESTOS
2023-03-29,Salida,LA MOLINA,43,BATERÍA 18 PLC,1,Cliente 4,REPUESTOS
2023-03-30,Salida,SURCO,40,AMORT DEL,3,Cliente 7,REPUESTOS
2023-03-30,Salida,SURCO,42,"LLANTAS 18""",5,Cliente 27,REPUESTOS
2023-03-30,Salida,LA MOLINA,43,BATERÍA 18 PLC,4,Cliente 49,REPUESTOS
2023-03-31,Salida,SURCO,40,AMORT DEL,2,Cliente 35,REPUESTOS
2023-03-31,Salida,SURCO,42,"LLANTAS 18""",4,Cliente 3,REPUESTOS
2023-03-31,Salida,LA MOLINA,43,BATERÍA 18 PLC,4,Cliente 48,REPUESTOS
2023-03-31,Control,SURCO,1,ACCORD,3,,AUTOS
2023-03-31,Control,SURCO,2,CIVIC,4,,AUTOS
2023-03-31,Control,SURCO,3,ODISSEY,1,,AUTOS
2023-03-31,Control,SURCO,4,CRV,4,,AUTOS
2023-03-31,Control,SURCO,5,PILOT,3,,AUTOS
2023-03-31,Control,SURCO,6,FIT,0,,AUTOS
2023-03-31,Control,SURCO,7,CITY,0,,AUTOS
2023-03-31,Control,SURCO,8,ELEMENT,0,,CAMIONETAS
2023-03-31,Control,SURCO,9,CROSSTOUR,0,,CAMIONETAS
2023-03-31,Control,SURCO,10,CR-Z,0,,CAMIONETAS
2023-03-31,Control,SURCO,11,RID LINE,0,,CAMIONETAS
2023-03-31,Control,SURCO,38,ACEITE FS 5W30,0,,REPUESTOS
2023-03-31,Control,SURCO,39,FILTRO COMBUST,0,,REPUESTOS
2023-03-31,Control,SURCO,40,AMORT DEL,6,,REPUESTOS
2023-03-31,Control,SURCO,41,AMORT POS,0,,REPUESTOS
2023-03-31,Control,SURCO,42,"LLANTAS 18""",2,,REPUESTOS
2023-03-31,Control,SURCO,43,BATERÍA 18 PLC,0,,REPUESTOS
2023-03-31,Control,LA MOLINA,1,ACCORD,0,,AUTOS
2023-03-31,Control,LA MOLINA,2,CIVIC,5,,AUTOS
2023-03-31,Control,LA MOLINA,3,ODISSEY,3,,AUTOS
2023-03-31,Control,LA MOLINA,4,CRV,2,,AUTOS
2023-03-31,Control,LA MOLINA,5,PILOT,0,,AUTOS
2023-03-31,Control,LA MOLINA,6,FIT,0,,AUTOS
2023-03-31,Control,LA MOLINA,7,CITY,0,,AUTOS
2023-03-31,Control,LA MOLINA,8,ELEMENT,0,,CAMIONETAS
2023-03-31,Control,LA MOLINA,9,CROSSTOUR,0,,CAMIONETAS
2023-03-31,Control,LA MOLINA,10,CR-Z,0,,CAMIONETAS
2023-03-31,Control,LA MOLINA,11,RID LINE,0,,CAMIONETAS
2023-03-31,Control,LA MOLINA,38,ACEITE FS 5W30,0,,REPUESTOS
2023-03-31,Control,LA MOLINA,39,FILTRO COMBUST,72,,REPUESTOS
2023-03-31,Control,LA MOLINA,40,AMORT DEL,0,,REPUESTOS
2023-03-31,Control,LA MOLINA,41,AMORT POS,0,,REPUESTOS
2023-03-31,Control,LA MOLINA,42,"LLANTAS 18""",62,,REPUESTOS
2023-03-31,Control,LA MOLINA,43,BATERÍA 18 PLC,0,,REPUESTOS
2023-04-01,Salida,SURCO,1,ACCORD,1,Cliente 37,AUTOS
2023-04-01,Salida,SURCO,2,CIVIC,1,Cliente 22,AUTOS
2023-04-01,Salida,LA MOLINA,3,ODISSEY,1,Cliente 42,AUTOS
2023-04-01,Salida,LA MOLINA,4,CRV,1,Cliente 9,AUTOS
2023-04-01,Salida,SURCO,5,PILOT,1,Cliente 18,AUTOS
2023-04-01,Salida,LA MOLINA,39,FILTRO COMBUST,1,Cliente 11,REPUESTOS
2023-04-01,Salida,SURCO,40,AMORT DEL,3,Cliente 46,REPUESTOS
2023-04-01,Salida,LA MOLINA,42,"LLANTAS 18""",3,Cliente 19,REPUESTOS
2023-04-02,Salida,SURCO,1,ACCORD,1,Cliente 12,AUTOS
2023-04-02,Salida,LA MOLINA,2,CIVIC,1,Cliente 28,AUTOS
2023-04-02,Salida,LA MOLINA,3,ODISSEY,1,Cliente 6,AUTOS
2023-04-02,Salida,SURCO,4,CRV,1,Cliente 12,AUTOS
2023-04-02,Salida,SURCO,5,PILOT,1,Cliente 21,AUTOS
2023-04-02,Salida,LA MOLINA,39,FILTRO COMBUST,1,Cliente 25,REPUESTOS
2023-04-02,Salida,SURCO,40,AMORT DEL,2,Cliente 22,REPUESTOS
2023-04-02,Salida,SURCO,42,"LLANTAS 18""",2,Cliente 17,REPUESTOS
2023-04-03,Entrada,SURCO,38,ACEITE FS 5W30,10,Prov Repuestos,REPUESTOS
2023-04-03,Entrada,SURCO,39,FILTRO COMBUST,1,Prov Repuestos,REPUESTOS
2023-04-03,Entrada,SURCO,40,AMORT DEL,4,Prov Repuestos,REPUESTOS
2023-04-03,Entrada,SURCO,41,AMORT POS,10,Prov Repuestos,REPUESTOS
2023-04-03,Entrada,SURCO,42,"LLANTAS 18""",8,Prov Repuestos,REPUESTOS
2023-04-03,Entrada,SURCO,43,BATERÍA 18 PLC,5,Prov Repuestos,REPUESTOS
2023-04-03,Entrada,LA MOLINA,38,ACEITE FS 5W30,10,Prov Repuestos,REPUESTOS
2023-04-03,Entrada,LA MOLINA,40,AMORT DEL,10,Prov Repuestos,REPUESTOS
2023-04-03,Entrada,LA MOLINA,41,AMORT POS,10,Prov Repuestos,REPUESTOS
2023-04-03,Entrada,LA MOLINA,43,BATERÍA 18 PLC,5,Prov Repuestos,REPUESTOS
2023-04-03,Entrada,SURCO,38,ACEITE FS 5W30,39,Prov Repuestos,REPUESTOS
2023-04-03,Entrada,LA MOLINA,38,ACEITE FS 5W30,43,Prov Repuestos,REPUESTOS
2023-04-03,Salida,SURCO,1,ACCORD,1,Cliente 4,AUTOS
2023-04-03,Salida,LA MOLINA,2,CIVIC,1,Cliente 20,AUTOS
2023-04-03,Salida,LA MOLINA,3,ODISSEY,1,Cliente 44,AUTOS
2023-04-03,Salida,LA MOLINA,4,CRV,1,Cliente 45,AUTOS
2023-04-03,Salida,LA MOLINA,38,ACEITE FS 5W30,3,Cliente 24,REPUESTOS
2023-04-03,Salida,SURCO,39,FILTRO COMBUST,1,Cliente 15,REPUESTOS
2023-04-03,Salida,SURCO,40,AMORT DEL,4,Cliente 30,REPUESTOS
2023-04-03,Salida,LA MOLINA,41,AMORT POS,2,Cliente 45,REPUESTOS
2023-04-03,Salida,SURCO,42,"LLANTAS 18""",2,Cliente 49,REPUESTOS
2023-04-03,Salida,SURCO,43,BATERÍA 18 PLC,1,Cliente 34,REPUESTOS
2023-04-04,Salida,LA MOLINA,2,CIVIC,1,Cliente 5,AUTOS
2023-04-04,Salida,SURCO,3,ODISSEY,1,Cliente 4,AUTOS
2023-04-04,Salida,SURCO,4,CRV,1,Cliente 37,AUTOS
2023-04-04,Salida,SURCO,38,ACEITE FS 5W30,1,Cliente 21,REPUESTOS
2023-04-04,Salida,LA MOLINA,39,FILTRO COMBUST,1,Cliente 8,REPUESTOS
2023-04-04,Salida,SURCO,40,AMORT DEL,1,Cliente 33,REPUESTOS
2023-04-04,Salida,LA MOLINA,41,AMORT POS,1,Cliente 9,REPUESTOS
2023-04-04,Salida,LA MOLINA,42,"LLANTAS 18""",2,Cliente 37,REPUESTOS
2023-04-04,Salida,LA MOLINA,43,BATERÍA 18 PLC,1,Cliente 44,REPUESTOS
2023-04-05,Salida,SURCO,2,CIVIC,1,Cliente 26,AUTOS
2023-04-05,Salida,SURCO,38,ACEITE FS 5W30,1,Cliente 38,REPUESTOS
2023-04-05,Salida,LA MOLINA,39,FILTRO COMBUST,1,Cliente 28,REPUESTOS
2023-04-05,Salida,LA MOLINA,40,AMORT DEL,1,Cliente 5,REPUESTOS
2023-04-05,Salida,LA MOLINA,41,AMORT POS,1,Cliente 27,REPUESTOS
2023-04-05,Salida,LA MOLINA,42,"LLANTAS 18""",1,Cliente 24,REPUESTOS
2023-04-05,Salida,LA MOLINA,43,BATERÍA 18 PLC,1,Cliente 25,REPUESTOS
2023-04-06,Salida,SURCO,2,CIVIC,1,Cliente 44,AUTOS
2023-04-06,Salida,LA MOLINA,38,ACEITE FS 5W30,1,Cliente 8,REPUESTOS
2023-04-06,Salida,LA MOLINA,39,FILTRO COMBUST,1,Cliente 34,REPUESTOS
2023-04-06,Salida,LA MOLINA,40,AMORT DEL,2,Cliente 49,REPUESTOS
2023-04-06,Salida,LA MOLINA,41,AMORT POS,2,Cliente 44,REPUESTOS
2023-04-06,Salida,LA MOLINA,42,"LLANTAS 18""",2,Cliente 15,REPUESTOS
2023-04-06,Salida,LA MOLINA,43,BATERÍA 18 PLC,1,Cliente 23,REPUESTOS
2023-04-07,Salida,SURCO,38,ACEITE FS 5W30,2,Cliente 47,REPUESTOS
2023-04-07,Salida,LA MOLINA,39,FILTRO COMBUST,1,Cliente 43,REPUESTOS
2023-04-07,Salida,LA MOLINA,40,AMORT DEL,1,Cliente 14,REPUESTOS
2023-04-07,Salida,SURCO,41,AMORT POS,1,Cliente 29,REPUESTOS
2023-04-07,Salida,SURCO,42,"LLANTAS 18""",3,Cliente 16,REPUESTOS
2023-04-07,Salida,LA MOLINA,43,BATERÍA 18 PLC,1,Cliente 29,REPUESTOS
2023-04-08,Salida,SURCO,38,ACEITE FS 5W30,3,Cliente 49,REPUESTOS
2023-04-08,Salida,LA MOLINA,39,FILTRO COMBUST,1,Cliente 33,REPUESTOS
2023-04-08,Salida,LA MOLINA,40,AMORT DEL,2,Cliente 37,REPUESTOS
2023-04-08,Salida,LA MOLINA,41,AMORT POS,3,Cliente 16,REPUESTOS
2023-04-08,Salida,SURCO,42,"LLANTAS 18""",1,Cliente 27,REPUESTOS
2023-04-08,Salida,LA MOLINA,43,BATERÍA 18 PLC,1,Cliente 4,REPUESTOS
2023-04-09,Entrada,SURCO,1,ACCORD,2,Prov Vehículos,AUTOS
2023-04-09,Entrada,SURCO,2,CIVIC,1,Prov Vehículos,AUTOS
2023-04-09,Entrada,SURCO,3,ODISSEY,4,Prov Vehículos,AUTOS
2023-04-09,Entrada,SURCO,4,CRV,1,Prov Vehículos,AUTOS
2023-04-09,Entrada,SURCO,5,PILOT,2,Prov Vehículos,AUTOS
2023-04-09,Entrada,SURCO,6,FIT,3,Prov Vehículos,AUTOS
2023-04-09,Entrada,SURCO,7,CITY,5,Prov Vehículos,AUTOS
2023-04-09,Entrada,LA MOLINA,1,ACCORD,5,Prov Vehículos,AUTOS
2023-04-09,Entrada,LA MOLINA,3,ODISSEY,2,Prov Vehículos,AUTOS
2023-04-09,Entrada,LA MOLINA,4,CRV,3,Prov Vehículos,AUTOS
2023-04-09,Salida,SURCO,1,ACCORD,1,Cliente 41,AUTOS
2023-04-09,Salida,SURCO,6,FIT,1,Cliente 4,AUTOS
2023-04-09,Salida,SURCO,7,CITY,1,Cliente 34,AUTOS
2023-04-09,Salida,LA MOLINA,38,ACEITE FS 5W30,3,Cliente 27,REPUESTOS
2023-04-09,Salida,LA MOLINA,39,FILTRO COMBUST,1,Cliente 25,REPUESTOS
2023-04-09,Salida,LA MOLINA,40,AMORT DEL,4,Cliente 15,REPUESTOS
2023-04-09,Salida,SURCO,41,AMORT POS,3,Cliente 30,REPUESTOS
2023-04-09,Salida,LA MOLINA,42,"LLANTAS 18""",4,Cliente 36,REPUESTOS
2023-04-09,Salida,SURCO,43,BATERÍA 18 PLC,1,Cliente 16,REPUESTOS
2023-04-10,Salida,SURCO,1,ACCORD,1,Cliente 22,AUTOS
2023-04-10,Salida,SURCO,6,FIT,1,Cliente 24,AUTOS
2023-04-10,Salida,SURCO,7,CITY,1,Cliente 4,AUTOS
2023-04-10,Salida,SURCO,38,ACEITE FS 5W30,2,Cliente 5,REPUESTOS
2023-04-10,Salida,LA MOLINA,39,FILTRO COMBUST,1,Cliente 31,REPUESTOS
2023-04-10,Salida,SURCO,41,AMORT POS,2,Cliente 14,REPUESTOS
2023-04-10,Salida,LA MOLINA,42,"LLANTAS 18""",1,Cliente 16,REPUESTOS
2023-04-10,Salida,SURCO,43,BATERÍA 18 PLC,1,Cliente 16,REPUESTOS
2023-04-11,Salida,LA MOLINA,1,ACCORD,1,Cliente 50,AUTOS
2023-04-11,Salida,SURCO,6,FIT,1,Cliente 30,AUTOS
2023-04-11,Salida,SURCO,7,CITY,1,Cliente 20,AUTOS
2023-04-11,Salida,LA MOLINA,38,ACEITE FS 5W30,3,Cliente 30,REPUESTOS
2023-04-11,Salida,LA MOLINA,39,FILTRO COMBUST,1,Cliente 49,REPUESTOS
2023-04-11,Salida,LA MOLINA,41,AMORT POS,1,Cliente 27,REPUESTOS
2023-04-11,Salida,SURCO,42,"LLANTAS 18""",2,Cliente 2,REPUESTOS
2023-04-11,Salida,SURCO,43,BATERÍA 18 PLC,2,Cliente 10,REPUESTOS
2023-04-12,Salida,LA MOLINA,1,ACCORD,1,Cliente 15,AUTOS
2023-04-12,Salida,LA MOLINA,38,ACEITE FS 5W30,2,Cliente 36,REPUESTOS
2023-04-12,Salida,LA MOLINA,39,FILTRO COMBUST,1,Cliente 49,REPUESTOS
2023-04-12,Salida,SURCO,41,AMORT POS,2,Cliente 47,REPUESTOS
2023-04-12,Salida,LA MOLINA,42,"LLANTAS 18""",2,Cliente 47,REPUESTOS
2023-04-13,Salida,SURCO,38,ACEITE FS 5W30,2,Cliente 34,REPUESTOS
2023-04-13,Salida,SURCO,41,AMORT POS,1,Cliente 27,REPUESTOS
2023-04-13,Salida,LA MOLINA,42,"LLANTAS 18""",2,Cliente 46,REPUESTOS
2023-04-14,Salida,LA MOLINA,38,ACEITE FS 5W30,2,Cliente 24,REPUESTOS
2023-04-14,Salida,SURCO,41,AMORT POS,1,Cliente 2,REPUESTOS
2023-04-14,Salida,LA MOLINA,42,"LLANTAS 18""",4,Cliente 2,REPUESTOS
2023-04-14,Control,SURCO,1,ACCORD,0,,AUTOS
2023-04-14,Control,SURCO,2,CIVIC,2,,AUTOS
2023-04-14,Control,SURCO,3,ODISSEY,4,,AUTOS
2023-04-14,Control,SURCO,4,CRV,3,,AUTOS
2023-04-14,Control,SURCO,5,PILOT,3,,AUTOS
2023-04-14,Control,SURCO,6,FIT,0,,AUTOS
2023-04-14,Control,SURCO,7,CITY,2,,AUTOS
2023-04-14,Control,SURCO,8,ELEMENT,0,,CAMIONETAS
2023-04-14,Control,SURCO,9,CROSSTOUR,0,,CAMIONETAS
2023-04-14,Control,SURCO,10,CR-Z,0,,CAMIONETAS
2023-04-14,Control,SURCO,11,RID LINE,0,,CAMIONETAS
2023-04-14,Control,SURCO,38,ACEITE FS 5W30,38,,REPUESTOS
2023-04-14,Control,SURCO,39,FILTRO COMBUST,0,,REPUESTOS
2023-04-14,Control,SURCO,40,AMORT DEL,0,,REPUESTOS
2023-04-14,Control,SURCO,41,AMORT POS,0,,REPUESTOS
2023-04-14,Control,SURCO,42,"LLANTAS 18""",0,,REPUESTOS
2023-04-14,Control,SURCO,43,BATERÍA 18 PLC,0,,REPUESTOS
2023-04-14,Control,LA MOLINA,1,ACCORD,3,,AUTOS
2023-04-14,Control,LA MOLINA,2,CIVIC,2,,AUTOS
2023-04-14,Control,LA MOLINA,3,ODISSEY,2,,AUTOS
2023-04-14,Control,LA MOLINA,4,CRV,3,,AUTOS
2023-04-14,Control,LA MOLINA,5,PILOT,0,,AUTOS
2023-04-14,Control,LA MOLINA,6,FIT,0,,AUTOS
2023-04-14,Control,LA MOLINA,7,CITY,0,,AUTOS
2023-04-14,Control,LA MOLINA,8,ELEMENT,0,,CAMIONETAS
2023-04-14,Control,LA MOLINA,9,CROSSTOUR,0,,CAMIONETAS
2023-04-14,Control,LA MOLINA,10,CR-Z,0,,CAMIONETAS
2023-04-14,Control,LA MOLINA,11,RID LINE,0,,CAMIONETAS
2023-04-14,Control,LA MOLINA,38,ACEITE FS 5W30,39,,REPUESTOS
2023-04-14,Control,LA MOLINA,39,FILTRO COMBUST,61,,REPUESTOS
2023-04-14,Control,LA MOLINA,40,AMORT DEL,0,,REPUESTOS
2023-04-14,Control,LA MOLINA,41,AMORT POS,0,,REPUESTOS
2023-04-14,Control,LA MOLINA,42,"LLANTAS 18""",41,,REPUESTOS
2023-04-14,Control,LA MOLINA,43,BATERÍA 18 PLC,0,,REPUESTOS
2023-04-15,Salida,LA MOLINA,38,ACEITE FS 5W30,1,Cliente 12,REPUESTOS
2023-04-15,Salida,LA MOLINA,42,"LLANTAS 18""",2,Cliente 40,REPUESTOS
2023-04-16,Salida,LA MOLINA,38,ACEITE FS 5W30,3,Cliente 26,REPUESTOS
2023-04-16,Salida,LA MOLINA,42,"LLANTAS 18""",4,Cliente 45,REPUESTOS
2023-04-17,Entrada,SURCO,39,FILTRO COMBUST,1,Prov Repuestos,REPUESTOS
2023-04-17,Entrada,SURCO,40,AMORT DEL,10,Prov Repuestos,REPUESTOS
2023-04-17,Entrada,SURCO,41,AMORT POS,10,Prov Repuestos,REPUESTOS
2023-04-17,Entrada,SURCO,42,"LLANTAS 18""",10,Prov Repuestos,REPUESTOS
2023-04-17,Entrada,SURCO,43,BATERÍA 18 PLC,5,Prov Repuestos,REPUESTOS
2023-04-17,Entrada,LA MOLINA,40,AMORT DEL,10,Prov Repuestos,REPUESTOS
2023-04-17,Entrada,LA MOLINA,41,AMORT POS,10,Prov Repuestos,REPUESTOS
2023-04-17,Entrada,LA MOLINA,43,BATERÍA 18 PLC,5,Prov Repuestos,REPUESTOS
2023-04-17,Entrada,SURCO,42,"LLANTAS 18""",11,Prov Repuestos,REPUESTOS
2023-04-17,Entrada,LA MOLINA,40,AMORT DEL,46,Prov Repuestos,REPUESTOS
2023-04-17,Salida,SURCO,38,ACEITE FS 5W30,1,Cliente 6,REPUESTOS
2023-04-17,Salida,LA MOLINA,40,AMORT DEL,4,Cliente 36,REPUESTOS
2023-04-17,Salida,SURCO,41,AMORT POS,1,Cliente 45,REPUESTOS
2023-04-17,Salida,LA MOLINA,42,"LLANTAS 18""",1,Cliente 28,REPUESTOS
2023-04-17,Salida,SURCO,43,BATERÍA 18 PLC,1,Cliente 15,REPUESTOS
2023-04-18,Salida,LA MOLINA,38,ACEITE FS 5W30,5,Cliente 18,REPUESTOS
2023-04-18,Salida,LA MOLINA,40,AMORT DEL,1,Cliente 35,REPUESTOS
2023-04-18,Salida,SURCO,41,AMORT POS,1,Cliente 21,REPUESTOS
2023-04-18,Salida,SURCO,42,"LLANTAS 18""",2,Cliente 49,REPUESTOS
2023-04-18,Salida,LA MOLINA,43,BATERÍA 18 PLC,1,Cliente 11,REPUESTOS
2023-04-19,Salida,LA MOLINA,38,ACEITE FS 5W30,2,Cliente 44,REPUESTOS
2023-04-19,Salida,LA MOLINA,40,AMORT DEL,3,Cliente 49,REPUESTOS
2023-04-19,Salida,LA MOLINA,41,AMORT POS,1,Cliente 4,REPUESTOS
2023-04-19,Salida,SURCO,42,"LLANTAS 18""",4,Cliente 5,REPUESTOS
2023-04-19,Salida,LA MOLINA,43,BATERÍA 18 PLC,3,Cliente 50,REPUESTOS
2023-04-20,Salida,LA MOLINA,38,ACEITE FS 5W30,1,Cliente 29,REPUESTOS
2023-04-20,Salida,LA MOLINA,40,AMORT DEL,4,Cliente 36,REPUESTOS
2023-04-20,Salida,SURCO,41,AMORT POS,4,Cliente 44,REPUESTOS
2023-04-20,Salida,SURCO,42,"LLANTAS 18""",4,Cliente 50,REPUESTOS
2023-04-20,Salida,SURCO,43,BATERÍA 18 PLC,2,Cliente 46,REPUESTOS
2023-04-21,Salida,LA MOLINA,38,ACEITE FS 5W30,1,Cliente 10,REPUESTOS
2023-04-21,Salida,LA MOLINA,40,AMORT DEL,3,Cliente 21,REPUESTOS
2023-04-21,Salida,SURCO,41,AMORT POS,1,Cliente 1,REPUESTOS
2023-04-21,Salida,LA MOLINA,42,"LLANTAS 18""",4,Cliente 49,REPUESTOS
2023-04-21,Salida,SURCO,43,BATERÍA 18 PLC,1,Cliente 6,REPUESTOS
2023-04-22,Salida,LA MOLINA,38,ACEITE FS 5W30,4,Cliente 36,REPUESTOS
2023-04-22,Salida,LA MOLINA,40,AMORT DEL,9,Cliente 7,REPUESTOS
2023-04-22,Salida,LA MOLINA,41,AMORT POS,1,Cliente 36,REPUESTOS
2023-04-22,Salida,LA MOLINA,42,"LLANTAS 18""",5,Cliente 25,REPUESTOS
2023-04-22,Salida,LA MOLINA,43,BATERÍA 18 PLC,1,Cliente 25,REPUESTOS
2023-04-23,Salida,SURCO,38,ACEITE FS 5W30,6,Cliente 37,REPUESTOS
2023-04-23,Salida,LA MOLINA,40,AMORT DEL,3,Cliente 11,REPUESTOS
2023-04-23,Salida,LA MOLINA,41,AMORT POS,3,Cliente 18,REPUESTOS
2023-04-23,Salida,SURCO,42,"LLANTAS 18""",2,Cliente 11,REPUESTOS
2023-04-23,Salida,SURCO,43,BATERÍA 18 PLC,1,Cliente 20,REPUESTOS
2023-04-24,Salida,LA MOLINA,38,ACEITE FS 5W30,1,Cliente 17,REPUESTOS
2023-04-24,Salida,SURCO,40,AMORT DEL,8,Cliente 30,REPUESTOS
2023-04-24,Salida,LA MOLINA,41,AMORT POS,3,Cliente 1,REPUESTOS
2023-04-24,Salida,LA MOLINA,42,"LLANTAS 18""",3,Cliente 22,REPUESTOS
2023-04-25,Salida,SURCO,38,ACEITE FS 5W30,4,Cliente 20,REPUESTOS
2023-04-25,Salida,SURCO,40,AMORT DEL,2,Cliente 31,REPUESTOS
2023-04-25,Salida,LA MOLINA,41,AMORT POS,2,Cliente 21,REPUESTOS
2023-04-25,Salida,LA MOLINA,42,"LLANTAS 18""",6,Cliente 37,REPUESTOS
2023-04-26,Entrada,SURCO,1,ACCORD,2,Prov Vehículos,AUTOS
2023-04-26,Salida,LA MOLINA,38,ACEITE FS 5W30,7,Cliente 26,REPUESTOS
2023-04-26,Salida,LA MOLINA,40,AMORT DEL,2,Cliente 38,REPUESTOS
2023-04-26,Salida,SURCO,41,AMORT POS,3,Cliente 47,REPUESTOS
2023-04-26,Salida,SURCO,42,"LLANTAS 18""",6,Cliente 29,REPUESTOS
2023-04-27,Salida,LA MOLINA,38,ACEITE FS 5W30,2,Cliente 44,REPUESTOS
2023-04-27,Salida,LA MOLINA,40,AMORT DEL,3,Cliente 16,REPUESTOS
2023-04-27,Salida,LA MOLINA,42,"LLANTAS 18""",3,Cliente 25,REPUESTOS
2023-04-28,Salida,LA MOLINA,38,ACEITE FS 5W30,10,Cliente 38,REPUESTOS
2023-04-28,Salida,LA MOLINA,40,AMORT DEL,10,Cliente 35,REPUESTOS
2023-04-28,Salida,SURCO,42,"LLANTAS 18""",3,Cliente 7,REPUESTOS
2023-04-29,Salida,LA MOLINA,38,ACEITE FS 5W30,2,Cliente 49,REPUESTOS
2023-04-29,Salida,LA MOLINA,40,AMORT DEL,10,Cliente 1,REPUESTOS
2023-04-29,Salida,LA MOLINA,42,"LLANTAS 18""",4,Cliente 29,REPUESTOS
2023-04-30,Salida,SURCO,38,ACEITE FS 5W30,10,Cliente 19,REPUESTOS
2023-04-30,Salida,LA MOLINA,40,AMORT DEL,4,Cliente 47,REPUESTOS
2023-04-30,Salida,LA MOLINA,42,"LLANTAS 18""",9,Cliente 30,REPUESTOS
2023-04-30,Control,SURCO,1,ACCORD,2,,AUTOS
2023-04-30,Control,SURCO,2,CIVIC,2,,AUTOS
2023-04-30,Control,SURCO,3,ODISSEY,4,,AUTOS
2023-04-30,Control,SURCO,4,CRV,3,,AUTOS
2023-04-30,Control,SURCO,5,PILOT,3,,AUTOS
2023-04-30,Control,SURCO,6,FIT,0,,AUTOS
2023-04-30,Control,SURCO,7,CITY,2,,AUTOS
2023-04-30,Control,SURCO,8,ELEMENT,0,,CAMIONETAS
2023-04-30,Control,SURCO,9,CROSSTOUR,0,,CAMIONETAS
2023-04-30,Control,SURCO,10,CR-Z,0,,CAMIONETAS
2023-04-30,Control,SURCO,11,RID LINE,0,,CAMIONETAS
2023-04-30,Control,SURCO,38,ACEITE FS 5W30,17,,REPUESTOS
2023-04-30,Control,SURCO,39,FILTRO COMBUST,1,,REPUESTOS
2023-04-30,Control,SURCO,40,AMORT DEL,0,,REPUESTOS
2023-04-30,Control,SURCO,41,AMORT POS,0,,REPUESTOS
2023-04-30,Control,SURCO,42,"LLANTAS 18""",0,,REPUESTOS
2023-04-30,Control,SURCO,43,BATERÍA 18 PLC,0,,REPUESTOS
2023-04-30,Control,LA MOLINA,1,ACCORD,3,,AUTOS
2023-04-30,Control,LA MOLINA,2,CIVIC,2,,AUTOS
2023-04-30,Control,LA MOLINA,3,ODISSEY,2,,AUTOS
2023-04-30,Control,LA MOLINA,4,CRV,3,,AUTOS
2023-04-30,Control,LA MOLINA,5,PILOT,0,,AUTOS
2023-04-30,Control,LA MOLINA,6,FIT,0,,AUTOS
2023-04-30,Control,LA MOLINA,7,CITY,0,,AUTOS
2023-04-30,Control,LA MOLINA,8,ELEMENT,0,,CAMIONETAS
2023-04-30,Control,LA MOLINA,9,CROSSTOUR,0,,CAMIONETAS
2023-04-30,Control,LA MOLINA,10,CR-Z,0,,CAMIONETAS
2023-04-30,Control,LA MOLINA,11,RID LINE,0,,CAMIONETAS
2023-04-30,Control,LA MOLINA,38,ACEITE FS 5W30,0,,REPUESTOS
2023-04-30,Control,LA MOLINA,39,FILTRO COMBUST,61,,REPUESTOS
2023-04-30,Control,LA MOLINA,40,AMORT DEL,0,,REPUESTOS
2023-04-30,Control,LA MOLINA,41,AMORT POS,0,,REPUESTOS
2023-04-30,Control,LA MOLINA,42,"LLANTAS 18""",0,,REPUESTOS
2023-04-30,Control,LA MOLINA,43,BATERÍA 18 PLC,0,,REPUESTOS
2023-05-01,Salida,LA MOLINA,1,ACCORD,1,Cliente 7,AUTOS
2023-05-01,Salida,LA MOLINA,2,CIVIC,1,Cliente 21,AUTOS
2023-05-01,Salida,LA MOLINA,3,ODISSEY,1,Cliente 3,AUTOS
2023-05-01,Salida,SURCO,4,CRV,1,Cliente 22,AUTOS
2023-05-01,Salida,SURCO,5,PILOT,1,Cliente 48,AUTOS
2023-05-01,Salida,SURCO,7,CITY,1,Cliente 36,AUTOS
2023-05-01,Salida,SURCO,38,ACEITE FS 5W30,2,Cliente 30,REPUESTOS
2023-05-01,Salida,LA MOLINA,39,FILTRO COMBUST,1,Cliente 41,REPUESTOS
2023-05-02,Salida,LA MOLINA,1,ACCORD,1,Cliente 2,AUTOS
2023-05-02,Salida,SURCO,2,CIVIC,1,Cliente 29,AUTOS
2023-05-02,Salida,LA MOLINA,3,ODISSEY,1,Cliente 25,AUTOS
2023-05-02,Salida,SURCO,4,CRV,1,Cliente 14,AUTOS
2023-05-02,Salida,SURCO,5,PILOT,1,Cliente 37,AUTOS
2023-05-02,Salida,SURCO,38,ACEITE FS 5W30,3,Cliente 24,REPUESTOS
2023-05-02,Salida,SURCO,39,FILTRO COMBUST,1,Cliente 30,REPUESTOS
2023-05-03,Entrada,SURCO,40,AMORT DEL,10,Prov Repuestos,REPUESTOS
2023-05-03,Entrada,SURCO,41,AMORT POS,10,Prov Repuestos,REPUESTOS
2023-05-03,Entrada,SURCO,42,"LLANTAS 18""",10,Prov Repuestos,REPUESTOS
2023-05-03,Entrada,SURCO,43,BATERÍA 18 PLC,5,Prov Repuestos,REPUESTOS
2023-05-03,Entrada,LA MOLINA,38,ACEITE FS 5W30,10,Prov Repuestos,REPUESTOS
2023-05-03,Entrada,LA MOLINA,40,AMORT DEL,10,Prov Repuestos,REPUESTOS
2023-05-03,Entrada,LA MOLINA,41,AMORT POS,10,Prov Repuestos,REPUESTOS
2023-05-03,Entrada,LA MOLINA,42,"LLANTAS 18""",10,Prov Repuestos,REPUESTOS
2023-05-03,Entrada,LA MOLINA,43,BATERÍA 18 PLC,5,Prov Repuestos,REPUESTOS
2023-05-03,Entrada,SURCO,41,AMORT POS,32,Prov Repuestos,REPUESTOS
2023-05-03,Entrada,LA MOLINA,40,AMORT DEL,106,Prov Repuestos,REPUESTOS
2023-05-03,Salida,LA MOLINA,1,ACCORD,1,Cliente 39,AUTOS
2023-05-03,Salida,LA MOLINA,2,CIVIC,1,Cliente 38,AUTOS
2023-05-03,Salida,SURCO,3,ODISSEY,1,Cliente 23,AUTOS
2023-05-03,Salida,SURCO,4,CRV,1,Cliente 44,AUTOS
2023-05-03,Salida,SURCO,5,PILOT,1,Cliente 44,AUTOS
2023-05-03,Salida,SURCO,38,ACEITE FS 5W30,2,Cliente 16,REPUESTOS
2023-05-03,Salida,LA MOLINA,39,FILTRO COMBUST,1,Cliente 12,REPUESTOS
2023-05-03,Salida,LA MOLINA,40,AMORT DEL,2,Cliente 27,REPUESTOS
2023-05-03,Salida,LA MOLINA,41,AMORT POS,1,Cliente 28,REPUESTOS
2023-05-03,Salida,SURCO,42,"LLANTAS 18""",2,Cliente 36,REPUESTOS
2023-05-03,Salida,LA MOLINA,43,BATERÍA 18 PLC,1,Cliente 19,REPUESTOS
2023-05-04,Salida,SURCO,2,CIVIC,1,Cliente 21,AUTOS
2023-05-04,Salida,SURCO,3,ODISSEY,1,Cliente 23,AUTOS
2023-05-04,Salida,LA MOLINA,4,CRV,1,Cliente 9,AUTOS
2023-05-04,Salida,LA MOLINA,38,ACEITE FS 5W30,2,Cliente 27,REPUESTOS
2023-05-04,Salida,LA MOLINA,40,AMORT DEL,4,Cliente 32,REPUESTOS
2023-05-04,Salida,SURCO,41,AMORT POS,1,Cliente 49,REPUESTOS
2023-05-04,Salida,SURCO,42,"LLANTAS 18""",2,Cliente 18,REPUESTOS
2023-05-04,Salida,LA MOLINA,43,BATERÍA 18 PLC,1,Cliente 11,REPUESTOS
2023-05-05,Salida,SURCO,3,ODISSEY,1,Cliente 36,AUTOS
2023-05-05,Salida,SURCO,38,ACEITE FS 5W30,1,Cliente 18,REPUESTOS
2023-05-05,Salida,SURCO,40,AMORT DEL,3,Cliente 49,REPUESTOS
2023-05-05,Salida,SURCO,41,AMORT POS,3,Cliente 28,REPUESTOS
2023-05-05,Salida,LA MOLINA,42,"LLANTAS 18""",1,Cliente 3,REPUESTOS
2023-05-05,Salida,LA MOLINA,43,BATERÍA 18 PLC,1,Cliente 23,REPUESTOS
2023-05-06,Salida,SURCO,3,ODISSEY,1,Cliente 8,AUTOS
2023-05-06,Salida,LA MOLINA,38,ACEITE FS 5W30,1,Cliente 46,REPUESTOS
2023-05-06,Salida,SURCO,40,AMORT DEL,4,Cliente 40,REPUESTOS
2023-05-06,Salida,SURCO,41,AMORT POS,2,Cliente 4,REPUESTOS
2023-05-06,Salida,LA MOLINA,42,"LLANTAS 18""",2,Cliente 39,REPUESTOS
2023-05-06,Salida,SURCO,43,BATERÍA 18 PLC,1,Cliente 21,REPUESTOS
2023-05-07,Salida,LA MOLINA,38,ACEITE FS 5W30,2,Cliente 33,REPUESTOS
2023-05-07,Salida,LA MOLINA,40,AMORT DEL,2,Cliente 4,REPUESTOS
2023-05-07,Salida,SURCO,41,AMORT POS,2,Cliente 16,REPUESTOS
2023-05-07,Salida,SURCO,42,"LLANTAS 18""",2,Cliente 49,REPUESTOS
2023-05-07,Salida,LA MOLINA,43,BATERÍA 18 PLC,1,Cliente 10,REPUESTOS
2023-05-08,Salida,LA MOLINA,38,ACEITE FS 5W30,3,Cliente 41,REPUESTOS
2023-05-08,Salida,LA MOLINA,40,AMORT DEL,4,Cliente 5,REPUESTOS
2023-05-08,Salida,LA MOLINA,41,AMORT POS,4,Cliente 45,REPUESTOS
2023-05-08,Salida,LA MOLINA,42,"LLANTAS 18""",2,Cliente 21,REPUESTOS
2023-05-08,Salida,SURCO,43,BATERÍA 18 PLC,1,Cliente 50,REPUESTOS
2023-05-09,Salida,LA MOLINA,38,ACEITE FS 5W30,2,Cliente 41,REPUESTOS
2023-05-09,Salida,LA MOLINA,40,AMORT DEL,1,Cliente 14,REPUESTOS
2023-05-09,Salida,LA MOLINA,41,AMORT POS,2,Cliente 18,REPUESTOS
2023-05-09,Salida,LA MOLINA,42,"LLANTAS 18""",2,Cliente 36,REPUESTOS
2023-05-09,Salida,SURCO,43,BATERÍA 18 PLC,1,Cliente 37,REPUESTOS
2023-05-10,Entrada,SURCO,1,ACCORD,5,Prov Vehículos,AUTOS
2023-05-10,Entrada,SURCO,2,CIVIC,3,Prov Vehículos,AUTOS
2023-05-10,Entrada,SURCO,3,ODISSEY,1,Prov Vehículos,AUTOS
2023-05-10,Entrada,SURCO,4,CRV,2,Prov Vehículos,AUTOS
2023-05-10,Entrada,SURCO,5,PILOT,2,Prov Vehículos,AUTOS
2023-05-10,Entrada,SURCO,6,FIT,5,Prov Vehículos,AUTOS
2023-05-10,Entrada,SURCO,7,CITY,1,Prov Vehículos,AUTOS
2023-05-10,Entrada,LA MOLINA,1,ACCORD,2,Prov Vehículos,AUTOS
2023-05-10,Entrada,LA MOLINA,2,CIVIC,3,Prov Vehículos,AUTOS
2023-05-10,Entrada,LA MOLINA,3,ODISSEY,3,Prov Vehículos,AUTOS
2023-05-10,Entrada,LA MOLINA,4,CRV,2,Prov Vehículos,AUTOS
2023-05-10,Salida,LA MOLINA,2,CIVIC,1,Cliente 44,AUTOS
2023-05-10,Salida,SURCO,3,ODISSEY,1,Cliente 7,AUTOS
2023-05-10,Salida,SURCO,5,PILOT,1,Cliente 8,AUTOS
2023-05-10,Salida,SURCO,6,FIT,1,Cliente 30,AUTOS
2023-05-10,Salida,SURCO,38,ACEITE FS 5W30,2,Cliente 45,REPUESTOS
2023-05-10,Salida,SURCO,40,AMORT DEL,3,Cliente 18,REPUESTOS
2023-05-10,Salida,LA MOLINA,41,AMORT POS,3,Cliente 6,REPUESTOS
2023-05-10,Salida,SURCO,42,"LLANTAS 18""",1,Cliente 26,REPUESTOS
2023-05-10,Salida,SURCO,43,BATERÍA 18 PLC,1,Cliente 28,REPUESTOS
2023-05-11,Salida,SURCO,5,PILOT,1,Cliente 1,AUTOS
2023-05-11,Salida,SURCO,38,ACEITE FS 5W30,2,Cliente 9,REPUESTOS
2023-05-11,Salida,LA MOLINA,40,AMORT DEL,2,Cliente 1,REPUESTOS
2023-05-11,Salida,SURCO,41,AMORT POS,3,Cliente 28,REPUESTOS
2023-05-11,Salida,SURCO,42,"LLANTAS 18""",2,Cliente 15,REPUESTOS
2023-05-11,Salida,SURCO,43,BATERÍA 18 PLC,1,Cliente 47,REPUESTOS
2023-05-12,Salida,SURCO,38,ACEITE FS 5W30,1,Cliente 24,REPUESTOS
2023-05-12,Salida,LA MOLINA,40,AMORT DEL,2,Cliente 50,REPUESTOS
2023-05-12,Salida,SURCO,41,AMORT POS,2,Cliente 34,REPUESTOS
2023-05-12,Salida,SURCO,42,"LLANTAS 18""",1,Cliente 29,REPUESTOS
2023-05-12,Salida,LA MOLINA,43,BATERÍA 18 PLC,1,Cliente 41,REPUESTOS
2023-05-13,Salida,SURCO,38,ACEITE FS 5W30,2,Cliente 14,REPUESTOS
2023-05-13,Salida,LA MOLINA,40,AMORT DEL,1,Cliente 49,REPUESTOS
2023-05-13,Salida,SURCO,41,AMORT POS,4,Cliente 28,REPUESTOS
2023-05-13,Salida,LA MOLINA,42,"LLANTAS 18""",1,Cliente 18,REPUESTOS
2023-05-14,Salida,SURCO,38,ACEITE FS 5W30,2,Cliente 50,REPUESTOS
2023-05-14,Salida,LA MOLINA,40,AMORT DEL,3,Cliente 34,REPUESTOS
2023-05-14,Salida,SURCO,41,AMORT POS,2,Cliente 19,REPUESTOS
2023-05-14,Salida,LA MOLINA,42,"LLANTAS 18""",1,Cliente 25,REPUESTOS
2023-05-14,Control,SURCO,1,ACCORD,7,,AUTOS
2023-05-14,Control,SURCO,2,CIVIC,3,,AUTOS
2023-05-14,Control,SURCO,3,ODISSEY,0,,AUTOS
2023-05-14,Control,SURCO,4,CRV,2,,AUTOS
2023-05-14,Control,SURCO,5,PILOT,0,,AUTOS
2023-05-14,Control,SURCO,6,FIT,4,,AUTOS
2023-05-14,Control,SURCO,7,CITY,2,,AUTOS
2023-05-14,Control,SURCO,8,ELEMENT,0,,CAMIONETAS
2023-05-14,Control,SURCO,9,CROSSTOUR,0,,CAMIONETAS
2023-05-14,Control,SURCO,10,CR-Z,0,,CAMIONETAS
2023-05-14,Control,SURCO,11,RID LINE,0,,CAMIONETAS
2023-05-14,Control,SURCO,38,ACEITE FS 5W30,0,,REPUESTOS
2023-05-14,Control,SURCO,39,FILTRO COMBUST,0,,REPUESTOS
2023-05-14,Control,SURCO,40,AMORT DEL,0,,REPUESTOS
2023-05-14,Control,SURCO,41,AMORT POS,23,,REPUESTOS
2023-05-14,Control,SURCO,42,"LLANTAS 18""",0,,REPUESTOS
2023-05-14,Control,SURCO,43,BATERÍA 18 PLC,0,,REPUESTOS
2023-05-14,Control,LA MOLINA,1,ACCORD,2,,AUTOS
2023-05-14,Control,LA MOLINA,2,CIVIC,2,,AUTOS
2023-05-14,Control,LA MOLINA,3,ODISSEY,3,,AUTOS
2023-05-14,Control,LA MOLINA,4,CRV,4,,AUTOS
2023-05-14,Control,LA MOLINA,5,PILOT,0,,AUTOS
2023-05-14,Control,LA MOLINA,6,FIT,0,,AUTOS
2023-05-14,Control,LA MOLINA,7,CITY,0,,AUTOS
2023-05-14,Control,LA MOLINA,8,ELEMENT,0,,CAMIONETAS
2023-05-14,Control,LA MOLINA,9,CROSSTOUR,0,,CAMIONETAS
2023-05-14,Control,LA MOLINA,10,CR-Z,0,,CAMIONETAS
2023-05-14,Control,LA MOLINA,11,RID LINE,0,,CAMIONETAS
2023-05-14,Control,LA MOLINA,38,ACEITE FS 5W30,0,,REPUESTOS
2023-05-14,Control,LA MOLINA,39,FILTRO COMBUST,59,,REPUESTOS
2023-05-14,Control,LA MOLINA,40,AMORT DEL,95,,REPUESTOS
2023-05-14,Control,LA MOLINA,41,AMORT POS,0,,REPUESTOS
2023-05-14,Control,LA MOLINA,42,"LLANTAS 18""",1,,REPUESTOS
2023-05-14,Control,LA MOLINA,43,BATERÍA 18 PLC,0,,REPUESTOS
2023-05-15,Salida,LA MOLINA,40,AMORT DEL,5,Cliente 24,REPUESTOS
2023-05-15,Salida,SURCO,41,AMORT POS,2,Cliente 37,REPUESTOS
2023-05-15,Salida,LA MOLINA,42,"LLANTAS 18""",1,Cliente 49,REPUESTOS
2023-05-16,Salida,LA MOLINA,40,AMORT DEL,5,Cliente 1,REPUESTOS
2023-05-16,Salida,SURCO,41,AMORT POS,2,Cliente 4,REPUESTOS
2023-05-17,Entrada,SURCO,38,ACEITE FS 5W30,10,Prov Repuestos,REPUESTOS
2023-05-17,Entrada,SURCO,39,FILTRO COMBUST,1,Prov Repuestos,REPUESTOS
2023-05-17,Entrada,SURCO,40,AMORT DEL,10,Prov Repuestos,REPUESTOS
2023-05-17,Entrada,SURCO,42,"LLANTAS 18""",10,Prov Repuestos,REPUESTOS
2023-05-17,Entrada,SURCO,43,BATERÍA 18 PLC,5,Prov Repuestos,REPUESTOS
2023-05-17,Entrada,LA MOLINA,38,ACEITE FS 5W30,10,Prov Repuestos,REPUESTOS
2023-05-17,Entrada,LA MOLINA,41,AMORT POS,10,Prov Repuestos,REPUESTOS
2023-05-17,Entrada,LA MOLINA,42,"LLANTAS 18""",9,Prov Repuestos,REPUESTOS
2023-05-17,Entrada,LA MOLINA,43,BATERÍA 18 PLC,5,Prov Repuestos,REPUESTOS
2023-05-17,Entrada,SURCO,39,FILTRO COMBUST,26,Prov Repuestos,REPUESTOS
2023-05-17,Entrada,LA MOLINA,41,AMORT POS,23,Prov Repuestos,REPUESTOS
2023-05-17,Salida,LA MOLINA,38,ACEITE FS 5W30,4,Cliente 45,REPUESTOS
2023-05-17,Salida,SURCO,40,AMORT DEL,1,Cliente 18,REPUESTOS
2023-05-17,Salida,SURCO,41,AMORT POS,3,Cliente 33,REPUESTOS
2023-05-17,Salida,LA MOLINA,42,"LLANTAS 18""",1,Cliente 26,REPUESTOS
2023-05-17,Salida,LA MOLINA,43,BATERÍA 18 PLC,1,Cliente 45,REPUESTOS
2023-05-18,Salida,SURCO,38,ACEITE FS 5W30,2,Cliente 16,REPUESTOS
2023-05-18,Salida,SURCO,40,AMORT DEL,4,Cliente 30,REPUESTOS
2023-05-18,Salida,SURCO,41,AMORT POS,5,Cliente 20,REPUESTOS
2023-05-18,Salida,SURCO,42,"LLANTAS 18""",1,Cliente 46,REPUESTOS
2023-05-18,Salida,SURCO,43,BATERÍA 18 PLC,1,Cliente 32,REPUESTOS
2023-05-19,Salida,LA MOLINA,38,ACEITE FS 5W30,5,Cliente 11,REPUESTOS
2023-05-19,Salida,LA MOLINA,40,AMORT DEL,2,Cliente 47,REPUESTOS
2023-05-19,Salida,LA MOLINA,41,AMORT POS,1,Cliente 28,REPUESTOS
2023-05-19,Salida,LA MOLINA,42,"LLANTAS 18""",1,Cliente 46,REPUESTOS
2023-05-19,Salida,LA MOLINA,43,BATERÍA 18 PLC,1,Cliente 30,REPUESTOS
2023-05-20,Salida,SURCO,38,ACEITE FS 5W30,3,Cliente 32,REPUESTOS
2023-05-20,Salida,LA MOLINA,40,AMORT DEL,2,Cliente 11,REPUESTOS
2023-05-20,Salida,SURCO,41,AMORT POS,1,Cliente 15,REPUESTOS
2023-05-20,Salida,SURCO,42,"LLANTAS 18""",1,Cliente 1,REPUESTOS
2023-05-20,Salida,LA MOLINA,43,BATERÍA 18 PLC,1,Cliente 24,REPUESTOS
2023-05-21,Salida,SURCO,38,ACEITE FS 5W30,2,Cliente 3,REPUESTOS
2023-05-21,Salida,LA MOLINA,40,AMORT DEL,6,Cliente 15,REPUESTOS
2023-05-21,Salida,LA MOLINA,41,AMORT POS,2,Cliente 47,REPUESTOS
2023-05-21,Salida,SURCO,42,"LLANTAS 18""",3,Cliente 37,REPUESTOS
2023-05-21,Salida,SURCO,43,BATERÍA 18 PLC,1,Cliente 12,REPUESTOS
2023-05-22,Salida,SURCO,38,ACEITE FS 5W30,3,Cliente 26,REPUESTOS
2023-05-22,Salida,LA MOLINA,40,AMORT DEL,4,Cliente 50,REPUESTOS
2023-05-22,Salida,SURCO,41,AMORT POS,3,Cliente 36,REPUESTOS
2023-05-22,Salida,LA MOLINA,42,"LLANTAS 18""",1,Cliente 13,REPUESTOS
2023-05-22,Salida,LA MOLINA,43,BATERÍA 18 PLC,2,Cliente 48,REPUESTOS
2023-05-23,Salida,LA MOLINA,38,ACEITE FS 5W30,1,Cliente 24,REPUESTOS
2023-05-23,Salida,SURCO,40,AMORT DEL,4,Cliente 47,REPUESTOS
2023-05-23,Salida,SURCO,41,AMORT POS,2,Cliente 1,REPUESTOS
2023-05-23,Salida,SURCO,42,"LLANTAS 18""",1,Cliente 35,REPUESTOS
2023-05-23,Salida,SURCO,43,BATERÍA 18 PLC,3,Cliente 22,REPUESTOS
2023-05-24,Salida,LA MOLINA,40,AMORT DEL,4,Cliente 7,REPUESTOS
2023-05-24,Salida,SURCO,41,AMORT POS,5,Cliente 27,REPUESTOS
2023-05-24,Salida,SURCO,42,"LLANTAS 18""",1,Cliente 46,REPUESTOS
2023-05-25,Salida,LA MOLINA,40,AMORT DEL,2,Cliente 45,REPUESTOS
2023-05-25,Salida,LA MOLINA,41,AMORT POS,4,Cliente 38,REPUESTOS
2023-05-25,Salida,SURCO,42,"LLANTAS 18""",3,Cliente 41,REPUESTOS
2023-05-26,Salida,SURCO,40,AMORT DEL,1,Cliente 16,REPUESTOS
2023-05-26,Salida,LA MOLINA,41,AMORT POS,5,Cliente 26,REPUESTOS
2023-05-26,Salida,LA MOLINA,42,"LLANTAS 18""",3,Cliente 18,REPUESTOS
2023-05-27,Salida,LA MOLINA,40,AMORT DEL,3,Cliente 10,REPUESTOS
2023-05-27,Salida,LA MOLINA,41,AMORT POS,3,Cliente 30,REPUESTOS
2023-05-27,Salida,LA MOLINA,42,"LLANTAS 18""",3,Cliente 35,REPUESTOS
2023-05-28,Salida,LA MOLINA,40,AMORT DEL,5,Cliente 17,REPUESTOS
2023-05-28,Salida,LA MOLINA,41,AMORT POS,2,Cliente 44,REPUESTOS
2023-05-29,Salida,LA MOLINA,40,AMORT DEL,3,Cliente 46,REPUESTOS
2023-05-29,Salida,LA MOLINA,41,AMORT POS,6,Cliente 33,REPUESTOS
2023-05-30,Salida,LA MOLINA,40,AMORT DEL,6,Cliente 26,REPUESTOS
2023-05-30,Salida,LA MOLINA,41,AMORT POS,8,Cliente 30,REPUESTOS
2023-05-31,Salida,LA MOLINA,40,AMORT DEL,10,Cliente 24,REPUESTOS
2023-05-31,Salida,LA MOLINA,41,AMORT POS,2,Cliente 5,REPUESTOS
2023-05-31,Control,SURCO,1,ACCORD,7,,AUTOS
2023-05-31,Control,SURCO,2,CIVIC,3,,AUTOS
2023-05-31,Control,SURCO,3,ODISSEY,0,,AUTOS
2023-05-31,Control,SURCO,4,CRV,2,,AUTOS
2023-05-31,Control,SURCO,5,PILOT,0,,AUTOS
2023-05-31,Control,SURCO,6,FIT,4,,AUTOS
2023-05-31,Control,SURCO,7,CITY,2,,AUTOS
2023-05-31,Control,SURCO,8,ELEMENT,0,,CAMIONETAS
2023-05-31,Control,SURCO,9,CROSSTOUR,0,,CAMIONETAS
2023-05-31,Control,SURCO,10,CR-Z,0,,CAMIONETAS
2023-05-31,Control,SURCO,11,RID LINE,0,,CAMIONETAS
2023-05-31,Control,SURCO,38,ACEITE FS 5W30,0,,REPUESTOS
2023-05-31,Control,SURCO,39,FILTRO COMBUST,27,,REPUESTOS
2023-05-31,Control,SURCO,40,AMORT DEL,0,,REPUESTOS
2023-05-31,Control,SURCO,41,AMORT POS,0,,REPUESTOS
2023-05-31,Control,SURCO,42,"LLANTAS 18""",0,,REPUESTOS
2023-05-31,Control,SURCO,43,BATERÍA 18 PLC,0,,REPUESTOS
2023-05-31,Control,LA MOLINA,1,ACCORD,2,,AUTOS
2023-05-31,Control,LA MOLINA,2,CIVIC,2,,AUTOS
2023-05-31,Control,LA MOLINA,3,ODISSEY,3,,AUTOS
2023-05-31,Control,LA MOLINA,4,CRV,4,,AUTOS
2023-05-31,Control,LA MOLINA,5,PILOT,0,,AUTOS
2023-05-31,Control,LA MOLINA,6,FIT,0,,AUTOS
2023-05-31,Control,LA MOLINA,7,CITY,0,,AUTOS
2023-05-31,Control,LA MOLINA,8,ELEMENT,0,,CAMIONETAS
2023-05-31,Control,LA MOLINA,9,CROSSTOUR,0,,CAMIONETAS
2023-05-31,Control,LA MOLINA,10,CR-Z,0,,CAMIONETAS
2023-05-31,Control,LA MOLINA,11,RID LINE,0,,CAMIONETAS
2023-05-31,Control,LA MOLINA,38,ACEITE FS 5W30,0,,REPUESTOS
2023-05-31,Control,LA MOLINA,39,FILTRO COMBUST,59,,REPUESTOS
2023-05-31,Control,LA MOLINA,40,AMORT DEL,38,,REPUESTOS
2023-05-31,Control,LA MOLINA,41,AMORT POS,0,,REPUESTOS
2023-05-31,Control,LA MOLINA,42,"LLANTAS 18""",0,,REPUESTOS
2023-05-31,Control,LA MOLINA,43,BATERÍA 18 PLC,0,,REPUESTOS
2023-06-01,Salida,SURCO,1,ACCORD,1,Cliente 6,AUTOS
2023-06-01,Salida,SURCO,2,CIVIC,1,Cliente 3,AUTOS
2023-06-01,Salida,LA MOLINA,3,ODISSEY,1,Cliente 11,AUTOS
2023-06-01,Salida,LA MOLINA,4,CRV,1,Cliente 47,AUTOS
2023-06-01,Salida,SURCO,6,FIT,1,Cliente 2,AUTOS
2023-06-01,Salida,SURCO,7,CITY,1,Cliente 12,AUTOS
2023-06-01,Salida,SURCO,39,FILTRO COMBUST,1,Cliente 18,REPUESTOS
2023-06-01,Salida,LA MOLINA,40,AMORT DEL,2,Cliente 3,REPUESTOS
2023-06-02,Salida,SURCO,1,ACCORD,1,Cliente 42,AUTOS
2023-06-02,Salida,LA MOLINA,2,CIVIC,1,Cliente 27,AUTOS
2023-06-02,Salida,LA MOLINA,3,ODISSEY,1,Cliente 4,AUTOS
2023-06-02,Salida,SURCO,6,FIT,1,Cliente 25,AUTOS
2023-06-02,Salida,SURCO,7,CITY,1,Cliente 13,AUTOS
2023-06-02,Salida,SURCO,39,FILTRO COMBUST,1,Cliente 25,REPUESTOS
2023-06-02,Salida,LA MOLINA,40,AMORT DEL,2,Cliente 23,REPUESTOS
2023-06-03,Entrada,SURCO,38,ACEITE FS 5W30,10,Prov Repuestos,REPUESTOS
2023-06-03,Entrada,SURCO,40,AMORT DEL,10,Prov Repuestos,REPUESTOS
2023-06-03,Entrada,SURCO,41,AMORT POS,10,Prov Repuestos,REPUESTOS
2023-06-03,Entrada,SURCO,42,"LLANTAS 18""",10,Prov Repuestos,REPUESTOS
2023-06-03,Entrada,SURCO,43,BATERÍA 18 PLC,5,Prov Repuestos,REPUESTOS
2023-06-03,Entrada,LA MOLINA,38,ACEITE FS 5W30,10,Prov Repuestos,REPUESTOS
2023-06-03,Entrada,LA MOLINA,41,AMORT POS,10,Prov Repuestos,REPUESTOS
2023-06-03,Entrada,LA MOLINA,42,"LLANTAS 18""",10,Prov Repuestos,REPUESTOS
2023-06-03,Entrada,LA MOLINA,43,BATERÍA 18 PLC,5,Prov Repuestos,REPUESTOS
2023-06-03,Entrada,SURCO,43,BATERÍA 18 PLC,13,Prov Repuestos,REPUESTOS
2023-06-03,Entrada,LA MOLINA,41,AMORT POS,80,Prov Repuestos,REPUESTOS
2023-06-03,Salida,LA MOLINA,2,CIVIC,1,Cliente 12,AUTOS
2023-06-03,Salida,LA MOLINA,3,ODISSEY,1,Cliente 39,AUTOS
2023-06-03,Salida,SURCO,6,FIT,1,Cliente 50,AUTOS
2023-06-03,Salida,LA MOLINA,38,ACEITE FS 5W30,1,Cliente 34,REPUESTOS
2023-06-03,Salida,SURCO,39,FILTRO COMBUST,1,Cliente 11,REPUESTOS
2023-06-03,Salida,SURCO,40,AMORT DEL,2,Cliente 18,REPUESTOS
2023-06-03,Salida,SURCO,41,AMORT POS,1,Cliente 37,REPUESTOS
2023-06-03,Salida,SURCO,42,"LLANTAS 18""",2,Cliente 12,REPUESTOS
2023-06-03,Salida,LA MOLINA,43,BATERÍA 18 PLC,1,Cliente 48,REPUESTOS
2023-06-04,Salida,SURCO,2,CIVIC,1,Cliente 46,AUTOS
2023-06-04,Salida,SURCO,38,ACEITE FS 5W30,3,Cliente 37,REPUESTOS
2023-06-04,Salida,LA MOLINA,39,FILTRO COMBUST,1,Cliente 35,REPUESTOS
2023-06-04,Salida,LA MOLINA,40,AMORT DEL,2,Cliente 3,REPUESTOS
2023-06-04,Salida,SURCO,41,AMORT POS,1,Cliente 39,REPUESTOS
2023-06-04,Salida,LA MOLINA,42,"LLANTAS 18""",1,Cliente 1,REPUESTOS
2023-06-04,Salida,SURCO,43,BATERÍA 18 PLC,1,Cliente 9,REPUESTOS
2023-06-05,Salida,SURCO,38,ACEITE FS 5W30,3,Cliente 21,REPUESTOS
2023-06-05,Salida,SURCO,39,FILTRO COMBUST,1,Cliente 10,REPUESTOS
2023-06-05,Salida,SURCO,40,AMORT DEL,2,Cliente 34,REPUESTOS
2023-06-05,Salida,LA MOLINA,41,AMORT POS,1,Cliente 46,REPUESTOS
2023-06-05,Salida,SURCO,42,"LLANTAS 18""",3,Cliente 22,REPUESTOS
2023-06-05,Salida,LA MOLINA,43,BATERÍA 18 PLC,1,Cliente 9,REPUESTOS
2023-06-06,Salida,LA MOLINA,38,ACEITE FS 5W30,3,Cliente 41,REPUESTOS
2023-06-06,Salida,SURCO,40,AMORT DEL,3,Cliente 46,REPUESTOS
2023-06-06,Salida,SURCO,41,AMORT POS,2,Cliente 43,REPUESTOS
2023-06-06,Salida,LA MOLINA,42,"LLANTAS 18""",1,Cliente 20,REPUESTOS
2023-06-06,Salida,SURCO,43,BATERÍA 18 PLC,1,Cliente 12,REPUESTOS
2023-06-07,Salida,SURCO,38,ACEITE FS 5W30,4,Cliente 12,REPUESTOS
2023-06-07,Salida,SURCO,40,AMORT DEL,3,Cliente 41,REPUESTOS
2023-06-07,Salida,LA MOLINA,41,AMORT POS,1,Cliente 10,REPUESTOS
2023-06-07,Salida,SURCO,42,"LLANTAS 18""",3,Cliente 16,REPUESTOS
2023-06-07,Salida,LA MOLINA,43,BATERÍA 18 PLC,1,Cliente 11,REPUESTOS
2023-06-08,Salida,LA MOLINA,38,ACEITE FS 5W30,3,Cliente 1,REPUESTOS
2023-06-08,Salida,LA MOLINA,40,AMORT DEL,2,Cliente 45,REPUESTOS
2023-06-08,Salida,LA MOLINA,41,AMORT POS,2,Cliente 7,REPUESTOS
2023-06-08,Salida,LA MOLINA,42,"LLANTAS 18""",1,Cliente 29,REPUESTOS
2023-06-08,Salida,SURCO,43,BATERÍA 18 PLC,1,Cliente 27,REPUESTOS
2023-06-09,Entrada,SURCO,2,CIVIC,2,Prov Vehículos,AUTOS
2023-06-09,Entrada,SURCO,3,ODISSEY,5,Prov Vehículos,AUTOS
2023-06-09,Entrada,SURCO,4,CRV,3,Prov Vehículos,AUTOS
2023-06-09,Entrada,SURCO,5,PILOT,5,Prov Vehículos,AUTOS
2023-06-09,Entrada,SURCO,6,FIT,1,Prov Vehículos,AUTOS
2023-06-09,Entrada,SURCO,7,CITY,1,Prov Vehículos,AUTOS
2023-06-09,Entrada,LA MOLINA,1,ACCORD,3,Prov Vehículos,AUTOS
2023-06-09,Entrada,LA MOLINA,2,CIVIC,3,Prov Vehículos,AUTOS
2023-06-09,Entrada,LA MOLINA,3,ODISSEY,2,Prov Vehículos,AUTOS
2023-06-09,Entrada,LA MOLINA,4,CRV,1,Prov Vehículos,AUTOS
2023-06-09,Salida,LA MOLINA,3,ODISSEY,1,Cliente 23,AUTOS
2023-06-09,Salida,SURCO,5,PILOT,1,Cliente 7,AUTOS
2023-06-09,Salida,SURCO,7,CITY,1,Cliente 11,AUTOS
2023-06-09,Salida,LA MOLINA,38,ACEITE FS 5W30,1,Cliente 19,REPUESTOS
2023-06-09,Salida,LA MOLINA,40,AMORT DEL,3,Cliente 7,REPUESTOS
2023-06-09,Salida,SURCO,41,AMORT POS,2,Cliente 25,REPUESTOS
2023-06-09,Salida,SURCO,42,"LLANTAS 18""",2,Cliente 36,REPUESTOS
2023-06-09,Salida,LA MOLINA,43,BATERÍA 18 PLC,1,Cliente 39,REPUESTOS
2023-06-10,Salida,LA MOLINA,3,ODISSEY,1,Cliente 46,AUTOS
2023-06-10,Salida,SURCO,5,PILOT,1,Cliente 42,AUTOS
2023-06-10,Salida,LA MOLINA,38,ACEITE FS 5W30,2,Cliente 4,REPUESTOS
2023-06-10,Salida,LA MOLINA,40,AMORT DEL,3,Cliente 13,REPUESTOS
2023-06-10,Salida,LA MOLINA,41,AMORT POS,2,Cliente 20,REPUESTOS
2023-06-10,Salida,LA MOLINA,42,"LLANTAS 18""",1,Cliente 26,REPUESTOS
2023-06-10,Salida,LA MOLINA,43,BATERÍA 18 PLC,1,Cliente 10,REPUESTOS
2023-06-11,Salida,SURCO,3,ODISSEY,1,Cliente 1,AUTOS
2023-06-11,Salida,SURCO,5,PILOT,1,Cliente 19,AUTOS
2023-06-11,Salida,LA MOLINA,40,AMORT DEL,2,Cliente 2,REPUESTOS
2023-06-11,Salida,LA MOLINA,41,AMORT POS,1,Cliente 6,REPUESTOS
2023-06-11,Salida,LA MOLINA,42,"LLANTAS 18""",1,Cliente 26,REPUESTOS
2023-06-11,Salida,SURCO,43,BATERÍA 18 PLC,1,Cliente 43,REPUESTOS
2023-06-12,Salida,SURCO,5,PILOT,1,Cliente 42,AUTOS
2023-06-12,Salida,LA MOLINA,40,AMORT DEL,2,Cliente 25,REPUESTOS
2023-06-12,Salida,LA MOLINA,41,AMORT POS,1,Cliente 3,REPUESTOS
2023-06-12,Salida,LA MOLINA,42,"LLANTAS 18""",4,Cliente 17,REPUESTOS
2023-06-12,Salida,SURCO,43,BATERÍA 18 PLC,1,Cliente 37,REPUESTOS
2023-06-13,Salida,SURCO,5,PILOT,1,Cliente 49,AUTOS
2023-06-13,Salida,LA MOLINA,40,AMORT DEL,3,Cliente 49,REPUESTOS
2023-06-13,Salida,SURCO,41,AMORT POS,1,Cliente 25,REPUESTOS
2023-06-13,Salida,LA MOLINA,42,"LLANTAS 18""",1,Cliente 37,REPUESTOS
2023-06-13,Salida,SURCO,43,BATERÍA 18 PLC,1,Cliente 20,REPUESTOS
2023-06-14,Salida,LA MOLINA,40,AMORT DEL,1,Cliente 8,REPUESTOS
2023-06-14,Salida,SURCO,41,AMORT POS,1,Cliente 14,REPUESTOS
2023-06-14,Salida,SURCO,43,BATERÍA 18 PLC,1,Cliente 28,REPUESTOS
2023-06-14,Control,SURCO,1,ACCORD,5,,AUTOS
2023-06-14,Control,SURCO,2,CIVIC,3,,AUTOS
2023-06-14,Control,SURCO,3,ODISSEY,4,,AUTOS
2023-06-14,Control,SURCO,4,CRV,5,,AUTOS
2023-06-14,Control,SURCO,5,PILOT,0,,AUTOS
2023-06-14,Control,SURCO,6,FIT,2,,AUTOS
2023-06-14,Control,SURCO,7,CITY,0,,AUTOS
2023-06-14,Control,SURCO,8,ELEMENT,0,,CAMIONETAS
2023-06-14,Control,SURCO,9,CROSSTOUR,0,,CAMIONETAS
2023-06-14,Control,SURCO,10,CR-Z,0,,CAMIONETAS
2023-06-14,Control,SURCO,11,RID LINE,0,,CAMIONETAS
2023-06-14,Control,SURCO,38,ACEITE FS 5W30,0,,REPUESTOS
2023-06-14,Control,SURCO,39,FILTRO COMBUST,23,,REPUESTOS
2023-06-14,Control,SURCO,40,AMORT DEL,0,,REPUESTOS
2023-06-14,Control,SURCO,41,AMORT POS,2,,REPUESTOS
2023-06-14,Control,SURCO,42,"LLANTAS 18""",0,,REPUESTOS
2023-06-14,Control,SURCO,43,BATERÍA 18 PLC,11,,REPUESTOS
2023-06-14,Control,LA MOLINA,1,ACCORD,5,,AUTOS
2023-06-14,Control,LA MOLINA,2,CIVIC,3,,AUTOS
2023-06-14,Control,LA MOLINA,3,ODISSEY,0,,AUTOS
2023-06-14,Control,LA MOLINA,4,CRV,4,,AUTOS
2023-06-14,Control,LA MOLINA,5,PILOT,0,,AUTOS
2023-06-14,Control,LA MOLINA,6,FIT,0,,AUTOS
2023-06-14,Control,LA MOLINA,7,CITY,0,,AUTOS
2023-06-14,Control,LA MOLINA,8,ELEMENT,0,,CAMIONETAS
2023-06-14,Control,LA MOLINA,9,CROSSTOUR,0,,CAMIONETAS
2023-06-14,Control,LA MOLINA,10,CR-Z,0,,CAMIONETAS
2023-06-14,Control,LA MOLINA,11,RID LINE,0,,CAMIONETAS
2023-06-14,Control,LA MOLINA,38,ACEITE FS 5W30,0,,REPUESTOS
2023-06-14,Control,LA MOLINA,39,FILTRO COMBUST,58,,REPUESTOS
2023-06-14,Control,LA MOLINA,40,AMORT DEL,16,,REPUESTOS
2023-06-14,Control,LA MOLINA,41,AMORT POS,82,,REPUESTOS
2023-06-14,Control,LA MOLINA,42,"LLANTAS 18""",0,,REPUESTOS
2023-06-14,Control,LA MOLINA,43,BATERÍA 18 PLC,0,,REPUESTOS
2023-06-15,Salida,LA MOLINA,40,AMORT DEL,2,Cliente 21,REPUESTOS
2023-06-15,Salida,LA MOLINA,41,AMORT POS,1,Cliente 36,REPUESTOS
2023-06-15,Salida,SURCO,43,BATERÍA 18 PLC,1,Cliente 34,REPUESTOS
2023-06-16,Salida,LA MOLINA,40,AMORT DEL,5,Cliente 8,REPUESTOS
2023-06-16,Salida,SURCO,41,AMORT POS,1,Cliente 37,REPUESTOS
2023-06-16,Salida,SURCO,43,BATERÍA 18 PLC,1,Cliente 7,REPUESTOS
2023-06-17,Entrada,SURCO,38,ACEITE FS 5W30,10,Prov Repuestos,REPUESTOS
2023-06-17,Entrada,SURCO,40,AMORT DEL,10,Prov Repuestos,REPUESTOS
2023-06-17,Entrada,SURCO,41,AMORT POS,8,Prov Repuestos,REPUESTOS
2023-06-17,Entrada,SURCO,42,"LLANTAS 18""",10,Prov Repuestos,REPUESTOS
2023-06-17,Entrada,LA MOLINA,38,ACEITE FS 5W30,10,Prov Repuestos,REPUESTOS
2023-06-17,Entrada,LA MOLINA,42,"LLANTAS 18""",10,Prov Repuestos,REPUESTOS
2023-06-17,Entrada,LA MOLINA,43,BATERÍA 18 PLC,5,Prov Repuestos,REPUESTOS
2023-06-17,Entrada,SURCO,43,BATERÍA 18 PLC,11,Prov Repuestos,REPUESTOS
2023-06-17,Entrada,LA MOLINA,41,AMORT POS,31,Prov Repuestos,REPUESTOS
2023-06-17,Salida,LA MOLINA,38,ACEITE FS 5W30,1,Cliente 35,REPUESTOS
2023-06-17,Salida,LA MOLINA,40,AMORT DEL,4,Cliente 25,REPUESTOS
2023-06-17,Salida,SURCO,41,AMORT POS,2,Cliente 12,REPUESTOS
2023-06-17,Salida,SURCO,42,"LLANTAS 18""",4,Cliente 40,REPUESTOS
2023-06-17,Salida,LA MOLINA,43,BATERÍA 18 PLC,1,Cliente 3,REPUESTOS
2023-06-18,Salida,SURCO,38,ACEITE FS 5W30,3,Cliente 4,REPUESTOS
2023-06-18,Salida,LA MOLINA,40,AMORT DEL,3,Cliente 2,REPUESTOS
2023-06-18,Salida,LA MOLINA,41,AMORT POS,2,Cliente 18,REPUESTOS
2023-06-18,Salida,SURCO,42,"LLANTAS 18""",1,Cliente 9,REPUESTOS
2023-06-18,Salida,LA MOLINA,43,BATERÍA 18 PLC,1,Cliente 50,REPUESTOS
2023-06-19,Salida,LA MOLINA,38,ACEITE FS 5W30,3,Cliente 39,REPUESTOS
2023-06-19,Salida,LA MOLINA,40,AMORT DEL,2,Cliente 14,REPUESTOS
2023-06-19,Salida,LA MOLINA,41,AMORT POS,3,Cliente 49,REPUESTOS
2023-06-19,Salida,SURCO,42,"LLANTAS 18""",3,Cliente 33,REPUESTOS
2023-06-19,Salida,SURCO,43,BATERÍA 18 PLC,1,Cliente 20,REPUESTOS
2023-06-20,Salida,SURCO,38,ACEITE FS 5W30,4,Cliente 50,REPUESTOS
2023-06-20,Salida,SURCO,40,AMORT DEL,5,Cliente 12,REPUESTOS
2023-06-20,Salida,SURCO,41,AMORT POS,1,Cliente 16,REPUESTOS
2023-06-20,Salida,SURCO,42,"LLANTAS 18""",2,Cliente 24,REPUESTOS
2023-06-20,Salida,LA MOLINA,43,BATERÍA 18 PLC,1,Cliente 24,REPUESTOS
2023-06-21,Salida,LA MOLINA,38,ACEITE FS 5W30,5,Cliente 41,REPUESTOS
2023-06-21,Salida,SURCO,40,AMORT DEL,5,Cliente 16,REPUESTOS
2023-06-21,Salida,LA MOLINA,41,AMORT POS,2,Cliente 12,REPUESTOS
2023-06-21,Salida,LA MOLINA,42,"LLANTAS 18""",5,Cliente 23,REPUESTOS
2023-06-21,Salida,SURCO,43,BATERÍA 18 PLC,2,Cliente 19,REPUESTOS
2023-06-22,Salida,SURCO,38,ACEITE FS 5W30,3,Cliente 11,REPUESTOS
2023-06-22,Salida,SURCO,41,AMORT POS,1,Cliente 44,REPUESTOS
2023-06-22,Salida,LA MOLINA,42,"LLANTAS 18""",3,Cliente 33,REPUESTOS
2023-06-22,Salida,LA MOLINA,43,BATERÍA 18 PLC,1,Cliente 9,REPUESTOS
2023-06-23,Salida,LA MOLINA,38,ACEITE FS 5W30,1,Cliente 17,REPUESTOS
2023-06-23,Salida,LA MOLINA,41,AMORT POS,2,Cliente 28,REPUESTOS
2023-06-23,Salida,LA MOLINA,42,"LLANTAS 18""",2,Cliente 30,REPUESTOS
2023-06-23,Salida,LA MOLINA,43,BATERÍA 18 PLC,1,Cliente 20,REPUESTOS
2023-06-24,Salida,LA MOLINA,41,AMORT POS,1,Cliente 36,REPUESTOS
2023-06-24,Salida,SURCO,43,BATERÍA 18 PLC,2,Cliente 31,REPUESTOS
2023-06-25,Salida,LA MOLINA,41,AMORT POS,3,Cliente 17,REPUESTOS
2023-06-25,Salida,SURCO,43,BATERÍA 18 PLC,1,Cliente 4,REPUESTOS
2023-06-26,Salida,SURCO,41,AMORT POS,3,Cliente 47,REPUESTOS
2023-06-26,Salida,SURCO,43,BATERÍA 18 PLC,2,Cliente 17,REPUESTOS
2023-06-27,Salida,SURCO,41,AMORT POS,1,Cliente 22,REPUESTOS
2023-06-27,Salida,SURCO,43,BATERÍA 18 PLC,2,Cliente 33,REPUESTOS
2023-06-28,Salida,LA MOLINA,41,AMORT POS,2,Cliente 7,REPUESTOS
2023-06-28,Salida,SURCO,43,BATERÍA 18 PLC,3,Cliente 47,REPUESTOS
2023-06-29,Salida,SURCO,41,AMORT POS,1,Cliente 15,REPUESTOS
2023-06-29,Salida,SURCO,43,BATERÍA 18 PLC,3,Cliente 27,REPUESTOS
2023-06-30,Salida,LA MOLINA,41,AMORT POS,4,Cliente 4,REPUESTOS
2023-06-30,Salida,SURCO,43,BATERÍA 18 PLC,3,Cliente 31,REPUESTOS
2023-06-30,Control,SURCO,1,ACCORD,5,,AUTOS
2023-06-30,Control,SURCO,2,CIVIC,3,,AUTOS
2023-06-30,Control,SURCO,3,ODISSEY,4,,AUTOS
2023-06-30,Control,SURCO,4,CRV,5,,AUTOS
2023-06-30,Control,SURCO,5,PILOT,0,,AUTOS
2023-06-30,Control,SURCO,6,FIT,2,,AUTOS
2023-06-30,Control,SURCO,7,CITY,0,,AUTOS
2023-06-30,Control,SURCO,8,ELEMENT,0,,CAMIONETAS
2023-06-30,Control,SURCO,9,CROSSTOUR,0,,CAMIONETAS
2023-06-30,Control,SURCO,10,CR-Z,0,,CAMIONETAS
2023-06-30,Control,SURCO,11,RID LINE,0,,CAMIONETAS
2023-06-30,Control,SURCO,38,ACEITE FS 5W30,0,,REPUESTOS
2023-06-30,Control,SURCO,39,FILTRO COMBUST,23,,REPUESTOS
2023-06-30,Control,SURCO,40,AMORT DEL,0,,REPUESTOS
2023-06-30,Control,SURCO,41,AMORT POS,0,,REPUESTOS
2023-06-30,Control,SURCO,42,"LLANTAS 18""",0,,REPUESTOS
2023-06-30,Control,SURCO,43,BATERÍA 18 PLC,1,,REPUESTOS
2023-06-30,Control,LA MOLINA,1,ACCORD,5,,AUTOS
2023-06-30,Control,LA MOLINA,2,CIVIC,3,,AUTOS
2023-06-30,Control,LA MOLINA,3,ODISSEY,0,,AUTOS
2023-06-30,Control,LA MOLINA,4,CRV,4,,AUTOS
2023-06-30,Control,LA MOLINA,5,PILOT,0,,AUTOS
2023-06-30,Control,LA MOLINA,6,FIT,0,,AUTOS
2023-06-30,Control,LA MOLINA,7,CITY,0,,AUTOS
2023-06-30,Control,LA MOLINA,8,ELEMENT,0,,CAMIONETAS
2023-06-30,Control,LA MOLINA,9,CROSSTOUR,0,,CAMIONETAS
2023-06-30,Control,LA MOLINA,10,CR-Z,0,,CAMIONETAS
2023-06-30,Control,LA MOLINA,11,RID LINE,0,,CAMIONETAS
2023-06-30,Control,LA MOLINA,38,ACEITE FS 5W30,0,,REPUESTOS
2023-06-30,Control,LA MOLINA,39,FILTRO COMBUST,58,,REPUESTOS
2023-06-30,Control,LA MOLINA,40,AMORT DEL,0,,REPUESTOS
2023-06-30,Control,LA MOLINA,41,AMORT POS,93,,REPUESTOS
2023-06-30,Control,LA MOLINA,42,"LLANTAS 18""",0,,REPUESTOS
2023-06-30,Control,LA MOLINA,43,BATERÍA 18 PLC,0,,REPUESTOS
2023-07-01,Salida,LA MOLINA,1,ACCORD,1,Cliente 34,AUTOS
2023-07-01,Salida,LA MOLINA,2,CIVIC,1,Cliente 4,AUTOS
2023-07-01,Salida,SURCO,3,ODISSEY,1,Cliente 13,AUTOS
2023-07-01,Salida,LA MOLINA,4,CRV,1,Cliente 37,AUTOS
2023-07-01,Salida,SURCO,6,FIT,1,Cliente 21,AUTOS
2023-07-01,Salida,LA MOLINA,39,FILTRO COMBUST,1,Cliente 22,REPUESTOS
2023-07-01,Salida,LA MOLINA,41,AMORT POS,3,Cliente 1,REPUESTOS
2023-07-01,Salida,SURCO,43,BATERÍA 18 PLC,1,Cliente 49,REPUESTOS
2023-07-02,Salida,SURCO,1,ACCORD,1,Cliente 32,AUTOS
2023-07-02,Salida,SURCO,2,CIVIC,1,Cliente 40,AUTOS
2023-07-02,Salida,SURCO,3,ODISSEY,1,Cliente 26,AUTOS
2023-07-02,Salida,LA MOLINA,4,CRV,1,Cliente 25,AUTOS
2023-07-02,Salida,SURCO,6,FIT,1,Cliente 35,AUTOS
2023-07-02,Salida,SURCO,39,FILTRO COMBUST,1,Cliente 21,REPUESTOS
2023-07-02,Salida,LA MOLINA,41,AMORT POS,1,Cliente 41,REPUESTOS
2023-07-03,Entrada,SURCO,38,ACEITE FS 5W30,10,Prov Repuestos,REPUESTOS
2023-07-03,Entrada,SURCO,40,AMORT DEL,10,Prov Repuestos,REPUESTOS
2023-07-03,Entrada,SURCO,41,AMORT POS,10,Prov Repuestos,REPUESTOS
2023-07-03,Entrada,SURCO,42,"LLANTAS 18""",10,Prov Repuestos,REPUESTOS
2023-07-03,Entrada,SURCO,43,BATERÍA 18 PLC,4,Prov Repuestos,REPUESTOS
2023-07-03,Entrada,LA MOLINA,38,ACEITE FS 5W30,10,Prov Repuestos,REPUESTOS
2023-07-03,Entrada,LA MOLINA,40,AMORT DEL,10,Prov Repuestos,REPUESTOS
2023-07-03,Entrada,LA MOLINA,42,"LLANTAS 18""",10,Prov Repuestos,REPUESTOS
2023-07-03,Entrada,LA MOLINA,43,BATERÍA 18 PLC,5,Prov Repuestos,REPUESTOS
2023-07-03,Entrada,SURCO,42,"LLANTAS 18""",17,Prov Repuestos,REPUESTOS
2023-07-03,Entrada,LA MOLINA,38,ACEITE FS 5W30,26,Prov Repuestos,REPUESTOS
2023-07-03,Salida,LA MOLINA,1,ACCORD,1,Cliente 20,AUTOS
2023-07-03,Salida,SURCO,2,CIVIC,1,Cliente 25,AUTOS
2023-07-03,Salida,SURCO,3,ODISSEY,1,Cliente 11,AUTOS
2023-07-03,Salida,SURCO,4,CRV,1,Cliente 20,AUTOS
2023-07-03,Salida,LA MOLINA,38,ACEITE FS 5W30,2,Cliente 28,REPUESTOS
2023-07-03,Salida,LA MOLINA,39,FILTRO COMBUST,1,Cliente 32,REPUESTOS
2023-07-03,Salida,SURCO,40,AMORT DEL,1,Cliente 26,REPUESTOS
2023-07-03,Salida,SURCO,41,AMORT POS,1,Cliente 47,REPUESTOS
2023-07-03,Salida,SURCO,42,"LLANTAS 18""",2,Cliente 38,REPUESTOS
2023-07-03,Salida,SURCO,43,BATERÍA 18 PLC,1,Cliente 8,REPUESTOS
2023-07-04,Salida,SURCO,1,ACCORD,1,Cliente 25,AUTOS
2023-07-04,Salida,SURCO,2,CIVIC,1,Cliente 39,AUTOS
2023-07-04,Salida,SURCO,3,ODISSEY,1,Cliente 42,AUTOS
2023-07-04,Salida,SURCO,4,CRV,1,Cliente 45,AUTOS
2023-07-04,Salida,LA MOLINA,38,ACEITE FS 5W30,2,Cliente 25,REPUESTOS
2023-07-04,Salida,LA MOLINA,39,FILTRO COMBUST,1,Cliente 31,REPUESTOS
2023-07-04,Salida,SURCO,40,AMORT DEL,1,Cliente 20,REPUESTOS
2023-07-04,Salida,SURCO,41,AMORT POS,3,Cliente 43,REPUESTOS
2023-07-04,Salida,SURCO,42,"LLANTAS 18""",3,Cliente 27,REPUESTOS
2023-07-04,Salida,SURCO,43,BATERÍA 18 PLC,1,Cliente 19,REPUESTOS
2023-07-05,Salida,SURCO,1,ACCORD,1,Cliente 32,AUTOS
2023-07-05,Salida,LA MOLINA,2,CIVIC,1,Cliente 50,AUTOS
2023-07-05,Salida,SURCO,4,CRV,1,Cliente 23,AUTOS
2023-07-05,Salida,SURCO,38,ACEITE FS 5W30,2,Cliente 3,REPUESTOS
2023-07-05,Salida,LA MOLINA,39,FILTRO COMBUST,1,Cliente 14,REPUESTOS
2023-07-05,Salida,SURCO,40,AMORT DEL,2,Cliente 1,REPUESTOS
2023-07-05,Salida,SURCO,41,AMORT POS,3,Cliente 8,REPUESTOS
2023-07-05,Salida,SURCO,42,"LLANTAS 18""",4,Cliente 6,REPUESTOS
2023-07-05,Salida,SURCO,43,BATERÍA 18 PLC,1,Cliente 47,REPUESTOS
2023-07-06,Salida,LA MOLINA,1,ACCORD,1,Cliente 42,AUTOS
2023-07-06,Salida,LA MOLINA,2,CIVIC,1,Cliente 19,AUTOS
2023-07-06,Salida,LA MOLINA,4,CRV,1,Cliente 4,AUTOS
2023-07-06,Salida,SURCO,38,ACEITE FS 5W30,1,Cliente 19,REPUESTOS
2023-07-06,Salida,LA MOLINA,39,FILTRO COMBUST,1,Cliente 28,REPUESTOS
2023-07-06,Salida,SURCO,40,AMORT DEL,1,Cliente 1,REPUESTOS
2023-07-06,Salida,SURCO,41,AMORT POS,3,Cliente 22,REPUESTOS
2023-07-06,Salida,LA MOLINA,42,"LLANTAS 18""",4,Cliente 47,REPUESTOS
2023-07-06,Salida,LA MOLINA,43,BATERÍA 18 PLC,1,Cliente 22,REPUESTOS
2023-07-07,Salida,SURCO,4,CRV,1,Cliente 26,AUTOS
2023-07-07,Salida,LA MOLINA,38,ACEITE FS 5W30,2,Cliente 25,REPUESTOS
2023-07-07,Salida,LA MOLINA,39,FILTRO COMBUST,1,Cliente 42,REPUESTOS
2023-07-07,Salida,SURCO,40,AMORT DEL,1,Cliente 45,REPUESTOS
2023-07-07,Salida,LA MOLINA,41,AMORT POS,1,Cliente 27,REPUESTOS
2023-07-07,Salida,LA MOLINA,42,"LLANTAS 18""",4,Cliente 12,REPUESTOS
2023-07-07,Salida,LA MOLINA,43,BATERÍA 18 PLC,2,Cliente 40,REPUESTOS
2023-07-08,Salida,SURCO,4,CRV,1,Cliente 31,AUTOS
2023-07-08,Salida,LA MOLINA,38,ACEITE FS 5W30,1,Cliente 29,REPUESTOS
2023-07-08,Salida,SURCO,39,FILTRO COMBUST,1,Cliente 17,REPUESTOS
2023-07-08,Salida,SURCO,40,AMORT DEL,1,Cliente 43,REPUESTOS
2023-07-08,Salida,LA MOLINA,41,AMORT POS,3,Cliente 28,REPUESTOS
2023-07-08,Salida,LA MOLINA,42,"LLANTAS 18""",2,Cliente 43,REPUESTOS
2023-07-08,Salida,SURCO,43,BATERÍA 18 PLC,1,Cliente 1,REPUESTOS
2023-07-09,Salida,LA MOLINA,38,ACEITE FS 5W30,2,Cliente 11,REPUESTOS
2023-07-09,Salida,LA MOLINA,39,FILTRO COMBUST,1,Cliente 21,REPUESTOS
2023-07-09,Salida,LA MOLINA,40,AMORT DEL,3,Cliente 4,REPUESTOS
2023-07-09,Salida,LA MOLINA,41,AMORT POS,1,Cliente 26,REPUESTOS
2023-07-09,Salida,SURCO,42,"LLANTAS 18""",1,Cliente 29,REPUESTOS
2023-07-09,Salida,LA MOLINA,43,BATERÍA 18 PLC,2,Cliente 32,REPUESTOS
2023-07-10,Entrada,SURCO,2,CIVIC,2,Prov Vehículos,AUTOS
2023-07-10,Entrada,SURCO,3,ODISSEY,1,Prov Vehículos,AUTOS
2023-07-10,Entrada,SURCO,5,PILOT,5,Prov Vehículos,AUTOS
2023-07-10,Entrada,SURCO,6,FIT,3,Prov Vehículos,AUTOS
2023-07-10,Entrada,SURCO,7,CITY,5,Prov Vehículos,AUTOS
2023-07-10,Entrada,LA MOLINA,2,CIVIC,2,Prov Vehículos,AUTOS
2023-07-10,Entrada,LA MOLINA,3,ODISSEY,5,Prov Vehículos,AUTOS
2023-07-10,Entrada,LA MOLINA,4,CRV,1,Prov Vehículos,AUTOS
2023-07-10,Salida,LA MOLINA,2,CIVIC,1,Cliente 8,AUTOS
2023-07-10,Salida,SURCO,3,ODISSEY,1,Cliente 7,AUTOS
2023-07-10,Salida,SURCO,5,PILOT,1,Cliente 3,AUTOS
2023-07-10,Salida,SURCO,38,ACEITE FS 5W30,1,Cliente 39,REPUESTOS
2023-07-10,Salida,LA MOLINA,39,FILTRO COMBUST,1,Cliente 33,REPUESTOS
2023-07-10,Salida,LA MOLINA,40,AMORT DEL,2,Cliente 22,REPUESTOS
2023-07-10,Salida,LA MOLINA,41,AMORT POS,1,Cliente 30,REPUESTOS
2023-07-10,Salida,SURCO,42,"LLANTAS 18""",4,Cliente 46,REPUESTOS
2023-07-11,Salida,SURCO,5,PILOT,1,Cliente 49,AUTOS
2023-07-11,Salida,LA MOLINA,38,ACEITE FS 5W30,1,Cliente 23,REPUESTOS
2023-07-11,Salida,LA MOLINA,39,FILTRO COMBUST,1,Cliente 45,REPUESTOS
2023-07-11,Salida,SURCO,40,AMORT DEL,1,Cliente 32,REPUESTOS
2023-07-11,Salida,LA MOLINA,41,AMORT POS,3,Cliente 7,REPUESTOS
2023-07-11,Salida,SURCO,42,"LLANTAS 18""",2,Cliente 8,REPUESTOS
2023-07-12,Salida,SURCO,38,ACEITE FS 5W30,2,Cliente 46,REPUESTOS
2023-07-12,Salida,SURCO,39,FILTRO COMBUST,1,Cliente 49,REPUESTOS
2023-07-12,Salida,SURCO,40,AMORT DEL,1,Cliente 50,REPUESTOS
2023-07-12,Salida,LA MOLINA,41,AMORT POS,4,Cliente 32,REPUESTOS
2023-07-12,Salida,SURCO,42,"LLANTAS 18""",1,Cliente 38,REPUESTOS
2023-07-13,Salida,SURCO,38,ACEITE FS 5W30,1,Cliente 7,REPUESTOS
2023-07-13,Salida,LA MOLINA,39,FILTRO COMBUST,1,Cliente 33,REPUESTOS
2023-07-13,Salida,SURCO,40,AMORT DEL,1,Cliente 18,REPUESTOS
2023-07-13,Salida,LA MOLINA,41,AMORT POS,3,Cliente 29,REPUESTOS
2023-07-13,Salida,SURCO,42,"LLANTAS 18""",2,Cliente 39,REPUESTOS
2023-07-14,Salida,LA MOLINA,38,ACEITE FS 5W30,3,Cliente 46,REPUESTOS
2023-07-14,Salida,SURCO,39,FILTRO COMBUST,1,Cliente 13,REPUESTOS
2023-07-14,Salida,LA MOLINA,40,AMORT DEL,3,Cliente 44,REPUESTOS
2023-07-14,Salida,LA MOLINA,41,AMORT POS,2,Cliente 46,REPUESTOS
2023-07-14,Salida,SURCO,42,"LLANTAS 18""",3,Cliente 38,REPUESTOS
2023-07-14,Control,SURCO,1,ACCORD,2,,AUTOS
2023-07-14,Control,SURCO,2,CIVIC,2,,AUTOS
2023-07-14,Control,SURCO,3,ODISSEY,0,,AUTOS
2023-07-14,Control,SURCO,4,CRV,0,,AUTOS
2023-07-14,Control,SURCO,5,PILOT,3,,AUTOS
2023-07-14,Control,SURCO,6,FIT,3,,AUTOS
2023-07-14,Control,SURCO,7,CITY,5,,AUTOS
2023-07-14,Control,SURCO,8,ELEMENT,0,,CAMIONETAS
2023-07-14,Control,SURCO,9,CROSSTOUR,0,,CAMIONETAS
2023-07-14,Control,SURCO,10,CR-Z,0,,CAMIONETAS
2023-07-14,Control,SURCO,11,RID LINE,0,,CAMIONETAS
2023-07-14,Control,SURCO,38,ACEITE FS 5W30,3,,REPUESTOS
2023-07-14,Control,SURCO,39,FILTRO COMBUST,19,,REPUESTOS
2023-07-14,Control,SURCO,40,AMORT DEL,0,,REPUESTOS
2023-07-14,Control,SURCO,41,AMORT POS,0,,REPUESTOS
2023-07-14,Control,SURCO,42,"LLANTAS 18""",5,,REPUESTOS
2023-07-14,Control,SURCO,43,BATERÍA 18 PLC,0,,REPUESTOS
2023-07-14,Control,LA MOLINA,1,ACCORD,2,,AUTOS
2023-07-14,Control,LA MOLINA,2,CIVIC,1,,AUTOS
2023-07-14,Control,LA MOLINA,3,ODISSEY,5,,AUTOS
2023-07-14,Control,LA MOLINA,4,CRV,2,,AUTOS
2023-07-14,Control,LA MOLINA,5,PILOT,0,,AUTOS
2023-07-14,Control,LA MOLINA,6,FIT,0,,AUTOS
2023-07-14,Control,LA MOLINA,7,CITY,0,,AUTOS
2023-07-14,Control,LA MOLINA,8,ELEMENT,0,,CAMIONETAS
2023-07-14,Control,LA MOLINA,9,CROSSTOUR,0,,CAMIONETAS
2023-07-14,Control,LA MOLINA,10,CR-Z,0,,CAMIONETAS
2023-07-14,Control,LA MOLINA,11,RID LINE,0,,CAMIONETAS
2023-07-14,Control,LA MOLINA,38,ACEITE FS 5W30,23,,REPUESTOS
2023-07-14,Control,LA MOLINA,39,FILTRO COMBUST,48,,REPUESTOS
2023-07-14,Control,LA MOLINA,40,AMORT DEL,2,,REPUESTOS
2023-07-14,Control,LA MOLINA,41,AMORT POS,71,,REPUESTOS
2023-07-14,Control,LA MOLINA,42,"LLANTAS 18""",0,,REPUESTOS
2023-07-14,Control,LA MOLINA,43,BATERÍA 18 PLC,0,,REPUESTOS
2023-07-15,Salida,LA MOLINA,38,ACEITE FS 5W30,3,Cliente 28,REPUESTOS
2023-07-15,Salida,SURCO,39,FILTRO COMBUST,1,Cliente 2,REPUESTOS
2023-07-15,Salida,LA MOLINA,40,AMORT DEL,2,Cliente 43,REPUESTOS
2023-07-15,Salida,LA MOLINA,41,AMORT POS,2,Cliente 49,REPUESTOS
2023-07-15,Salida,SURCO,42,"LLANTAS 18""",3,Cliente 10,REPUESTOS
2023-07-16,Salida,SURCO,38,ACEITE FS 5W30,1,Cliente 23,REPUESTOS
2023-07-16,Salida,SURCO,39,FILTRO COMBUST,1,Cliente 40,REPUESTOS
2023-07-16,Salida,LA MOLINA,41,AMORT POS,4,Cliente 33,REPUESTOS
2023-07-16,Salida,SURCO,42,"LLANTAS 18""",1,Cliente 25,REPUESTOS
2023-07-17,Entrada,SURCO,38,ACEITE FS 5W30,7,Prov Repuestos,REPUESTOS
2023-07-17,Entrada,SURCO,40,AMORT DEL,10,Prov Repuestos,REPUESTOS
2023-07-17,Entrada,SURCO,41,AMORT POS,10,Prov Repuestos,REPUESTOS
2023-07-17,Entrada,SURCO,42,"LLANTAS 18""",5,Prov Repuestos,REPUESTOS
2023-07-17,Entrada,SURCO,43,BATERÍA 18 PLC,5,Prov Repuestos,REPUESTOS
2023-07-17,Entrada,LA MOLINA,40,AMORT DEL,8,Prov Repuestos,REPUESTOS
2023-07-17,Entrada,LA MOLINA,42,"LLANTAS 18""",10,Prov Repuestos,REPUESTOS
2023-07-17,Entrada,LA MOLINA,43,BATERÍA 18 PLC,5,Prov Repuestos,REPUESTOS
2023-07-17,Entrada,SURCO,43,BATERÍA 18 PLC,21,Prov Repuestos,REPUESTOS
2023-07-17,Entrada,LA MOLINA,43,BATERÍA 18 PLC,45,Prov Repuestos,REPUESTOS
2023-07-17,Salida,SURCO,38,ACEITE FS 5W30,3,Cliente 1,REPUESTOS
2023-07-17,Salida,SURCO,39,FILTRO COMBUST,1,Cliente 40,REPUESTOS
2023-07-17,Salida,LA MOLINA,40,AMORT DEL,2,Cliente 49,REPUESTOS
2023-07-17,Salida,SURCO,41,AMORT POS,2,Cliente 19,REPUESTOS
2023-07-17,Salida,SURCO,42,"LLANTAS 18""",2,Cliente 12,REPUESTOS
2023-07-17,Salida,SURCO,43,BATERÍA 18 PLC,3,Cliente 25,REPUESTOS
2023-07-18,Salida,LA MOLINA,38,ACEITE FS 5W30,2,Cliente 36,REPUESTOS
2023-07-18,Salida,SURCO,39,FILTRO COMBUST,1,Cliente 11,REPUESTOS
2023-07-18,Salida,SURCO,40,AMORT DEL,3,Cliente 22,REPUESTOS
2023-07-18,Salida,SURCO,41,AMORT POS,2,Cliente 10,REPUESTOS
2023-07-18,Salida,SURCO,42,"LLANTAS 18""",4,Cliente 50,REPUESTOS
2023-07-18,Salida,LA MOLINA,43,BATERÍA 18 PLC,3,Cliente 32,REPUESTOS
2023-07-19,Salida,LA MOLINA,38,ACEITE FS 5W30,3,Cliente 5,REPUESTOS
2023-07-19,Salida,SURCO,39,FILTRO COMBUST,1,Cliente 12,REPUESTOS
2023-07-19,Salida,SURCO,40,AMORT DEL,1,Cliente 27,REPUESTOS
2023-07-19,Salida,SURCO,41,AMORT POS,4,Cliente 23,REPUESTOS
2023-07-19,Salida,LA MOLINA,42,"LLANTAS 18""",2,Cliente 22,REPUESTOS
2023-07-19,Salida,SURCO,43,BATERÍA 18 PLC,2,Cliente 49,REPUESTOS
2023-07-20,Salida,LA MOLINA,38,ACEITE FS 5W30,3,Cliente 36,REPUESTOS
2023-07-20,Salida,SURCO,39,FILTRO COMBUST,1,Cliente 43,REPUESTOS
2023-07-20,Salida,SURCO,40,AMORT DEL,4,Cliente 42,REPUESTOS
2023-07-20,Salida,SURCO,41,AMORT POS,2,Cliente 44,REPUESTOS
2023-07-20,Salida,LA MOLINA,42,"LLANTAS 18""",4,Cliente 25,REPUESTOS
2023-07-20,Salida,LA MOLINA,43,BATERÍA 18 PLC,3,Cliente 2,REPUESTOS
2023-07-21,Salida,LA MOLINA,38,ACEITE FS 5W30,2,Cliente 32,REPUESTOS
2023-07-21,Salida,LA MOLINA,39,FILTRO COMBUST,1,Cliente 42,REPUESTOS
2023-07-21,Salida,SURCO,40,AMORT DEL,2,Cliente 7,REPUESTOS
2023-07-21,Salida,LA MOLINA,41,AMORT POS,5,Cliente 41,REPUESTOS
2023-07-21,Salida,LA MOLINA,42,"LLANTAS 18""",2,Cliente 44,REPUESTOS
2023-07-21,Salida,SURCO,43,BATERÍA 18 PLC,1,Cliente 35,REPUESTOS
2023-07-22,Salida,SURCO,38,ACEITE FS 5W30,3,Cliente 48,REPUESTOS
2023-07-22,Salida,SURCO,39,FILTRO COMBUST,1,Cliente 30,REPUESTOS
2023-07-22,Salida,LA MOLINA,40,AMORT DEL,1,Cliente 5,REPUESTOS
2023-07-22,Salida,LA MOLINA,41,AMORT POS,2,Cliente 36,REPUESTOS
2023-07-22,Salida,LA MOLINA,42,"LLANTAS 18""",2,Cliente 17,REPUESTOS
2023-07-22,Salida,LA MOLINA,43,BATERÍA 18 PLC,2,Cliente 41,REPUESTOS
2023-07-23,Salida,LA MOLINA,38,ACEITE FS 5W30,2,Cliente 2,REPUESTOS
2023-07-23,Salida,LA MOLINA,40,AMORT DEL,5,Cliente 35,REPUESTOS
2023-07-23,Salida,LA MOLINA,41,AMORT POS,5,Cliente 49,REPUESTOS
2023-07-23,Salida,SURCO,43,BATERÍA 18 PLC,3,Cliente 23,REPUESTOS
2023-07-24,Salida,LA MOLINA,38,ACEITE FS 5W30,1,Cliente 44,REPUESTOS
2023-07-24,Salida,LA MOLINA,41,AMORT POS,3,Cliente 25,REPUESTOS
2023-07-24,Salida,SURCO,43,BATERÍA 18 PLC,2,Cliente 35,REPUESTOS
2023-07-25,Salida,LA MOLINA,38,ACEITE FS 5W30,2,Cliente 35,REPUESTOS
2023-07-25,Salida,LA MOLINA,41,AMORT POS,3,Cliente 1,REPUESTOS
2023-07-25,Salida,SURCO,43,BATERÍA 18 PLC,1,Cliente 3,REPUESTOS
2023-07-26,Salida,SURCO,38,ACEITE FS 5W30,3,Cliente 20,REPUESTOS
2023-07-26,Salida,LA MOLINA,41,AMORT POS,2,Cliente 42,REPUESTOS
2023-07-26,Salida,SURCO,43,BATERÍA 18 PLC,2,Cliente 15,REPUESTOS
2023-07-27,Salida,LA MOLINA,38,ACEITE FS 5W30,3,Cliente 8,REPUESTOS
2023-07-27,Salida,LA MOLINA,41,AMORT POS,7,Cliente 49,REPUESTOS
2023-07-27,Salida,LA MOLINA,43,BATERÍA 18 PLC,1,Cliente 43,REPUESTOS
2023-07-28,Salida,LA MOLINA,38,ACEITE FS 5W30,2,Cliente 13,REPUESTOS
2023-07-28,Salida,LA MOLINA,41,AMORT POS,3,Cliente 9,REPUESTOS
2023-07-28,Salida,SURCO,43,BATERÍA 18 PLC,3,Cliente 13,REPUESTOS
2023-07-29,Salida,LA MOLINA,41,AMORT POS,6,Cliente 45,REPUESTOS
2023-07-29,Salida,LA MOLINA,43,BATERÍA 18 PLC,5,Cliente 21,REPUESTOS
2023-07-30,Salida,LA MOLINA,41,AMORT POS,4,Cliente 18,REPUESTOS
2023-07-30,Salida,LA MOLINA,43,BATERÍA 18 PLC,6,Cliente 31,REPUESTOS
2023-07-31,Salida,LA MOLINA,41,AMORT POS,3,Cliente 18,REPUESTOS
2023-07-31,Salida,SURCO,43,BATERÍA 18 PLC,5,Cliente 47,REPUESTOS
2023-07-31,Control,SURCO,1,ACCORD,2,,AUTOS
2023-07-31,Control,SURCO,2,CIVIC,2,,AUTOS
2023-07-31,Control,SURCO,3,ODISSEY,0,,AUTOS
2023-07-31,Control,SURCO,4,CRV,0,,AUTOS
2023-07-31,Control,SURCO,5,PILOT,3,,AUTOS
2023-07-31,Control,SURCO,6,FIT,3,,AUTOS
2023-07-31,Control,SURCO,7,CITY,5,,AUTOS
2023-07-31,Control,SURCO,8,ELEMENT,0,,CAMIONETAS
2023-07-31,Control,SURCO,9,CROSSTOUR,0,,CAMIONETAS
2023-07-31,Control,SURCO,10,CR-Z,0,,CAMIONETAS
2023-07-31,Control,SURCO,11,RID LINE,0,,CAMIONETAS
2023-07-31,Control,SURCO,38,ACEITE FS 5W30,0,,REPUESTOS
2023-07-31,Control,SURCO,39,FILTRO COMBUST,12,,REPUESTOS
2023-07-31,Control,SURCO,40,AMORT DEL,0,,REPUESTOS
2023-07-31,Control,SURCO,41,AMORT POS,0,,REPUESTOS
2023-07-31,Control,SURCO,42,"LLANTAS 18""",0,,REPUESTOS
2023-07-31,Control,SURCO,43,BATERÍA 18 PLC,4,,REPUESTOS
2023-07-31,Control,LA MOLINA,1,ACCORD,2,,AUTOS
2023-07-31,Control,LA MOLINA,2,CIVIC,1,,AUTOS
2023-07-31,Control,LA MOLINA,3,ODISSEY,5,,AUTOS
2023-07-31,Control,LA MOLINA,4,CRV,2,,AUTOS
2023-07-31,Control,LA MOLINA,5,PILOT,0,,AUTOS
2023-07-31,Control,LA MOLINA,6,FIT,0,,AUTOS
2023-07-31,Control,LA MOLINA,7,CITY,0,,AUTOS
2023-07-31,Control,LA MOLINA,8,ELEMENT,0,,CAMIONETAS
2023-07-31,Control,LA MOLINA,9,CROSSTOUR,0,,CAMIONETAS
2023-07-31,Control,LA MOLINA,10,CR-Z,0,,CAMIONETAS
2023-07-31,Control,LA MOLINA,11,RID LINE,0,,CAMIONETAS
2023-07-31,Control,LA MOLINA,38,ACEITE FS 5W30,0,,REPUESTOS
2023-07-31,Control,LA MOLINA,39,FILTRO COMBUST,47,,REPUESTOS
2023-07-31,Control,LA MOLINA,40,AMORT DEL,0,,REPUESTOS
2023-07-31,Control,LA MOLINA,41,AMORT POS,22,,REPUESTOS
2023-07-31,Control,LA MOLINA,42,"LLANTAS 18""",0,,REPUESTOS
2023-07-31,Control,LA MOLINA,43,BATERÍA 18 PLC,30,,REPUESTOS
2023-08-01,Salida,SURCO,1,ACCORD,1,Cliente 38,AUTOS
2023-08-01,Salida,LA MOLINA,2,CIVIC,1,Cliente 50,AUTOS
2023-08-01,Salida,LA MOLINA,3,ODISSEY,1,Cliente 3,AUTOS
2023-08-01,Salida,LA MOLINA,4,CRV,1,Cliente 35,AUTOS
2023-08-01,Salida,SURCO,5,PILOT,1,Cliente 42,AUTOS
2023-08-01,Salida,SURCO,6,FIT,1,Cliente 26,AUTOS
2023-08-01,Salida,SURCO,7,CITY,1,Cliente 9,AUTOS
2023-08-01,Salida,LA MOLINA,39,FILTRO COMBUST,1,Cliente 24,REPUESTOS
2023-08-01,Salida,LA MOLINA,41,AMORT POS,3,Cliente 40,REPUESTOS
2023-08-01,Salida,SURCO,43,BATERÍA 18 PLC,1,Cliente 29,REPUESTOS
2023-08-02,Salida,SURCO,1,ACCORD,1,Cliente 37,AUTOS
2023-08-02,Salida,SURCO,2,CIVIC,1,Cliente 48,AUTOS
2023-08-02,Salida,LA MOLINA,3,ODISSEY,1,Cliente 3,AUTOS
2023-08-02,Salida,LA MOLINA,4,CRV,1,Cliente 15,AUTOS
2023-08-02,Salida,SURCO,5,PILOT,1,Cliente 24,AUTOS
2023-08-02,Salida,SURCO,6,FIT,1,Cliente 43,AUTOS
2023-08-02,Salida,SURCO,7,CITY,1,Cliente 25,AUTOS
2023-08-02,Salida,SURCO,39,FILTRO COMBUST,1,Cliente 3,REPUESTOS
2023-08-02,Salida,LA MOLINA,41,AMORT POS,3,Cliente 48,REPUESTOS
2023-08-02,Salida,SURCO,43,BATERÍA 18 PLC,1,Cliente 25,REPUESTOS
2023-08-03,Entrada,SURCO,38,ACEITE FS 5W30,10,Prov Repuestos,REPUESTOS
2023-08-03,Entrada,SURCO,40,AMORT DEL,10,Prov Repuestos,REPUESTOS
2023-08-03,Entrada,SURCO,41,AMORT POS,10,Prov Repuestos,REPUESTOS
2023-08-03,Entrada,SURCO,42,"LLANTAS 18""",10,Prov Repuestos,REPUESTOS
2023-08-03,Entrada,SURCO,43,BATERÍA 18 PLC,1,Prov Repuestos,REPUESTOS
2023-08-03,Entrada,LA MOLINA,38,ACEITE FS 5W30,10,Prov Repuestos,REPUESTOS
2023-08-03,Entrada,LA MOLINA,40,AMORT DEL,10,Prov Repuestos,REPUESTOS
2023-08-03,Entrada,LA MOLINA,42,"LLANTAS 18""",10,Prov Repuestos,REPUESTOS
2023-08-03,Entrada,SURCO,38,ACEITE FS 5W30,28,Prov Repuestos,REPUESTOS
2023-08-03,Entrada,LA MOLINA,42,"LLANTAS 18""",83,Prov Repuestos,REPUESTOS
2023-08-03,Salida,LA MOLINA,1,ACCORD,1,Cliente 38,AUTOS
2023-08-03,Salida,SURCO,2,CIVIC,1,Cliente 25,AUTOS
2023-08-03,Salida,SURCO,5,PILOT,1,Cliente 23,AUTOS
2023-08-03,Salida,SURCO,7,CITY,1,Cliente 31,AUTOS
2023-08-03,Salida,SURCO,38,ACEITE FS 5W30,1,Cliente 29,REPUESTOS
2023-08-03,Salida,SURCO,39,FILTRO COMBUST,1,Cliente 5,REPUESTOS
2023-08-03,Salida,SURCO,40,AMORT DEL,2,Cliente 10,REPUESTOS
2023-08-03,Salida,LA MOLINA,41,AMORT POS,1,Cliente 39,REPUESTOS
2023-08-03,Salida,SURCO,42,"LLANTAS 18""",3,Cliente 27,REPUESTOS
2023-08-03,Salida,SURCO,43,BATERÍA 18 PLC,1,Cliente 31,REPUESTOS
2023-08-04,Salida,LA MOLINA,1,ACCORD,1,Cliente 14,AUTOS
2023-08-04,Salida,SURCO,7,CITY,1,Cliente 42,AUTOS
2023-08-04,Salida,SURCO,38,ACEITE FS 5W30,1,Cliente 3,REPUESTOS
2023-08-04,Salida,SURCO,39,FILTRO COMBUST,1,Cliente 9,REPUESTOS
2023-08-04,Salida,SURCO,40,AMORT DEL,1,Cliente 4,REPUESTOS
2023-08-04,Salida,SURCO,41,AMORT POS,2,Cliente 34,REPUESTOS
2023-08-04,Salida,LA MOLINA,42,"LLANTAS 18""",1,Cliente 6,REPUESTOS
2023-08-04,Salida,LA MOLINA,43,BATERÍA 18 PLC,1,Cliente 39,REPUESTOS
2023-08-05,Salida,SURCO,7,CITY,1,Cliente 11,AUTOS
2023-08-05,Salida,SURCO,38,ACEITE FS 5W30,2,Cliente 38,REPUESTOS
2023-08-05,Salida,LA MOLINA,39,FILTRO COMBUST,1,Cliente 11,REPUESTOS
2023-08-05,Salida,SURCO,40,AMORT DEL,2,Cliente 15,REPUESTOS
2023-08-05,Salida,SURCO,41,AMORT POS,2,Cliente 7,REPUESTOS
2023-08-05,Salida,LA MOLINA,42,"LLANTAS 18""",2,Cliente 10,REPUESTOS
2023-08-05,Salida,SURCO,43,BATERÍA 18 PLC,1,Cliente 12,REPUESTOS
2023-08-06,Salida,SURCO,38,ACEITE FS 5W30,3,Cliente 35,REPUESTOS
2023-08-06,Salida,SURCO,39,FILTRO COMBUST,1,Cliente 6,REPUESTOS
2023-08-06,Salida,SURCO,40,AMORT DEL,1,Cliente 50,REPUESTOS
2023-08-06,Salida,LA MOLINA,41,AMORT POS,4,Cliente 3,REPUESTOS
2023-08-06,Salida,SURCO,42,"LLANTAS 18""",4,Cliente 31,REPUESTOS
2023-08-06,Salida,LA MOLINA,43,BATERÍA 18 PLC,1,Cliente 38,REPUESTOS
2023-08-07,Salida,LA MOLINA,38,ACEITE FS 5W30,1,Cliente 9,REPUESTOS
2023-08-07,Salida,LA MOLINA,39,FILTRO COMBUST,1,Cliente 50,REPUESTOS
2023-08-07,Salida,LA MOLINA,40,AMORT DEL,1,Cliente 39,REPUESTOS
2023-08-07,Salida,LA MOLINA,41,AMORT POS,4,Cliente 13,REPUESTOS
2023-08-07,Salida,SURCO,42,"LLANTAS 18""",1,Cliente 34,REPUESTOS
2023-08-07,Salida,LA MOLINA,43,BATERÍA 18 PLC,1,Cliente 42,REPUESTOS
2023-08-08,Salida,LA MOLINA,38,ACEITE FS 5W30,3,Cliente 27,REPUESTOS
2023-08-08,Salida,SURCO,39,FILTRO COMBUST,1,Cliente 10,REPUESTOS
2023-08-08,Salida,LA MOLINA,40,AMORT DEL,2,Cliente 35,REPUESTOS
2023-08-08,Salida,LA MOLINA,41,AMORT POS,3,Cliente 44,REPUESTOS
2023-08-08,Salida,LA MOLINA,42,"LLANTAS 18""",2,Cliente 36,REPUESTOS
2023-08-08,Salida,LA MOLINA,43,BATERÍA 18 PLC,1,Cliente 12,REPUESTOS
2023-08-09,Entrada,SURCO,1,ACCORD,3,Prov Vehículos,AUTOS
2023-08-09,Entrada,SURCO,2,CIVIC,3,Prov Vehículos,AUTOS
2023-08-09,Entrada,SURCO,3,ODISSEY,5,Prov Vehículos,AUTOS
2023-08-09,Entrada,SURCO,4,CRV,5,Prov Vehículos,AUTOS
2023-08-09,Entrada,SURCO,5,PILOT,2,Prov Vehículos,AUTOS
2023-08-09,Entrada,SURCO,6,FIT,2,Prov Vehículos,AUTOS
2023-08-09,Entrada,LA MOLINA,1,ACCORD,3,Prov Vehículos,AUTOS
2023-08-09,Entrada,LA MOLINA,2,CIVIC,4,Prov Vehículos,AUTOS
2023-08-09,Entrada,LA MOLINA,4,CRV,3,Prov Vehículos,AUTOS
2023-08-09,Salida,LA MOLINA,1,ACCORD,1,Cliente 17,AUTOS
2023-08-09,Salida,LA MOLINA,2,CIVIC,1,Cliente 50,AUTOS
2023-08-09,Salida,SURCO,4,CRV,1,Cliente 43,AUTOS
2023-08-09,Salida,SURCO,5,PILOT,1,Cliente 29,AUTOS
2023-08-09,Salida,SURCO,38,ACEITE FS 5W30,1,Cliente 33,REPUESTOS
2023-08-09,Salida,LA MOLINA,39,FILTRO COMBUST,1,Cliente 36,REPUESTOS
2023-08-09,Salida,SURCO,40,AMORT DEL,1,Cliente 25,REPUESTOS
2023-08-09,Salida,SURCO,41,AMORT POS,1,Cliente 31,REPUESTOS
2023-08-09,Salida,SURCO,42,"LLANTAS 18""",2,Cliente 5,REPUESTOS
2023-08-09,Salida,SURCO,43,BATERÍA 18 PLC,1,Cliente 24,REPUESTOS
2023-08-10,Salida,SURCO,1,ACCORD,1,Cliente 47,AUTOS
2023-08-10,Salida,LA MOLINA,2,CIVIC,1,Cliente 40,AUTOS
2023-08-10,Salida,SURCO,5,PILOT,1,Cliente 46,AUTOS
2023-08-10,Salida,SURCO,38,ACEITE FS 5W30,1,Cliente 41,REPUESTOS
2023-08-10,Salida,LA MOLINA,39,FILTRO COMBUST,1,Cliente 1,REPUESTOS
2023-08-10,Salida,SURCO,40,AMORT DEL,2,Cliente 3,REPUESTOS
2023-08-10,Salida,SURCO,41,AMORT POS,2,Cliente 44,REPUESTOS
2023-08-10,Salida,LA MOLINA,42,"LLANTAS 18""",3,Cliente 42,REPUESTOS
2023-08-10,Salida,LA MOLINA,43,BATERÍA 18 PLC,1,Cliente 6,REPUESTOS
2023-08-11,Salida,LA MOLINA,1,ACCORD,1,Cliente 23,AUTOS
2023-08-11,Salida,SURCO,38,ACEITE FS 5W30,2,Cliente 34,REPUESTOS
2023-08-11,Salida,SURCO,39,FILTRO COMBUST,1,Cliente 6,REPUESTOS
2023-08-11,Salida,LA MOLINA,40,AMORT DEL,2,Cliente 23,REPUESTOS
2023-08-11,Salida,SURCO,41,AMORT POS,2,Cliente 30,REPUESTOS
2023-08-11,Salida,LA MOLINA,42,"LLANTAS 18""",1,Cliente 12,REPUESTOS
2023-08-11,Salida,LA MOLINA,43,BATERÍA 18 PLC,1,Cliente 36,REPUESTOS
2023-08-12,Salida,LA MOLINA,38,ACEITE FS 5W30,3,Cliente 22,REPUESTOS
2023-08-12,Salida,LA MOLINA,39,FILTRO COMBUST,1,Cliente 35,REPUESTOS
2023-08-12,Salida,LA MOLINA,40,AMORT DEL,2,Cliente 25,REPUESTOS
2023-08-12,Salida,SURCO,41,AMORT POS,1,Cliente 49,REPUESTOS
2023-08-12,Salida,LA MOLINA,42,"LLANTAS 18""",4,Cliente 38,REPUESTOS
2023-08-12,Salida,LA MOLINA,43,BATERÍA 18 PLC,1,Cliente 8,REPUESTOS
2023-08-13,Salida,LA MOLINA,38,ACEITE FS 5W30,1,Cliente 41,REPUESTOS
2023-08-13,Salida,SURCO,39,FILTRO COMBUST,1,Cliente 21,REPUESTOS
2023-08-13,Salida,SURCO,40,AMORT DEL,1,Cliente 45,REPUESTOS
2023-08-13,Salida,LA MOLINA,41,AMORT POS,2,Cliente 6,REPUESTOS
2023-08-13,Salida,LA MOLINA,42,"LLANTAS 18""",3,Cliente 36,REPUESTOS
2023-08-13,Salida,LA MOLINA,43,BATERÍA 18 PLC,1,Cliente 21,REPUESTOS
2023-08-14,Salida,LA MOLINA,38,ACEITE FS 5W30,2,Cliente 12,REPUESTOS
2023-08-14,Salida,LA MOLINA,39,FILTRO COMBUST,1,Cliente 48,REPUESTOS
2023-08-14,Salida,LA MOLINA,40,AMORT DEL,1,Cliente 17,REPUESTOS
2023-08-14,Salida,LA MOLINA,41,AMORT POS,2,Cliente 16,REPUESTOS
2023-08-14,Salida,LA MOLINA,42,"LLANTAS 18""",3,Cliente 50,REPUESTOS
2023-08-14,Salida,LA MOLINA,43,BATERÍA 18 PLC,1,Cliente 6,REPUESTOS
2023-08-14,Control,SURCO,1,ACCORD,2,,AUTOS
2023-08-14,Control,SURCO,2,CIVIC,3,,AUTOS
2023-08-14,Control,SURCO,3,ODISSEY,5,,AUTOS
2023-08-14,Control,SURCO,4,CRV,4,,AUTOS
2023-08-14,Control,SURCO,5,PILOT,0,,AUTOS
2023-08-14,Control,SURCO,6,FIT,3,,AUTOS
2023-08-14,Control,SURCO,7,CITY,0,,AUTOS
2023-08-14,Control,SURCO,8,ELEMENT,0,,CAMIONETAS
2023-08-14,Control,SURCO,9,CROSSTOUR,0,,CAMIONETAS
2023-08-14,Control,SURCO,10,CR-Z,0,,CAMIONETAS
2023-08-14,Control,SURCO,11,RID LINE,0,,CAMIONETAS
2023-08-14,Control,SURCO,38,ACEITE FS 5W30,27,,REPUESTOS
2023-08-14,Control,SURCO,39,FILTRO COMBUST,5,,REPUESTOS
2023-08-14,Control,SURCO,40,AMORT DEL,0,,REPUESTOS
2023-08-14,Control,SURCO,41,AMORT POS,0,,REPUESTOS
2023-08-14,Control,SURCO,42,"LLANTAS 18""",0,,REPUESTOS
2023-08-14,Control,SURCO,43,BATERÍA 18 PLC,0,,REPUESTOS
2023-08-14,Control,LA MOLINA,1,ACCORD,1,,AUTOS
2023-08-14,Control,LA MOLINA,2,CIVIC,2,,AUTOS
2023-08-14,Control,LA MOLINA,3,ODISSEY,3,,AUTOS
2023-08-14,Control,LA MOLINA,4,CRV,3,,AUTOS
2023-08-14,Control,LA MOLINA,5,PILOT,0,,AUTOS
2023-08-14,Control,LA MOLINA,6,FIT,0,,AUTOS
2023-08-14,Control,LA MOLINA,7,CITY,0,,AUTOS
2023-08-14,Control,LA MOLINA,8,ELEMENT,0,,CAMIONETAS
2023-08-14,Control,LA MOLINA,9,CROSSTOUR,0,,CAMIONETAS
2023-08-14,Control,LA MOLINA,10,CR-Z,0,,CAMIONETAS
2023-08-14,Control,LA MOLINA,11,RID LINE,0,,CAMIONETAS
2023-08-14,Control,LA MOLINA,38,ACEITE FS 5W30,0,,REPUESTOS
2023-08-14,Control,LA MOLINA,39,FILTRO COMBUST,40,,REPUESTOS
2023-08-14,Control,LA MOLINA,40,AMORT DEL,2,,REPUESTOS
2023-08-14,Control,LA MOLINA,41,AMORT POS,0,,REPUESTOS
2023-08-14,Control,LA MOLINA,42,"LLANTAS 18""",74,,REPUESTOS
2023-08-14,Control,LA MOLINA,43,BATERÍA 18 PLC,21,,REPUESTOS
2023-08-15,Salida,SURCO,38,ACEITE FS 5W30,1,Cliente 24,REPUESTOS
2023-08-15,Salida,LA MOLINA,39,FILTRO COMBUST,1,Cliente 32,REPUESTOS
2023-08-15,Salida,LA MOLINA,40,AMORT DEL,2,Cliente 12,REPUESTOS
2023-08-15,Salida,LA MOLINA,42,"LLANTAS 18""",4,Cliente 49,REPUESTOS
2023-08-15,Salida,LA MOLINA,43,BATERÍA 18 PLC,1,Cliente 4,REPUESTOS
2023-08-16,Salida,SURCO,38,ACEITE FS 5W30,4,Cliente 35,REPUESTOS
2023-08-16,Salida,LA MOLINA,39,FILTRO COMBUST,1,Cliente 26,REPUESTOS
2023-08-16,Salida,LA MOLINA,42,"LLANTAS 18""",5,Cliente 21,REPUESTOS
2023-08-16,Salida,LA MOLINA,43,BATERÍA 18 PLC,1,Cliente 25,REPUESTOS
2023-08-17,Entrada,SURCO,40,AMORT DEL,10,Prov Repuestos,REPUESTOS
2023-08-17,Entrada,SURCO,41,AMORT POS,10,Prov Repuestos,REPUESTOS
2023-08-17,Entrada,SURCO,42,"LLANTAS 18""",10,Prov Repuestos,REPUESTOS
2023-08-17,Entrada,SURCO,43,BATERÍA 18 PLC,5,Prov Repuestos,REPUESTOS
2023-08-17,Entrada,LA MOLINA,38,ACEITE FS 5W30,10,Prov Repuestos,REPUESTOS
2023-08-17,Entrada,LA MOLINA,40,AMORT DEL,8,Prov Repuestos,REPUESTOS
2023-08-17,Entrada,LA MOLINA,41,AMORT POS,10,Prov Repuestos,REPUESTOS
2023-08-17,Entrada,SURCO,42,"LLANTAS 18""",18,Prov Repuestos,REPUESTOS
2023-08-17,Entrada,LA MOLINA,38,ACEITE FS 5W30,47,Prov Repuestos,REPUESTOS
2023-08-17,Salida,LA MOLINA,38,ACEITE FS 5W30,1,Cliente 24,REPUESTOS
2023-08-17,Salida,SURCO,40,AMORT DEL,2,Cliente 36,REPUESTOS
2023-08-17,Salida,LA MOLINA,41,AMORT POS,2,Cliente 31,REPUESTOS
2023-08-17,Salida,LA MOLINA,42,"LLANTAS 18""",3,Cliente 12,REPUESTOS
2023-08-17,Salida,SURCO,43,BATERÍA 18 PLC,2,Cliente 27,REPUESTOS
2023-08-18,Salida,LA MOLINA,38,ACEITE FS 5W30,3,Cliente 18,REPUESTOS
2023-08-18,Salida,SURCO,40,AMORT DEL,1,Cliente 37,REPUESTOS
2023-08-18,Salida,LA MOLINA,41,AMORT POS,1,Cliente 16,REPUESTOS
2023-08-18,Salida,LA MOLINA,42,"LLANTAS 18""",4,Cliente 13,REPUESTOS
2023-08-18,Salida,LA MOLINA,43,BATERÍA 18 PLC,1,Cliente 1,REPUESTOS
2023-08-19,Salida,LA MOLINA,38,ACEITE FS 5W30,4,Cliente 9,REPUESTOS
2023-08-19,Salida,LA MOLINA,40,AMORT DEL,3,Cliente 32,REPUESTOS
2023-08-19,Salida,SURCO,41,AMORT POS,3,Cliente 26,REPUESTOS
2023-08-19,Salida,SURCO,42,"LLANTAS 18""",2,Cliente 14,REPUESTOS
2023-08-19,Salida,SURCO,43,BATERÍA 18 PLC,2,Cliente 29,REPUESTOS
2023-08-20,Salida,LA MOLINA,38,ACEITE FS 5W30,3,Cliente 24,REPUESTOS
2023-08-20,Salida,LA MOLINA,40,AMORT DEL,3,Cliente 23,REPUESTOS
2023-08-20,Salida,SURCO,41,AMORT POS,4,Cliente 23,REPUESTOS
2023-08-20,Salida,SURCO,42,"LLANTAS 18""",2,Cliente 50,REPUESTOS
2023-08-20,Salida,LA MOLINA,43,BATERÍA 18 PLC,2,Cliente 44,REPUESTOS
2023-08-21,Salida,LA MOLINA,38,ACEITE FS 5W30,4,Cliente 6,REPUESTOS
2023-08-21,Salida,LA MOLINA,40,AMORT DEL,2,Cliente 41,REPUESTOS
2023-08-21,Salida,LA MOLINA,41,AMORT POS,2,Cliente 27,REPUESTOS
2023-08-21,Salida,LA MOLINA,42,"LLANTAS 18""",5,Cliente 5,REPUESTOS
2023-08-21,Salida,LA MOLINA,43,BATERÍA 18 PLC,1,Cliente 15,REPUESTOS
2023-08-22,Salida,LA MOLINA,38,ACEITE FS 5W30,3,Cliente 46,REPUESTOS
2023-08-22,Salida,SURCO,40,AMORT DEL,4,Cliente 29,REPUESTOS
2023-08-22,Salida,LA MOLINA,41,AMORT POS,5,Cliente 27,REPUESTOS
2023-08-22,Salida,SURCO,42,"LLANTAS 18""",2,Cliente 9,REPUESTOS
2023-08-22,Salida,SURCO,43,BATERÍA 18 PLC,1,Cliente 14,REPUESTOS
2023-08-23,Salida,SURCO,38,ACEITE FS 5W30,4,Cliente 7,REPUESTOS
2023-08-23,Salida,SURCO,40,AMORT DEL,3,Cliente 2,REPUESTOS
2023-08-23,Salida,SURCO,41,AMORT POS,3,Cliente 7,REPUESTOS
2023-08-23,Salida,SURCO,42,"LLANTAS 18""",5,Cliente 6,REPUESTOS
2023-08-23,Salida,LA MOLINA,43,BATERÍA 18 PLC,2,Cliente 16,REPUESTOS
2023-08-24,Salida,SURCO,38,ACEITE FS 5W30,4,Cliente 9,REPUESTOS
2023-08-24,Salida,LA MOLINA,42,"LLANTAS 18""",1,Cliente 21,REPUESTOS
2023-08-24,Salida,LA MOLINA,43,BATERÍA 18 PLC,2,Cliente 36,REPUESTOS
2023-08-25,Salida,SURCO,38,ACEITE FS 5W30,2,Cliente 38,REPUESTOS
2023-08-25,Salida,LA MOLINA,42,"LLANTAS 18""",5,Cliente 23,REPUESTOS
2023-08-25,Salida,LA MOLINA,43,BATERÍA 18 PLC,1,Cliente 29,REPUESTOS
2023-08-26,Salida,LA MOLINA,38,ACEITE FS 5W30,3,Cliente 17,REPUESTOS
2023-08-26,Salida,SURCO,42,"LLANTAS 18""",1,Cliente 23,REPUESTOS
2023-08-26,Salida,LA MOLINA,43,BATERÍA 18 PLC,2,Cliente 45,REPUESTOS
2023-08-27,Salida,LA MOLINA,38,ACEITE FS 5W30,4,Cliente 1,REPUESTOS
2023-08-27,Salida,SURCO,42,"LLANTAS 18""",4,Cliente 36,REPUESTOS
2023-08-27,Salida,LA MOLINA,43,BATERÍA 18 PLC,1,Cliente 36,REPUESTOS
2023-08-28,Salida,SURCO,38,ACEITE FS 5W30,4,Cliente 11,REPUESTOS
2023-08-28,Salida,SURCO,42,"LLANTAS 18""",5,Cliente 28,REPUESTOS
2023-08-28,Salida,LA MOLINA,43,BATERÍA 18 PLC,3,Cliente 19,REPUESTOS
2023-08-29,Salida,LA MOLINA,38,ACEITE FS 5W30,5,Cliente 13,REPUESTOS
2023-08-29,Salida,SURCO,42,"LLANTAS 18""",5,Cliente 41,REPUESTOS
2023-08-29,Salida,LA MOLINA,43,BATERÍA 18 PLC,3,Cliente 18,REPUESTOS
2023-08-30,Salida,LA MOLINA,38,ACEITE FS 5W30,4,Cliente 2,REPUESTOS
2023-08-30,Salida,SURCO,42,"LLANTAS 18""",1,Cliente 7,REPUESTOS
2023-08-30,Salida,LA MOLINA,43,BATERÍA 18 PLC,1,Cliente 46,REPUESTOS
2023-08-31,Salida,SURCO,38,ACEITE FS 5W30,5,Cliente 32,REPUESTOS
2023-08-31,Salida,LA MOLINA,42,"LLANTAS 18""",10,Cliente 24,REPUESTOS
2023-08-31,Control,SURCO,1,ACCORD,2,,AUTOS
2023-08-31,Control,SURCO,2,CIVIC,3,,AUTOS
2023-08-31,Control,SURCO,3,ODISSEY,5,,AUTOS
2023-08-31,Control,SURCO,4,CRV,4,,AUTOS
2023-08-31,Control,SURCO,5,PILOT,0,,AUTOS
2023-08-31,Control,SURCO,6,FIT,3,,AUTOS
2023-08-31,Control,SURCO,7,CITY,0,,AUTOS
2023-08-31,Control,SURCO,8,ELEMENT,0,,CAMIONETAS
2023-08-31,Control,SURCO,9,CROSSTOUR,0,,CAMIONETAS
2023-08-31,Control,SURCO,10,CR-Z,0,,CAMIONETAS
2023-08-31,Control,SURCO,11,RID LINE,0,,CAMIONETAS
2023-08-31,Control,SURCO,38,ACEITE FS 5W30,3,,REPUESTOS
2023-08-31,Control,SURCO,39,FILTRO COMBUST,5,,REPUESTOS
2023-08-31,Control,SURCO,40,AMORT DEL,0,,REPUESTOS
2023-08-31,Control,SURCO,41,AMORT POS,0,,REPUESTOS
2023-08-31,Control,SURCO,42,"LLANTAS 18""",1,,REPUESTOS
2023-08-31,Control,SURCO,43,BATERÍA 18 PLC,0,,REPUESTOS
2023-08-31,Control,LA MOLINA,1,ACCORD,1,,AUTOS
2023-08-31,Control,LA MOLINA,2,CIVIC,2,,AUTOS
2023-08-31,Control,LA MOLINA,3,ODISSEY,3,,AUTOS
2023-08-31,Control,LA MOLINA,4,CRV,3,,AUTOS
2023-08-31,Control,LA MOLINA,5,PILOT,0,,AUTOS
2023-08-31,Control,LA MOLINA,6,FIT,0,,AUTOS
2023-08-31,Control,LA MOLINA,7,CITY,0,,AUTOS
2023-08-31,Control,LA MOLINA,8,ELEMENT,0,,CAMIONETAS
2023-08-31,Control,LA MOLINA,9,CROSSTOUR,0,,CAMIONETAS
2023-08-31,Control,LA MOLINA,10,CR-Z,0,,CAMIONETAS
2023-08-31,Control,LA MOLINA,11,RID LINE,0,,CAMIONETAS
2023-08-31,Control,LA MOLINA,38,ACEITE FS 5W30,23,,REPUESTOS
2023-08-31,Control,LA MOLINA,39,FILTRO COMBUST,38,,REPUESTOS
2023-08-31,Control,LA MOLINA,40,AMORT DEL,0,,REPUESTOS
2023-08-31,Control,LA MOLINA,41,AMORT POS,0,,REPUESTOS
2023-08-31,Control,LA MOLINA,42,"LLANTAS 18""",37,,REPUESTOS
2023-08-31,Control,LA MOLINA,43,BATERÍA 18 PLC,0,,REPUESTOS
2023-09-01,Salida,SURCO,1,ACCORD,1,Cliente 49,AUTOS
2023-09-01,Salida,SURCO,2,CIVIC,1,Cliente 18,AUTOS
2023-09-01,Salida,SURCO,3,ODISSEY,1,Cliente 35,AUTOS
2023-09-01,Salida,SURCO,4,CRV,1,Cliente 13,AUTOS
2023-09-01,Salida,SURCO,6,FIT,1,Cliente 1,AUTOS
2023-09-01,Salida,LA MOLINA,38,ACEITE FS 5W30,1,Cliente 50,REPUESTOS
2023-09-01,Salida,SURCO,39,FILTRO COMBUST,1,Cliente 48,REPUESTOS
2023-09-01,Salida,SURCO,42,"LLANTAS 18""",1,Cliente 31,REPUESTOS
2023-09-02,Salida,LA MOLINA,1,ACCORD,1,Cliente 21,AUTOS
2023-09-02,Salida,SURCO,2,CIVIC,1,Cliente 48,AUTOS
2023-09-02,Salida,SURCO,3,ODISSEY,1,Cliente 17,AUTOS
2023-09-02,Salida,LA MOLINA,4,CRV,1,Cliente 13,AUTOS
2023-09-02,Salida,SURCO,6,FIT,1,Cliente 43,AUTOS
2023-09-02,Salida,SURCO,38,ACEITE FS 5W30,1,Cliente 41,REPUESTOS
2023-09-02,Salida,LA MOLINA,39,FILTRO COMBUST,1,Cliente 1,REPUESTOS
2023-09-02,Salida,LA MOLINA,42,"LLANTAS 18""",2,Cliente 1,REPUESTOS
2023-09-03,Entrada,SURCO,38,ACEITE FS 5W30,7,Prov Repuestos,REPUESTOS
2023-09-03,Entrada,SURCO,40,AMORT DEL,10,Prov Repuestos,REPUESTOS
2023-09-03,Entrada,SURCO,41,AMORT POS,10,Prov Repuestos,REPUESTOS
2023-09-03,Entrada,SURCO,42,"LLANTAS 18""",9,Prov Repuestos,REPUESTOS
2023-09-03,Entrada,SURCO,43,BATERÍA 18 PLC,5,Prov Repuestos,REPUESTOS
2023-09-03,Entrada,LA MOLINA,40,AMORT DEL,10,Prov Repuestos,REPUESTOS
2023-09-03,Entrada,LA MOLINA,41,AMORT POS,10,Prov Repuestos,REPUESTOS
2023-09-03,Entrada,LA MOLINA,43,BATERÍA 18 PLC,5,Prov Repuestos,REPUESTOS
2023-09-03,Entrada,SURCO,38,ACEITE FS 5W30,35,Prov Repuestos,REPUESTOS
2023-09-03,Entrada,LA MOLINA,40,AMORT DEL,89,Prov Repuestos,REPUESTOS
2023-09-03,Salida,SURCO,1,ACCORD,1,Cliente 45,AUTOS
2023-09-03,Salida,SURCO,2,CIVIC,1,Cliente 24,AUTOS
2023-09-03,Salida,SURCO,3,ODISSEY,1,Cliente 11,AUTOS
2023-09-03,Salida,SURCO,4,CRV,1,Cliente 44,AUTOS
2023-09-03,Salida,SURCO,6,FIT,1,Cliente 49,AUTOS
2023-09-03,Salida,LA MOLINA,38,ACEITE FS 5W30,1,Cliente 42,REPUESTOS
2023-09-03,Salida,SURCO,39,FILTRO COMBUST,1,Cliente 9,REPUESTOS
2023-09-03,Salida,LA MOLINA,40,AMORT DEL,2,Cliente 36,REPUESTOS
2023-09-03,Salida,SURCO,41,AMORT POS,4,Cliente 2,REPUESTOS
2023-09-03,Salida,SURCO,42,"LLANTAS 18""",2,Cliente 17,REPUESTOS
2023-09-03,Salida,LA MOLINA,43,BATERÍA 18 PLC,1,Cliente 46,REPUESTOS
2023-09-04,Salida,LA MOLINA,2,CIVIC,1,Cliente 35,AUTOS
2023-09-04,Salida,SURCO,3,ODISSEY,1,Cliente 37,AUTOS
2023-09-04,Salida,LA MOLINA,4,CRV,1,Cliente 21,AUTOS
2023-09-04,Salida,SURCO,38,ACEITE FS 5W30,2,Cliente 5,REPUESTOS
2023-09-04,Salida,SURCO,39,FILTRO COMBUST,1,Cliente 29,REPUESTOS
2023-09-04,Salida,LA MOLINA,40,AMORT DEL,3,Cliente 30,REPUESTOS
2023-09-04,Salida,SURCO,41,AMORT POS,4,Cliente 2,REPUESTOS
2023-09-04,Salida,SURCO,42,"LLANTAS 18""",2,Cliente 21,REPUESTOS
2023-09-04,Salida,LA MOLINA,43,BATERÍA 18 PLC,1,Cliente 13,REPUESTOS
2023-09-05,Salida,LA MOLINA,3,ODISSEY,1,Cliente 50,AUTOS
2023-09-05,Salida,LA MOLINA,38,ACEITE FS 5W30,1,Cliente 21,REPUESTOS
2023-09-05,Salida,LA MOLINA,39,FILTRO COMBUST,1,Cliente 8,REPUESTOS
2023-09-05,Salida,SURCO,40,AMORT DEL,1,Cliente 9,REPUESTOS
2023-09-05,Salida,SURCO,41,AMORT POS,1,Cliente 7,REPUESTOS
2023-09-05,Salida,SURCO,42,"LLANTAS 18""",1,Cliente 3,REPUESTOS
2023-09-05,Salida,LA MOLINA,43,BATERÍA 18 PLC,1,Cliente 43,REPUESTOS
2023-09-06,Salida,LA MOLINA,3,ODISSEY,1,Cliente 4,AUTOS
2023-09-06,Salida,SURCO,38,ACEITE FS 5W30,1,Cliente 1,REPUESTOS
2023-09-06,Salida,LA MOLINA,39,FILTRO COMBUST,1,Cliente 6,REPUESTOS
2023-09-06,Salida,LA MOLINA,40,AMORT DEL,1,Cliente 36,REPUESTOS
2023-09-06,Salida,SURCO,41,AMORT POS,1,Cliente 40,REPUESTOS
2023-09-06,Salida,SURCO,42,"LLANTAS 18""",1,Cliente 20,REPUESTOS
2023-09-06,Salida,SURCO,43,BATERÍA 18 PLC,1,Cliente 34,REPUESTOS
2023-09-07,Salida,SURCO,3,ODISSEY,1,Cliente 47,AUTOS
2023-09-07,Salida,LA MOLINA,38,ACEITE FS 5W30,3,Cliente 13,REPUESTOS
2023-09-07,Salida,SURCO,39,FILTRO COMBUST,1,Cliente 37,REPUESTOS
2023-09-07,Salida,SURCO,40,AMORT DEL,4,Cliente 50,REPUESTOS
2023-09-07,Salida,LA MOLINA,41,AMORT POS,3,Cliente 45,REPUESTOS
2023-09-07,Salida,SURCO,42,"LLANTAS 18""",1,Cliente 12,REPUESTOS
2023-09-07,Salida,LA MOLINA,43,BATERÍA 18 PLC,1,Cliente 33,REPUESTOS
2023-09-08,Salida,LA MOLINA,3,ODISSEY,1,Cliente 35,AUTOS
2023-09-08,Salida,LA MOLINA,38,ACEITE FS 5W30,2,Cliente 21,REPUESTOS
2023-09-08,Salida,LA MOLINA,39,FILTRO COMBUST,1,Cliente 24,REPUESTOS
2023-09-08,Salida,LA MOLINA,40,AMORT DEL,4,Cliente 39,REPUESTOS
2023-09-08,Salida,LA MOLINA,41,AMORT POS,2,Cliente 50,REPUESTOS
2023-09-08,Salida,LA MOLINA,42,"LLANTAS 18""",2,Cliente 29,REPUESTOS
2023-09-08,Salida,LA MOLINA,43,BATERÍA 18 PLC,1,Cliente 1,REPUESTOS
2023-09-09,Entrada,SURCO,1,ACCORD,3,Prov Vehículos,AUTOS
2023-09-09,Entrada,SURCO,2,CIVIC,2,Prov Vehículos,AUTOS
2023-09-09,Entrada,SURCO,4,CRV,1,Prov Vehículos,AUTOS
2023-09-09,Entrada,SURCO,5,PILOT,5,Prov Vehículos,AUTOS
2023-09-09,Entrada,SURCO,6,FIT,2,Prov Vehículos,AUTOS
2023-09-09,Entrada,SURCO,7,CITY,5,Prov Vehículos,AUTOS
2023-09-09,Entrada,LA MOLINA,1,ACCORD,4,Prov Vehículos,AUTOS
2023-09-09,Entrada,LA MOLINA,2,CIVIC,3,Prov Vehículos,AUTOS
2023-09-09,Entrada,LA MOLINA,3,ODISSEY,2,Prov Vehículos,AUTOS
2023-09-09,Entrada,LA MOLINA,4,CRV,2,Prov Vehículos,AUTOS
2023-09-09,Salida,LA MOLINA,3,ODISSEY,1,Cliente 39,AUTOS
2023-09-09,Salida,SURCO,5,PILOT,1,Cliente 20,AUTOS
2023-09-09,Salida,SURCO,7,CITY,1,Cliente 15,AUTOS
2023-09-09,Salida,SURCO,38,ACEITE FS 5W30,2,Cliente 50,REPUESTOS
2023-09-09,Salida,SURCO,39,FILTRO COMBUST,1,Cliente 7,REPUESTOS
2023-09-09,Salida,LA MOLINA,40,AMORT DEL,4,Cliente 10,REPUESTOS
2023-09-09,Salida,LA MOLINA,41,AMORT POS,3,Cliente 38,REPUESTOS
2023-09-09,Salida,LA MOLINA,42,"LLANTAS 18""",1,Cliente 20,REPUESTOS
2023-09-09,Salida,SURCO,43,BATERÍA 18 PLC,1,Cliente 37,REPUESTOS
2023-09-10,Salida,SURCO,5,PILOT,1,Cliente 47,AUTOS
2023-09-10,Salida,SURCO,7,CITY,1,Cliente 12,AUTOS
2023-09-10,Salida,SURCO,38,ACEITE FS 5W30,3,Cliente 39,REPUESTOS
2023-09-10,Salida,LA MOLINA,39,FILTRO COMBUST,1,Cliente 47,REPUESTOS
2023-09-10,Salida,SURCO,40,AMORT DEL,4,Cliente 50,REPUESTOS
2023-09-10,Salida,LA MOLINA,41,AMORT POS,2,Cliente 28,REPUESTOS
2023-09-10,Salida,SURCO,42,"LLANTAS 18""",1,Cliente 48,REPUESTOS
2023-09-10,Salida,SURCO,43,BATERÍA 18 PLC,1,Cliente 41,REPUESTOS
2023-09-11,Salida,SURCO,5,PILOT,1,Cliente 20,AUTOS
2023-09-11,Salida,SURCO,7,CITY,1,Cliente 21,AUTOS
2023-09-11,Salida,SURCO,38,ACEITE FS 5W30,3,Cliente 21,REPUESTOS
2023-09-11,Salida,LA MOLINA,39,FILTRO COMBUST,1,Cliente 10,REPUESTOS
2023-09-11,Salida,LA MOLINA,40,AMORT DEL,4,Cliente 49,REPUESTOS
2023-09-11,Salida,LA MOLINA,42,"LLANTAS 18""",1,Cliente 19,REPUESTOS
2023-09-11,Salida,SURCO,43,BATERÍA 18 PLC,1,Cliente 9,REPUESTOS
2023-09-12,Salida,SURCO,5,PILOT,1,Cliente 31,AUTOS
2023-09-12,Salida,SURCO,7,CITY,1,Cliente 36,AUTOS
2023-09-12,Salida,SURCO,38,ACEITE FS 5W30,2,Cliente 26,REPUESTOS
2023-09-12,Salida,LA MOLINA,39,FILTRO COMBUST,1,Cliente 50,REPUESTOS
2023-09-12,Salida,LA MOLINA,40,AMORT DEL,2,Cliente 36,REPUESTOS
2023-09-12,Salida,SURCO,42,"LLANTAS 18""",1,Cliente 36,REPUESTOS
2023-09-12,Salida,SURCO,43,BATERÍA 18 PLC,1,Cliente 16,REPUESTOS
2023-09-13,Salida,SURCO,5,PILOT,1,Cliente 50,AUTOS
2023-09-13,Salida,SURCO,38,ACEITE FS 5W30,2,Cliente 8,REPUESTOS
2023-09-13,Salida,LA MOLINA,39,FILTRO COMBUST,1,Cliente 24,REPUESTOS
2023-09-13,Salida,LA MOLINA,40,AMORT DEL,2,Cliente 23,REPUESTOS
2023-09-13,Salida,LA MOLINA,42,"LLANTAS 18""",2,Cliente 23,REPUESTOS
2023-09-14,Salida,SURCO,38,ACEITE FS 5W30,2,Cliente 29,REPUESTOS
2023-09-14,Salida,SURCO,40,AMORT DEL,1,Cliente 44,REPUESTOS
2023-09-14,Salida,LA MOLINA,42,"LLANTAS 18""",1,Cliente 48,REPUESTOS
2023-09-14,Control,SURCO,1,ACCORD,3,,AUTOS
2023-09-14,Control,SURCO,2,CIVIC,2,,AUTOS
2023-09-14,Control,SURCO,3,ODISSEY,0,,AUTOS
2023-09-14,Control,SURCO,4,CRV,3,,AUTOS
2023-09-14,Control,SURCO,5,PILOT,0,,AUTOS
2023-09-14,Control,SURCO,6,FIT,2,,AUTOS
2023-09-14,Control,SURCO,7,CITY,1,,AUTOS
2023-09-14,Control,SURCO,8,ELEMENT,0,,CAMIONETAS
2023-09-14,Control,SURCO,9,CROSSTOUR,0,,CAMIONETAS
2023-09-14,Control,SURCO,10,CR-Z,0,,CAMIONETAS
2023-09-14,Control,SURCO,11,RID LINE,0,,CAMIONETAS
2023-09-14,Control,SURCO,38,ACEITE FS 5W30,27,,REPUESTOS
2023-09-14,Control,SURCO,39,FILTRO COMBUST,0,,REPUESTOS
2023-09-14,Control,SURCO,40,AMORT DEL,0,,REPUESTOS
2023-09-14,Control,SURCO,41,AMORT POS,0,,REPUESTOS
2023-09-14,Control,SURCO,42,"LLANTAS 18""",0,,REPUESTOS
2023-09-14,Control,SURCO,43,BATERÍA 18 PLC,0,,REPUESTOS
2023-09-14,Control,LA MOLINA,1,ACCORD,4,,AUTOS
2023-09-14,Control,LA MOLINA,2,CIVIC,4,,AUTOS
2023-09-14,Control,LA MOLINA,3,ODISSEY,1,,AUTOS
2023-09-14,Control,LA MOLINA,4,CRV,3,,AUTOS
2023-09-14,Control,LA MOLINA,5,PILOT,0,,AUTOS
2023-09-14,Control,LA MOLINA,6,FIT,0,,AUTOS
2023-09-14,Control,LA MOLINA,7,CITY,0,,AUTOS
2023-09-14,Control,LA MOLINA,8,ELEMENT,0,,CAMIONETAS
2023-09-14,Control,LA MOLINA,9,CROSSTOUR,0,,CAMIONETAS
2023-09-14,Control,LA MOLINA,10,CR-Z,0,,CAMIONETAS
2023-09-14,Control,LA MOLINA,11,RID LINE,0,,CAMIONETAS
2023-09-14,Control,LA MOLINA,38,ACEITE FS 5W30,15,,REPUESTOS
2023-09-14,Control,LA MOLINA,39,FILTRO COMBUST,30,,REPUESTOS
2023-09-14,Control,LA MOLINA,40,AMORT DEL,77,,REPUESTOS
2023-09-14,Control,LA MOLINA,41,AMORT POS,0,,REPUESTOS
2023-09-14,Control,LA MOLINA,42,"LLANTAS 18""",28,,REPUESTOS
2023-09-14,Control,LA MOLINA,43,BATERÍA 18 PLC,0,,REPUESTOS
2023-09-15,Salida,LA MOLINA,38,ACEITE FS 5W30,1,Cliente 1,REPUESTOS
2023-09-15,Salida,LA MOLINA,40,AMORT DEL,1,Cliente 29,REPUESTOS
2023-09-15,Salida,LA MOLINA,42,"LLANTAS 18""",2,Cliente 48,REPUESTOS
2023-09-16,Salida,LA MOLINA,38,ACEITE FS 5W30,1,Cliente 36,REPUESTOS
2023-09-16,Salida,LA MOLINA,40,AMORT DEL,5,Cliente 45,REPUESTOS
2023-09-16,Salida,LA MOLINA,42,"LLANTAS 18""",1,Cliente 11,REPUESTOS
2023-09-17,Entrada,SURCO,39,FILTRO COMBUST,1,Prov Repuestos,REPUESTOS
2023-09-17,Entrada,SURCO,40,AMORT DEL,10,Prov Repuestos,REPUESTOS
2023-09-17,Entrada,SURCO,41,AMORT POS,10,Prov Repuestos,REPUESTOS
2023-09-17,Entrada,SURCO,42,"LLANTAS 18""",10,Prov Repuestos,REPUESTOS
2023-09-17,Entrada,SURCO,43,BATERÍA 18 PLC,5,Prov Repuestos,REPUESTOS
2023-09-17,Entrada,LA MOLINA,41,AMORT POS,10,Prov Repuestos,REPUESTOS
2023-09-17,Entrada,LA MOLINA,43,BATERÍA 18 PLC,5,Prov Repuestos,REPUESTOS
2023-09-17,Entrada,SURCO,39,FILTRO COMBUST,22,Prov Repuestos,REPUESTOS
2023-09-17,Entrada,LA MOLINA,42,"LLANTAS 18""",47,Prov Repuestos,REPUESTOS
2023-09-17,Salida,LA MOLINA,38,ACEITE FS 5W30,2,Cliente 4,REPUESTOS
2023-09-17,Salida,SURCO,40,AMORT DEL,6,Cliente 5,REPUESTOS
2023-09-17,Salida,LA MOLINA,41,AMORT POS,6,Cliente 43,REPUESTOS
2023-09-17,Salida,SURCO,42,"LLANTAS 18""",1,Cliente 19,REPUESTOS
2023-09-17,Salida,LA MOLINA,43,BATERÍA 18 PLC,1,Cliente 33,REPUESTOS
2023-09-18,Salida,LA MOLINA,38,ACEITE FS 5W30,3,Cliente 39,REPUESTOS
2023-09-18,Salida,SURCO,40,AMORT DEL,1,Cliente 13,REPUESTOS
2023-09-18,Salida,SURCO,41,AMORT POS,4,Cliente 3,REPUESTOS
2023-09-18,Salida,LA MOLINA,42,"LLANTAS 18""",2,Cliente 32,REPUESTOS
2023-09-18,Salida,SURCO,43,BATERÍA 18 PLC,1,Cliente 23,REPUESTOS
2023-09-19,Salida,LA MOLINA,38,ACEITE FS 5W30,3,Cliente 16,REPUESTOS
2023-09-19,Salida,SURCO,40,AMORT DEL,3,Cliente 41,REPUESTOS
2023-09-19,Salida,SURCO,41,AMORT POS,4,Cliente 36,REPUESTOS
2023-09-19,Salida,SURCO,42,"LLANTAS 18""",1,Cliente 22,REPUESTOS
2023-09-19,Salida,SURCO,43,BATERÍA 18 PLC,1,Cliente 47,REPUESTOS
2023-09-20,Salida,LA MOLINA,38,ACEITE FS 5W30,2,Cliente 16,REPUESTOS
2023-09-20,Salida,LA MOLINA,40,AMORT DEL,2,Cliente 20,REPUESTOS
2023-09-20,Salida,LA MOLINA,41,AMORT POS,3,Cliente 35,REPUESTOS
2023-09-20,Salida,SURCO,42,"LLANTAS 18""",1,Cliente 38,REPUESTOS
2023-09-20,Salida,SURCO,43,BATERÍA 18 PLC,1,Cliente 20,REPUESTOS
2023-09-21,Salida,LA MOLINA,38,ACEITE FS 5W30,2,Cliente 50,REPUESTOS
2023-09-21,Salida,LA MOLINA,40,AMORT DEL,6,Cliente 21,REPUESTOS
2023-09-21,Salida,SURCO,41,AMORT POS,2,Cliente 12,REPUESTOS
2023-09-21,Salida,SURCO,42,"LLANTAS 18""",1,Cliente 49,REPUESTOS
2023-09-21,Salida,LA MOLINA,43,BATERÍA 18 PLC,2,Cliente 20,REPUESTOS
2023-09-22,Salida,SURCO,38,ACEITE FS 5W30,3,Cliente 50,REPUESTOS
2023-09-22,Salida,LA MOLINA,40,AMORT DEL,1,Cliente 12,REPUESTOS
2023-09-22,Salida,LA MOLINA,41,AMORT POS,1,Cliente 39,REPUESTOS
2023-09-22,Salida,SURCO,42,"LLANTAS 18""",1,Cliente 23,REPUESTOS
2023-09-22,Salida,LA MOLINA,43,BATERÍA 18 PLC,2,Cliente 9,REPUESTOS
2023-09-23,Salida,LA MOLINA,38,ACEITE FS 5W30,1,Cliente 46,REPUESTOS
2023-09-23,Salida,LA MOLINA,40,AMORT DEL,3,Cliente 32,REPUESTOS
2023-09-23,Salida,SURCO,42,"LLANTAS 18""",2,Cliente 15,REPUESTOS
2023-09-23,Salida,SURCO,43,BATERÍA 18 PLC,2,Cliente 18,REPUESTOS
2023-09-24,Salida,SURCO,38,ACEITE FS 5W30,2,Cliente 49,REPUESTOS
2023-09-24,Salida,LA MOLINA,40,AMORT DEL,2,Cliente 29,REPUESTOS
2023-09-24,Salida,LA MOLINA,42,"LLANTAS 18""",3,Cliente 16,REPUESTOS
2023-09-25,Salida,SURCO,38,ACEITE FS 5W30,1,Cliente 47,REPUESTOS
2023-09-25,Salida,LA MOLINA,40,AMORT DEL,7,Cliente 34,REPUESTOS
2023-09-25,Salida,SURCO,42,"LLANTAS 18""",3,Cliente 16,REPUESTOS
2023-09-26,Salida,SURCO,38,ACEITE FS 5W30,4,Cliente 36,REPUESTOS
2023-09-26,Salida,LA MOLINA,40,AMORT DEL,9,Cliente 13,REPUESTOS
2023-09-26,Salida,LA MOLINA,42,"LLANTAS 18""",4,Cliente 50,REPUESTOS
2023-09-27,Salida,SURCO,38,ACEITE FS 5W30,3,Cliente 19,REPUESTOS
2023-09-27,Salida,LA MOLINA,40,AMORT DEL,1,Cliente 30,REPUESTOS
2023-09-27,Salida,LA MOLINA,42,"LLANTAS 18""",5,Cliente 12,REPUESTOS
2023-09-28,Salida,SURCO,38,ACEITE FS 5W30,3,Cliente 27,REPUESTOS
2023-09-28,Salida,LA MOLINA,40,AMORT DEL,8,Cliente 12,REPUESTOS
2023-09-28,Salida,LA MOLINA,42,"LLANTAS 18""",2,Cliente 6,REPUESTOS
2023-09-29,Salida,SURCO,38,ACEITE FS 5W30,2,Cliente 41,REPUESTOS
2023-09-29,Salida,LA MOLINA,40,AMORT DEL,3,Cliente 47,REPUESTOS
2023-09-29,Salida,LA MOLINA,42,"LLANTAS 18""",4,Cliente 3,REPUESTOS
2023-09-30,Salida,SURCO,38,ACEITE FS 5W30,6,Cliente 27,REPUESTOS
2023-09-30,Salida,LA MOLINA,40,AMORT DEL,10,Cliente 19,REPUESTOS
2023-09-30,Salida,LA MOLINA,42,"LLANTAS 18""",3,Cliente 1,REPUESTOS
2023-09-30,Control,SURCO,1,ACCORD,3,,AUTOS
2023-09-30,Control,SURCO,2,CIVIC,2,,AUTOS
2023-09-30,Control,SURCO,3,ODISSEY,0,,AUTOS
2023-09-30,Control,SURCO,4,CRV,3,,AUTOS
2023-09-30,Control,SURCO,5,PILOT,0,,AUTOS
2023-09-30,Control,SURCO,6,FIT,2,,AUTOS
2023-09-30,Control,SURCO,7,CITY,1,,AUTOS
2023-09-30,Control,SURCO,8,ELEMENT,0,,CAMIONETAS
2023-09-30,Control,SURCO,9,CROSSTOUR,0,,CAMIONETAS
2023-09-30,Control,SURCO,10,CR-Z,0,,CAMIONETAS
2023-09-30,Control,SURCO,11,RID LINE,0,,CAMIONETAS
2023-09-30,Control,SURCO,38,ACEITE FS 5W30,3,,REPUESTOS
2023-09-30,Control,SURCO,39,FILTRO COMBUST,23,,REPUESTOS
2023-09-30,Control,SURCO,40,AMORT DEL,0,,REPUESTOS
2023-09-30,Control,SURCO,41,AMORT POS,0,,REPUESTOS
2023-09-30,Control,SURCO,42,"LLANTAS 18""",0,,REPUESTOS
2023-09-30,Control,SURCO,43,BATERÍA 18 PLC,0,,REPUESTOS
2023-09-30,Control,LA MOLINA,1,ACCORD,4,,AUTOS
2023-09-30,Control,LA MOLINA,2,CIVIC,4,,AUTOS
2023-09-30,Control,LA MOLINA,3,ODISSEY,1,,AUTOS
2023-09-30,Control,LA MOLINA,4,CRV,3,,AUTOS
2023-09-30,Control,LA MOLINA,5,PILOT,0,,AUTOS
2023-09-30,Control,LA MOLINA,6,FIT,0,,AUTOS
2023-09-30,Control,LA MOLINA,7,CITY,0,,AUTOS
2023-09-30,Control,LA MOLINA,8,ELEMENT,0,,CAMIONETAS
2023-09-30,Control,LA MOLINA,9,CROSSTOUR,0,,CAMIONETAS
2023-09-30,Control,LA MOLINA,10,CR-Z,0,,CAMIONETAS
2023-09-30,Control,LA MOLINA,11,RID LINE,0,,CAMIONETAS
2023-09-30,Control,LA MOLINA,38,ACEITE FS 5W30,0,,REPUESTOS
2023-09-30,Control,LA MOLINA,39,FILTRO COMBUST,30,,REPUESTOS
2023-09-30,Control,LA MOLINA,40,AMORT DEL,19,,REPUESTOS
2023-09-30,Control,LA MOLINA,41,AMORT POS,0,,REPUESTOS
2023-09-30,Control,LA MOLINA,42,"LLANTAS 18""",49,,REPUESTOS
2023-09-30,Control,LA MOLINA,43,BATERÍA 18 PLC,0,,REPUESTOS
2023-10-01,Salida,LA MOLINA,1,ACCORD,1,Cliente 32,AUTOS
2023-10-01,Salida,SURCO,2,CIVIC,1,Cliente 39,AUTOS
2023-10-01,Salida,LA MOLINA,3,ODISSEY,1,Cliente 14,AUTOS
2023-10-01,Salida,LA MOLINA,4,CRV,1,Cliente 30,AUTOS
2023-10-01,Salida,SURCO,6,FIT,1,Cliente 6,AUTOS
2023-10-01,Salida,SURCO,7,CITY,1,Cliente 16,AUTOS
2023-10-01,Salida,SURCO,38,ACEITE FS 5W30,2,Cliente 4,REPUESTOS
2023-10-01,Salida,SURCO,39,FILTRO COMBUST,1,Cliente 4,REPUESTOS
2023-10-01,Salida,LA MOLINA,40,AMORT DEL,1,Cliente 3,REPUESTOS
2023-10-01,Salida,LA MOLINA,42,"LLANTAS 18""",2,Cliente 4,REPUESTOS
2023-10-02,Salida,LA MOLINA,1,ACCORD,1,Cliente 12,AUTOS
2023-10-02,Salida,LA MOLINA,2,CIVIC,1,Cliente 40,AUTOS
2023-10-02,Salida,SURCO,4,CRV,1,Cliente 30,AUTOS
2023-10-02,Salida,SURCO,6,FIT,1,Cliente 3,AUTOS
2023-10-02,Salida,SURCO,38,ACEITE FS 5W30,1,Cliente 24,REPUESTOS
2023-10-02,Salida,SURCO,39,FILTRO COMBUST,1,Cliente 49,REPUESTOS
2023-10-02,Salida,LA MOLINA,40,AMORT DEL,1,Cliente 31,REPUESTOS
2023-10-02,Salida,LA MOLINA,42,"LLANTAS 18""",2,Cliente 34,REPUESTOS
2023-10-03,Entrada,SURCO,38,ACEITE FS 5W30,7,Prov Repuestos,REPUESTOS
2023-10-03,Entrada,SURCO,40,AMORT DEL,10,Prov Repuestos,REPUESTOS
2023-10-03,Entrada,SURCO,41,AMORT POS,10,Prov Repuestos,REPUESTOS
2023-10-03,Entrada,SURCO,42,"LLANTAS 18""",10,Prov Repuestos,REPUESTOS
2023-10-03,Entrada,SURCO,43,BATERÍA 18 PLC,5,Prov Repuestos,REPUESTOS
2023-10-03,Entrada,LA MOLINA,38,ACEITE FS 5W30,10,Prov Repuestos,REPUESTOS
2023-10-03,Entrada,LA MOLINA,41,AMORT POS,10,Prov Repuestos,REPUESTOS
2023-10-03,Entrada,LA MOLINA,43,BATERÍA 18 PLC,5,Prov Repuestos,REPUESTOS
2023-10-03,Entrada,SURCO,38,ACEITE FS 5W30,17,Prov Repuestos,REPUESTOS
2023-10-03,Entrada,LA MOLINA,41,AMORT POS,89,Prov Repuestos,REPUESTOS
2023-10-03,Salida,SURCO,1,ACCORD,1,Cliente 45,AUTOS
2023-10-03,Salida,SURCO,4,CRV,1,Cliente 7,AUTOS
2023-10-03,Salida,LA MOLINA,38,ACEITE FS 5W30,1,Cliente 47,REPUESTOS
2023-10-03,Salida,LA MOLINA,39,FILTRO COMBUST,1,Cliente 28,REPUESTOS
2023-10-03,Salida,LA MOLINA,40,AMORT DEL,3,Cliente 34,REPUESTOS
2023-10-03,Salida,SURCO,41,AMORT POS,2,Cliente 40,REPUESTOS
2023-10-03,Salida,LA MOLINA,42,"LLANTAS 18""",2,Cliente 32,REPUESTOS
2023-10-03,Salida,SURCO,43,BATERÍA 18 PLC,1,Cliente 46,REPUESTOS
2023-10-04,Salida,SURCO,1,ACCORD,1,Cliente 1,AUTOS
2023-10-04,Salida,SURCO,4,CRV,1,Cliente 30,AUTOS
2023-10-04,Salida,LA MOLINA,38,ACEITE FS 5W30,1,Cliente 27,REPUESTOS
2023-10-04,Salida,LA MOLINA,39,FILTRO COMBUST,1,Cliente 23,REPUESTOS
2023-10-04,Salida,SURCO,40,AMORT DEL,2,Cliente 41,REPUESTOS
2023-10-04,Salida,LA MOLINA,41,AMORT POS,3,Cliente 17,REPUESTOS
2023-10-04,Salida,LA MOLINA,42,"LLANTAS 18""",2,Cliente 33,REPUESTOS
2023-10-04,Salida,LA MOLINA,43,BATERÍA 18 PLC,1,Cliente 50,REPUESTOS
2023-10-05,Salida,SURCO,1,ACCORD,1,Cliente 44,AUTOS
2023-10-05,Salida,LA MOLINA,38,ACEITE FS 5W30,2,Cliente 47,REPUESTOS
2023-10-05,Salida,SURCO,39,FILTRO COMBUST,1,Cliente 12,REPUESTOS
2023-10-05,Salida,LA MOLINA,40,AMORT DEL,3,Cliente 44,REPUESTOS
2023-10-05,Salida,SURCO,41,AMORT POS,2,Cliente 42,REPUESTOS
2023-10-05,Salida,SURCO,42,"LLANTAS 18""",2,Cliente 41,REPUESTOS
2023-10-05,Salida,LA MOLINA,43,BATERÍA 18 PLC,1,Cliente 30,REPUESTOS
2023-10-06,Salida,LA MOLINA,38,ACEITE FS 5W30,1,Cliente 37,REPUESTOS
2023-10-06,Salida,SURCO,39,FILTRO COMBUST,1,Cliente 14,REPUESTOS
2023-10-06,Salida,LA MOLINA,40,AMORT DEL,3,Cliente 5,REPUESTOS
2023-10-06,Salida,SURCO,41,AMORT POS,2,Cliente 22,REPUESTOS
2023-10-06,Salida,LA MOLINA,42,"LLANTAS 18""",1,Cliente 12,REPUESTOS
2023-10-06,Salida,LA MOLINA,43,BATERÍA 18 PLC,1,Cliente 46,REPUESTOS
2023-10-07,Salida,SURCO,38,ACEITE FS 5W30,3,Cliente 18,REPUESTOS
2023-10-07,Salida,SURCO,39,FILTRO COMBUST,1,Cliente 32,REPUESTOS
2023-10-07,Salida,LA MOLINA,40,AMORT DEL,3,Cliente 20,REPUESTOS
2023-10-07,Salida,LA MOLINA,41,AMORT POS,3,Cliente 12,REPUESTOS
2023-10-07,Salida,SURCO,42,"LLANTAS 18""",2,Cliente 50,REPUESTOS
2023-10-07,Salida,LA MOLINA,43,BATERÍA 18 PLC,1,Cliente 33,REPUESTOS
2023-10-08,Salida,SURCO,38,ACEITE FS 5W30,2,Cliente 13,REPUESTOS
2023-10-08,Salida,LA MOLINA,39,FILTRO COMBUST,1,Cliente 47,REPUESTOS
2023-10-08,Salida,LA MOLINA,40,AMORT DEL,3,Cliente 10,REPUESTOS
2023-10-08,Salida,SURCO,41,AMORT POS,3,Cliente 14,REPUESTOS
2023-10-08,Salida,LA MOLINA,42,"LLANTAS 18""",2,Cliente 46,REPUESTOS
2023-10-08,Salida,SURCO,43,BATERÍA 18 PLC,1,Cliente 20,REPUESTOS
2023-10-09,Salida,SURCO,38,ACEITE FS 5W30,3,Cliente 22,REPUESTOS
2023-10-09,Salida,SURCO,39,FILTRO COMBUST,1,Cliente 7,REPUESTOS
2023-10-09,Salida,SURCO,40,AMORT DEL,3,Cliente 37,REPUESTOS
2023-10-09,Salida,SURCO,41,AMORT POS,1,Cliente 21,REPUESTOS
2023-10-09,Salida,LA MOLINA,42,"LLANTAS 18""",1,Cliente 18,REPUESTOS
2023-10-09,Salida,LA MOLINA,43,BATERÍA 18 PLC,1,Cliente 43,REPUESTOS
2023-10-10,Entrada,SURCO,1,ACCORD,2,Prov Vehículos,AUTOS
2023-10-10,Entrada,SURCO,2,CIVIC,3,Prov Vehículos,AUTOS
2023-10-10,Entrada,SURCO,3,ODISSEY,5,Prov Vehículos,AUTOS
2023-10-10,Entrada,SURCO,4,CRV,2,Prov Vehículos,AUTOS
2023-10-10,Entrada,SURCO,5,PILOT,5,Prov Vehículos,AUTOS
2023-10-10,Entrada,SURCO,6,FIT,3,Prov Vehículos,AUTOS
2023-10-10,Entrada,SURCO,7,CITY,4,Prov Vehículos,AUTOS
2023-10-10,Entrada,LA MOLINA,1,ACCORD,1,Prov Vehículos,AUTOS
2023-10-10,Entrada,LA MOLINA,2,CIVIC,1,Prov Vehículos,AUTOS
2023-10-10,Entrada,LA MOLINA,3,ODISSEY,4,Prov Vehículos,AUTOS
2023-10-10,Entrada,LA MOLINA,4,CRV,2,Prov Vehículos,AUTOS
2023-10-10,Salida,LA MOLINA,3,ODISSEY,1,Cliente 10,AUTOS
2023-10-10,Salida,SURCO,5,PILOT,1,Cliente 8,AUTOS
2023-10-10,Salida,SURCO,6,FIT,1,Cliente 14,AUTOS
2023-10-10,Salida,SURCO,7,CITY,1,Cliente 36,AUTOS
2023-10-10,Salida,SURCO,38,ACEITE FS 5W30,2,Cliente 46,REPUESTOS
2023-10-10,Salida,SURCO,39,FILTRO COMBUST,1,Cliente 11,REPUESTOS
2023-10-10,Salida,LA MOLINA,40,AMORT DEL,2,Cliente 35,REPUESTOS
2023-10-10,Salida,LA MOLINA,41,AMORT POS,1,Cliente 2,REPUESTOS
2023-10-10,Salida,SURCO,42,"LLANTAS 18""",1,Cliente 25,REPUESTOS
2023-10-10,Salida,SURCO,43,BATERÍA 18 PLC,1,Cliente 26,REPUESTOS
2023-10-11,Salida,LA MOLINA,3,ODISSEY,1,Cliente 40,AUTOS
2023-10-11,Salida,SURCO,5,PILOT,1,Cliente 22,AUTOS
2023-10-11,Salida,SURCO,6,FIT,1,Cliente 49,AUTOS
2023-10-11,Salida,SURCO,7,CITY,1,Cliente 6,AUTOS
2023-10-11,Salida,LA MOLINA,38,ACEITE FS 5W30,1,Cliente 20,REPUESTOS
2023-10-11,Salida,LA MOLINA,39,FILTRO COMBUST,1,Cliente 15,REPUESTOS
2023-10-11,Salida,SURCO,40,AMORT DEL,2,Cliente 24,REPUESTOS
2023-10-11,Salida,LA MOLINA,41,AMORT POS,1,Cliente 21,REPUESTOS
2023-10-11,Salida,SURCO,42,"LLANTAS 18""",2,Cliente 5,REPUESTOS
2023-10-11,Salida,SURCO,43,BATERÍA 18 PLC,1,Cliente 31,REPUESTOS
2023-10-12,Salida,SURCO,3,ODISSEY,1,Cliente 19,AUTOS
2023-10-12,Salida,SURCO,5,PILOT,1,Cliente 33,AUTOS
2023-10-12,Salida,SURCO,6,FIT,1,Cliente 46,AUTOS
2023-10-12,Salida,SURCO,7,CITY,1,Cliente 36,AUTOS
2023-10-12,Salida,LA MOLINA,38,ACEITE FS 5W30,2,Cliente 26,REPUESTOS
2023-10-12,Salida,LA MOLINA,39,FILTRO COMBUST,1,Cliente 16,REPUESTOS
2023-10-12,Salida,SURCO,40,AMORT DEL,2,Cliente 31,REPUESTOS
2023-10-12,Salida,LA MOLINA,41,AMORT POS,1,Cliente 14,REPUESTOS
2023-10-12,Salida,LA MOLINA,42,"LLANTAS 18""",2,Cliente 37,REPUESTOS
2023-10-12,Salida,SURCO,43,BATERÍA 18 PLC,1,Cliente 43,REPUESTOS
2023-10-13,Salida,LA MOLINA,3,ODISSEY,1,Cliente 8,AUTOS
2023-10-13,Salida,SURCO,5,PILOT,1,Cliente 21,AUTOS
2023-10-13,Salida,SURCO,7,CITY,1,Cliente 29,AUTOS
2023-10-13,Salida,LA MOLINA,38,ACEITE FS 5W30,2,Cliente 5,REPUESTOS
2023-10-13,Salida,SURCO,39,FILTRO COMBUST,1,Cliente 44,REPUESTOS
2023-10-13,Salida,SURCO,40,AMORT DEL,1,Cliente 32,REPUESTOS
2023-10-13,Salida,LA MOLINA,41,AMORT POS,1,Cliente 9,REPUESTOS
2023-10-13,Salida,SURCO,42,"LLANTAS 18""",3,Cliente 49,REPUESTOS
2023-10-14,Salida,SURCO,5,PILOT,1,Cliente 35,AUTOS
2023-10-14,Salida,SURCO,38,ACEITE FS 5W30,2,Cliente 13,REPUESTOS
2023-10-14,Salida,LA MOLINA,39,FILTRO COMBUST,1,Cliente 20,REPUESTOS
2023-10-14,Salida,LA MOLINA,41,AMORT POS,2,Cliente 6,REPUESTOS
2023-10-14,Salida,LA MOLINA,42,"LLANTAS 18""",1,Cliente 9,REPUESTOS
2023-10-14,Control,SURCO,1,ACCORD,2,,AUTOS
2023-10-14,Control,SURCO,2,CIVIC,4,,AUTOS
2023-10-14,Control,SURCO,3,ODISSEY,4,,AUTOS
2023-10-14,Control,SURCO,4,CRV,2,,AUTOS
2023-10-14,Control,SURCO,5,PILOT,0,,AUTOS
2023-10-14,Control,SURCO,6,FIT,0,,AUTOS
2023-10-14,Control,SURCO,7,CITY,0,,AUTOS
2023-10-14,Control,SURCO,8,ELEMENT,0,,CAMIONETAS
2023-10-14,Control,SURCO,9,CROSSTOUR,0,,CAMIONETAS
2023-10-14,Control,SURCO,10,CR-Z,0,,CAMIONETAS
2023-10-14,Control,SURCO,11,RID LINE,0,,CAMIONETAS
2023-10-14,Control,SURCO,38,ACEITE FS 5W30,12,,REPUESTOS
2023-10-14,Control,SURCO,39,FILTRO COMBUST,15,,REPUESTOS
2023-10-14,Control,SURCO,40,AMORT DEL,0,,REPUESTOS
2023-10-14,Control,SURCO,41,AMORT POS,0,,REPUESTOS
2023-10-14,Control,SURCO,42,"LLANTAS 18""",0,,REPUESTOS
2023-10-14,Control,SURCO,43,BATERÍA 18 PLC,0,,REPUESTOS
2023-10-14,Control,LA MOLINA,1,ACCORD,3,,AUTOS
2023-10-14,Control,LA MOLINA,2,CIVIC,4,,AUTOS
2023-10-14,Control,LA MOLINA,3,ODISSEY,1,,AUTOS
2023-10-14,Control,LA MOLINA,4,CRV,4,,AUTOS
2023-10-14,Control,LA MOLINA,5,PILOT,0,,AUTOS
2023-10-14,Control,LA MOLINA,6,FIT,0,,AUTOS
2023-10-14,Control,LA MOLINA,7,CITY,0,,AUTOS
2023-10-14,Control,LA MOLINA,8,ELEMENT,0,,CAMIONETAS
2023-10-14,Control,LA MOLINA,9,CROSSTOUR,0,,CAMIONETAS
2023-10-14,Control,LA MOLINA,10,CR-Z,0,,CAMIONETAS
2023-10-14,Control,LA MOLINA,11,RID LINE,0,,CAMIONETAS
2023-10-14,Control,LA MOLINA,38,ACEITE FS 5W30,0,,REPUESTOS
2023-10-14,Control,LA MOLINA,39,FILTRO COMBUST,24,,REPUESTOS
2023-10-14,Control,LA MOLINA,40,AMORT DEL,0,,REPUESTOS
2023-10-14,Control,LA MOLINA,41,AMORT POS,87,,REPUESTOS
2023-10-14,Control,LA MOLINA,42,"LLANTAS 18""",34,,REPUESTOS
2023-10-14,Control,LA MOLINA,43,BATERÍA 18 PLC,0,,REPUESTOS
2023-10-15,Salida,SURCO,38,ACEITE FS 5W30,1,Cliente 46,REPUESTOS
2023-10-15,Salida,LA MOLINA,39,FILTRO COMBUST,1,Cliente 8,REPUESTOS
2023-10-15,Salida,LA MOLINA,41,AMORT POS,1,Cliente 45,REPUESTOS
2023-10-15,Salida,LA MOLINA,42,"LLANTAS 18""",2,Cliente 46,REPUESTOS
2023-10-16,Salida,SURCO,38,ACEITE FS 5W30,2,Cliente 35,REPUESTOS
2023-10-16,Salida,SURCO,39,FILTRO COMBUST,1,Cliente 31,REPUESTOS
2023-10-16,Salida,LA MOLINA,41,AMORT POS,3,Cliente 24,REPUESTOS
2023-10-16,Salida,LA MOLINA,42,"LLANTAS 18""",1,Cliente 43,REPUESTOS
2023-10-17,Entrada,SURCO,40,AMORT DEL,10,Prov Repuestos,REPUESTOS
2023-10-17,Entrada,SURCO,41,AMORT POS,10,Prov Repuestos,REPUESTOS
2023-10-17,Entrada,SURCO,42,"LLANTAS 18""",10,Prov Repuestos,REPUESTOS
2023-10-17,Entrada,SURCO,43,BATERÍA 18 PLC,5,Prov Repuestos,REPUESTOS
2023-10-17,Entrada,LA MOLINA,38,ACEITE FS 5W30,10,Prov Repuestos,REPUESTOS
2023-10-17,Entrada,LA MOLINA,40,AMORT DEL,10,Prov Repuestos,REPUESTOS
2023-10-17,Entrada,LA MOLINA,43,BATERÍA 18 PLC,5,Prov Repuestos,REPUESTOS
2023-10-17,Entrada,SURCO,40,AMORT DEL,23,Prov Repuestos,REPUESTOS
2023-10-17,Entrada,LA MOLINA,42,"LLANTAS 18""",42,Prov Repuestos,REPUESTOS
2023-10-17,Salida,SURCO,38,ACEITE FS 5W30,1,Cliente 42,REPUESTOS
2023-10-17,Salida,LA MOLINA,40,AMORT DEL,2,Cliente 43,REPUESTOS
2023-10-17,Salida,SURCO,41,AMORT POS,2,Cliente 9,REPUESTOS
2023-10-17,Salida,LA MOLINA,42,"LLANTAS 18""",2,Cliente 40,REPUESTOS
2023-10-17,Salida,LA MOLINA,43,BATERÍA 18 PLC,2,Cliente 36,REPUESTOS
2023-10-18,Salida,LA MOLINA,38,ACEITE FS 5W30,2,Cliente 15,REPUESTOS
2023-10-18,Salida,SURCO,40,AMORT DEL,4,Cliente 37,REPUESTOS
2023-10-18,Salida,LA MOLINA,41,AMORT POS,2,Cliente 27,REPUESTOS
2023-10-18,Salida,LA MOLINA,42,"LLANTAS 18""",3,Cliente 3,REPUESTOS
2023-10-18,Salida,LA MOLINA,43,BATERÍA 18 PLC,3,Cliente 46,REPUESTOS
2023-10-19,Salida,LA MOLINA,38,ACEITE FS 5W30,1,Cliente 45,REPUESTOS
2023-10-19,Salida,LA MOLINA,40,AMORT DEL,2,Cliente 30,REPUESTOS
2023-10-19,Salida,SURCO,41,AMORT POS,1,Cliente 16,REPUESTOS
2023-10-19,Salida,SURCO,42,"LLANTAS 18""",3,Cliente 44,REPUESTOS
2023-10-19,Salida,SURCO,43,BATERÍA 18 PLC,3,Cliente 40,REPUESTOS
2023-10-20,Salida,SURCO,38,ACEITE FS 5W30,3,Cliente 31,REPUESTOS
2023-10-20,Salida,LA MOLINA,40,AMORT DEL,6,Cliente 27,REPUESTOS
2023-10-20,Salida,LA MOLINA,41,AMORT POS,3,Cliente 11,REPUESTOS
2023-10-20,Salida,LA MOLINA,42,"LLANTAS 18""",3,Cliente 47,REPUESTOS
2023-10-20,Salida,SURCO,43,BATERÍA 18 PLC,2,Cliente 41,REPUESTOS
2023-10-21,Salida,SURCO,38,ACEITE FS 5W30,2,Cliente 43,REPUESTOS
2023-10-21,Salida,SURCO,40,AMORT DEL,1,Cliente 32,REPUESTOS
2023-10-21,Salida,SURCO,41,AMORT POS,2,Cliente 18,REPUESTOS
2023-10-21,Salida,LA MOLINA,42,"LLANTAS 18""",1,Cliente 18,REPUESTOS
2023-10-22,Salida,SURCO,38,ACEITE FS 5W30,1,Cliente 38,REPUESTOS
2023-10-22,Salida,SURCO,40,AMORT DEL,8,Cliente 12,REPUESTOS
2023-10-22,Salida,LA MOLINA,41,AMORT POS,2,Cliente 12,REPUESTOS
2023-10-22,Salida,LA MOLINA,42,"LLANTAS 18""",1,Cliente 6,REPUESTOS
2023-10-23,Salida,LA MOLINA,38,ACEITE FS 5W30,2,Cliente 49,REPUESTOS
2023-10-23,Salida,SURCO,40,AMORT DEL,7,Cliente 43,REPUESTOS
2023-10-23,Salida,SURCO,41,AMORT POS,2,Cliente 37,REPUESTOS
2023-10-23,Salida,LA MOLINA,42,"LLANTAS 18""",1,Cliente 49,REPUESTOS
2023-10-24,Salida,LA MOLINA,38,ACEITE FS 5W30,2,Cliente 26,REPUESTOS
2023-10-24,Salida,SURCO,40,AMORT DEL,5,Cliente 48,REPUESTOS
2023-10-24,Salida,LA MOLINA,41,AMORT POS,2,Cliente 44,REPUESTOS
2023-10-24,Salida,LA MOLINA,42,"LLANTAS 18""",4,Cliente 10,REPUESTOS
2023-10-25,Salida,LA MOLINA,38,ACEITE FS 5W30,1,Cliente 29,REPUESTOS
2023-10-25,Salida,SURCO,40,AMORT DEL,6,Cliente 7,REPUESTOS
2023-10-25,Salida,LA MOLINA,41,AMORT POS,6,Cliente 28,REPUESTOS
2023-10-25,Salida,LA MOLINA,42,"LLANTAS 18""",3,Cliente 18,REPUESTOS
2023-10-26,Salida,LA MOLINA,38,ACEITE FS 5W30,2,Cliente 30,REPUESTOS
2023-10-26,Salida,SURCO,40,AMORT DEL,2,Cliente 34,REPUESTOS
2023-10-26,Salida,SURCO,41,AMORT POS,3,Cliente 21,REPUESTOS
2023-10-26,Salida,SURCO,42,"LLANTAS 18""",1,Cliente 5,REPUESTOS
2023-10-27,Salida,SURCO,38,ACEITE FS 5W30,1,Cliente 44,REPUESTOS
2023-10-27,Salida,LA MOLINA,41,AMORT POS,2,Cliente 17,REPUESTOS
2023-10-27,Salida,SURCO,42,"LLANTAS 18""",1,Cliente 40,REPUESTOS
2023-10-28,Salida,SURCO,38,ACEITE FS 5W30,1,Cliente 46,REPUESTOS
2023-10-28,Salida,LA MOLINA,41,AMORT POS,3,Cliente 43,REPUESTOS
2023-10-28,Salida,SURCO,42,"LLANTAS 18""",5,Cliente 8,REPUESTOS
2023-10-29,Salida,LA MOLINA,41,AMORT POS,2,Cliente 18,REPUESTOS
2023-10-29,Salida,LA MOLINA,42,"LLANTAS 18""",6,Cliente 17,REPUESTOS
2023-10-30,Salida,LA MOLINA,41,AMORT POS,7,Cliente 4,REPUESTOS
2023-10-30,Salida,LA MOLINA,42,"LLANTAS 18""",5,Cliente 29,REPUESTOS
2023-10-31,Salida,LA MOLINA,41,AMORT POS,7,Cliente 29,REPUESTOS
2023-10-31,Salida,LA MOLINA,42,"LLANTAS 18""",2,Cliente 5,REPUESTOS
2023-10-31,Control,SURCO,1,ACCORD,2,,AUTOS
2023-10-31,Control,SURCO,2,CIVIC,4,,AUTOS
2023-10-31,Control,SURCO,3,ODISSEY,4,,AUTOS
2023-10-31,Control,SURCO,4,CRV,2,,AUTOS
2023-10-31,Control,SURCO,5,PILOT,0,,AUTOS
2023-10-31,Control,SURCO,6,FIT,0,,AUTOS
2023-10-31,Control,SURCO,7,CITY,0,,AUTOS
2023-10-31,Control,SURCO,8,ELEMENT,0,,CAMIONETAS
2023-10-31,Control,SURCO,9,CROSSTOUR,0,,CAMIONETAS
2023-10-31,Control,SURCO,10,CR-Z,0,,CAMIONETAS
2023-10-31,Control,SURCO,11,RID LINE,0,,CAMIONETAS
2023-10-31,Control,SURCO,38,ACEITE FS 5W30,0,,REPUESTOS
2023-10-31,Control,SURCO,39,FILTRO COMBUST,14,,REPUESTOS
2023-10-31,Control,SURCO,40,AMORT DEL,0,,REPUESTOS
2023-10-31,Control,SURCO,41,AMORT POS,0,,REPUESTOS
2023-10-31,Control,SURCO,42,"LLANTAS 18""",0,,REPUESTOS
2023-10-31,Control,SURCO,43,BATERÍA 18 PLC,0,,REPUESTOS
2023-10-31,Control,LA MOLINA,1,ACCORD,3,,AUTOS
2023-10-31,Control,LA MOLINA,2,CIVIC,4,,AUTOS
2023-10-31,Control,LA MOLINA,3,ODISSEY,1,,AUTOS
2023-10-31,Control,LA MOLINA,4,CRV,4,,AUTOS
2023-10-31,Control,LA MOLINA,5,PILOT,0,,AUTOS
2023-10-31,Control,LA MOLINA,6,FIT,0,,AUTOS
2023-10-31,Control,LA MOLINA,7,CITY,0,,AUTOS
2023-10-31,Control,LA MOLINA,8,ELEMENT,0,,CAMIONETAS
2023-10-31,Control,LA MOLINA,9,CROSSTOUR,0,,CAMIONETAS
2023-10-31,Control,LA MOLINA,10,CR-Z,0,,CAMIONETAS
2023-10-31,Control,LA MOLINA,11,RID LINE,0,,CAMIONETAS
2023-10-31,Control,LA MOLINA,38,ACEITE FS 5W30,0,,REPUESTOS
2023-10-31,Control,LA MOLINA,39,FILTRO COMBUST,23,,REPUESTOS
2023-10-31,Control,LA MOLINA,40,AMORT DEL,0,,REPUESTOS
2023-10-31,Control,LA MOLINA,41,AMORT POS,47,,REPUESTOS
2023-10-31,Control,LA MOLINA,42,"LLANTAS 18""",42,,REPUESTOS
2023-10-31,Control,LA MOLINA,43,BATERÍA 18 PLC,0,,REPUESTOS
2023-11-01,Salida,LA MOLINA,1,ACCORD,1,Cliente 10,AUTOS
2023-11-01,Salida,SURCO,2,CIVIC,1,Cliente 43,AUTOS
2023-11-01,Salida,LA MOLINA,3,ODISSEY,1,Cliente 10,AUTOS
2023-11-01,Salida,LA MOLINA,4,CRV,1,Cliente 37,AUTOS
2023-11-01,Salida,LA MOLINA,39,FILTRO COMBUST,1,Cliente 28,REPUESTOS
2023-11-01,Salida,LA MOLINA,41,AMORT POS,1,Cliente 1,REPUESTOS
2023-11-01,Salida,LA MOLINA,42,"LLANTAS 18""",3,Cliente 8,REPUESTOS
2023-11-02,Salida,LA MOLINA,1,ACCORD,1,Cliente 22,AUTOS
2023-11-02,Salida,LA MOLINA,2,CIVIC,1,Cliente 4,AUTOS
2023-11-02,Salida,SURCO,3,ODISSEY,1,Cliente 35,AUTOS
2023-11-02,Salida,SURCO,4,CRV,1,Cliente 30,AUTOS
2023-11-02,Salida,SURCO,39,FILTRO COMBUST,1,Cliente 36,REPUESTOS
2023-11-02,Salida,LA MOLINA,41,AMORT POS,2,Cliente 45,REPUESTOS
2023-11-02,Salida,LA MOLINA,42,"LLANTAS 18""",1,Cliente 32,REPUESTOS
2023-11-03,Entrada,SURCO,38,ACEITE FS 5W30,10,Prov Repuestos,REPUESTOS
2023-11-03,Entrada,SURCO,40,AMORT DEL,10,Prov Repuestos,REPUESTOS
2023-11-03,Entrada,SURCO,41,AMORT POS,10,Prov Repuestos,REPUESTOS
2023-11-03,Entrada,SURCO,42,"LLANTAS 18""",10,Prov Repuestos,REPUESTOS
2023-11-03,Entrada,SURCO,43,BATERÍA 18 PLC,5,Prov Repuestos,REPUESTOS
2023-11-03,Entrada,LA MOLINA,38,ACEITE FS 5W30,10,Prov Repuestos,REPUESTOS
2023-11-03,Entrada,LA MOLINA,40,AMORT DEL,10,Prov Repuestos,REPUESTOS
2023-11-03,Entrada,LA MOLINA,43,BATERÍA 18 PLC,5,Prov Repuestos,REPUESTOS
2023-11-03,Entrada,SURCO,41,AMORT POS,26,Prov Repuestos,REPUESTOS
2023-11-03,Entrada,LA MOLINA,38,ACEITE FS 5W30,75,Prov Repuestos,REPUESTOS
2023-11-03,Salida,LA MOLINA,1,ACCORD,1,Cliente 48,AUTOS
2023-11-03,Salida,SURCO,2,CIVIC,1,Cliente 3,AUTOS
2023-11-03,Salida,SURCO,3,ODISSEY,1,Cliente 47,AUTOS
2023-11-03,Salida,SURCO,4,CRV,1,Cliente 32,AUTOS
2023-11-03,Salida,LA MOLINA,38,ACEITE FS 5W30,1,Cliente 32,REPUESTOS
2023-11-03,Salida,LA MOLINA,39,FILTRO COMBUST,1,Cliente 2,REPUESTOS
2023-11-03,Salida,SURCO,40,AMORT DEL,2,Cliente 22,REPUESTOS
2023-11-03,Salida,SURCO,41,AMORT POS,4,Cliente 14,REPUESTOS
2023-11-03,Salida,SURCO,42,"LLANTAS 18""",2,Cliente 48,REPUESTOS
2023-11-03,Salida,SURCO,43,BATERÍA 18 PLC,1,Cliente 5,REPUESTOS
2023-11-04,Salida,SURCO,1,ACCORD,1,Cliente 32,AUTOS
2023-11-04,Salida,LA MOLINA,2,CIVIC,1,Cliente 40,AUTOS
2023-11-04,Salida,SURCO,3,ODISSEY,1,Cliente 45,AUTOS
2023-11-04,Salida,LA MOLINA,4,CRV,1,Cliente 12,AUTOS
2023-11-04,Salida,SURCO,38,ACEITE FS 5W30,2,Cliente 30,REPUESTOS
2023-11-04,Salida,SURCO,39,FILTRO COMBUST,1,Cliente 38,REPUESTOS
2023-11-04,Salida,SURCO,40,AMORT DEL,1,Cliente 32,REPUESTOS
2023-11-04,Salida,SURCO,41,AMORT POS,2,Cliente 13,REPUESTOS
2023-11-04,Salida,LA MOLINA,42,"LLANTAS 18""",2,Cliente 21,REPUESTOS
2023-11-04,Salida,SURCO,43,BATERÍA 18 PLC,1,Cliente 21,REPUESTOS
2023-11-05,Salida,SURCO,2,CIVIC,1,Cliente 38,AUTOS
2023-11-05,Salida,SURCO,3,ODISSEY,1,Cliente 5,AUTOS
2023-11-05,Salida,SURCO,38,ACEITE FS 5W30,2,Cliente 49,REPUESTOS
2023-11-05,Salida,SURCO,39,FILTRO COMBUST,1,Cliente 45,REPUESTOS
2023-11-05,Salida,LA MOLINA,40,AMORT DEL,2,Cliente 16,REPUESTOS
2023-11-05,Salida,SURCO,41,AMORT POS,1,Cliente 7,REPUESTOS
2023-11-05,Salida,SURCO,42,"LLANTAS 18""",2,Cliente 2,REPUESTOS
2023-11-05,Salida,SURCO,43,BATERÍA 18 PLC,1,Cliente 1,REPUESTOS
2023-11-06,Salida,SURCO,38,ACEITE FS 5W30,1,Cliente 46,REPUESTOS
2023-11-06,Salida,LA MOLINA,39,FILTRO COMBUST,1,Cliente 27,REPUESTOS
2023-11-06,Salida,SURCO,40,AMORT DEL,2,Cliente 10,REPUESTOS
2023-11-06,Salida,LA MOLINA,41,AMORT POS,5,Cliente 27,REPUESTOS
2023-11-06,Salida,SURCO,42,"LLANTAS 18""",1,Cliente 39,REPUESTOS
2023-11-06,Salida,LA MOLINA,43,BATERÍA 18 PLC,1,Cliente 40,REPUESTOS
2023-11-07,Salida,LA MOLINA,38,ACEITE FS 5W30,2,Cliente 27,REPUESTOS
2023-11-07,Salida,SURCO,39,FILTRO COMBUST,1,Cliente 13,REPUESTOS
2023-11-07,Salida,LA MOLINA,40,AMORT DEL,1,Cliente 49,REPUESTOS
2023-11-07,Salida,SURCO,41,AMORT POS,5,Cliente 30,REPUESTOS
2023-11-07,Salida,SURCO,42,"LLANTAS 18""",2,Cliente 13,REPUESTOS
2023-11-07,Salida,SURCO,43,BATERÍA 18 PLC,1,Cliente 44,REPUESTOS
2023-11-08,Salida,SURCO,38,ACEITE FS 5W30,2,Cliente 11,REPUESTOS
2023-11-08,Salida,LA MOLINA,40,AMORT DEL,1,Cliente 19,REPUESTOS
2023-11-08,Salida,LA MOLINA,41,AMORT POS,4,Cliente 22,REPUESTOS
2023-11-08,Salida,SURCO,42,"LLANTAS 18""",2,Cliente 7,REPUESTOS
2023-11-08,Salida,SURCO,43,BATERÍA 18 PLC,1,Cliente 11,REPUESTOS
2023-11-09,Entrada,SURCO,1,ACCORD,3,Prov Vehículos,AUTOS
2023-11-09,Entrada,SURCO,2,CIVIC,1,Prov Vehículos,AUTOS
2023-11-09,Entrada,SURCO,3,ODISSEY,1,Prov Vehículos,AUTOS
2023-11-09,Entrada,SURCO,4,CRV,3,Prov Vehículos,AUTOS
2023-11-09,Entrada,SURCO,5,PILOT,5,Prov Vehículos,AUTOS
2023-11-09,Entrada,SURCO,6,FIT,5,Prov Vehículos,AUTOS
2023-11-09,Entrada,SURCO,7,CITY,5,Prov Vehículos,AUTOS
2023-11-09,Entrada,LA MOLINA,1,ACCORD,2,Prov Vehículos,AUTOS
2023-11-09,Entrada,LA MOLINA,2,CIVIC,1,Prov Vehículos,AUTOS
2023-11-09,Entrada,LA MOLINA,3,ODISSEY,4,Prov Vehículos,AUTOS
2023-11-09,Entrada,LA MOLINA,4,CRV,1,Prov Vehículos,AUTOS
2023-11-09,Salida,SURCO,5,PILOT,1,Cliente 33,AUTOS
2023-11-09,Salida,SURCO,6,FIT,1,Cliente 16,AUTOS
2023-11-09,Salida,SURCO,7,CITY,1,Cliente 27,AUTOS
2023-11-09,Salida,SURCO,38,ACEITE FS 5W30,2,Cliente 50,REPUESTOS
2023-11-09,Salida,SURCO,40,AMORT DEL,3,Cliente 7,REPUESTOS
2023-11-09,Salida,SURCO,41,AMORT POS,4,Cliente 25,REPUESTOS
2023-11-09,Salida,LA MOLINA,42,"LLANTAS 18""",1,Cliente 38,REPUESTOS
2023-11-09,Salida,LA MOLINA,43,BATERÍA 18 PLC,1,Cliente 28,REPUESTOS
2023-11-10,Salida,SURCO,5,PILOT,1,Cliente 40,AUTOS
2023-11-10,Salida,SURCO,6,FIT,1,Cliente 25,AUTOS
2023-11-10,Salida,SURCO,7,CITY,1,Cliente 30,AUTOS
2023-11-10,Salida,LA MOLINA,38,ACEITE FS 5W30,2,Cliente 13,REPUESTOS
2023-11-10,Salida,SURCO,40,AMORT DEL,2,Cliente 45,REPUESTOS
2023-11-10,Salida,LA MOLINA,41,AMORT POS,1,Cliente 9,REPUESTOS
2023-11-10,Salida,LA MOLINA,42,"LLANTAS 18""",2,Cliente 27,REPUESTOS
2023-11-10,Salida,LA MOLINA,43,BATERÍA 18 PLC,1,Cliente 15,REPUESTOS
2023-11-11,Salida,SURCO,5,PILOT,1,Cliente 41,AUTOS
2023-11-11,Salida,SURCO,6,FIT,1,Cliente 37,AUTOS
2023-11-11,Salida,SURCO,7,CITY,1,Cliente 6,AUTOS
2023-11-11,Salida,SURCO,38,ACEITE FS 5W30,1,Cliente 38,REPUESTOS
2023-11-11,Salida,LA MOLINA,40,AMORT DEL,4,Cliente 1,REPUESTOS
2023-11-11,Salida,SURCO,41,AMORT POS,2,Cliente 21,REPUESTOS
2023-11-11,Salida,SURCO,42,"LLANTAS 18""",1,Cliente 37,REPUESTOS
2023-11-11,Salida,LA MOLINA,43,BATERÍA 18 PLC,1,Cliente 3,REPUESTOS
2023-11-12,Salida,SURCO,6,FIT,1,Cliente 47,AUTOS
2023-11-12,Salida,SURCO,7,CITY,1,Cliente 28,AUTOS
2023-11-12,Salida,LA MOLINA,38,ACEITE FS 5W30,2,Cliente 45,REPUESTOS
2023-11-12,Salida,LA MOLINA,40,AMORT DEL,2,Cliente 16,REPUESTOS
2023-11-12,Salida,SURCO,41,AMORT POS,5,Cliente 45,REPUESTOS
2023-11-12,Salida,LA MOLINA,42,"LLANTAS 18""",2,Cliente 23,REPUESTOS
2023-11-12,Salida,LA MOLINA,43,BATERÍA 18 PLC,1,Cliente 42,REPUESTOS
2023-11-13,Salida,SURCO,7,CITY,1,Cliente 31,AUTOS
2023-11-13,Salida,LA MOLINA,38,ACEITE FS 5W30,1,Cliente 37,REPUESTOS
2023-11-13,Salida,LA MOLINA,41,AMORT POS,4,Cliente 50,REPUESTOS
2023-11-13,Salida,LA MOLINA,42,"LLANTAS 18""",4,Cliente 24,REPUESTOS
2023-11-14,Salida,LA MOLINA,38,ACEITE FS 5W30,1,Cliente 25,REPUESTOS
2023-11-14,Salida,LA MOLINA,41,AMORT POS,1,Cliente 28,REPUESTOS
2023-11-14,Salida,LA MOLINA,42,"LLANTAS 18""",2,Cliente 40,REPUESTOS
2023-11-14,Control,SURCO,1,ACCORD,4,,AUTOS
2023-11-14,Control,SURCO,2,CIVIC,2,,AUTOS
2023-11-14,Control,SURCO,3,ODISSEY,1,,AUTOS
2023-11-14,Control,SURCO,4,CRV,3,,AUTOS
2023-11-14,Control,SURCO,5,PILOT,2,,AUTOS
2023-11-14,Control,SURCO,6,FIT,1,,AUTOS
2023-11-14,Control,SURCO,7,CITY,0,,AUTOS
2023-11-14,Control,SURCO,8,ELEMENT,0,,CAMIONETAS
2023-11-14,Control,SURCO,9,CROSSTOUR,0,,CAMIONETAS
2023-11-14,Control,SURCO,10,CR-Z,0,,CAMIONETAS
2023-11-14,Control,SURCO,11,RID LINE,0,,CAMIONETAS
2023-11-14,Control,SURCO,38,ACEITE FS 5W30,0,,REPUESTOS
2023-11-14,Control,SURCO,39,FILTRO COMBUST,10,,REPUESTOS
2023-11-14,Control,SURCO,40,AMORT DEL,0,,REPUESTOS
2023-11-14,Control,SURCO,41,AMORT POS,13,,REPUESTOS
2023-11-14,Control,SURCO,42,"LLANTAS 18""",0,,REPUESTOS
2023-11-14,Control,SURCO,43,BATERÍA 18 PLC,0,,REPUESTOS
2023-11-14,Control,LA MOLINA,1,ACCORD,2,,AUTOS
2023-11-14,Control,LA MOLINA,2,CIVIC,3,,AUTOS
2023-11-14,Control,LA MOLINA,3,ODISSEY,4,,AUTOS
2023-11-14,Control,LA MOLINA,4,CRV,3,,AUTOS
2023-11-14,Control,LA MOLINA,5,PILOT,0,,AUTOS
2023-11-14,Control,LA MOLINA,6,FIT,0,,AUTOS
2023-11-14,Control,LA MOLINA,7,CITY,0,,AUTOS
2023-11-14,Control,LA MOLINA,8,ELEMENT,0,,CAMIONETAS
2023-11-14,Control,LA MOLINA,9,CROSSTOUR,0,,CAMIONETAS
2023-11-14,Control,LA MOLINA,10,CR-Z,0,,CAMIONETAS
2023-11-14,Control,LA MOLINA,11,RID LINE,0,,CAMIONETAS
2023-11-14,Control,LA MOLINA,38,ACEITE FS 5W30,76,,REPUESTOS
2023-11-14,Control,LA MOLINA,39,FILTRO COMBUST,20,,REPUESTOS
2023-11-14,Control,LA MOLINA,40,AMORT DEL,0,,REPUESTOS
2023-11-14,Control,LA MOLINA,41,AMORT POS,29,,REPUESTOS
2023-11-14,Control,LA MOLINA,42,"LLANTAS 18""",25,,REPUESTOS
2023-11-14,Control,LA MOLINA,43,BATERÍA 18 PLC,0,,REPUESTOS
2023-11-15,Salida,LA MOLINA,38,ACEITE FS 5W30,2,Cliente 8,REPUESTOS
2023-11-15,Salida,SURCO,41,AMORT POS,4,Cliente 24,REPUESTOS
2023-11-15,Salida,LA MOLINA,42,"LLANTAS 18""",2,Cliente 36,REPUESTOS
2023-11-16,Salida,LA MOLINA,38,ACEITE FS 5W30,2,Cliente 35,REPUESTOS
2023-11-16,Salida,SURCO,41,AMORT POS,6,Cliente 49,REPUESTOS
2023-11-16,Salida,LA MOLINA,42,"LLANTAS 18""",3,Cliente 18,REPUESTOS
2023-11-17,Entrada,SURCO,38,ACEITE FS 5W30,10,Prov Repuestos,REPUESTOS
2023-11-17,Entrada,SURCO,40,AMORT DEL,10,Prov Repuestos,REPUESTOS
2023-11-17,Entrada,SURCO,42,"LLANTAS 18""",10,Prov Repuestos,REPUESTOS
2023-11-17,Entrada,SURCO,43,BATERÍA 18 PLC,5,Prov Repuestos,REPUESTOS
2023-11-17,Entrada,LA MOLINA,40,AMORT DEL,10,Prov Repuestos,REPUESTOS
2023-11-17,Entrada,LA MOLINA,43,BATERÍA 18 PLC,5,Prov Repuestos,REPUESTOS
2023-11-17,Entrada,SURCO,42,"LLANTAS 18""",27,Prov Repuestos,REPUESTOS
2023-11-17,Entrada,LA MOLINA,43,BATERÍA 18 PLC,47,Prov Repuestos,REPUESTOS
2023-11-17,Salida,SURCO,38,ACEITE FS 5W30,2,Cliente 5,REPUESTOS
2023-11-17,Salida,LA MOLINA,40,AMORT DEL,3,Cliente 32,REPUESTOS
2023-11-17,Salida,SURCO,41,AMORT POS,3,Cliente 31,REPUESTOS
2023-11-17,Salida,LA MOLINA,42,"LLANTAS 18""",3,Cliente 40,REPUESTOS
2023-11-17,Salida,SURCO,43,BATERÍA 18 PLC,1,Cliente 30,REPUESTOS
2023-11-18,Salida,LA MOLINA,38,ACEITE FS 5W30,1,Cliente 12,REPUESTOS
2023-11-18,Salida,SURCO,40,AMORT DEL,1,Cliente 11,REPUESTOS
2023-11-18,Salida,LA MOLINA,41,AMORT POS,1,Cliente 32,REPUESTOS
2023-11-18,Salida,SURCO,42,"LLANTAS 18""",2,Cliente 19,REPUESTOS
2023-11-18,Salida,LA MOLINA,43,BATERÍA 18 PLC,1,Cliente 23,REPUESTOS
2023-11-19,Salida,SURCO,38,ACEITE FS 5W30,2,Cliente 19,REPUESTOS
2023-11-19,Salida,SURCO,40,AMORT DEL,1,Cliente 15,REPUESTOS
2023-11-19,Salida,LA MOLINA,41,AMORT POS,6,Cliente 27,REPUESTOS
2023-11-19,Salida,LA MOLINA,42,"LLANTAS 18""",3,Cliente 32,REPUESTOS
2023-11-19,Salida,LA MOLINA,43,BATERÍA 18 PLC,2,Cliente 20,REPUESTOS
2023-11-20,Salida,LA MOLINA,38,ACEITE FS 5W30,1,Cliente 11,REPUESTOS
2023-11-20,Salida,LA MOLINA,40,AMORT DEL,2,Cliente 24,REPUESTOS
2023-11-20,Salida,LA MOLINA,41,AMORT POS,7,Cliente 10,REPUESTOS
2023-11-20,Salida,LA MOLINA,42,"LLANTAS 18""",3,Cliente 11,REPUESTOS
2023-11-20,Salida,LA MOLINA,43,BATERÍA 18 PLC,1,Cliente 12,REPUESTOS
2023-11-21,Salida,SURCO,38,ACEITE FS 5W30,3,Cliente 11,REPUESTOS
2023-11-21,Salida,SURCO,40,AMORT DEL,2,Cliente 21,REPUESTOS
2023-11-21,Salida,LA MOLINA,41,AMORT POS,2,Cliente 17,REPUESTOS
2023-11-21,Salida,SURCO,42,"LLANTAS 18""",2,Cliente 36,REPUESTOS
2023-11-21,Salida,LA MOLINA,43,BATERÍA 18 PLC,2,Cliente 10,REPUESTOS
2023-11-22,Salida,SURCO,38,ACEITE FS 5W30,2,Cliente 35,REPUESTOS
2023-11-22,Salida,SURCO,40,AMORT DEL,2,Cliente 26,REPUESTOS
2023-11-22,Salida,LA MOLINA,41,AMORT POS,7,Cliente 30,REPUESTOS
2023-11-22,Salida,SURCO,42,"LLANTAS 18""",2,Cliente 48,REPUESTOS
2023-11-22,Salida,LA MOLINA,43,BATERÍA 18 PLC,3,Cliente 42,REPUESTOS
2023-11-23,Salida,LA MOLINA,38,ACEITE FS 5W30,2,Cliente 49,REPUESTOS
2023-11-23,Salida,LA MOLINA,40,AMORT DEL,3,Cliente 22,REPUESTOS
2023-11-23,Salida,LA MOLINA,41,AMORT POS,6,Cliente 3,REPUESTOS
2023-11-23,Salida,SURCO,42,"LLANTAS 18""",6,Cliente 20,REPUESTOS
2023-11-23,Salida,SURCO,43,BATERÍA 18 PLC,2,Cliente 29,REPUESTOS
2023-11-24,Salida,LA MOLINA,38,ACEITE FS 5W30,1,Cliente 4,REPUESTOS
2023-11-24,Salida,SURCO,40,AMORT DEL,4,Cliente 50,REPUESTOS
2023-11-24,Salida,SURCO,42,"LLANTAS 18""",1,Cliente 35,REPUESTOS
2023-11-24,Salida,SURCO,43,BATERÍA 18 PLC,2,Cliente 33,REPUESTOS
2023-11-25,Salida,LA MOLINA,38,ACEITE FS 5W30,2,Cliente 21,REPUESTOS
2023-11-25,Salida,LA MOLINA,40,AMORT DEL,2,Cliente 43,REPUESTOS
2023-11-25,Salida,LA MOLINA,42,"LLANTAS 18""",2,Cliente 24,REPUESTOS
2023-11-25,Salida,LA MOLINA,43,BATERÍA 18 PLC,2,Cliente 19,REPUESTOS
2023-11-26,Salida,LA MOLINA,38,ACEITE FS 5W30,3,Cliente 29,REPUESTOS
2023-11-26,Salida,LA MOLINA,42,"LLANTAS 18""",8,Cliente 29,REPUESTOS
2023-11-26,Salida,LA MOLINA,43,BATERÍA 18 PLC,1,Cliente 47,REPUESTOS
2023-11-27,Salida,SURCO,38,ACEITE FS 5W30,1,Cliente 10,REPUESTOS
2023-11-27,Salida,SURCO,42,"LLANTAS 18""",6,Cliente 38,REPUESTOS
2023-11-27,Salida,LA MOLINA,43,BATERÍA 18 PLC,1,Cliente 27,REPUESTOS
2023-11-28,Salida,LA MOLINA,38,ACEITE FS 5W30,4,Cliente 36,REPUESTOS
2023-11-28,Salida,SURCO,42,"LLANTAS 18""",4,Cliente 25,REPUESTOS
2023-11-28,Salida,LA MOLINA,43,BATERÍA 18 PLC,5,Cliente 3,REPUESTOS
2023-11-29,Salida,LA MOLINA,38,ACEITE FS 5W30,4,Cliente 15,REPUESTOS
2023-11-29,Salida,LA MOLINA,42,"LLANTAS 18""",1,Cliente 41,REPUESTOS
2023-11-29,Salida,LA MOLINA,43,BATERÍA 18 PLC,1,Cliente 27,REPUESTOS
2023-11-30,Salida,LA MOLINA,38,ACEITE FS 5W30,2,Cliente 32,REPUESTOS
2023-11-30,Salida,SURCO,42,"LLANTAS 18""",10,Cliente 17,REPUESTOS
2023-11-30,Salida,LA MOLINA,43,BATERÍA 18 PLC,2,Cliente 33,REPUESTOS
2023-11-30,Control,SURCO,1,ACCORD,4,,AUTOS
2023-11-30,Control,SURCO,2,CIVIC,2,,AUTOS
2023-11-30,Control,SURCO,3,ODISSEY,1,,AUTOS
2023-11-30,Control,SURCO,4,CRV,3,,AUTOS
2023-11-30,Control,SURCO,5,PILOT,2,,AUTOS
2023-11-30,Control,SURCO,6,FIT,1,,AUTOS
2023-11-30,Control,SURCO,7,CITY,0,,AUTOS
2023-11-30,Control,SURCO,8,ELEMENT,0,,CAMIONETAS
2023-11-30,Control,SURCO,9,CROSSTOUR,0,,CAMIONETAS
2023-11-30,Control,SURCO,10,CR-Z,0,,CAMIONETAS
2023-11-30,Control,SURCO,11,RID LINE,0,,CAMIONETAS
2023-11-30,Control,SURCO,38,ACEITE FS 5W30,0,,REPUESTOS
2023-11-30,Control,SURCO,39,FILTRO COMBUST,10,,REPUESTOS
2023-11-30,Control,SURCO,40,AMORT DEL,0,,REPUESTOS
2023-11-30,Control,SURCO,41,AMORT POS,0,,REPUESTOS
2023-11-30,Control,SURCO,42,"LLANTAS 18""",4,,REPUESTOS
2023-11-30,Control,SURCO,43,BATERÍA 18 PLC,0,,REPUESTOS
2023-11-30,Control,LA MOLINA,1,ACCORD,2,,AUTOS
2023-11-30,Control,LA MOLINA,2,CIVIC,3,,AUTOS
2023-11-30,Control,LA MOLINA,3,ODISSEY,4,,AUTOS
2023-11-30,Control,LA MOLINA,4,CRV,3,,AUTOS
2023-11-30,Control,LA MOLINA,5,PILOT,0,,AUTOS
2023-11-30,Control,LA MOLINA,6,FIT,0,,AUTOS
2023-11-30,Control,LA MOLINA,7,CITY,0,,AUTOS
2023-11-30,Control,LA MOLINA,8,ELEMENT,0,,CAMIONETAS
2023-11-30,Control,LA MOLINA,9,CROSSTOUR,0,,CAMIONETAS
2023-11-30,Control,LA MOLINA,10,CR-Z,0,,CAMIONETAS
2023-11-30,Control,LA MOLINA,11,RID LINE,0,,CAMIONETAS
2023-11-30,Control,LA MOLINA,38,ACEITE FS 5W30,52,,REPUESTOS
2023-11-30,Control,LA MOLINA,39,FILTRO COMBUST,20,,REPUESTOS
2023-11-30,Control,LA MOLINA,40,AMORT DEL,0,,REPUESTOS
2023-11-30,Control,LA MOLINA,41,AMORT POS,0,,REPUESTOS
2023-11-30,Control,LA MOLINA,42,"LLANTAS 18""",0,,REPUESTOS
2023-11-30,Control,LA MOLINA,43,BATERÍA 18 PLC,31,,REPUESTOS
2023-12-01,Salida,SURCO,2,CIVIC,1,Cliente 38,AUTOS
2023-12-01,Salida,SURCO,3,ODISSEY,1,Cliente 21,AUTOS
2023-12-01,Salida,SURCO,4,CRV,1,Cliente 23,AUTOS
2023-12-01,Salida,SURCO,5,PILOT,1,Cliente 18,AUTOS
2023-12-01,Salida,SURCO,6,FIT,1,Cliente 41,AUTOS
2023-12-01,Salida,LA MOLINA,38,ACEITE FS 5W30,1,Cliente 19,REPUESTOS
2023-12-01,Salida,SURCO,39,FILTRO COMBUST,1,Cliente 33,REPUESTOS
2023-12-01,Salida,SURCO,42,"LLANTAS 18""",1,Cliente 35,REPUESTOS
2023-12-01,Salida,LA MOLINA,43,BATERÍA 18 PLC,1,Cliente 44,REPUESTOS
2023-12-02,Salida,LA MOLINA,2,CIVIC,1,Cliente 44,AUTOS
2023-12-02,Salida,LA MOLINA,3,ODISSEY,1,Cliente 35,AUTOS
2023-12-02,Salida,LA MOLINA,4,CRV,1,Cliente 10,AUTOS
2023-12-02,Salida,SURCO,5,PILOT,1,Cliente 34,AUTOS
2023-12-02,Salida,LA MOLINA,38,ACEITE FS 5W30,2,Cliente 27,REPUESTOS
2023-12-02,Salida,SURCO,39,FILTRO COMBUST,1,Cliente 7,REPUESTOS
2023-12-02,Salida,SURCO,42,"LLANTAS 18""",2,Cliente 36,REPUESTOS
2023-12-02,Salida,LA MOLINA,43,BATERÍA 18 PLC,1,Cliente 27,REPUESTOS
2023-12-03,Entrada,SURCO,38,ACEITE FS 5W30,10,Prov Repuestos,REPUESTOS
2023-12-03,Entrada,SURCO,40,AMORT DEL,10,Prov Repuestos,REPUESTOS
2023-12-03,Entrada,SURCO,41,AMORT POS,10,Prov Repuestos,REPUESTOS
2023-12-03,Entrada,SURCO,42,"LLANTAS 18""",6,Prov Repuestos,REPUESTOS
2023-12-03,Entrada,SURCO,43,BATERÍA 18 PLC,5,Prov Repuestos,REPUESTOS
2023-12-03,Entrada,LA MOLINA,40,AMORT DEL,10,Prov Repuestos,REPUESTOS
2023-12-03,Entrada,LA MOLINA,41,AMORT POS,10,Prov Repuestos,REPUESTOS
2023-12-03,Entrada,LA MOLINA,42,"LLANTAS 18""",10,Prov Repuestos,REPUESTOS
2023-12-03,Entrada,SURCO,38,ACEITE FS 5W30,30,Prov Repuestos,REPUESTOS
2023-12-03,Entrada,LA MOLINA,40,AMORT DEL,79,Prov Repuestos,REPUESTOS
2023-12-03,Salida,SURCO,2,CIVIC,1,Cliente 8,AUTOS
2023-12-03,Salida,LA MOLINA,3,ODISSEY,1,Cliente 31,AUTOS
2023-12-03,Salida,LA MOLINA,38,ACEITE FS 5W30,2,Cliente 9,REPUESTOS
2023-12-03,Salida,LA MOLINA,39,FILTRO COMBUST,1,Cliente 12,REPUESTOS
2023-12-03,Salida,SURCO,40,AMORT DEL,1,Cliente 15,REPUESTOS
2023-12-03,Salida,SURCO,41,AMORT POS,3,Cliente 45,REPUESTOS
2023-12-03,Salida,SURCO,42,"LLANTAS 18""",3,Cliente 14,REPUESTOS
2023-12-03,Salida,SURCO,43,BATERÍA 18 PLC,1,Cliente 28,REPUESTOS
2023-12-04,Salida,LA MOLINA,2,CIVIC,1,Cliente 2,AUTOS
2023-12-04,Salida,SURCO,38,ACEITE FS 5W30,2,Cliente 13,REPUESTOS
2023-12-04,Salida,SURCO,39,FILTRO COMBUST,1,Cliente 43,REPUESTOS
2023-12-04,Salida,LA MOLINA,40,AMORT DEL,1,Cliente 8,REPUESTOS
2023-12-04,Salida,SURCO,41,AMORT POS,1,Cliente 20,REPUESTOS
2023-12-04,Salida,SURCO,42,"LLANTAS 18""",1,Cliente 39,REPUESTOS
2023-12-04,Salida,SURCO,43,BATERÍA 18 PLC,1,Cliente 12,REPUESTOS
2023-12-05,Salida,SURCO,38,ACEITE FS 5W30,1,Cliente 10,REPUESTOS
2023-12-05,Salida,LA MOLINA,39,FILTRO COMBUST,1,Cliente 23,REPUESTOS
2023-12-05,Salida,SURCO,40,AMORT DEL,2,Cliente 7,REPUESTOS
2023-12-05,Salida,SURCO,41,AMORT POS,1,Cliente 46,REPUESTOS
2023-12-05,Salida,SURCO,42,"LLANTAS 18""",3,Cliente 49,REPUESTOS
2023-12-05,Salida,SURCO,43,BATERÍA 18 PLC,1,Cliente 47,REPUESTOS
2023-12-06,Salida,LA MOLINA,38,ACEITE FS 5W30,1,Cliente 24,REPUESTOS
2023-12-06,Salida,SURCO,39,FILTRO COMBUST,1,Cliente 29,REPUESTOS
2023-12-06,Salida,LA MOLINA,40,AMORT DEL,2,Cliente 25,REPUESTOS
2023-12-06,Salida,SURCO,41,AMORT POS,2,Cliente 27,REPUESTOS
2023-12-06,Salida,LA MOLINA,42,"LLANTAS 18""",3,Cliente 30,REPUESTOS
2023-12-06,Salida,SURCO,43,BATERÍA 18 PLC,1,Cliente 32,REPUESTOS
2023-12-07,Salida,LA MOLINA,38,ACEITE FS 5W30,3,Cliente 36,REPUESTOS
2023-12-07,Salida,SURCO,39,FILTRO COMBUST,1,Cliente 21,REPUESTOS
2023-12-07,Salida,LA MOLINA,40,AMORT DEL,1,Cliente 19,REPUESTOS
2023-12-07,Salida,LA MOLINA,41,AMORT POS,3,Cliente 15,REPUESTOS
2023-12-07,Salida,LA MOLINA,42,"LLANTAS 18""",4,Cliente 28,REPUESTOS
2023-12-07,Salida,LA MOLINA,43,BATERÍA 18 PLC,1,Cliente 44,REPUESTOS
2023-12-08,Salida,SURCO,38,ACEITE FS 5W30,1,Cliente 44,REPUESTOS
2023-12-08,Salida,LA MOLINA,40,AMORT DEL,1,Cliente 29,REPUESTOS
2023-12-08,Salida,SURCO,41,AMORT POS,1,Cliente 10,REPUESTOS
2023-12-08,Salida,LA MOLINA,42,"LLANTAS 18""",3,Cliente 48,REPUESTOS
2023-12-08,Salida,LA MOLINA,43,BATERÍA 18 PLC,1,Cliente 13,REPUESTOS
2023-12-09,Salida,LA MOLINA,38,ACEITE FS 5W30,1,Cliente 8,REPUESTOS
2023-12-09,Salida,LA MOLINA,40,AMORT DEL,4,Cliente 18,REPUESTOS
2023-12-09,Salida,LA MOLINA,41,AMORT POS,3,Cliente 23,REPUESTOS
2023-12-09,Salida,LA MOLINA,43,BATERÍA 18 PLC,2,Cliente 10,REPUESTOS
2023-12-10,Entrada,SURCO,1,ACCORD,1,Prov Vehículos,AUTOS
2023-12-10,Entrada,SURCO,2,CIVIC,3,Prov Vehículos,AUTOS
2023-12-10,Entrada,SURCO,3,ODISSEY,4,Prov Vehículos,AUTOS
2023-12-10,Entrada,SURCO,4,CRV,2,Prov Vehículos,AUTOS
2023-12-10,Entrada,SURCO,5,PILOT,3,Prov Vehículos,AUTOS
2023-12-10,Entrada,SURCO,6,FIT,4,Prov Vehículos,AUTOS
2023-12-10,Entrada,SURCO,7,CITY,5,Prov Vehículos,AUTOS
2023-12-10,Entrada,LA MOLINA,1,ACCORD,3,Prov Vehículos,AUTOS
2023-12-10,Entrada,LA MOLINA,2,CIVIC,2,Prov Vehículos,AUTOS
2023-12-10,Entrada,LA MOLINA,3,ODISSEY,1,Prov Vehículos,AUTOS
2023-12-10,Entrada,LA MOLINA,4,CRV,2,Prov Vehículos,AUTOS
2023-12-10,Salida,SURCO,5,PILOT,1,Cliente 8,AUTOS
2023-12-10,Salida,SURCO,6,FIT,1,Cliente 32,AUTOS
2023-12-10,Salida,SURCO,7,CITY,1,Cliente 2,AUTOS
2023-12-10,Salida,SURCO,38,ACEITE FS 5W30,3,Cliente 5,REPUESTOS
2023-12-10,Salida,SURCO,40,AMORT DEL,1,Cliente 25,REPUESTOS
2023-12-10,Salida,SURCO,41,AMORT POS,2,Cliente 20,REPUESTOS
2023-12-10,Salida,LA MOLINA,43,BATERÍA 18 PLC,1,Cliente 30,REPUESTOS
2023-12-11,Salida,SURCO,6,FIT,1,Cliente 43,AUTOS
2023-12-11,Salida,SURCO,7,CITY,1,Cliente 33,AUTOS
2023-12-11,Salida,SURCO,38,ACEITE FS 5W30,3,Cliente 49,REPUESTOS
2023-12-11,Salida,SURCO,40,AMORT DEL,4,Cliente 25,REPUESTOS
2023-12-11,Salida,LA MOLINA,41,AMORT POS,3,Cliente 29,REPUESTOS
2023-12-11,Salida,SURCO,43,BATERÍA 18 PLC,1,Cliente 36,REPUESTOS
2023-12-12,Salida,SURCO,6,FIT,1,Cliente 32,AUTOS
2023-12-12,Salida,SURCO,7,CITY,1,Cliente 20,AUTOS
2023-12-12,Salida,SURCO,38,ACEITE FS 5W30,4,Cliente 37,REPUESTOS
2023-12-12,Salida,LA MOLINA,40,AMORT DEL,5,Cliente 31,REPUESTOS
2023-12-12,Salida,LA MOLINA,41,AMORT POS,1,Cliente 26,REPUESTOS
2023-12-12,Salida,LA MOLINA,43,BATERÍA 18 PLC,2,Cliente 50,REPUESTOS
2023-12-13,Salida,SURCO,6,FIT,1,Cliente 4,AUTOS
2023-12-13,Salida,SURCO,7,CITY,1,Cliente 9,AUTOS
2023-12-13,Salida,SURCO,38,ACEITE FS 5W30,3,Cliente 49,REPUESTOS
2023-12-13,Salida,SURCO,40,AMORT DEL,2,Cliente 28,REPUESTOS
2023-12-13,Salida,LA MOLINA,43,BATERÍA 18 PLC,2,Cliente 43,REPUESTOS
2023-12-14,Salida,SURCO,7,CITY,1,Cliente 16,AUTOS
2023-12-14,Salida,SURCO,38,ACEITE FS 5W30,1,Cliente 20,REPUESTOS
2023-12-14,Salida,LA MOLINA,40,AMORT DEL,3,Cliente 2,REPUESTOS
2023-12-14,Salida,LA MOLINA,43,BATERÍA 18 PLC,2,Cliente 37,REPUESTOS
2023-12-14,Control,SURCO,1,ACCORD,5,,AUTOS
2023-12-14,Control,SURCO,2,CIVIC,3,,AUTOS
2023-12-14,Control,SURCO,3,ODISSEY,4,,AUTOS
2023-12-14,Control,SURCO,4,CRV,4,,AUTOS
2023-12-14,Control,SURCO,5,PILOT,2,,AUTOS
2023-12-14,Control,SURCO,6,FIT,0,,AUTOS
2023-12-14,Control,SURCO,7,CITY,0,,AUTOS
2023-12-14,Control,SURCO,8,ELEMENT,0,,CAMIONETAS
2023-12-14,Control,SURCO,9,CROSSTOUR,0,,CAMIONETAS
2023-12-14,Control,SURCO,10,CR-Z,0,,CAMIONETAS
2023-12-14,Control,SURCO,11,RID LINE,0,,CAMIONETAS
2023-12-14,Control,SURCO,38,ACEITE FS 5W30,22,,REPUESTOS
2023-12-14,Control,SURCO,39,FILTRO COMBUST,5,,REPUESTOS
2023-12-14,Control,SURCO,40,AMORT DEL,0,,REPUESTOS
2023-12-14,Control,SURCO,41,AMORT POS,0,,REPUESTOS
2023-12-14,Control,SURCO,42,"LLANTAS 18""",0,,REPUESTOS
2023-12-14,Control,SURCO,43,BATERÍA 18 PLC,0,,REPUESTOS
2023-12-14,Control,LA MOLINA,1,ACCORD,5,,AUTOS
2023-12-14,Control,LA MOLINA,2,CIVIC,3,,AUTOS
2023-12-14,Control,LA MOLINA,3,ODISSEY,3,,AUTOS
2023-12-14,Control,LA MOLINA,4,CRV,4,,AUTOS
2023-12-14,Control,LA MOLINA,5,PILOT,0,,AUTOS
2023-12-14,Control,LA MOLINA,6,FIT,0,,AUTOS
2023-12-14,Control,LA MOLINA,7,CITY,0,,AUTOS
2023-12-14,Control,LA MOLINA,8,ELEMENT,0,,CAMIONETAS
2023-12-14,Control,LA MOLINA,9,CROSSTOUR,0,,CAMIONETAS
2023-12-14,Control,LA MOLINA,10,CR-Z,0,,CAMIONETAS
2023-12-14,Control,LA MOLINA,11,RID LINE,0,,CAMIONETAS
2023-12-14,Control,LA MOLINA,38,ACEITE FS 5W30,42,,REPUESTOS
2023-12-14,Control,LA MOLINA,39,FILTRO COMBUST,18,,REPUESTOS
2023-12-14,Control,LA MOLINA,40,AMORT DEL,72,,REPUESTOS
2023-12-14,Control,LA MOLINA,41,AMORT POS,0,,REPUESTOS
2023-12-14,Control,LA MOLINA,42,"LLANTAS 18""",0,,REPUESTOS
2023-12-14,Control,LA MOLINA,43,BATERÍA 18 PLC,18,,REPUESTOS
2023-12-15,Salida,LA MOLINA,38,ACEITE FS 5W30,1,Cliente 38,REPUESTOS
2023-12-15,Salida,LA MOLINA,40,AMORT DEL,3,Cliente 37,REPUESTOS
2023-12-15,Salida,LA MOLINA,43,BATERÍA 18 PLC,1,Cliente 7,REPUESTOS
2023-12-16,Salida,LA MOLINA,38,ACEITE FS 5W30,3,Cliente 33,REPUESTOS
2023-12-16,Salida,LA MOLINA,40,AMORT DEL,2,Cliente 24,REPUESTOS
2023-12-16,Salida,LA MOLINA,43,BATERÍA 18 PLC,1,Cliente 19,REPUESTOS
2023-12-17,Entrada,SURCO,40,AMORT DEL,10,Prov Repuestos,REPUESTOS
2023-12-17,Entrada,SURCO,41,AMORT POS,10,Prov Repuestos,REPUESTOS
2023-12-17,Entrada,SURCO,42,"LLANTAS 18""",10,Prov Repuestos,REPUESTOS
2023-12-17,Entrada,SURCO,43,BATERÍA 18 PLC,5,Prov Repuestos,REPUESTOS
2023-12-17,Entrada,LA MOLINA,41,AMORT POS,10,Prov Repuestos,REPUESTOS
2023-12-17,Entrada,LA MOLINA,42,"LLANTAS 18""",10,Prov Repuestos,REPUESTOS
2023-12-17,Entrada,SURCO,41,AMORT POS,23,Prov Repuestos,REPUESTOS
2023-12-17,Entrada,LA MOLINA,40,AMORT DEL,42,Prov Repuestos,REPUESTOS
2023-12-17,Salida,LA MOLINA,38,ACEITE FS 5W30,1,Cliente 37,REPUESTOS
2023-12-17,Salida,SURCO,40,AMORT DEL,2,Cliente 46,REPUESTOS
2023-12-17,Salida,LA MOLINA,41,AMORT POS,1,Cliente 18,REPUESTOS
2023-12-17,Salida,LA MOLINA,42,"LLANTAS 18""",5,Cliente 28,REPUESTOS
2023-12-17,Salida,SURCO,43,BATERÍA 18 PLC,2,Cliente 42,REPUESTOS
2023-12-18,Salida,LA MOLINA,38,ACEITE FS 5W30,3,Cliente 43,REPUESTOS
2023-12-18,Salida,SURCO,40,AMORT DEL,3,Cliente 27,REPUESTOS
2023-12-18,Salida,LA MOLINA,41,AMORT POS,3,Cliente 43,REPUESTOS
2023-12-18,Salida,SURCO,42,"LLANTAS 18""",2,Cliente 41,REPUESTOS
2023-12-18,Salida,LA MOLINA,43,BATERÍA 18 PLC,1,Cliente 14,REPUESTOS
2023-12-19,Salida,LA MOLINA,38,ACEITE FS 5W30,3,Cliente 37,REPUESTOS
2023-12-19,Salida,SURCO,40,AMORT DEL,5,Cliente 24,REPUESTOS
2023-12-19,Salida,SURCO,41,AMORT POS,2,Cliente 10,REPUESTOS
2023-12-19,Salida,LA MOLINA,42,"LLANTAS 18""",5,Cliente 27,REPUESTOS
2023-12-19,Salida,SURCO,43,BATERÍA 18 PLC,1,Cliente 27,REPUESTOS
2023-12-20,Salida,SURCO,38,ACEITE FS 5W30,3,Cliente 17,REPUESTOS
2023-12-20,Salida,LA MOLINA,40,AMORT DEL,2,Cliente 16,REPUESTOS
2023-12-20,Salida,SURCO,41,AMORT POS,2,Cliente 2,REPUESTOS
2023-12-20,Salida,SURCO,42,"LLANTAS 18""",7,Cliente 30,REPUESTOS
2023-12-20,Salida,LA MOLINA,43,BATERÍA 18 PLC,2,Cliente 42,REPUESTOS
2023-12-21,Salida,SURCO,38,ACEITE FS 5W30,2,Cliente 18,REPUESTOS
2023-12-21,Salida,LA MOLINA,40,AMORT DEL,1,Cliente 18,REPUESTOS
2023-12-21,Salida,SURCO,41,AMORT POS,2,Cliente 47,REPUESTOS
2023-12-21,Salida,SURCO,42,"LLANTAS 18""",1,Cliente 4,REPUESTOS
2023-12-21,Salida,LA MOLINA,43,BATERÍA 18 PLC,2,Cliente 5,REPUESTOS
2023-12-22,Salida,SURCO,38,ACEITE FS 5W30,3,Cliente 26,REPUESTOS
2023-12-22,Salida,LA MOLINA,40,AMORT DEL,2,Cliente 37,REPUESTOS
2023-12-22,Salida,LA MOLINA,41,AMORT POS,2,Cliente 32,REPUESTOS
2023-12-22,Salida,LA MOLINA,43,BATERÍA 18 PLC,1,Cliente 22,REPUESTOS
2023-12-23,Salida,LA MOLINA,38,ACEITE FS 5W30,6,Cliente 48,REPUESTOS
2023-12-23,Salida,LA MOLINA,40,AMORT DEL,4,Cliente 10,REPUESTOS
2023-12-23,Salida,SURCO,41,AMORT POS,3,Cliente 18,REPUESTOS
2023-12-23,Salida,SURCO,43,BATERÍA 18 PLC,2,Cliente 32,REPUESTOS
2023-12-24,Salida,SURCO,38,ACEITE FS 5W30,3,Cliente 21,REPUESTOS
2023-12-24,Salida,LA MOLINA,40,AMORT DEL,7,Cliente 44,REPUESTOS
2023-12-24,Salida,SURCO,41,AMORT POS,5,Cliente 24,REPUESTOS
2023-12-24,Salida,LA MOLINA,43,BATERÍA 18 PLC,2,Cliente 42,REPUESTOS
2023-12-25,Salida,SURCO,38,ACEITE FS 5W30,1,Cliente 45,REPUESTOS
2023-12-25,Salida,LA MOLINA,40,AMORT DEL,5,Cliente 20,REPUESTOS
2023-12-25,Salida,SURCO,41,AMORT POS,2,Cliente 29,REPUESTOS
2023-12-25,Salida,LA MOLINA,43,BATERÍA 18 PLC,2,Cliente 20,REPUESTOS
2023-12-26,Salida,SURCO,38,ACEITE FS 5W30,7,Cliente 20,REPUESTOS
2023-12-26,Salida,LA MOLINA,40,AMORT DEL,3,Cliente 41,REPUESTOS
2023-12-26,Salida,LA MOLINA,41,AMORT POS,4,Cliente 3,REPUESTOS
2023-12-26,Salida,LA MOLINA,43,BATERÍA 18 PLC,2,Cliente 48,REPUESTOS
2023-12-27,Salida,LA MOLINA,38,ACEITE FS 5W30,7,Cliente 46,REPUESTOS
2023-12-27,Salida,LA MOLINA,40,AMORT DEL,2,Cliente 45,REPUESTOS
2023-12-27,Salida,SURCO,41,AMORT POS,9,Cliente 23,REPUESTOS
2023-12-27,Salida,LA MOLINA,43,BATERÍA 18 PLC,2,Cliente 49,REPUESTOS
2023-12-28,Salida,SURCO,38,ACEITE FS 5W30,3,Cliente 41,REPUESTOS
2023-12-28,Salida,LA MOLINA,40,AMORT DEL,10,Cliente 1,REPUESTOS
2023-12-28,Salida,SURCO,41,AMORT POS,4,Cliente 21,REPUESTOS
2023-12-28,Salida,LA MOLINA,43,BATERÍA 18 PLC,1,Cliente 16,REPUESTOS
2023-12-29,Salida,LA MOLINA,38,ACEITE FS 5W30,3,Cliente 21,REPUESTOS
2023-12-29,Salida,LA MOLINA,40,AMORT DEL,8,Cliente 17,REPUESTOS
2023-12-29,Salida,SURCO,41,AMORT POS,4,Cliente 13,REPUESTOS
2023-12-29,Salida,LA MOLINA,43,BATERÍA 18 PLC,1,Cliente 26,REPUESTOS
2023-12-30,Salida,LA MOLINA,38,ACEITE FS 5W30,9,Cliente 6,REPUESTOS
2023-12-30,Salida,LA MOLINA,40,AMORT DEL,4,Cliente 45,REPUESTOS
2023-12-31,Salida,LA MOLINA,38,ACEITE FS 5W30,3,Cliente 1,REPUESTOS
2023-12-31,Salida,LA MOLINA,40,AMORT DEL,10,Cliente 44,REPUESTOS
2023-12-31,Control,SURCO,1,ACCORD,5,,AUTOS
2023-12-31,Control,SURCO,2,CIVIC,3,,AUTOS
2023-12-31,Control,SURCO,3,ODISSEY,4,,AUTOS
2023-12-31,Control,SURCO,4,CRV,4,,AUTOS
2023-12-31,Control,SURCO,5,PILOT,2,,AUTOS
2023-12-31,Control,SURCO,6,FIT,0,,AUTOS
2023-12-31,Control,SURCO,7,CITY,0,,AUTOS
2023-12-31,Control,SURCO,8,ELEMENT,0,,CAMIONETAS
2023-12-31,Control,SURCO,9,CROSSTOUR,0,,CAMIONETAS
2023-12-31,Control,SURCO,10,CR-Z,0,,CAMIONETAS
2023-12-31,Control,SURCO,11,RID LINE,0,,CAMIONETAS
2023-12-31,Control,SURCO,38,ACEITE FS 5W30,0,,REPUESTOS
2023-12-31,Control,SURCO,39,FILTRO COMBUST,5,,REPUESTOS
2023-12-31,Control,SURCO,40,AMORT DEL,0,,REPUESTOS
2023-12-31,Control,SURCO,41,AMORT POS,0,,REPUESTOS
2023-12-31,Control,SURCO,42,"LLANTAS 18""",0,,REPUESTOS
2023-12-31,Control,SURCO,43,BATERÍA 18 PLC,0,,REPUESTOS
2023-12-31,Control,LA MOLINA,1,ACCORD,5,,AUTOS
2023-12-31,Control,LA MOLINA,2,CIVIC,3,,AUTOS
2023-12-31,Control,LA MOLINA,3,ODISSEY,3,,AUTOS
2023-12-31,Control,LA MOLINA,4,CRV,4,,AUTOS
2023-12-31,Control,LA MOLINA,5,PILOT,0,,AUTOS
2023-12-31,Control,LA MOLINA,6,FIT,0,,AUTOS
2023-12-31,Control,LA MOLINA,7,CITY,0,,AUTOS
2023-12-31,Control,LA MOLINA,8,ELEMENT,0,,CAMIONETAS
2023-12-31,Control,LA MOLINA,9,CROSSTOUR,0,,CAMIONETAS
2023-12-31,Control,LA MOLINA,10,CR-Z,0,,CAMIONETAS
2023-12-31,Control,LA MOLINA,11,RID LINE,0,,CAMIONETAS
2023-12-31,Control,LA MOLINA,38,ACEITE FS 5W30,3,,REPUESTOS
2023-12-31,Control,LA MOLINA,39,FILTRO COMBUST,18,,REPUESTOS
2023-12-31,Control,LA MOLINA,40,AMORT DEL,51,,REPUESTOS
2023-12-31,Control,LA MOLINA,41,AMORT POS,0,,REPUESTOS
2023-12-31,Control,LA MOLINA,42,"LLANTAS 18""",0,,REPUESTOS
2023-12-31,Control,LA MOLINA,43,BATERÍA 18 PLC,0,,REPUESTOS
2024-01-01,Salida,LA MOLINA,1,ACCORD,1,Cliente 19,AUTOS
2024-01-01,Salida,LA MOLINA,2,CIVIC,1,Cliente 9,AUTOS
2024-01-01,Salida,SURCO,3,ODISSEY,1,Cliente 39,AUTOS
2024-01-01,Salida,LA MOLINA,4,CRV,1,Cliente 47,AUTOS
2024-01-01,Salida,SURCO,5,PILOT,1,Cliente 12,AUTOS
2024-01-01,Salida,LA MOLINA,38,ACEITE FS 5W30,1,Cliente 19,REPUESTOS
2024-01-01,Salida,SURCO,39,FILTRO COMBUST,1,Cliente 40,REPUESTOS
2024-01-01,Salida,LA MOLINA,40,AMORT DEL,1,Cliente 38,REPUESTOS
2024-01-02,Salida,LA MOLINA,1,ACCORD,1,Cliente 9,AUTOS
2024-01-02,Salida,LA MOLINA,2,CIVIC,1,Cliente 44,AUTOS
2024-01-02,Salida,LA MOLINA,4,CRV,1,Cliente 46,AUTOS
2024-01-02,Salida,SURCO,5,PILOT,1,Cliente 5,AUTOS
2024-01-02,Salida,LA MOLINA,38,ACEITE FS 5W30,1,Cliente 22,REPUESTOS
2024-01-02,Salida,LA MOLINA,39,FILTRO COMBUST,1,Cliente 23,REPUESTOS
2024-01-02,Salida,LA MOLINA,40,AMORT DEL,1,Cliente 17,REPUESTOS
2024-01-03,Entrada,SURCO,38,ACEITE FS 5W30,10,Prov Repuestos,REPUESTOS
2024-01-03,Entrada,SURCO,40,AMORT DEL,10,Prov Repuestos,REPUESTOS
2024-01-03,Entrada,SURCO,41,AMORT POS,10,Prov Repuestos,REPUESTOS
2024-01-03,Entrada,SURCO,42,"LLANTAS 18""",10,Prov Repuestos,REPUESTOS
2024-01-03,Entrada,SURCO,43,BATERÍA 18 PLC,5,Prov Repuestos,REPUESTOS
2024-01-03,Entrada,LA MOLINA,38,ACEITE FS 5W30,7,Prov Repuestos,REPUESTOS
2024-01-03,Entrada,LA MOLINA,41,AMORT POS,10,Prov Repuestos,REPUESTOS
2024-01-03,Entrada,LA MOLINA,42,"LLANTAS 18""",10,Prov Repuestos,REPUESTOS
2024-01-03,Entrada,LA MOLINA,43,BATERÍA 18 PLC,5,Prov Repuestos,REPUESTOS
2024-01-03,Entrada,SURCO,39,FILTRO COMBUST,35,Prov Repuestos,REPUESTOS
2024-01-03,Entrada,LA MOLINA,39,FILTRO COMBUST,108,Prov Repuestos,REPUESTOS
2024-01-03,Salida,LA MOLINA,1,ACCORD,1,Cliente 43,AUTOS
2024-01-03,Salida,SURCO,4,CRV,1,Cliente 36,AUTOS
2024-01-03,Salida,LA MOLINA,38,ACEITE FS 5W30,1,Cliente 11,REPUESTOS
2024-01-03,Salida,LA MOLINA,40,AMORT DEL,2,Cliente 30,REPUESTOS
2024-01-03,Salida,LA MOLINA,41,AMORT POS,1,Cliente 46,REPUESTOS
2024-01-03,Salida,SURCO,42,"LLANTAS 18""",4,Cliente 17,REPUESTOS
2024-01-03,Salida,LA MOLINA,43,BATERÍA 18 PLC,1,Cliente 3,REPUESTOS
2024-01-04,Salida,LA MOLINA,4,CRV,1,Cliente 18,AUTOS
2024-01-04,Salida,LA MOLINA,38,ACEITE FS 5W30,2,Cliente 17,REPUESTOS
2024-01-04,Salida,LA MOLINA,40,AMORT DEL,2,Cliente 28,REPUESTOS
2024-01-04,Salida,LA MOLINA,41,AMORT POS,3,Cliente 49,REPUESTOS
2024-01-04,Salida,SURCO,42,"LLANTAS 18""",4,Cliente 13,REPUESTOS
2024-01-04,Salida,SURCO,43,BATERÍA 18 PLC,1,Cliente 15,REPUESTOS
2024-01-05,Salida,SURCO,4,CRV,1,Cliente 31,AUTOS
2024-01-05,Salida,LA MOLINA,38,ACEITE FS 5W30,1,Cliente 28,REPUESTOS
2024-01-05,Salida,SURCO,40,AMORT DEL,2,Cliente 29,REPUESTOS
2024-01-05,Salida,LA MOLINA,41,AMORT POS,4,Cliente 32,REPUESTOS
2024-01-05,Salida,SURCO,42,"LLANTAS 18""",2,Cliente 23,REPUESTOS
2024-01-05,Salida,SURCO,43,BATERÍA 18 PLC,1,Cliente 19,REPUESTOS
2024-01-06,Salida,SURCO,4,CRV,1,Cliente 48,AUTOS
2024-01-06,Salida,SURCO,38,ACEITE FS 5W30,2,Cliente 38,REPUESTOS
2024-01-06,Salida,SURCO,40,AMORT DEL,3,Cliente 27,REPUESTOS
2024-01-06,Salida,LA MOLINA,41,AMORT POS,2,Cliente 44,REPUESTOS
2024-01-06,Salida,LA MOLINA,42,"LLANTAS 18""",3,Cliente 19,REPUESTOS
2024-01-06,Salida,LA MOLINA,43,BATERÍA 18 PLC,1,Cliente 24,REPUESTOS
2024-01-07,Salida,LA MOLINA,38,ACEITE FS 5W30,1,Cliente 10,REPUESTOS
2024-01-07,Salida,LA MOLINA,40,AMORT DEL,1,Cliente 46,REPUESTOS
2024-01-07,Salida,SURCO,41,AMORT POS,4,Cliente 39,REPUESTOS
2024-01-07,Salida,LA MOLINA,42,"LLANTAS 18""",3,Cliente 42,REPUESTOS
2024-01-07,Salida,LA MOLINA,43,BATERÍA 18 PLC,1,Cliente 21,REPUESTOS
2024-01-08,Salida,SURCO,38,ACEITE FS 5W30,1,Cliente 4,REPUESTOS
2024-01-08,Salida,SURCO,40,AMORT DEL,2,Cliente 48,REPUESTOS
2024-01-08,Salida,SURCO,41,AMORT POS,5,Cliente 6,REPUESTOS
2024-01-08,Salida,LA MOLINA,42,"LLANTAS 18""",3,Cliente 16,REPUESTOS
2024-01-08,Salida,SURCO,43,BATERÍA 18 PLC,1,Cliente 2,REPUESTOS
2024-01-09,Entrada,SURCO,2,CIVIC,2,Prov Vehículos,AUTOS
2024-01-09,Entrada,SURCO,3,ODISSEY,1,Prov Vehículos,AUTOS
2024-01-09,Entrada,SURCO,4,CRV,1,Prov Vehículos,AUTOS
2024-01-09,Entrada,SURCO,5,PILOT,3,Prov Vehículos,AUTOS
2024-01-09,Entrada,SURCO,6,FIT,5,Prov Vehículos,AUTOS
2024-01-09,Entrada,SURCO,7,CITY,5,Prov Vehículos,AUTOS
2024-01-09,Entrada,LA MOLINA,2,CIVIC,2,Prov Vehículos,AUTOS
2024-01-09,Entrada,LA MOLINA,3,ODISSEY,2,Prov Vehículos,AUTOS
2024-01-09,Entrada,LA MOLINA,4,CRV,1,Prov Vehículos,AUTOS
2024-01-09,Salida,SURCO,5,PILOT,1,Cliente 25,AUTOS
2024-01-09,Salida,SURCO,6,FIT,1,Cliente 42,AUTOS
2024-01-09,Salida,SURCO,7,CITY,1,Cliente 20,AUTOS
2024-01-09,Salida,LA MOLINA,38,ACEITE FS 5W30,2,Cliente 44,REPUESTOS
2024-01-09,Salida,LA MOLINA,40,AMORT DEL,1,Cliente 43,REPUESTOS
2024-01-09,Salida,SURCO,41,AMORT POS,1,Cliente 32,REPUESTOS
2024-01-09,Salida,LA MOLINA,42,"LLANTAS 18""",1,Cliente 18,REPUESTOS
2024-01-09,Salida,LA MOLINA,43,BATERÍA 18 PLC,1,Cliente 6,REPUESTOS
2024-01-10,Salida,SURCO,6,FIT,1,Cliente 40,AUTOS
2024-01-10,Salida,SURCO,7,CITY,1,Cliente 41,AUTOS
2024-01-10,Salida,SURCO,38,ACEITE FS 5W30,1,Cliente 33,REPUESTOS
2024-01-10,Salida,SURCO,40,AMORT DEL,2,Cliente 42,REPUESTOS
2024-01-10,Salida,LA MOLINA,43,BATERÍA 18 PLC,1,Cliente 30,REPUESTOS
2024-01-11,Salida,SURCO,6,FIT,1,Cliente 31,AUTOS
2024-01-11,Salida,SURCO,7,CITY,1,Cliente 9,AUTOS
2024-01-11,Salida,LA MOLINA,38,ACEITE FS 5W30,1,Cliente 19,REPUESTOS
2024-01-11,Salida,SURCO,40,AMORT DEL,1,Cliente 3,REPUESTOS
2024-01-11,Salida,SURCO,43,BATERÍA 18 PLC,1,Cliente 7,REPUESTOS
2024-01-12,Salida,SURCO,6,FIT,1,Cliente 23,AUTOS
2024-01-12,Salida,SURCO,7,CITY,1,Cliente 50,AUTOS
2024-01-12,Salida,SURCO,38,ACEITE FS 5W30,1,Cliente 48,REPUESTOS
2024-01-12,Salida,LA MOLINA,40,AMORT DEL,1,Cliente 26,REPUESTOS
2024-01-12,Salida,SURCO,43,BATERÍA 18 PLC,1,Cliente 21,REPUESTOS
2024-01-13,Salida,SURCO,6,FIT,1,Cliente 49,AUTOS
2024-01-13,Salida,SURCO,38,ACEITE FS 5W30,3,Cliente 22,REPUESTOS
2024-01-13,Salida,LA MOLINA,40,AMORT DEL,1,Cliente 6,REPUESTOS
2024-01-14,Salida,SURCO,38,ACEITE FS 5W30,2,Cliente 1,REPUESTOS
2024-01-14,Salida,LA MOLINA,40,AMORT DEL,1,Cliente 11,REPUESTOS
2024-01-14,Control,SURCO,1,ACCORD,5,,AUTOS
2024-01-14,Control,SURCO,2,CIVIC,5,,AUTOS
2024-01-14,Control,SURCO,3,ODISSEY,4,,AUTOS
2024-01-14,Control,SURCO,4,CRV,2,,AUTOS
2024-01-14,Control,SURCO,5,PILOT,2,,AUTOS
2024-01-14,Control,SURCO,6,FIT,0,,AUTOS
2024-01-14,Control,SURCO,7,CITY,1,,AUTOS
2024-01-14,Control,SURCO,8,ELEMENT,0,,CAMIONETAS
2024-01-14,Control,SURCO,9,CROSSTOUR,0,,CAMIONETAS
2024-01-14,Control,SURCO,10,CR-Z,0,,CAMIONETAS
2024-01-14,Control,SURCO,11,RID LINE,0,,CAMIONETAS
2024-01-14,Control,SURCO,38,ACEITE FS 5W30,0,,REPUESTOS
2024-01-14,Control,SURCO,39,FILTRO COMBUST,39,,REPUESTOS
2024-01-14,Control,SURCO,40,AMORT DEL,0,,REPUESTOS
2024-01-14,Control,SURCO,41,AMORT POS,0,,REPUESTOS
2024-01-14,Control,SURCO,42,"LLANTAS 18""",0,,REPUESTOS
2024-01-14,Control,SURCO,43,BATERÍA 18 PLC,0,,REPUESTOS
2024-01-14,Control,LA MOLINA,1,ACCORD,2,,AUTOS
2024-01-14,Control,LA MOLINA,2,CIVIC,3,,AUTOS
2024-01-14,Control,LA MOLINA,3,ODISSEY,5,,AUTOS
2024-01-14,Control,LA MOLINA,4,CRV,2,,AUTOS
2024-01-14,Control,LA MOLINA,5,PILOT,0,,AUTOS
2024-01-14,Control,LA MOLINA,6,FIT,0,,AUTOS
2024-01-14,Control,LA MOLINA,7,CITY,0,,AUTOS
2024-01-14,Control,LA MOLINA,8,ELEMENT,0,,CAMIONETAS
2024-01-14,Control,LA MOLINA,9,CROSSTOUR,0,,CAMIONETAS
2024-01-14,Control,LA MOLINA,10,CR-Z,0,,CAMIONETAS
2024-01-14,Control,LA MOLINA,11,RID LINE,0,,CAMIONETAS
2024-01-14,Control,LA MOLINA,38,ACEITE FS 5W30,0,,REPUESTOS
2024-01-14,Control,LA MOLINA,39,FILTRO COMBUST,125,,REPUESTOS
2024-01-14,Control,LA MOLINA,40,AMORT DEL,40,,REPUESTOS
2024-01-14,Control,LA MOLINA,41,AMORT POS,0,,REPUESTOS
2024-01-14,Control,LA MOLINA,42,"LLANTAS 18""",0,,REPUESTOS
2024-01-14,Control,LA MOLINA,43,BATERÍA 18 PLC,0,,REPUESTOS
2024-01-15,Salida,LA MOLINA,40,AMORT DEL,4,Cliente 6,REPUESTOS
2024-01-16,Salida,LA MOLINA,40,AMORT DEL,1,Cliente 2,REPUESTOS
2024-01-17,Entrada,SURCO,38,ACEITE FS 5W30,10,Prov Repuestos,REPUESTOS
2024-01-17,Entrada,SURCO,40,AMORT DEL,10,Prov Repuestos,REPUESTOS
2024-01-17,Entrada,SURCO,41,AMORT POS,10,Prov Repuestos,REPUESTOS
2024-01-17,Entrada,SURCO,42,"LLANTAS 18""",10,Prov Repuestos,REPUESTOS
2024-01-17,Entrada,SURCO,43,BATERÍA 18 PLC,5,Prov Repuestos,REPUESTOS
2024-01-17,Entrada,LA MOLINA,38,ACEITE FS 5W30,10,Prov Repuestos,REPUESTOS
2024-01-17,Entrada,LA MOLINA,41,AMORT POS,10,Prov Repuestos,REPUESTOS
2024-01-17,Entrada,LA MOLINA,42,"LLANTAS 18""",10,Prov Repuestos,REPUESTOS
2024-01-17,Entrada,LA MOLINA,43,BATERÍA 18 PLC,5,Prov Repuestos,REPUESTOS
2024-01-17,Entrada,SURCO,40,AMORT DEL,1,Prov Repuestos,REPUESTOS
2024-01-17,Entrada,LA MOLINA,42,"LLANTAS 18""",12,Prov Repuestos,REPUESTOS
2024-01-17,Salida,LA MOLINA,38,ACEITE FS 5W30,2,Cliente 41,REPUESTOS
2024-01-17,Salida,SURCO,40,AMORT DEL,2,Cliente 20,REPUESTOS
2024-01-17,Salida,LA MOLINA,41,AMORT POS,2,Cliente 28,REPUESTOS
2024-01-17,Salida,SURCO,42,"LLANTAS 18""",1,Cliente 10,REPUESTOS
2024-01-17,Salida,LA MOLINA,43,BATERÍA 18 PLC,2,Cliente 2,REPUESTOS
2024-01-18,Salida,SURCO,38,ACEITE FS 5W30,2,Cliente 19,REPUESTOS
2024-01-18,Salida,SURCO,40,AMORT DEL,4,Cliente 22,REPUESTOS
2024-01-18,Salida,LA MOLINA,41,AMORT POS,2,Cliente 27,REPUESTOS
2024-01-18,Salida,LA MOLINA,42,"LLANTAS 18""",6,Cliente 3,REPUESTOS
2024-01-18,Salida,LA MOLINA,43,BATERÍA 18 PLC,2,Cliente 33,REPUESTOS
2024-01-19,Salida,SURCO,38,ACEITE FS 5W30,4,Cliente 46,REPUESTOS
2024-01-19,Salida,LA MOLINA,40,AMORT DEL,1,Cliente 37,REPUESTOS
2024-01-19,Salida,LA MOLINA,41,AMORT POS,2,Cliente 42,REPUESTOS
2024-01-19,Salida,SURCO,42,"LLANTAS 18""",4,Cliente 32,REPUESTOS
2024-01-19,Salida,LA MOLINA,43,BATERÍA 18 PLC,1,Cliente 45,REPUESTOS
2024-01-20,Salida,SURCO,38,ACEITE FS 5W30,1,Cliente 19,REPUESTOS
2024-01-20,Salida,LA MOLINA,40,AMORT DEL,4,Cliente 29,REPUESTOS
2024-01-20,Salida,SURCO,41,AMORT POS,9,Cliente 38,REPUESTOS
2024-01-20,Salida,LA MOLINA,42,"LLANTAS 18""",5,Cliente 9,REPUESTOS
2024-01-20,Salida,SURCO,43,BATERÍA 18 PLC,2,Cliente 44,REPUESTOS
2024-01-21,Salida,SURCO,38,ACEITE FS 5W30,3,Cliente 40,REPUESTOS
2024-01-21,Salida,SURCO,40,AMORT DEL,3,Cliente 43,REPUESTOS
2024-01-21,Salida,SURCO,41,AMORT POS,1,Cliente 13,REPUESTOS
2024-01-21,Salida,LA MOLINA,42,"LLANTAS 18""",5,Cliente 7,REPUESTOS
2024-01-21,Salida,SURCO,43,BATERÍA 18 PLC,2,Cliente 16,REPUESTOS
2024-01-22,Salida,LA MOLINA,38,ACEITE FS 5W30,5,Cliente 2,REPUESTOS
2024-01-22,Salida,LA MOLINA,40,AMORT DEL,3,Cliente 44,REPUESTOS
2024-01-22,Salida,LA MOLINA,41,AMORT POS,3,Cliente 5,REPUESTOS
2024-01-22,Salida,SURCO,42,"LLANTAS 18""",5,Cliente 40,REPUESTOS
2024-01-22,Salida,SURCO,43,BATERÍA 18 PLC,1,Cliente 32,REPUESTOS
2024-01-23,Salida,LA MOLINA,38,ACEITE FS 5W30,3,Cliente 50,REPUESTOS
2024-01-23,Salida,LA MOLINA,40,AMORT DEL,5,Cliente 10,REPUESTOS
2024-01-23,Salida,LA MOLINA,41,AMORT POS,1,Cliente 46,REPUESTOS
2024-01-23,Salida,LA MOLINA,42,"LLANTAS 18""",6,Cliente 49,REPUESTOS
2024-01-24,Salida,SURCO,40,AMORT DEL,2,Cliente 36,REPUESTOS
2024-01-25,Salida,LA MOLINA,40,AMORT DEL,1,Cliente 24,REPUESTOS
2024-01-26,Salida,LA MOLINA,40,AMORT DEL,5,Cliente 47,REPUESTOS
2024-01-27,Salida,LA MOLINA,40,AMORT DEL,2,Cliente 13,REPUESTOS
2024-01-28,Salida,LA MOLINA,40,AMORT DEL,7,Cliente 22,REPUESTOS
2024-01-29,Salida,LA MOLINA,40,AMORT DEL,6,Cliente 24,REPUESTOS
2024-01-30,Salida,LA MOLINA,40,AMORT DEL,1,Cliente 27,REPUESTOS
2024-01-31,Control,SURCO,1,ACCORD,5,,AUTOS
2024-01-31,Control,SURCO,2,CIVIC,5,,AUTOS
2024-01-31,Control,SURCO,3,ODISSEY,4,,AUTOS
2024-01-31,Control,SURCO,4,CRV,2,,AUTOS
2024-01-31,Control,SURCO,5,PILOT,2,,AUTOS
2024-01-31,Control,SURCO,6,FIT,0,,AUTOS
2024-01-31,Control,SURCO,7,CITY,1,,AUTOS
2024-01-31,Control,SURCO,8,ELEMENT,0,,CAMIONETAS
2024-01-31,Control,SURCO,9,CROSSTOUR,0,,CAMIONETAS
2024-01-31,Control,SURCO,10,CR-Z,0,,CAMIONETAS
2024-01-31,Control,SURCO,11,RID LINE,0,,CAMIONETAS
2024-01-31,Control,SURCO,38,ACEITE FS 5W30,0,,REPUESTOS
2024-01-31,Control,SURCO,39,FILTRO COMBUST,39,,REPUESTOS
2024-01-31,Control,SURCO,40,AMORT DEL,0,,REPUESTOS
2024-01-31,Control,SURCO,41,AMORT POS,0,,REPUESTOS
2024-01-31,Control,SURCO,42,"LLANTAS 18""",0,,REPUESTOS
2024-01-31,Control,SURCO,43,BATERÍA 18 PLC,0,,REPUESTOS
2024-01-31,Control,LA MOLINA,1,ACCORD,2,,AUTOS
2024-01-31,Control,LA MOLINA,2,CIVIC,3,,AUTOS
2024-01-31,Control,LA MOLINA,3,ODISSEY,5,,AUTOS
2024-01-31,Control,LA MOLINA,4,CRV,2,,AUTOS
2024-01-31,Control,LA MOLINA,5,PILOT,0,,AUTOS
2024-01-31,Control,LA MOLINA,6,FIT,0,,AUTOS
2024-01-31,Control,LA MOLINA,7,CITY,0,,AUTOS
2024-01-31,Control,LA MOLINA,8,ELEMENT,0,,CAMIONETAS
2024-01-31,Control,LA MOLINA,9,CROSSTOUR,0,,CAMIONETAS
2024-01-31,Control,LA MOLINA,10,CR-Z,0,,CAMIONETAS
2024-01-31,Control,LA MOLINA,11,RID LINE,0,,CAMIONETAS
2024-01-31,Control,LA MOLINA,38,ACEITE FS 5W30,0,,REPUESTOS
2024-01-31,Control,LA MOLINA,39,FILTRO COMBUST,125,,REPUESTOS
2024-01-31,Control,LA MOLINA,40,AMORT DEL,0,,REPUESTOS
2024-01-31,Control,LA MOLINA,41,AMORT POS,0,,REPUESTOS
2024-01-31,Control,LA MOLINA,42,"LLANTAS 18""",0,,REPUESTOS
2024-01-31,Control,LA MOLINA,43,BATERÍA 18 PLC,0,,REPUESTOS
2024-02-01,Salida,SURCO,1,ACCORD,1,Cliente 26,AUTOS
2024-02-01,Salida,SURCO,2,CIVIC,1,Cliente 37,AUTOS
2024-02-01,Salida,LA MOLINA,3,ODISSEY,1,Cliente 27,AUTOS
2024-02-01,Salida,LA MOLINA,4,CRV,1,Cliente 47,AUTOS
2024-02-01,Salida,SURCO,5,PILOT,1,Cliente 1,AUTOS
2024-02-01,Salida,SURCO,7,CITY,1,Cliente 45,AUTOS
2024-02-01,Salida,SURCO,39,FILTRO COMBUST,1,Cliente 35,REPUESTOS
2024-02-02,Salida,LA MOLINA,1,ACCORD,1,Cliente 50,AUTOS
2024-02-02,Salida,LA MOLINA,2,CIVIC,1,Cliente 6,AUTOS
2024-02-02,Salida,LA MOLINA,3,ODISSEY,1,Cliente 25,AUTOS
2024-02-02,Salida,LA MOLINA,4,CRV,1,Cliente 14,AUTOS
2024-02-02,Salida,SURCO,5,PILOT,1,Cliente 34,AUTOS
2024-02-02,Salida,SURCO,39,FILTRO COMBUST,1,Cliente 2,REPUESTOS
2024-02-03,Entrada,SURCO,38,ACEITE FS 5W30,10,Prov Repuestos,REPUESTOS
2024-02-03,Entrada,SURCO,40,AMORT DEL,10,Prov Repuestos,REPUESTOS
2024-02-03,Entrada,SURCO,41,AMORT POS,10,Prov Repuestos,REPUESTOS
2024-02-03,Entrada,SURCO,42,"LLANTAS 18""",10,Prov Repuestos,REPUESTOS
2024-02-03,Entrada,SURCO,43,BATERÍA 18 PLC,5,Prov Repuestos,REPUESTOS
2024-02-03,Entrada,LA MOLINA,38,ACEITE FS 5W30,10,Prov Repuestos,REPUESTOS
2024-02-03,Entrada,LA MOLINA,40,AMORT DEL,10,Prov Repuestos,REPUESTOS
2024-02-03,Entrada,LA MOLINA,41,AMORT POS,10,Prov Repuestos,REPUESTOS
2024-02-03,Entrada,LA MOLINA,42,"LLANTAS 18""",10,Prov Repuestos,REPUESTOS
2024-02-03,Entrada,LA MOLINA,43,BATERÍA 18 PLC,5,Prov Repuestos,REPUESTOS
2024-02-03,Entrada,SURCO,39,FILTRO COMBUST,1,Prov Repuestos,REPUESTOS
2024-02-03,Entrada,LA MOLINA,41,AMORT POS,42,Prov Repuestos,REPUESTOS
2024-02-03,Salida,LA MOLINA,2,CIVIC,1,Cliente 47,AUTOS
2024-02-03,Salida,SURCO,3,ODISSEY,1,Cliente 47,AUTOS
2024-02-03,Salida,SURCO,4,CRV,1,Cliente 17,AUTOS
2024-02-03,Salida,SURCO,38,ACEITE FS 5W30,3,Cliente 4,REPUESTOS
2024-02-03,Salida,LA MOLINA,39,FILTRO COMBUST,1,Cliente 20,REPUESTOS
2024-02-03,Salida,LA MOLINA,40,AMORT DEL,1,Cliente 22,REPUESTOS
2024-02-03,Salida,SURCO,41,AMORT POS,1,Cliente 23,REPUESTOS
2024-02-03,Salida,SURCO,42,"LLANTAS 18""",2,Cliente 46,REPUESTOS
2024-02-03,Salida,SURCO,43,BATERÍA 18 PLC,1,Cliente 7,REPUESTOS
2024-02-04,Salida,SURCO,2,CIVIC,1,Cliente 50,AUTOS
2024-02-04,Salida,LA MOLINA,3,ODISSEY,1,Cliente 7,AUTOS
2024-02-04,Salida,LA MOLINA,38,ACEITE FS 5W30,4,Cliente 6,REPUESTOS
2024-02-04,Salida,SURCO,39,FILTRO COMBUST,1,Cliente 28,REPUESTOS
2024-02-04,Salida,SURCO,40,AMORT DEL,2,Cliente 29,REPUESTOS
2024-02-04,Salida,LA MOLINA,41,AMORT POS,1,Cliente 44,REPUESTOS
2024-02-04,Salida,LA MOLINA,42,"LLANTAS 18""",2,Cliente 17,REPUESTOS
2024-02-04,Salida,LA MOLINA,43,BATERÍA 18 PLC,1,Cliente 41,REPUESTOS
2024-02-05,Salida,LA MOLINA,2,CIVIC,1,Cliente 45,AUTOS
2024-02-05,Salida,LA MOLINA,3,ODISSEY,1,Cliente 11,AUTOS
2024-02-05,Salida,SURCO,38,ACEITE FS 5W30,5,Cliente 32,REPUESTOS
2024-02-05,Salida,SURCO,39,FILTRO COMBUST,1,Cliente 46,REPUESTOS
2024-02-05,Salida,SURCO,40,AMORT DEL,1,Cliente 30,REPUESTOS
2024-02-05,Salida,SURCO,41,AMORT POS,1,Cliente 48,REPUESTOS
2024-02-05,Salida,LA MOLINA,42,"LLANTAS 18""",3,Cliente 8,REPUESTOS
2024-02-05,Salida,LA MOLINA,43,BATERÍA 18 PLC,1,Cliente 8,REPUESTOS
2024-02-06,Salida,LA MOLINA,38,ACEITE FS 5W30,3,Cliente 3,REPUESTOS
2024-02-06,Salida,SURCO,39,FILTRO COMBUST,1,Cliente 8,REPUESTOS
2024-02-06,Salida,LA MOLINA,40,AMORT DEL,2,Cliente 20,REPUESTOS
2024-02-06,Salida,LA MOLINA,41,AMORT POS,1,Cliente 2,REPUESTOS
2024-02-06,Salida,LA MOLINA,42,"LLANTAS 18""",1,Cliente 4,REPUESTOS
2024-02-06,Salida,LA MOLINA,43,BATERÍA 18 PLC,1,Cliente 14,REPUESTOS
2024-02-07,Salida,SURCO,38,ACEITE FS 5W30,2,Cliente 8,REPUESTOS
2024-02-07,Salida,SURCO,40,AMORT DEL,2,Cliente 3,REPUESTOS
2024-02-07,Salida,LA MOLINA,41,AMORT POS,1,Cliente 37,REPUESTOS
2024-02-07,Salida,LA MOLINA,42,"LLANTAS 18""",3,Cliente 22,REPUESTOS
2024-02-07,Salida,LA MOLINA,43,BATERÍA 18 PLC,1,Cliente 47,REPUESTOS
2024-02-08,Salida,LA MOLINA,38,ACEITE FS 5W30,2,Cliente 33,REPUESTOS
2024-02-08,Salida,LA MOLINA,40,AMORT DEL,2,Cliente 10,REPUESTOS
2024-02-08,Salida,SURCO,41,AMORT POS,1,Cliente 40,REPUESTOS
2024-02-08,Salida,LA MOLINA,42,"LLANTAS 18""",1,Cliente 15,REPUESTOS
2024-02-08,Salida,LA MOLINA,43,BATERÍA 18 PLC,1,Cliente 35,REPUESTOS
2024-02-09,Entrada,SURCO,3,ODISSEY,1,Prov Vehículos,AUTOS
2024-02-09,Entrada,SURCO,4,CRV,3,Prov Vehículos,AUTOS
2024-02-09,Entrada,SURCO,5,PILOT,3,Prov Vehículos,AUTOS
2024-02-09,Entrada,SURCO,6,FIT,5,Prov Vehículos,AUTOS
2024-02-09,Entrada,SURCO,7,CITY,4,Prov Vehículos,AUTOS
2024-02-09,Entrada,LA MOLINA,1,ACCORD,3,Prov Vehículos,AUTOS
2024-02-09,Entrada,LA MOLINA,2,CIVIC,2,Prov Vehículos,AUTOS
2024-02-09,Entrada,LA MOLINA,4,CRV,3,Prov Vehículos,AUTOS
2024-02-09,Salida,SURCO,5,PILOT,1,Cliente 48,AUTOS
2024-02-09,Salida,SURCO,6,FIT,1,Cliente 11,AUTOS
2024-02-09,Salida,SURCO,7,CITY,1,Cliente 36,AUTOS
2024-02-09,Salida,LA MOLINA,38,ACEITE FS 5W30,1,Cliente 13,REPUESTOS
2024-02-09,Salida,SURCO,40,AMORT DEL,3,Cliente 37,REPUESTOS
2024-02-09,Salida,SURCO,41,AMORT POS,1,Cliente 49,REPUESTOS
2024-02-09,Salida,SURCO,42,"LLANTAS 18""",3,Cliente 8,REPUESTOS
2024-02-09,Salida,SURCO,43,BATERÍA 18 PLC,1,Cliente 2,REPUESTOS
2024-02-10,Salida,SURCO,5,PILOT,1,Cliente 16,AUTOS
2024-02-10,Salida,SURCO,6,FIT,1,Cliente 6,AUTOS
2024-02-10,Salida,SURCO,7,CITY,1,Cliente 26,AUTOS
2024-02-10,Salida,SURCO,40,AMORT DEL,2,Cliente 22,REPUESTOS
2024-02-10,Salida,SURCO,41,AMORT POS,1,Cliente 27,REPUESTOS
2024-02-10,Salida,SURCO,42,"LLANTAS 18""",3,Cliente 25,REPUESTOS
2024-02-10,Salida,SURCO,43,BATERÍA 18 PLC,1,Cliente 8,REPUESTOS
2024-02-11,Salida,SURCO,5,PILOT,1,Cliente 19,AUTOS
2024-02-11,Salida,SURCO,6,FIT,1,Cliente 17,AUTOS
2024-02-11,Salida,SURCO,7,CITY,1,Cliente 20,AUTOS
2024-02-11,Salida,LA MOLINA,40,AMORT DEL,1,Cliente 40,REPUESTOS
2024-02-11,Salida,SURCO,41,AMORT POS,1,Cliente 46,REPUESTOS
2024-02-11,Salida,SURCO,42,"LLANTAS 18""",2,Cliente 7,REPUESTOS
2024-02-11,Salida,SURCO,43,BATERÍA 18 PLC,1,Cliente 27,REPUESTOS
2024-02-12,Salida,SURCO,6,FIT,1,Cliente 25,AUTOS
2024-02-12,Salida,LA MOLINA,40,AMORT DEL,1,Cliente 49,REPUESTOS
2024-02-12,Salida,LA MOLINA,41,AMORT POS,1,Cliente 33,REPUESTOS
2024-02-12,Salida,SURCO,43,BATERÍA 18 PLC,1,Cliente 18,REPUESTOS
2024-02-13,Salida,LA MOLINA,40,AMORT DEL,2,Cliente 5,REPUESTOS
2024-02-13,Salida,LA MOLINA,41,AMORT POS,1,Cliente 41,REPUESTOS
2024-02-14,Salida,LA MOLINA,40,AMORT DEL,1,Cliente 16,REPUESTOS
2024-02-14,Salida,LA MOLINA,41,AMORT POS,1,Cliente 37,REPUESTOS
2024-02-14,Control,SURCO,1,ACCORD,4,,AUTOS
2024-02-14,Control,SURCO,2,CIVIC,3,,AUTOS
2024-02-14,Control,SURCO,3,ODISSEY,4,,AUTOS
2024-02-14,Control,SURCO,4,CRV,4,,AUTOS
2024-02-14,Control,SURCO,5,PILOT,0,,AUTOS
2024-02-14,Control,SURCO,6,FIT,1,,AUTOS
2024-02-14,Control,SURCO,7,CITY,1,,AUTOS
2024-02-14,Control,SURCO,8,ELEMENT,0,,CAMIONETAS
2024-02-14,Control,SURCO,9,CROSSTOUR,0,,CAMIONETAS
2024-02-14,Control,SURCO,10,CR-Z,0,,CAMIONETAS
2024-02-14,Control,SURCO,11,RID LINE,0,,CAMIONETAS
2024-02-14,Control,SURCO,38,ACEITE FS 5W30,0,,REPUESTOS
2024-02-14,Control,SURCO,39,FILTRO COMBUST,35,,REPUESTOS
2024-02-14,Control,SURCO,40,AMORT DEL,0,,REPUESTOS
2024-02-14,Control,SURCO,41,AMORT POS,4,,REPUESTOS
2024-02-14,Control,SURCO,42,"LLANTAS 18""",0,,REPUESTOS
2024-02-14,Control,SURCO,43,BATERÍA 18 PLC,0,,REPUESTOS
2024-02-14,Control,LA MOLINA,1,ACCORD,4,,AUTOS
2024-02-14,Control,LA MOLINA,2,CIVIC,2,,AUTOS
2024-02-14,Control,LA MOLINA,3,ODISSEY,1,,AUTOS
2024-02-14,Control,LA MOLINA,4,CRV,3,,AUTOS
2024-02-14,Control,LA MOLINA,5,PILOT,0,,AUTOS
2024-02-14,Control,LA MOLINA,6,FIT,0,,AUTOS
2024-02-14,Control,LA MOLINA,7,CITY,0,,AUTOS
2024-02-14,Control,LA MOLINA,8,ELEMENT,0,,CAMIONETAS
2024-02-14,Control,LA MOLINA,9,CROSSTOUR,0,,CAMIONETAS
2024-02-14,Control,LA MOLINA,10,CR-Z,0,,CAMIONETAS
2024-02-14,Control,LA MOLINA,11,RID LINE,0,,CAMIONETAS
2024-02-14,Control,LA MOLINA,38,ACEITE FS 5W30,0,,REPUESTOS
2024-02-14,Control,LA MOLINA,39,FILTRO COMBUST,124,,REPUESTOS
2024-02-14,Control,LA MOLINA,40,AMORT DEL,0,,REPUESTOS
2024-02-14,Control,LA MOLINA,41,AMORT POS,46,,REPUESTOS
2024-02-14,Control,LA MOLINA,42,"LLANTAS 18""",0,,REPUESTOS
2024-02-14,Control,LA MOLINA,43,BATERÍA 18 PLC,0,,REPUESTOS
2024-02-15,Salida,SURCO,41,AMORT POS,2,Cliente 16,REPUESTOS
2024-02-16,Salida,LA MOLINA,41,AMORT POS,1,Cliente 40,REPUESTOS
2024-02-17,Entrada,SURCO,38,ACEITE FS 5W30,10,Prov Repuestos,REPUESTOS
2024-02-17,Entrada,SURCO,40,AMORT DEL,10,Prov Repuestos,REPUESTOS
2024-02-17,Entrada,SURCO,41,AMORT POS,6,Prov Repuestos,REPUESTOS
2024-02-17,Entrada,SURCO,42,"LLANTAS 18""",10,Prov Repuestos,REPUESTOS
2024-02-17,Entrada,SURCO,43,BATERÍA 18 PLC,5,Prov Repuestos,REPUESTOS
2024-02-17,Entrada,LA MOLINA,38,ACEITE FS 5W30,10,Prov Repuestos,REPUESTOS
2024-02-17,Entrada,LA MOLINA,40,AMORT DEL,10,Prov Repuestos,REPUESTOS
2024-02-17,Entrada,LA MOLINA,42,"LLANTAS 18""",10,Prov Repuestos,REPUESTOS
2024-02-17,Entrada,LA MOLINA,43,BATERÍA 18 PLC,5,Prov Repuestos,REPUESTOS
2024-02-17,Entrada,SURCO,38,ACEITE FS 5W30,5,Prov Repuestos,REPUESTOS
2024-02-17,Entrada,LA MOLINA,43,BATERÍA 18 PLC,7,Prov Repuestos,REPUESTOS
2024-02-17,Salida,SURCO,38,ACEITE FS 5W30,1,Cliente 31,REPUESTOS
2024-02-17,Salida,LA MOLINA,40,AMORT DEL,3,Cliente 23,REPUESTOS
2024-02-17,Salida,SURCO,41,AMORT POS,2,Cliente 11,REPUESTOS
2024-02-17,Salida,LA MOLINA,42,"LLANTAS 18""",1,Cliente 6,REPUESTOS
2024-02-17,Salida,SURCO,43,BATERÍA 18 PLC,1,Cliente 47,REPUESTOS
2024-02-18,Salida,LA MOLINA,38,ACEITE FS 5W30,5,Cliente 14,REPUESTOS
2024-02-18,Salida,LA MOLINA,40,AMORT DEL,3,Cliente 41,REPUESTOS
2024-02-18,Salida,LA MOLINA,41,AMORT POS,2,Cliente 16,REPUESTOS
2024-02-18,Salida,SURCO,42,"LLANTAS 18""",3,Cliente 30,REPUESTOS
2024-02-18,Salida,SURCO,43,BATERÍA 18 PLC,2,Cliente 45,REPUESTOS
2024-02-19,Salida,LA MOLINA,38,ACEITE FS 5W30,1,Cliente 1,REPUESTOS
2024-02-19,Salida,LA MOLINA,40,AMORT DEL,2,Cliente 36,REPUESTOS
2024-02-19,Salida,SURCO,41,AMORT POS,2,Cliente 42,REPUESTOS
2024-02-19,Salida,SURCO,42,"LLANTAS 18""",5,Cliente 43,REPUESTOS
2024-02-19,Salida,LA MOLINA,43,BATERÍA 18 PLC,1,Cliente 25,REPUESTOS
2024-02-20,Salida,LA MOLINA,38,ACEITE FS 5W30,4,Cliente 12,REPUESTOS
2024-02-20,Salida,LA MOLINA,40,AMORT DEL,1,Cliente 24,REPUESTOS
2024-02-20,Salida,SURCO,41,AMORT POS,2,Cliente 15,REPUESTOS
2024-02-20,Salida,LA MOLINA,42,"LLANTAS 18""",3,Cliente 13,REPUESTOS
2024-02-20,Salida,SURCO,43,BATERÍA 18 PLC,2,Cliente 15,REPUESTOS
2024-02-21,Salida,SURCO,38,ACEITE FS 5W30,6,Cliente 18,REPUESTOS
2024-02-21,Salida,SURCO,40,AMORT DEL,5,Cliente 1,REPUESTOS
2024-02-21,Salida,SURCO,41,AMORT POS,2,Cliente 18,REPUESTOS
2024-02-21,Salida,LA MOLINA,42,"LLANTAS 18""",5,Cliente 11,REPUESTOS
2024-02-21,Salida,LA MOLINA,43,BATERÍA 18 PLC,1,Cliente 5,REPUESTOS
2024-02-22,Salida,SURCO,38,ACEITE FS 5W30,3,Cliente 9,REPUESTOS
2024-02-22,Salida,SURCO,40,AMORT DEL,5,Cliente 34,REPUESTOS
2024-02-22,Salida,LA MOLINA,41,AMORT POS,1,Cliente 45,REPUESTOS
2024-02-22,Salida,LA MOLINA,42,"LLANTAS 18""",1,Cliente 44,REPUESTOS
2024-02-22,Salida,LA MOLINA,43,BATERÍA 18 PLC,2,Cliente 28,REPUESTOS
2024-02-23,Salida,SURCO,38,ACEITE FS 5W30,5,Cliente 28,REPUESTOS
2024-02-23,Salida,LA MOLINA,40,AMORT DEL,1,Cliente 44,REPUESTOS
2024-02-23,Salida,LA MOLINA,41,AMORT POS,2,Cliente 24,REPUESTOS
2024-02-23,Salida,SURCO,42,"LLANTAS 18""",1,Cliente 4,REPUESTOS
2024-02-23,Salida,LA MOLINA,43,BATERÍA 18 PLC,2,Cliente 21,REPUESTOS
2024-02-24,Salida,LA MOLINA,41,AMORT POS,2,Cliente 37,REPUESTOS
2024-02-24,Salida,SURCO,42,"LLANTAS 18""",1,Cliente 45,REPUESTOS
2024-02-24,Salida,LA MOLINA,43,BATERÍA 18 PLC,1,Cliente 13,REPUESTOS
2024-02-25,Salida,LA MOLINA,41,AMORT POS,1,Cliente 2,REPUESTOS
2024-02-25,Salida,LA MOLINA,43,BATERÍA 18 PLC,1,Cliente 17,REPUESTOS
2024-02-26,Salida,LA MOLINA,41,AMORT POS,1,Cliente 4,REPUESTOS
2024-02-26,Salida,LA MOLINA,43,BATERÍA 18 PLC,1,Cliente 50,REPUESTOS
2024-02-27,Salida,LA MOLINA,41,AMORT POS,1,Cliente 38,REPUESTOS
2024-02-27,Salida,LA MOLINA,43,BATERÍA 18 PLC,1,Cliente 25,REPUESTOS
2024-02-28,Salida,LA MOLINA,41,AMORT POS,2,Cliente 29,REPUESTOS
2024-02-28,Salida,LA MOLINA,43,BATERÍA 18 PLC,2,Cliente 5,REPUESTOS
2024-02-29,Salida,LA MOLINA,41,AMORT POS,10,Cliente 15,REPUESTOS
2024-02-29,Control,SURCO,1,ACCORD,4,,AUTOS
2024-02-29,Control,SURCO,2,CIVIC,3,,AUTOS
2024-02-29,Control,SURCO,3,ODISSEY,4,,AUTOS
2024-02-29,Control,SURCO,4,CRV,4,,AUTOS
2024-02-29,Control,SURCO,5,PILOT,0,,AUTOS
2024-02-29,Control,SURCO,6,FIT,1,,AUTOS
2024-02-29,Control,SURCO,7,CITY,1,,AUTOS
2024-02-29,Control,SURCO,8,ELEMENT,0,,CAMIONETAS
2024-02-29,Control,SURCO,9,CROSSTOUR,0,,CAMIONETAS
2024-02-29,Control,SURCO,10,CR-Z,0,,CAMIONETAS
2024-02-29,Control,SURCO,11,RID LINE,0,,CAMIONETAS
2024-02-29,Control,SURCO,38,ACEITE FS 5W30,0,,REPUESTOS
2024-02-29,Control,SURCO,39,FILTRO COMBUST,35,,REPUESTOS
2024-02-29,Control,SURCO,40,AMORT DEL,0,,REPUESTOS
2024-02-29,Control,SURCO,41,AMORT POS,0,,REPUESTOS
2024-02-29,Control,SURCO,42,"LLANTAS 18""",0,,REPUESTOS
2024-02-29,Control,SURCO,43,BATERÍA 18 PLC,0,,REPUESTOS
2024-02-29,Control,LA MOLINA,1,ACCORD,4,,AUTOS
2024-02-29,Control,LA MOLINA,2,CIVIC,2,,AUTOS
2024-02-29,Control,LA MOLINA,3,ODISSEY,1,,AUTOS
2024-02-29,Control,LA MOLINA,4,CRV,3,,AUTOS
2024-02-29,Control,LA MOLINA,5,PILOT,0,,AUTOS
2024-02-29,Control,LA MOLINA,6,FIT,0,,AUTOS
2024-02-29,Control,LA MOLINA,7,CITY,0,,AUTOS
2024-02-29,Control,LA MOLINA,8,ELEMENT,0,,CAMIONETAS
2024-02-29,Control,LA MOLINA,9,CROSSTOUR,0,,CAMIONETAS
2024-02-29,Control,LA MOLINA,10,CR-Z,0,,CAMIONETAS
2024-02-29,Control,LA MOLINA,11,RID LINE,0,,CAMIONETAS
2024-02-29,Control,LA MOLINA,38,ACEITE FS 5W30,0,,REPUESTOS
2024-02-29,Control,LA MOLINA,39,FILTRO COMBUST,124,,REPUESTOS
2024-02-29,Control,LA MOLINA,40,AMORT DEL,0,,REPUESTOS
2024-02-29,Control,LA MOLINA,41,AMORT POS,23,,REPUESTOS
2024-02-29,Control,LA MOLINA,42,"LLANTAS 18""",0,,REPUESTOS
2024-02-29,Control,LA MOLINA,43,BATERÍA 18 PLC,0,,REPUESTOS
2024-03-01,Salida,LA MOLINA,1,ACCORD,1,Cliente 30,AUTOS
2024-03-01,Salida,SURCO,2,CIVIC,1,Cliente 22,AUTOS
2024-03-01,Salida,LA MOLINA,3,ODISSEY,1,Cliente 34,AUTOS
2024-03-01,Salida,SURCO,4,CRV,1,Cliente 7,AUTOS
2024-03-01,Salida,SURCO,6,FIT,1,Cliente 39,AUTOS
2024-03-01,Salida,SURCO,7,CITY,1,Cliente 37,AUTOS
2024-03-01,Salida,LA MOLINA,39,FILTRO COMBUST,1,Cliente 23,REPUESTOS
2024-03-01,Salida,LA MOLINA,41,AMORT POS,3,Cliente 12,REPUESTOS
2024-03-02,Salida,SURCO,1,ACCORD,1,Cliente 4,AUTOS
2024-03-02,Salida,LA MOLINA,2,CIVIC,1,Cliente 38,AUTOS
2024-03-02,Salida,SURCO,3,ODISSEY,1,Cliente 20,AUTOS
2024-03-02,Salida,SURCO,4,CRV,1,Cliente 10,AUTOS
2024-03-02,Salida,LA MOLINA,39,FILTRO COMBUST,1,Cliente 19,REPUESTOS
2024-03-02,Salida,LA MOLINA,41,AMORT POS,3,Cliente 4,REPUESTOS
2024-03-03,Entrada,SURCO,38,ACEITE FS 5W30,10,Prov Repuestos,REPUESTOS
2024-03-03,Entrada,SURCO,40,AMORT DEL,10,Prov Repuestos,REPUESTOS
2024-03-03,Entrada,SURCO,41,AMORT POS,10,Prov Repuestos,REPUESTOS
2024-03-03,Entrada,SURCO,42,"LLANTAS 18""",10,Prov Repuestos,REPUESTOS
2024-03-03,Entrada,SURCO,43,BATERÍA 18 PLC,5,Prov Repuestos,REPUESTOS
2024-03-03,Entrada,LA MOLINA,38,ACEITE FS 5W30,10,Prov Repuestos,REPUESTOS
2024-03-03,Entrada,LA MOLINA,40,AMORT DEL,10,Prov Repuestos,REPUESTOS
2024-03-03,Entrada,LA MOLINA,42,"LLANTAS 18""",10,Prov Repuestos,REPUESTOS
2024-03-03,Entrada,LA MOLINA,43,BATERÍA 18 PLC,5,Prov Repuestos,REPUESTOS
2024-03-03,Entrada,SURCO,38,ACEITE FS 5W30,5,Prov Repuestos,REPUESTOS
2024-03-03,Entrada,LA MOLINA,41,AMORT POS,30,Prov Repuestos,REPUESTOS
2024-03-03,Salida,SURCO,2,CIVIC,1,Cliente 28,AUTOS
2024-03-03,Salida,SURCO,3,ODISSEY,1,Cliente 13,AUTOS
2024-03-03,Salida,SURCO,4,CRV,1,Cliente 22,AUTOS
2024-03-03,Salida,LA MOLINA,38,ACEITE FS 5W30,3,Cliente 45,REPUESTOS
2024-03-03,Salida,LA MOLINA,39,FILTRO COMBUST,1,Cliente 38,REPUESTOS
2024-03-03,Salida,LA MOLINA,40,AMORT DEL,2,Cliente 27,REPUESTOS
2024-03-03,Salida,SURCO,41,AMORT POS,1,Cliente 30,REPUESTOS
2024-03-03,Salida,SURCO,42,"LLANTAS 18""",2,Cliente 1,REPUESTOS
2024-03-03,Salida,SURCO,43,BATERÍA 18 PLC,1,Cliente 30,REPUESTOS
2024-03-04,Salida,SURCO,4,CRV,1,Cliente 16,AUTOS
2024-03-04,Salida,LA MOLINA,38,ACEITE FS 5W30,3,Cliente 48,REPUESTOS
2024-03-04,Salida,SURCO,39,FILTRO COMBUST,1,Cliente 26,REPUESTOS
2024-03-04,Salida,LA MOLINA,40,AMORT DEL,1,Cliente 1,REPUESTOS
2024-03-04,Salida,SURCO,41,AMORT POS,2,Cliente 36,REPUESTOS
2024-03-04,Salida,LA MOLINA,42,"LLANTAS 18""",1,Cliente 29,REPUESTOS
2024-03-04,Salida,LA MOLINA,43,BATERÍA 18 PLC,1,Cliente 3,REPUESTOS
2024-03-05,Salida,LA MOLINA,4,CRV,1,Cliente 13,AUTOS
2024-03-05,Salida,SURCO,38,ACEITE FS 5W30,1,Cliente 17,REPUESTOS
2024-03-05,Salida,LA MOLINA,39,FILTRO COMBUST,1,Cliente 36,REPUESTOS
2024-03-05,Salida,SURCO,40,AMORT DEL,1,Cliente 2,REPUESTOS
2024-03-05,Salida,SURCO,41,AMORT POS,2,Cliente 2,REPUESTOS
2024-03-05,Salida,SURCO,42,"LLANTAS 18""",2,Cliente 22,REPUESTOS
2024-03-05,Salida,LA MOLINA,43,BATERÍA 18 PLC,1,Cliente 30,REPUESTOS
2024-03-06,Salida,LA MOLINA,4,CRV,1,Cliente 24,AUTOS
2024-03-06,Salida,LA MOLINA,38,ACEITE FS 5W30,3,Cliente 46,REPUESTOS
2024-03-06,Salida,SURCO,39,FILTRO COMBUST,1,Cliente 10,REPUESTOS
2024-03-06,Salida,SURCO,40,AMORT DEL,2,Cliente 35,REPUESTOS
2024-03-06,Salida,LA MOLINA,41,AMORT POS,3,Cliente 21,REPUESTOS
2024-03-06,Salida,SURCO,42,"LLANTAS 18""",2,Cliente 3,REPUESTOS
2024-03-06,Salida,SURCO,43,BATERÍA 18 PLC,1,Cliente 35,REPUESTOS
2024-03-07,Salida,LA MOLINA,38,ACEITE FS 5W30,1,Cliente 16,REPUESTOS
2024-03-07,Salida,LA MOLINA,39,FILTRO COMBUST,1,Cliente 9,REPUESTOS
2024-03-07,Salida,SURCO,40,AMORT DEL,4,Cliente 47,REPUESTOS
2024-03-07,Salida,SURCO,41,AMORT POS,2,Cliente 11,REPUESTOS
2024-03-07,Salida,LA MOLINA,42,"LLANTAS 18""",2,Cliente 32,REPUESTOS
2024-03-07,Salida,LA MOLINA,43,BATERÍA 18 PLC,1,Cliente 12,REPUESTOS
2024-03-08,Salida,SURCO,38,ACEITE FS 5W30,3,Cliente 46,REPUESTOS
2024-03-08,Salida,LA MOLINA,39,FILTRO COMBUST,1,Cliente 18,REPUESTOS
2024-03-08,Salida,SURCO,40,AMORT DEL,3,Cliente 14,REPUESTOS
2024-03-08,Salida,LA MOLINA,41,AMORT POS,1,Cliente 16,REPUESTOS
2024-03-08,Salida,LA MOLINA,42,"LLANTAS 18""",1,Cliente 28,REPUESTOS
2024-03-08,Salida,SURCO,43,BATERÍA 18 PLC,1,Cliente 24,REPUESTOS
2024-03-09,Salida,SURCO,38,ACEITE FS 5W30,1,Cliente 49,REPUESTOS
2024-03-09,Salida,LA MOLINA,39,FILTRO COMBUST,1,Cliente 29,REPUESTOS
2024-03-09,Salida,LA MOLINA,40,AMORT DEL,3,Cliente 38,REPUESTOS
2024-03-09,Salida,LA MOLINA,41,AMORT POS,2,Cliente 28,REPUESTOS
2024-03-09,Salida,LA MOLINA,42,"LLANTAS 18""",2,Cliente 27,REPUESTOS
2024-03-09,Salida,LA MOLINA,43,BATERÍA 18 PLC,1,Cliente 21,REPUESTOS
2024-03-10,Salida,SURCO,38,ACEITE FS 5W30,4,Cliente 12,REPUESTOS
2024-03-10,Salida,SURCO,39,FILTRO COMBUST,1,Cliente 17,REPUESTOS
2024-03-10,Salida,LA MOLINA,40,AMORT DEL,3,Cliente 19,REPUESTOS
2024-03-10,Salida,SURCO,41,AMORT POS,3,Cliente 18,REPUESTOS
2024-03-10,Salida,SURCO,42,"LLANTAS 18""",1,Cliente 5,REPUESTOS
2024-03-10,Salida,SURCO,43,BATERÍA 18 PLC,1,Cliente 35,REPUESTOS
2024-03-11,Entrada,SURCO,1,ACCORD,1,Prov Vehículos,AUTOS
2024-03-11,Entrada,SURCO,2,CIVIC,2,Prov Vehículos,AUTOS
2024-03-11,Entrada,SURCO,3,ODISSEY,1,Prov Vehículos,AUTOS
2024-03-11,Entrada,SURCO,4,CRV,1,Prov Vehículos,AUTOS
2024-03-11,Entrada,SURCO,5,PILOT,5,Prov Vehículos,AUTOS
2024-03-11,Entrada,SURCO,6,FIT,4,Prov Vehículos,AUTOS
2024-03-11,Entrada,SURCO,7,CITY,4,Prov Vehículos,AUTOS
2024-03-11,Entrada,LA MOLINA,1,ACCORD,1,Prov Vehículos,AUTOS
2024-03-11,Entrada,LA MOLINA,2,CIVIC,3,Prov Vehículos,AUTOS
2024-03-11,Entrada,LA MOLINA,3,ODISSEY,4,Prov Vehículos,AUTOS
2024-03-11,Entrada,LA MOLINA,4,CRV,2,Prov Vehículos,AUTOS
2024-03-11,Salida,SURCO,5,PILOT,1,Cliente 13,AUTOS
2024-03-11,Salida,SURCO,6,FIT,1,Cliente 20,AUTOS
2024-03-11,Salida,SURCO,7,CITY,1,Cliente 46,AUTOS
2024-03-11,Salida,SURCO,38,ACEITE FS 5W30,2,Cliente 1,REPUESTOS
2024-03-11,Salida,LA MOLINA,39,FILTRO COMBUST,1,Cliente 23,REPUESTOS
2024-03-11,Salida,LA MOLINA,40,AMORT DEL,1,Cliente 31,REPUESTOS
2024-03-11,Salida,LA MOLINA,41,AMORT POS,1,Cliente 15,REPUESTOS
2024-03-11,Salida,LA MOLINA,42,"LLANTAS 18""",2,Cliente 15,REPUESTOS
2024-03-11,Salida,LA MOLINA,43,BATERÍA 18 PLC,1,Cliente 22,REPUESTOS
2024-03-12,Salida,SURCO,5,PILOT,1,Cliente 13,AUTOS
2024-03-12,Salida,SURCO,6,FIT,1,Cliente 14,AUTOS
2024-03-12,Salida,SURCO,7,CITY,1,Cliente 36,AUTOS
2024-03-12,Salida,SURCO,38,ACEITE FS 5W30,3,Cliente 37,REPUESTOS
2024-03-12,Salida,LA MOLINA,39,FILTRO COMBUST,1,Cliente 48,REPUESTOS
2024-03-12,Salida,LA MOLINA,41,AMORT POS,3,Cliente 22,REPUESTOS
2024-03-12,Salida,LA MOLINA,42,"LLANTAS 18""",2,Cliente 44,REPUESTOS
2024-03-12,Salida,SURCO,43,BATERÍA 18 PLC,1,Cliente 38,REPUESTOS
2024-03-13,Salida,SURCO,5,PILOT,1,Cliente 9,AUTOS
2024-03-13,Salida,SURCO,6,FIT,1,Cliente 37,AUTOS
2024-03-13,Salida,SURCO,38,ACEITE FS 5W30,1,Cliente 14,REPUESTOS
2024-03-13,Salida,SURCO,39,FILTRO COMBUST,1,Cliente 35,REPUESTOS
2024-03-13,Salida,LA MOLINA,41,AMORT POS,2,Cliente 22,REPUESTOS
2024-03-13,Salida,SURCO,42,"LLANTAS 18""",3,Cliente 6,REPUESTOS
2024-03-14,Salida,SURCO,6,FIT,1,Cliente 3,AUTOS
2024-03-14,Salida,LA MOLINA,41,AMORT POS,1,Cliente 5,REPUESTOS
2024-03-14,Control,SURCO,1,ACCORD,4,,AUTOS
2024-03-14,Control,SURCO,2,CIVIC,3,,AUTOS
2024-03-14,Control,SURCO,3,ODISSEY,3,,AUTOS
2024-03-14,Control,SURCO,4,CRV,1,,AUTOS
2024-03-14,Control,SURCO,5,PILOT,2,,AUTOS
2024-03-14,Control,SURCO,6,FIT,0,,AUTOS
2024-03-14,Control,SURCO,7,CITY,2,,AUTOS
2024-03-14,Control,SURCO,8,ELEMENT,0,,CAMIONETAS
2024-03-14,Control,SURCO,9,CROSSTOUR,0,,CAMIONETAS
2024-03-14,Control,SURCO,10,CR-Z,0,,CAMIONETAS
2024-03-14,Control,SURCO,11,RID LINE,0,,CAMIONETAS
2024-03-14,Control,SURCO,38,ACEITE FS 5W30,0,,REPUESTOS
2024-03-14,Control,SURCO,39,FILTRO COMBUST,31,,REPUESTOS
2024-03-14,Control,SURCO,40,AMORT DEL,0,,REPUESTOS
2024-03-14,Control,SURCO,41,AMORT POS,0,,REPUESTOS
2024-03-14,Control,SURCO,42,"LLANTAS 18""",0,,REPUESTOS
2024-03-14,Control,SURCO,43,BATERÍA 18 PLC,0,,REPUESTOS
2024-03-14,Control,LA MOLINA,1,ACCORD,4,,AUTOS
2024-03-14,Control,LA MOLINA,2,CIVIC,4,,AUTOS
2024-03-14,Control,LA MOLINA,3,ODISSEY,4,,AUTOS
2024-03-14,Control,LA MOLINA,4,CRV,3,,AUTOS
2024-03-14,Control,LA MOLINA,5,PILOT,0,,AUTOS
2024-03-14,Control,LA MOLINA,6,FIT,0,,AUTOS
2024-03-14,Control,LA MOLINA,7,CITY,0,,AUTOS
2024-03-14,Control,LA MOLINA,8,ELEMENT,0,,CAMIONETAS
2024-03-14,Control,LA MOLINA,9,CROSSTOUR,0,,CAMIONETAS
2024-03-14,Control,LA MOLINA,10,CR-Z,0,,CAMIONETAS
2024-03-14,Control,LA MOLINA,11,RID LINE,0,,CAMIONETAS
2024-03-14,Control,LA MOLINA,38,ACEITE FS 5W30,0,,REPUESTOS
2024-03-14,Control,LA MOLINA,39,FILTRO COMBUST,115,,REPUESTOS
2024-03-14,Control,LA MOLINA,40,AMORT DEL,0,,REPUESTOS
2024-03-14,Control,LA MOLINA,41,AMORT POS,34,,REPUESTOS
2024-03-14,Control,LA MOLINA,42,"LLANTAS 18""",0,,REPUESTOS
2024-03-14,Control,LA MOLINA,43,BATERÍA 18 PLC,0,,REPUESTOS
2024-03-15,Salida,LA MOLINA,41,AMORT POS,1,Cliente 34,REPUESTOS
2024-03-16,Salida,LA MOLINA,41,AMORT POS,2,Cliente 9,REPUESTOS
2024-03-17,Entrada,SURCO,38,ACEITE FS 5W30,10,Prov Repuestos,REPUESTOS
2024-03-17,Entrada,SURCO,40,AMORT DEL,10,Prov Repuestos,REPUESTOS
2024-03-17,Entrada,SURCO,41,AMORT POS,10,Prov Repuestos,REPUESTOS
2024-03-17,Entrada,SURCO,42,"LLANTAS 18""",10,Prov Repuestos,REPUESTOS
2024-03-17,Entrada,SURCO,43,BATERÍA 18 PLC,5,Prov Repuestos,REPUESTOS
2024-03-17,Entrada,LA MOLINA,38,ACEITE FS 5W30,10,Prov Repuestos,REPUESTOS
2024-03-17,Entrada,LA MOLINA,40,AMORT DEL,10,Prov Repuestos,REPUESTOS
2024-03-17,Entrada,LA MOLINA,42,"LLANTAS 18""",10,Prov Repuestos,REPUESTOS
2024-03-17,Entrada,LA MOLINA,43,BATERÍA 18 PLC,5,Prov Repuestos,REPUESTOS
2024-03-17,Entrada,SURCO,39,FILTRO COMBUST,9,Prov Repuestos,REPUESTOS
2024-03-17,Entrada,LA MOLINA,40,AMORT DEL,28,Prov Repuestos,REPUESTOS
2024-03-17,Salida,LA MOLINA,38,ACEITE FS 5W30,1,Cliente 14,REPUESTOS
2024-03-17,Salida,LA MOLINA,40,AMORT DEL,2,Cliente 28,REPUESTOS
2024-03-17,Salida,LA MOLINA,41,AMORT POS,2,Cliente 38,REPUESTOS
2024-03-17,Salida,LA MOLINA,42,"LLANTAS 18""",5,Cliente 18,REPUESTOS
2024-03-17,Salida,SURCO,43,BATERÍA 18 PLC,1,Cliente 29,REPUESTOS
2024-03-18,Salida,SURCO,38,ACEITE FS 5W30,4,Cliente 34,REPUESTOS
2024-03-18,Salida,LA MOLINA,40,AMORT DEL,5,Cliente 30,REPUESTOS
2024-03-18,Salida,SURCO,41,AMORT POS,1,Cliente 19,REPUESTOS
2024-03-18,Salida,LA MOLINA,42,"LLANTAS 18""",3,Cliente 26,REPUESTOS
2024-03-18,Salida,LA MOLINA,43,BATERÍA 18 PLC,1,Cliente 16,REPUESTOS
2024-03-19,Salida,LA MOLINA,38,ACEITE FS 5W30,5,Cliente 30,REPUESTOS
2024-03-19,Salida,SURCO,40,AMORT DEL,6,Cliente 45,REPUESTOS
2024-03-19,Salida,LA MOLINA,41,AMORT POS,1,Cliente 45,REPUESTOS
2024-03-19,Salida,SURCO,42,"LLANTAS 18""",2,Cliente 18,REPUESTOS
2024-03-19,Salida,SURCO,43,BATERÍA 18 PLC,2,Cliente 45,REPUESTOS
2024-03-20,Salida,LA MOLINA,38,ACEITE FS 5W30,4,Cliente 49,REPUESTOS
2024-03-20,Salida,LA MOLINA,40,AMORT DEL,1,Cliente 5,REPUESTOS
2024-03-20,Salida,LA MOLINA,41,AMORT POS,3,Cliente 29,REPUESTOS
2024-03-20,Salida,SURCO,42,"LLANTAS 18""",3,Cliente 33,REPUESTOS
2024-03-20,Salida,SURCO,43,BATERÍA 18 PLC,2,Cliente 5,REPUESTOS
2024-03-21,Salida,SURCO,38,ACEITE FS 5W30,4,Cliente 48,REPUESTOS
2024-03-21,Salida,LA MOLINA,40,AMORT DEL,2,Cliente 3,REPUESTOS
2024-03-21,Salida,SURCO,41,AMORT POS,3,Cliente 46,REPUESTOS
2024-03-21,Salida,LA MOLINA,42,"LLANTAS 18""",2,Cliente 32,REPUESTOS
2024-03-21,Salida,LA MOLINA,43,BATERÍA 18 PLC,1,Cliente 36,REPUESTOS
2024-03-22,Salida,SURCO,38,ACEITE FS 5W30,2,Cliente 9,REPUESTOS
2024-03-22,Salida,LA MOLINA,40,AMORT DEL,7,Cliente 11,REPUESTOS
2024-03-22,Salida,SURCO,41,AMORT POS,1,Cliente 12,REPUESTOS
2024-03-22,Salida,SURCO,42,"LLANTAS 18""",1,Cliente 11,REPUESTOS
2024-03-22,Salida,LA MOLINA,43,BATERÍA 18 PLC,3,Cliente 44,REPUESTOS
2024-03-23,Salida,LA MOLINA,40,AMORT DEL,4,Cliente 12,REPUESTOS
2024-03-23,Salida,SURCO,41,AMORT POS,1,Cliente 29,REPUESTOS
2024-03-23,Salida,SURCO,42,"LLANTAS 18""",4,Cliente 25,REPUESTOS
2024-03-24,Salida,SURCO,40,AMORT DEL,4,Cliente 4,REPUESTOS
2024-03-24,Salida,SURCO,41,AMORT POS,2,Cliente 24,REPUESTOS
2024-03-25,Salida,LA MOLINA,40,AMORT DEL,7,Cliente 1,REPUESTOS
2024-03-25,Salida,SURCO,41,AMORT POS,2,Cliente 44,REPUESTOS
2024-03-26,Salida,LA MOLINA,40,AMORT DEL,3,Cliente 27,REPUESTOS
2024-03-26,Salida,LA MOLINA,41,AMORT POS,1,Cliente 21,REPUESTOS
2024-03-27,Salida,LA MOLINA,40,AMORT DEL,7,Cliente 28,REPUESTOS
2024-03-27,Salida,LA MOLINA,41,AMORT POS,4,Cliente 7,REPUESTOS
2024-03-28,Salida,LA MOLINA,41,AMORT POS,6,Cliente 25,REPUESTOS
2024-03-29,Salida,LA MOLINA,41,AMORT POS,5,Cliente 3,REPUESTOS
2024-03-30,Salida,LA MOLINA,41,AMORT POS,8,Cliente 46,REPUESTOS
2024-03-31,Salida,LA MOLINA,41,AMORT POS,1,Cliente 44,REPUESTOS
2024-03-31,Control,SURCO,1,ACCORD,4,,AUTOS
2024-03-31,Control,SURCO,2,CIVIC,3,,AUTOS
2024-03-31,Control,SURCO,3,ODISSEY,3,,AUTOS
2024-03-31,Control,SURCO,4,CRV,1,,AUTOS
2024-03-31,Control,SURCO,5,PILOT,2,,AUTOS
2024-03-31,Control,SURCO,6,FIT,0,,AUTOS
2024-03-31,Control,SURCO,7,CITY,2,,AUTOS
2024-03-31,Control,SURCO,8,ELEMENT,0,,CAMIONETAS
2024-03-31,Control,SURCO,9,CROSSTOUR,0,,CAMIONETAS
2024-03-31,Control,SURCO,10,CR-Z,0,,CAMIONETAS
2024-03-31,Control,SURCO,11,RID LINE,0,,CAMIONETAS
2024-03-31,Control,SURCO,38,ACEITE FS 5W30,0,,REPUESTOS
2024-03-31,Control,SURCO,39,FILTRO COMBUST,40,,REPUESTOS
2024-03-31,Control,SURCO,40,AMORT DEL,0,,REPUESTOS
2024-03-31,Control,SURCO,41,AMORT POS,0,,REPUESTOS
2024-03-31,Control,SURCO,42,"LLANTAS 18""",0,,REPUESTOS
2024-03-31,Control,SURCO,43,BATERÍA 18 PLC,0,,REPUESTOS
2024-03-31,Control,LA MOLINA,1,ACCORD,4,,AUTOS
2024-03-31,Control,LA MOLINA,2,CIVIC,4,,AUTOS
2024-03-31,Control,LA MOLINA,3,ODISSEY,4,,AUTOS
2024-03-31,Control,LA MOLINA,4,CRV,3,,AUTOS
2024-03-31,Control,LA MOLINA,5,PILOT,0,,AUTOS
2024-03-31,Control,LA MOLINA,6,FIT,0,,AUTOS
2024-03-31,Control,LA MOLINA,7,CITY,0,,AUTOS
2024-03-31,Control,LA MOLINA,8,ELEMENT,0,,CAMIONETAS
2024-03-31,Control,LA MOLINA,9,CROSSTOUR,0,,CAMIONETAS
2024-03-31,Control,LA MOLINA,10,CR-Z,0,,CAMIONETAS
2024-03-31,Control,LA MOLINA,11,RID LINE,0,,CAMIONETAS
2024-03-31,Control,LA MOLINA,38,ACEITE FS 5W30,0,,REPUESTOS
2024-03-31,Control,LA MOLINA,39,FILTRO COMBUST,115,,REPUESTOS
2024-03-31,Control,LA MOLINA,40,AMORT DEL,0,,REPUESTOS
2024-03-31,Control,LA MOLINA,41,AMORT POS,0,,REPUESTOS
2024-03-31,Control,LA MOLINA,42,"LLANTAS 18""",0,,REPUESTOS
2024-03-31,Control,LA MOLINA,43,BATERÍA 18 PLC,0,,REPUESTOS
2024-04-01,Salida,LA MOLINA,1,ACCORD,1,Cliente 43,AUTOS
2024-04-01,Salida,SURCO,2,CIVIC,1,Cliente 22,AUTOS
2024-04-01,Salida,LA MOLINA,3,ODISSEY,1,Cliente 25,AUTOS
2024-04-01,Salida,SURCO,5,PILOT,1,Cliente 33,AUTOS
2024-04-01,Salida,SURCO,39,FILTRO COMBUST,1,Cliente 15,REPUESTOS
2024-04-02,Salida,LA MOLINA,1,ACCORD,1,Cliente 49,AUTOS
2024-04-02,Salida,SURCO,2,CIVIC,1,Cliente 4,AUTOS
2024-04-02,Salida,SURCO,5,PILOT,1,Cliente 32,AUTOS
2024-04-02,Salida,SURCO,39,FILTRO COMBUST,1,Cliente 25,REPUESTOS
2024-04-03,Entrada,SURCO,38,ACEITE FS 5W30,10,Prov Repuestos,REPUESTOS
2024-04-03,Entrada,SURCO,40,AMORT DEL,10,Prov Repuestos,REPUESTOS
2024-04-03,Entrada,SURCO,41,AMORT POS,10,Prov Repuestos,REPUESTOS
2024-04-03,Entrada,SURCO,42,"LLANTAS 18""",10,Prov Repuestos,REPUESTOS
2024-04-03,Entrada,SURCO,43,BATERÍA 18 PLC,5,Prov Repuestos,REPUESTOS
2024-04-03,Entrada,LA MOLINA,38,ACEITE FS 5W30,10,Prov Repuestos,REPUESTOS
2024-04-03,Entrada,LA MOLINA,40,AMORT DEL,10,Prov Repuestos,REPUESTOS
2024-04-03,Entrada,LA MOLINA,41,AMORT POS,10,Prov Repuestos,REPUESTOS
2024-04-03,Entrada,LA MOLINA,42,"LLANTAS 18""",10,Prov Repuestos,REPUESTOS
2024-04-03,Entrada,LA MOLINA,43,BATERÍA 18 PLC,5,Prov Repuestos,REPUESTOS
2024-04-03,Entrada,LA MOLINA,43,BATERÍA 18 PLC,52,Prov Repuestos,REPUESTOS
2024-04-03,Salida,LA MOLINA,1,ACCORD,1,Cliente 48,AUTOS
2024-04-03,Salida,LA MOLINA,38,ACEITE FS 5W30,1,Cliente 21,REPUESTOS
2024-04-03,Salida,LA MOLINA,39,FILTRO COMBUST,1,Cliente 42,REPUESTOS
2024-04-03,Salida,SURCO,40,AMORT DEL,1,Cliente 47,REPUESTOS
2024-04-03,Salida,SURCO,41,AMORT POS,2,Cliente 14,REPUESTOS
2024-04-03,Salida,SURCO,42,"LLANTAS 18""",1,Cliente 44,REPUESTOS
2024-04-03,Salida,LA MOLINA,43,BATERÍA 18 PLC,1,Cliente 34,REPUESTOS
2024-04-04,Salida,SURCO,1,ACCORD,1,Cliente 29,AUTOS
2024-04-04,Salida,LA MOLINA,38,ACEITE FS 5W30,1,Cliente 5,REPUESTOS
2024-04-04,Salida,SURCO,39,FILTRO COMBUST,1,Cliente 41,REPUESTOS
2024-04-04,Salida,SURCO,40,AMORT DEL,2,Cliente 6,REPUESTOS
2024-04-04,Salida,SURCO,41,AMORT POS,3,Cliente 16,REPUESTOS
2024-04-04,Salida,LA MOLINA,42,"LLANTAS 18""",1,Cliente 47,REPUESTOS
2024-04-04,Salida,LA MOLINA,43,BATERÍA 18 PLC,1,Cliente 11,REPUESTOS
2024-04-05,Salida,SURCO,1,ACCORD,1,Cliente 28,AUTOS
2024-04-05,Salida,SURCO,38,ACEITE FS 5W30,3,Cliente 20,REPUESTOS
2024-04-05,Salida,LA MOLINA,39,FILTRO COMBUST,1,Cliente 41,REPUESTOS
2024-04-05,Salida,LA MOLINA,40,AMORT DEL,3,Cliente 6,REPUESTOS
2024-04-05,Salida,LA MOLINA,41,AMORT POS,2,Cliente 11,REPUESTOS
2024-04-05,Salida,LA MOLINA,42,"LLANTAS 18""",4,Cliente 33,REPUESTOS
2024-04-05,Salida,LA MOLINA,43,BATERÍA 18 PLC,1,Cliente 49,REPUESTOS
2024-04-06,Salida,LA MOLINA,1,ACCORD,1,Cliente 2,AUTOS
2024-04-06,Salida,SURCO,38,ACEITE FS 5W30,2,Cliente 49,REPUESTOS
2024-04-06,Salida,SURCO,39,FILTRO COMBUST,1,Cliente 36,REPUESTOS
2024-04-06,Salida,LA MOLINA,40,AMORT DEL,3,Cliente 30,REPUESTOS
2024-04-06,Salida,LA MOLINA,41,AMORT POS,2,Cliente 25,REPUESTOS
2024-04-06,Salida,SURCO,42,"LLANTAS 18""",4,Cliente 22,REPUESTOS
2024-04-06,Salida,SURCO,43,BATERÍA 18 PLC,2,Cliente 10,REPUESTOS
2024-04-07,Salida,SURCO,38,ACEITE FS 5W30,1,Cliente 33,REPUESTOS
2024-04-07,Salida,LA MOLINA,39,FILTRO COMBUST,1,Cliente 26,REPUESTOS
2024-04-07,Salida,LA MOLINA,40,AMORT DEL,4,Cliente 25,REPUESTOS
2024-04-07,Salida,SURCO,41,AMORT POS,2,Cliente 27,REPUESTOS
2024-04-07,Salida,LA MOLINA,42,"LLANTAS 18""",1,Cliente 37,REPUESTOS
2024-04-07,Salida,LA MOLINA,43,BATERÍA 18 PLC,1,Cliente 17,REPUESTOS
2024-04-08,Salida,LA MOLINA,38,ACEITE FS 5W30,4,Cliente 45,REPUESTOS
2024-04-08,Salida,LA MOLINA,39,FILTRO COMBUST,1,Cliente 28,REPUESTOS
2024-04-08,Salida,SURCO,40,AMORT DEL,2,Cliente 3,REPUESTOS
2024-04-08,Salida,SURCO,41,AMORT POS,3,Cliente 45,REPUESTOS
2024-04-08,Salida,LA MOLINA,42,"LLANTAS 18""",3,Cliente 44,REPUESTOS
2024-04-08,Salida,SURCO,43,BATERÍA 18 PLC,2,Cliente 39,REPUESTOS
2024-04-09,Entrada,SURCO,1,ACCORD,1,Prov Vehículos,AUTOS
2024-04-09,Entrada,SURCO,2,CIVIC,2,Prov Vehículos,AUTOS
2024-04-09,Entrada,SURCO,3,ODISSEY,2,Prov Vehículos,AUTOS
2024-04-09,Entrada,SURCO,4,CRV,4,Prov Vehículos,AUTOS
2024-04-09,Entrada,SURCO,5,PILOT,3,Prov Vehículos,AUTOS
2024-04-09,Entrada,SURCO,6,FIT,5,Prov Vehículos,AUTOS
2024-04-09,Entrada,SURCO,7,CITY,3,Prov Vehículos,AUTOS
2024-04-09,Entrada,LA MOLINA,1,ACCORD,1,Prov Vehículos,AUTOS
2024-04-09,Entrada,LA MOLINA,2,CIVIC,1,Prov Vehículos,AUTOS
2024-04-09,Entrada,LA MOLINA,3,ODISSEY,1,Prov Vehículos,AUTOS
2024-04-09,Entrada,LA MOLINA,4,CRV,2,Prov Vehículos,AUTOS
2024-04-09,Salida,SURCO,5,PILOT,1,Cliente 1,AUTOS
2024-04-09,Salida,SURCO,6,FIT,1,Cliente 42,AUTOS
2024-04-09,Salida,SURCO,38,ACEITE FS 5W30,4,Cliente 34,REPUESTOS
2024-04-09,Salida,LA MOLINA,39,FILTRO COMBUST,1,Cliente 11,REPUESTOS
2024-04-09,Salida,SURCO,40,AMORT DEL,3,Cliente 33,REPUESTOS
2024-04-09,Salida,LA MOLINA,41,AMORT POS,3,Cliente 38,REPUESTOS
2024-04-09,Salida,SURCO,42,"LLANTAS 18""",4,Cliente 7,REPUESTOS
2024-04-09,Salida,SURCO,43,BATERÍA 18 PLC,1,Cliente 18,REPUESTOS
2024-04-10,Salida,SURCO,5,PILOT,1,Cliente 45,AUTOS
2024-04-10,Salida,SURCO,6,FIT,1,Cliente 11,AUTOS
2024-04-10,Salida,LA MOLINA,38,ACEITE FS 5W30,1,Cliente 5,REPUESTOS
2024-04-10,Salida,LA MOLINA,39,FILTRO COMBUST,1,Cliente 42,REPUESTOS
2024-04-10,Salida,SURCO,40,AMORT DEL,2,Cliente 12,REPUESTOS
2024-04-10,Salida,LA MOLINA,41,AMORT POS,1,Cliente 13,REPUESTOS
2024-04-10,Salida,SURCO,42,"LLANTAS 18""",1,Cliente 29,REPUESTOS
2024-04-10,Salida,LA MOLINA,43,BATERÍA 18 PLC,1,Cliente 13,REPUESTOS
2024-04-11,Salida,SURCO,5,PILOT,1,Cliente 49,AUTOS
2024-04-11,Salida,LA MOLINA,38,ACEITE FS 5W30,3,Cliente 29,REPUESTOS
2024-04-11,Salida,LA MOLINA,41,AMORT POS,2,Cliente 6,REPUESTOS
2024-04-11,Salida,LA MOLINA,42,"LLANTAS 18""",1,Cliente 8,REPUESTOS
2024-04-11,Salida,LA MOLINA,43,BATERÍA 18 PLC,1,Cliente 2,REPUESTOS
2024-04-12,Salida,LA MOLINA,43,BATERÍA 18 PLC,1,Cliente 18,REPUESTOS
2024-04-13,Salida,LA MOLINA,43,BATERÍA 18 PLC,2,Cliente 32,REPUESTOS
2024-04-14,Salida,LA MOLINA,43,BATERÍA 18 PLC,2,Cliente 21,REPUESTOS
2024-04-14,Control,SURCO,1,ACCORD,3,,AUTOS
2024-04-14,Control,SURCO,2,CIVIC,3,,AUTOS
2024-04-14,Control,SURCO,3,ODISSEY,5,,AUTOS
2024-04-14,Control,SURCO,4,CRV,5,,AUTOS
2024-04-14,Control,SURCO,5,PILOT,0,,AUTOS
2024-04-14,Control,SURCO,6,FIT,3,,AUTOS
2024-04-14,Control,SURCO,7,CITY,5,,AUTOS
2024-04-14,Control,SURCO,8,ELEMENT,0,,CAMIONETAS
2024-04-14,Control,SURCO,9,CROSSTOUR,0,,CAMIONETAS
2024-04-14,Control,SURCO,10,CR-Z,0,,CAMIONETAS
2024-04-14,Control,SURCO,11,RID LINE,0,,CAMIONETAS
2024-04-14,Control,SURCO,38,ACEITE FS 5W30,0,,REPUESTOS
2024-04-14,Control,SURCO,39,FILTRO COMBUST,36,,REPUESTOS
2024-04-14,Control,SURCO,40,AMORT DEL,0,,REPUESTOS
2024-04-14,Control,SURCO,41,AMORT POS,0,,REPUESTOS
2024-04-14,Control,SURCO,42,"LLANTAS 18""",0,,REPUESTOS
2024-04-14,Control,SURCO,43,BATERÍA 18 PLC,0,,REPUESTOS
2024-04-14,Control,LA MOLINA,1,ACCORD,1,,AUTOS
2024-04-14,Control,LA MOLINA,2,CIVIC,5,,AUTOS
2024-04-14,Control,LA MOLINA,3,ODISSEY,4,,AUTOS
2024-04-14,Control,LA MOLINA,4,CRV,5,,AUTOS
2024-04-14,Control,LA MOLINA,5,PILOT,0,,AUTOS
2024-04-14,Control,LA MOLINA,6,FIT,0,,AUTOS
2024-04-14,Control,LA MOLINA,7,CITY,0,,AUTOS
2024-04-14,Control,LA MOLINA,8,ELEMENT,0,,CAMIONETAS
2024-04-14,Control,LA MOLINA,9,CROSSTOUR,0,,CAMIONETAS
2024-04-14,Control,LA MOLINA,10,CR-Z,0,,CAMIONETAS
2024-04-14,Control,LA MOLINA,11,RID LINE,0,,CAMIONETAS
2024-04-14,Control,LA MOLINA,38,ACEITE FS 5W30,0,,REPUESTOS
2024-04-14,Control,LA MOLINA,39,FILTRO COMBUST,109,,REPUESTOS
2024-04-14,Control,LA MOLINA,40,AMORT DEL,0,,REPUESTOS
2024-04-14,Control,LA MOLINA,41,AMORT POS,0,,REPUESTOS
2024-04-14,Control,LA MOLINA,42,"LLANTAS 18""",0,,REPUESTOS
2024-04-14,Control,LA MOLINA,43,BATERÍA 18 PLC,46,,REPUESTOS
2024-04-15,Salida,LA MOLINA,43,BATERÍA 18 PLC,2,Cliente 1,REPUESTOS
2024-04-16,Salida,LA MOLINA,43,BATERÍA 18 PLC,1,Cliente 45,REPUESTOS
2024-04-17,Entrada,SURCO,38,ACEITE FS 5W30,10,Prov Repuestos,REPUESTOS
2024-04-17,Entrada,SURCO,40,AMORT DEL,10,Prov Repuestos,REPUESTOS
2024-04-17,Entrada,SURCO,41,AMORT POS,10,Prov Repuestos,REPUESTOS
2024-04-17,Entrada,SURCO,42,"LLANTAS 18""",10,Prov Repuestos,REPUESTOS
2024-04-17,Entrada,SURCO,43,BATERÍA 18 PLC,5,Prov Repuestos,REPUESTOS
2024-04-17,Entrada,LA MOLINA,38,ACEITE FS 5W30,10,Prov Repuestos,REPUESTOS
2024-04-17,Entrada,LA MOLINA,40,AMORT DEL,10,Prov Repuestos,REPUESTOS
2024-04-17,Entrada,LA MOLINA,41,AMORT POS,10,Prov Repuestos,REPUESTOS
2024-04-17,Entrada,LA MOLINA,42,"LLANTAS 18""",10,Prov Repuestos,REPUESTOS
2024-04-17,Entrada,SURCO,40,AMORT DEL,4,Prov Repuestos,REPUESTOS
2024-04-17,Entrada,LA MOLINA,43,BATERÍA 18 PLC,17,Prov Repuestos,REPUESTOS
2024-04-17,Salida,LA MOLINA,38,ACEITE FS 5W30,3,Cliente 40,REPUESTOS
2024-04-17,Salida,LA MOLINA,40,AMORT DEL,5,Cliente 43,REPUESTOS
2024-04-17,Salida,LA MOLINA,41,AMORT POS,1,Cliente 2,REPUESTOS
2024-04-17,Salida,LA MOLINA,42,"LLANTAS 18""",1,Cliente 44,REPUESTOS
2024-04-17,Salida,LA MOLINA,43,BATERÍA 18 PLC,1,Cliente 26,REPUESTOS
2024-04-18,Salida,LA MOLINA,38,ACEITE FS 5W30,1,Cliente 28,REPUESTOS
2024-04-18,Salida,SURCO,40,AMORT DEL,6,Cliente 47,REPUESTOS
2024-04-18,Salida,SURCO,41,AMORT POS,3,Cliente 46,REPUESTOS
2024-04-18,Salida,SURCO,42,"LLANTAS 18""",5,Cliente 9,REPUESTOS
2024-04-18,Salida,LA MOLINA,43,BATERÍA 18 PLC,1,Cliente 44,REPUESTOS
2024-04-19,Salida,SURCO,38,ACEITE FS 5W30,4,Cliente 29,REPUESTOS
2024-04-19,Salida,SURCO,40,AMORT DEL,4,Cliente 16,REPUESTOS
2024-04-19,Salida,SURCO,41,AMORT POS,2,Cliente 7,REPUESTOS
2024-04-19,Salida,SURCO,42,"LLANTAS 18""",5,Cliente 11,REPUESTOS
2024-04-19,Salida,LA MOLINA,43,BATERÍA 18 PLC,2,Cliente 15,REPUESTOS
2024-04-20,Salida,LA MOLINA,38,ACEITE FS 5W30,6,Cliente 43,REPUESTOS
2024-04-20,Salida,LA MOLINA,40,AMORT DEL,3,Cliente 6,REPUESTOS
2024-04-20,Salida,SURCO,41,AMORT POS,2,Cliente 42,REPUESTOS
2024-04-20,Salida,LA MOLINA,42,"LLANTAS 18""",4,Cliente 42,REPUESTOS
2024-04-20,Salida,SURCO,43,BATERÍA 18 PLC,2,Cliente 15,REPUESTOS
2024-04-21,Salida,SURCO,38,ACEITE FS 5W30,1,Cliente 6,REPUESTOS
2024-04-21,Salida,LA MOLINA,40,AMORT DEL,2,Cliente 48,REPUESTOS
2024-04-21,Salida,SURCO,41,AMORT POS,2,Cliente 37,REPUESTOS
2024-04-21,Salida,LA MOLINA,42,"LLANTAS 18""",2,Cliente 25,REPUESTOS
2024-04-21,Salida,LA MOLINA,43,BATERÍA 18 PLC,1,Cliente 4,REPUESTOS
2024-04-22,Salida,SURCO,38,ACEITE FS 5W30,5,Cliente 25,REPUESTOS
2024-04-22,Salida,SURCO,40,AMORT DEL,4,Cliente 44,REPUESTOS
2024-04-22,Salida,SURCO,41,AMORT POS,1,Cliente 7,REPUESTOS
2024-04-22,Salida,LA MOLINA,42,"LLANTAS 18""",1,Cliente 21,REPUESTOS
2024-04-22,Salida,SURCO,43,BATERÍA 18 PLC,2,Cliente 32,REPUESTOS
2024-04-23,Salida,LA MOLINA,41,AMORT POS,2,Cliente 39,REPUESTOS
2024-04-23,Salida,LA MOLINA,42,"LLANTAS 18""",2,Cliente 18,REPUESTOS
2024-04-23,Salida,SURCO,43,BATERÍA 18 PLC,1,Cliente 32,REPUESTOS
2024-04-24,Salida,LA MOLINA,41,AMORT POS,6,Cliente 46,REPUESTOS
2024-04-24,Salida,LA MOLINA,43,BATERÍA 18 PLC,3,Cliente 50,REPUESTOS
2024-04-25,Salida,LA MOLINA,41,AMORT POS,1,Cliente 43,REPUESTOS
2024-04-25,Salida,LA MOLINA,43,BATERÍA 18 PLC,3,Cliente 22,REPUESTOS
2024-04-26,Salida,LA MOLINA,43,BATERÍA 18 PLC,2,Cliente 5,REPUESTOS
2024-04-27,Salida,LA MOLINA,43,BATERÍA 18 PLC,4,Cliente 9,REPUESTOS
2024-04-28,Salida,LA MOLINA,43,BATERÍA 18 PLC,4,Cliente 37,REPUESTOS
2024-04-29,Salida,LA MOLINA,43,BATERÍA 18 PLC,2,Cliente 24,REPUESTOS
2024-04-30,Salida,LA MOLINA,43,BATERÍA 18 PLC,3,Cliente 12,REPUESTOS
2024-04-30,Control,SURCO,1,ACCORD,3,,AUTOS
2024-04-30,Control,SURCO,2,CIVIC,3,,AUTOS
2024-04-30,Control,SURCO,3,ODISSEY,5,,AUTOS
2024-04-30,Control,SURCO,4,CRV,5,,AUTOS
2024-04-30,Control,SURCO,5,PILOT,0,,AUTOS
2024-04-30,Control,SURCO,6,FIT,3,,AUTOS
2024-04-30,Control,SURCO,7,CITY,5,,AUTOS
2024-04-30,Control,SURCO,8,ELEMENT,0,,CAMIONETAS
2024-04-30,Control,SURCO,9,CROSSTOUR,0,,CAMIONETAS
2024-04-30,Control,SURCO,10,CR-Z,0,,CAMIONETAS
2024-04-30,Control,SURCO,11,RID LINE,0,,CAMIONETAS
2024-04-30,Control,SURCO,38,ACEITE FS 5W30,0,,REPUESTOS
2024-04-30,Control,SURCO,39,FILTRO COMBUST,36,,REPUESTOS
2024-04-30,Control,SURCO,40,AMORT DEL,0,,REPUESTOS
2024-04-30,Control,SURCO,41,AMORT POS,0,,REPUESTOS
2024-04-30,Control,SURCO,42,"LLANTAS 18""",0,,REPUESTOS
2024-04-30,Control,SURCO,43,BATERÍA 18 PLC,0,,REPUESTOS
2024-04-30,Control,LA MOLINA,1,ACCORD,1,,AUTOS
2024-04-30,Control,LA MOLINA,2,CIVIC,5,,AUTOS
2024-04-30,Control,LA MOLINA,3,ODISSEY,4,,AUTOS
2024-04-30,Control,LA MOLINA,4,CRV,5,,AUTOS
2024-04-30,Control,LA MOLINA,5,PILOT,0,,AUTOS
2024-04-30,Control,LA MOLINA,6,FIT,0,,AUTOS
2024-04-30,Control,LA MOLINA,7,CITY,0,,AUTOS
2024-04-30,Control,LA MOLINA,8,ELEMENT,0,,CAMIONETAS
2024-04-30,Control,LA MOLINA,9,CROSSTOUR,0,,CAMIONETAS
2024-04-30,Control,LA MOLINA,10,CR-Z,0,,CAMIONETAS
2024-04-30,Control,LA MOLINA,11,RID LINE,0,,CAMIONETAS
2024-04-30,Control,LA MOLINA,38,ACEITE FS 5W30,0,,REPUESTOS
2024-04-30,Control,LA MOLINA,39,FILTRO COMBUST,109,,REPUESTOS
2024-04-30,Control,LA MOLINA,40,AMORT DEL,0,,REPUESTOS
2024-04-30,Control,LA MOLINA,41,AMORT POS,0,,REPUESTOS
2024-04-30,Control,LA MOLINA,42,"LLANTAS 18""",0,,REPUESTOS
2024-04-30,Control,LA MOLINA,43,BATERÍA 18 PLC,34,,REPUESTOS
2024-05-01,Salida,LA MOLINA,1,ACCORD,1,Cliente 38,AUTOS
2024-05-01,Salida,SURCO,2,CIVIC,1,Cliente 41,AUTOS
2024-05-01,Salida,SURCO,3,ODISSEY,1,Cliente 3,AUTOS
2024-05-01,Salida,SURCO,4,CRV,1,Cliente 26,AUTOS
2024-05-01,Salida,SURCO,6,FIT,1,Cliente 45,AUTOS
2024-05-01,Salida,SURCO,7,CITY,1,Cliente 42,AUTOS
2024-05-01,Salida,SURCO,39,FILTRO COMBUST,1,Cliente 50,REPUESTOS
2024-05-01,Salida,LA MOLINA,43,BATERÍA 18 PLC,1,Cliente 1,REPUESTOS
2024-05-02,Salida,SURCO,1,ACCORD,1,Cliente 6,AUTOS
2024-05-02,Salida,LA MOLINA,2,CIVIC,1,Cliente 42,AUTOS
2024-05-02,Salida,SURCO,3,ODISSEY,1,Cliente 2,AUTOS
2024-05-02,Salida,LA MOLINA,4,CRV,1,Cliente 18,AUTOS
2024-05-02,Salida,SURCO,6,FIT,1,Cliente 25,AUTOS
2024-05-02,Salida,SURCO,7,CITY,1,Cliente 20,AUTOS
2024-05-02,Salida,SURCO,39,FILTRO COMBUST,1,Cliente 21,REPUESTOS
2024-05-02,Salida,LA MOLINA,43,BATERÍA 18 PLC,1,Cliente 36,REPUESTOS
2024-05-03,Entrada,SURCO,38,ACEITE FS 5W30,10,Prov Repuestos,REPUESTOS
2024-05-03,Entrada,SURCO,40,AMORT DEL,10,Prov Repuestos,REPUESTOS
2024-05-03,Entrada,SURCO,41,AMORT POS,10,Prov Repuestos,REPUESTOS
2024-05-03,Entrada,SURCO,42,"LLANTAS 18""",10,Prov Repuestos,REPUESTOS
2024-05-03,Entrada,SURCO,43,BATERÍA 18 PLC,5,Prov Repuestos,REPUESTOS
2024-05-03,Entrada,LA MOLINA,38,ACEITE FS 5W30,10,Prov Repuestos,REPUESTOS
2024-05-03,Entrada,LA MOLINA,40,AMORT DEL,10,Prov Repuestos,REPUESTOS
2024-05-03,Entrada,LA MOLINA,41,AMORT POS,10,Prov Repuestos,REPUESTOS
2024-05-03,Entrada,LA MOLINA,42,"LLANTAS 18""",10,Prov Repuestos,REPUESTOS
2024-05-03,Entrada,SURCO,38,ACEITE FS 5W30,4,Prov Repuestos,REPUESTOS
2024-05-03,Entrada,LA MOLINA,42,"LLANTAS 18""",29,Prov Repuestos,REPUESTOS
2024-05-03,Salida,SURCO,1,ACCORD,1,Cliente 5,AUTOS
2024-05-03,Salida,SURCO,2,CIVIC,1,Cliente 49,AUTOS
2024-05-03,Salida,SURCO,3,ODISSEY,1,Cliente 12,AUTOS
2024-05-03,Salida,SURCO,7,CITY,1,Cliente 1,AUTOS
2024-05-03,Salida,LA MOLINA,38,ACEITE FS 5W30,2,Cliente 8,REPUESTOS
2024-05-03,Salida,SURCO,39,FILTRO COMBUST,1,Cliente 37,REPUESTOS
2024-05-03,Salida,SURCO,40,AMORT DEL,2,Cliente 36,REPUESTOS
2024-05-03,Salida,SURCO,41,AMORT POS,1,Cliente 8,REPUESTOS
2024-05-03,Salida,LA MOLINA,42,"LLANTAS 18""",3,Cliente 35,REPUESTOS
2024-05-03,Salida,LA MOLINA,43,BATERÍA 18 PLC,1,Cliente 43,REPUESTOS
2024-05-04,Salida,SURCO,1,ACCORD,1,Cliente 20,AUTOS
2024-05-04,Salida,LA MOLINA,2,CIVIC,1,Cliente 43,AUTOS
2024-05-04,Salida,LA MOLINA,3,ODISSEY,1,Cliente 9,AUTOS
2024-05-04,Salida,SURCO,7,CITY,1,Cliente 45,AUTOS
2024-05-04,Salida,LA MOLINA,38,ACEITE FS 5W30,3,Cliente 39,REPUESTOS
2024-05-04,Salida,SURCO,39,FILTRO COMBUST,1,Cliente 45,REPUESTOS
2024-05-04,Salida,SURCO,40,AMORT DEL,1,Cliente 3,REPUESTOS
2024-05-04,Salida,LA MOLINA,41,AMORT POS,1,Cliente 14,REPUESTOS
2024-05-04,Salida,SURCO,42,"LLANTAS 18""",5,Cliente 38,REPUESTOS
2024-05-04,Salida,LA MOLINA,43,BATERÍA 18 PLC,1,Cliente 9,REPUESTOS
2024-05-05,Salida,SURCO,38,ACEITE FS 5W30,2,Cliente 36,REPUESTOS
2024-05-05,Salida,LA MOLINA,39,FILTRO COMBUST,1,Cliente 25,REPUESTOS
2024-05-05,Salida,LA MOLINA,40,AMORT DEL,4,Cliente 6,REPUESTOS
2024-05-05,Salida,LA MOLINA,41,AMORT POS,3,Cliente 45,REPUESTOS
2024-05-05,Salida,SURCO,42,"LLANTAS 18""",5,Cliente 5,REPUESTOS
2024-05-05,Salida,SURCO,43,BATERÍA 18 PLC,1,Cliente 46,REPUESTOS
2024-05-06,Salida,SURCO,38,ACEITE FS 5W30,3,Cliente 27,REPUESTOS
2024-05-06,Salida,LA MOLINA,39,FILTRO COMBUST,1,Cliente 28,REPUESTOS
2024-05-06,Salida,SURCO,40,AMORT DEL,1,Cliente 5,REPUESTOS
2024-05-06,Salida,SURCO,41,AMORT POS,1,Cliente 44,REPUESTOS
2024-05-06,Salida,LA MOLINA,42,"LLANTAS 18""",4,Cliente 22,REPUESTOS
2024-05-06,Salida,LA MOLINA,43,BATERÍA 18 PLC,2,Cliente 50,REPUESTOS
2024-05-07,Salida,SURCO,38,ACEITE FS 5W30,1,Cliente 18,REPUESTOS
2024-05-07,Salida,SURCO,39,FILTRO COMBUST,1,Cliente 25,REPUESTOS
2024-05-07,Salida,SURCO,40,AMORT DEL,4,Cliente 8,REPUESTOS
2024-05-07,Salida,LA MOLINA,41,AMORT POS,3,Cliente 38,REPUESTOS
2024-05-07,Salida,LA MOLINA,42,"LLANTAS 18""",1,Cliente 45,REPUESTOS
2024-05-07,Salida,LA MOLINA,43,BATERÍA 18 PLC,2,Cliente 39,REPUESTOS
2024-05-08,Salida,SURCO,38,ACEITE FS 5W30,1,Cliente 21,REPUESTOS
2024-05-08,Salida,LA MOLINA,40,AMORT DEL,2,Cliente 48,REPUESTOS
2024-05-08,Salida,LA MOLINA,41,AMORT POS,3,Cliente 31,REPUESTOS
2024-05-08,Salida,LA MOLINA,42,"LLANTAS 18""",2,Cliente 1,REPUESTOS
2024-05-08,Salida,SURCO,43,BATERÍA 18 PLC,1,Cliente 10,REPUESTOS
2024-05-09,Salida,LA MOLINA,38,ACEITE FS 5W30,3,Cliente 4,REPUESTOS
2024-05-09,Salida,LA MOLINA,40,AMORT DEL,2,Cliente 46,REPUESTOS
2024-05-09,Salida,SURCO,41,AMORT POS,1,Cliente 23,REPUESTOS
2024-05-09,Salida,LA MOLINA,42,"LLANTAS 18""",5,Cliente 18,REPUESTOS
2024-05-09,Salida,LA MOLINA,43,BATERÍA 18 PLC,1,Cliente 41,REPUESTOS
2024-05-10,Entrada,SURCO,1,ACCORD,2,Prov Vehículos,AUTOS
2024-05-10,Entrada,SURCO,2,CIVIC,2,Prov Vehículos,AUTOS
2024-05-10,Entrada,SURCO,5,PILOT,5,Prov Vehículos,AUTOS
2024-05-10,Entrada,SURCO,6,FIT,2,Prov Vehículos,AUTOS
2024-05-10,Entrada,LA MOLINA,1,ACCORD,4,Prov Vehículos,AUTOS
2024-05-10,Entrada,LA MOLINA,3,ODISSEY,1,Prov Vehículos,AUTOS
2024-05-10,Salida,LA MOLINA,1,ACCORD,1,Cliente 27,AUTOS
2024-05-10,Salida,SURCO,5,PILOT,1,Cliente 41,AUTOS
2024-05-10,Salida,SURCO,38,ACEITE FS 5W30,1,Cliente 6,REPUESTOS
2024-05-10,Salida,SURCO,40,AMORT DEL,2,Cliente 6,REPUESTOS
2024-05-10,Salida,SURCO,41,AMORT POS,3,Cliente 1,REPUESTOS
2024-05-10,Salida,LA MOLINA,42,"LLANTAS 18""",5,Cliente 31,REPUESTOS
2024-05-10,Salida,LA MOLINA,43,BATERÍA 18 PLC,1,Cliente 1,REPUESTOS
2024-05-11,Salida,SURCO,1,ACCORD,1,Cliente 48,AUTOS
2024-05-11,Salida,SURCO,5,PILOT,1,Cliente 45,AUTOS
2024-05-11,Salida,LA MOLINA,38,ACEITE FS 5W30,2,Cliente 16,REPUESTOS
2024-05-11,Salida,LA MOLINA,40,AMORT DEL,2,Cliente 39,REPUESTOS
2024-05-11,Salida,SURCO,41,AMORT POS,1,Cliente 12,REPUESTOS
2024-05-11,Salida,LA MOLINA,42,"LLANTAS 18""",3,Cliente 33,REPUESTOS
2024-05-11,Salida,LA MOLINA,43,BATERÍA 18 PLC,1,Cliente 32,REPUESTOS
2024-05-12,Salida,SURCO,5,PILOT,1,Cliente 24,AUTOS
2024-05-12,Salida,SURCO,38,ACEITE FS 5W30,2,Cliente 35,REPUESTOS
2024-05-12,Salida,SURCO,41,AMORT POS,2,Cliente 19,REPUESTOS
2024-05-12,Salida,LA MOLINA,42,"LLANTAS 18""",2,Cliente 48,REPUESTOS
2024-05-12,Salida,SURCO,43,BATERÍA 18 PLC,2,Cliente 20,REPUESTOS
2024-05-13,Salida,SURCO,38,ACEITE FS 5W30,1,Cliente 40,REPUESTOS
2024-05-13,Salida,SURCO,41,AMORT POS,1,Cliente 40,REPUESTOS
2024-05-13,Salida,LA MOLINA,42,"LLANTAS 18""",3,Cliente 23,REPUESTOS
2024-05-13,Salida,LA MOLINA,43,BATERÍA 18 PLC,1,Cliente 47,REPUESTOS
2024-05-14,Salida,SURCO,38,ACEITE FS 5W30,3,Cliente 1,REPUESTOS
2024-05-14,Salida,LA MOLINA,42,"LLANTAS 18""",2,Cliente 34,REPUESTOS
2024-05-14,Salida,LA MOLINA,43,BATERÍA 18 PLC,1,Cliente 8,REPUESTOS
2024-05-14,Control,SURCO,1,ACCORD,1,,AUTOS
2024-05-14,Control,SURCO,2,CIVIC,3,,AUTOS
2024-05-14,Control,SURCO,3,ODISSEY,2,,AUTOS
2024-05-14,Control,SURCO,4,CRV,4,,AUTOS
2024-05-14,Control,SURCO,5,PILOT,2,,AUTOS
2024-05-14,Control,SURCO,6,FIT,3,,AUTOS
2024-05-14,Control,SURCO,7,CITY,1,,AUTOS
2024-05-14,Control,SURCO,8,ELEMENT,0,,CAMIONETAS
2024-05-14,Control,SURCO,9,CROSSTOUR,0,,CAMIONETAS
2024-05-14,Control,SURCO,10,CR-Z,0,,CAMIONETAS
2024-05-14,Control,SURCO,11,RID LINE,0,,CAMIONETAS
2024-05-14,Control,SURCO,38,ACEITE FS 5W30,0,,REPUESTOS
2024-05-14,Control,SURCO,39,FILTRO COMBUST,31,,REPUESTOS
2024-05-14,Control,SURCO,40,AMORT DEL,0,,REPUESTOS
2024-05-14,Control,SURCO,41,AMORT POS,0,,REPUESTOS
2024-05-14,Control,SURCO,42,"LLANTAS 18""",0,,REPUESTOS
2024-05-14,Control,SURCO,43,BATERÍA 18 PLC,1,,REPUESTOS
2024-05-14,Control,LA MOLINA,1,ACCORD,3,,AUTOS
2024-05-14,Control,LA MOLINA,2,CIVIC,3,,AUTOS
2024-05-14,Control,LA MOLINA,3,ODISSEY,4,,AUTOS
2024-05-14,Control,LA MOLINA,4,CRV,4,,AUTOS
2024-05-14,Control,LA MOLINA,5,PILOT,0,,AUTOS
2024-05-14,Control,LA MOLINA,6,FIT,0,,AUTOS
2024-05-14,Control,LA MOLINA,7,CITY,0,,AUTOS
2024-05-14,Control,LA MOLINA,8,ELEMENT,0,,CAMIONETAS
2024-05-14,Control,LA MOLINA,9,CROSSTOUR,0,,CAMIONETAS
2024-05-14,Control,LA MOLINA,10,CR-Z,0,,CAMIONETAS
2024-05-14,Control,LA MOLINA,11,RID LINE,0,,CAMIONETAS
2024-05-14,Control,LA MOLINA,38,ACEITE FS 5W30,0,,REPUESTOS
2024-05-14,Control,LA MOLINA,39,FILTRO COMBUST,107,,REPUESTOS
2024-05-14,Control,LA MOLINA,40,AMORT DEL,0,,REPUESTOS
2024-05-14,Control,LA MOLINA,41,AMORT POS,0,,REPUESTOS
2024-05-14,Control,LA MOLINA,42,"LLANTAS 18""",9,,REPUESTOS
2024-05-14,Control,LA MOLINA,43,BATERÍA 18 PLC,21,,REPUESTOS
2024-05-15,Salida,LA MOLINA,42,"LLANTAS 18""",4,Cliente 20,REPUESTOS
2024-05-15,Salida,SURCO,43,BATERÍA 18 PLC,1,Cliente 35,REPUESTOS
2024-05-16,Salida,LA MOLINA,42,"LLANTAS 18""",2,Cliente 23,REPUESTOS
2024-05-16,Salida,LA MOLINA,43,BATERÍA 18 PLC,1,Cliente 46,REPUESTOS
2024-05-17,Entrada,SURCO,38,ACEITE FS 5W30,10,Prov Repuestos,REPUESTOS
2024-05-17,Entrada,SURCO,40,AMORT DEL,10,Prov Repuestos,REPUESTOS
2024-05-17,Entrada,SURCO,41,AMORT POS,10,Prov Repuestos,REPUESTOS
2024-05-17,Entrada,SURCO,42,"LLANTAS 18""",10,Prov Repuestos,REPUESTOS
2024-05-17,Entrada,SURCO,43,BATERÍA 18 PLC,4,Prov Repuestos,REPUESTOS
2024-05-17,Entrada,LA MOLINA,38,ACEITE FS 5W30,10,Prov Repuestos,REPUESTOS
2024-05-17,Entrada,LA MOLINA,40,AMORT DEL,10,Prov Repuestos,REPUESTOS
2024-05-17,Entrada,LA MOLINA,41,AMORT POS,10,Prov Repuestos,REPUESTOS
2024-05-17,Entrada,LA MOLINA,42,"LLANTAS 18""",1,Prov Repuestos,REPUESTOS
2024-05-17,Entrada,SURCO,38,ACEITE FS 5W30,9,Prov Repuestos,REPUESTOS
2024-05-17,Entrada,LA MOLINA,39,FILTRO COMBUST,44,Prov Repuestos,REPUESTOS
2024-05-17,Salida,SURCO,38,ACEITE FS 5W30,1,Cliente 19,REPUESTOS
2024-05-17,Salida,LA MOLINA,40,AMORT DEL,2,Cliente 27,REPUESTOS
2024-05-17,Salida,SURCO,41,AMORT POS,1,Cliente 43,REPUESTOS
2024-05-17,Salida,LA MOLINA,42,"LLANTAS 18""",4,Cliente 8,REPUESTOS
2024-05-17,Salida,LA MOLINA,43,BATERÍA 18 PLC,2,Cliente 44,REPUESTOS
2024-05-18,Salida,LA MOLINA,38,ACEITE FS 5W30,3,Cliente 33,REPUESTOS
2024-05-18,Salida,SURCO,40,AMORT DEL,2,Cliente 7,REPUESTOS
2024-05-18,Salida,SURCO,41,AMORT POS,2,Cliente 23,REPUESTOS
2024-05-18,Salida,SURCO,42,"LLANTAS 18""",1,Cliente 4,REPUESTOS
2024-05-18,Salida,SURCO,43,BATERÍA 18 PLC,2,Cliente 28,REPUESTOS
2024-05-19,Salida,LA MOLINA,38,ACEITE FS 5W30,3,Cliente 32,REPUESTOS
2024-05-19,Salida,LA MOLINA,40,AMORT DEL,7,Cliente 16,REPUESTOS
2024-05-19,Salida,SURCO,41,AMORT POS,2,Cliente 16,REPUESTOS
2024-05-19,Salida,SURCO,42,"LLANTAS 18""",7,Cliente 17,REPUESTOS
2024-05-19,Salida,SURCO,43,BATERÍA 18 PLC,2,Cliente 31,REPUESTOS
2024-05-20,Salida,SURCO,38,ACEITE FS 5W30,5,Cliente 13,REPUESTOS
2024-05-20,Salida,SURCO,40,AMORT DEL,6,Cliente 15,REPUESTOS
2024-05-20,Salida,LA MOLINA,41,AMORT POS,2,Cliente 3,REPUESTOS
2024-05-20,Salida,SURCO,42,"LLANTAS 18""",2,Cliente 28,REPUESTOS
2024-05-20,Salida,LA MOLINA,43,BATERÍA 18 PLC,1,Cliente 4,REPUESTOS
2024-05-21,Salida,LA MOLINA,38,ACEITE FS 5W30,4,Cliente 45,REPUESTOS
2024-05-21,Salida,LA MOLINA,40,AMORT DEL,1,Cliente 28,REPUESTOS
2024-05-21,Salida,LA MOLINA,41,AMORT POS,1,Cliente 42,REPUESTOS
2024-05-21,Salida,LA MOLINA,43,BATERÍA 18 PLC,1,Cliente 24,REPUESTOS
2024-05-22,Salida,SURCO,38,ACEITE FS 5W30,3,Cliente 16,REPUESTOS
2024-05-22,Salida,SURCO,40,AMORT DEL,1,Cliente 3,REPUESTOS
2024-05-22,Salida,LA MOLINA,41,AMORT POS,1,Cliente 14,REPUESTOS
2024-05-22,Salida,LA MOLINA,43,BATERÍA 18 PLC,2,Cliente 28,REPUESTOS
2024-05-23,Salida,SURCO,38,ACEITE FS 5W30,3,Cliente 24,REPUESTOS
2024-05-23,Salida,SURCO,40,AMORT DEL,1,Cliente 7,REPUESTOS
2024-05-23,Salida,SURCO,41,AMORT POS,5,Cliente 22,REPUESTOS
2024-05-23,Salida,LA MOLINA,43,BATERÍA 18 PLC,3,Cliente 16,REPUESTOS
2024-05-24,Salida,SURCO,38,ACEITE FS 5W30,2,Cliente 6,REPUESTOS
2024-05-24,Salida,LA MOLINA,41,AMORT POS,6,Cliente 3,REPUESTOS
2024-05-24,Salida,LA MOLINA,43,BATERÍA 18 PLC,1,Cliente 7,REPUESTOS
2024-05-25,Salida,SURCO,38,ACEITE FS 5W30,5,Cliente 20,REPUESTOS
2024-05-25,Salida,LA MOLINA,43,BATERÍA 18 PLC,1,Cliente 9,REPUESTOS
2024-05-26,Salida,LA MOLINA,43,BATERÍA 18 PLC,3,Cliente 24,REPUESTOS
2024-05-27,Salida,LA MOLINA,43,BATERÍA 18 PLC,4,Cliente 11,REPUESTOS
2024-05-28,Salida,LA MOLINA,43,BATERÍA 18 PLC,1,Cliente 48,REPUESTOS
2024-05-29,Salida,LA MOLINA,43,BATERÍA 18 PLC,1,Cliente 11,REPUESTOS
2024-05-31,Control,SURCO,1,ACCORD,1,,AUTOS
2024-05-31,Control,SURCO,2,CIVIC,3,,AUTOS
2024-05-31,Control,SURCO,3,ODISSEY,2,,AUTOS
2024-05-31,Control,SURCO,4,CRV,4,,AUTOS
2024-05-31,Control,SURCO,5,PILOT,2,,AUTOS
2024-05-31,Control,SURCO,6,FIT,3,,AUTOS
2024-05-31,Control,SURCO,7,CITY,1,,AUTOS
2024-05-31,Control,SURCO,8,ELEMENT,0,,CAMIONETAS
2024-05-31,Control,SURCO,9,CROSSTOUR,0,,CAMIONETAS
2024-05-31,Control,SURCO,10,CR-Z,0,,CAMIONETAS
2024-05-31,Control,SURCO,11,RID LINE,0,,CAMIONETAS
2024-05-31,Control,SURCO,38,ACEITE FS 5W30,0,,REPUESTOS
2024-05-31,Control,SURCO,39,FILTRO COMBUST,31,,REPUESTOS
2024-05-31,Control,SURCO,40,AMORT DEL,0,,REPUESTOS
2024-05-31,Control,SURCO,41,AMORT POS,0,,REPUESTOS
2024-05-31,Control,SURCO,42,"LLANTAS 18""",0,,REPUESTOS
2024-05-31,Control,SURCO,43,BATERÍA 18 PLC,0,,REPUESTOS
2024-05-31,Control,LA MOLINA,1,ACCORD,3,,AUTOS
2024-05-31,Control,LA MOLINA,2,CIVIC,3,,AUTOS
2024-05-31,Control,LA MOLINA,3,ODISSEY,4,,AUTOS
2024-05-31,Control,LA MOLINA,4,CRV,4,,AUTOS
2024-05-31,Control,LA MOLINA,5,PILOT,0,,AUTOS
2024-05-31,Control,LA MOLINA,6,FIT,0,,AUTOS
2024-05-31,Control,LA MOLINA,7,CITY,0,,AUTOS
2024-05-31,Control,LA MOLINA,8,ELEMENT,0,,CAMIONETAS
2024-05-31,Control,LA MOLINA,9,CROSSTOUR,0,,CAMIONETAS
2024-05-31,Control,LA MOLINA,10,CR-Z,0,,CAMIONETAS
2024-05-31,Control,LA MOLINA,11,RID LINE,0,,CAMIONETAS
2024-05-31,Control,LA MOLINA,38,ACEITE FS 5W30,0,,REPUESTOS
2024-05-31,Control,LA MOLINA,39,FILTRO COMBUST,151,,REPUESTOS
2024-05-31,Control,LA MOLINA,40,AMORT DEL,0,,REPUESTOS
2024-05-31,Control,LA MOLINA,41,AMORT POS,0,,REPUESTOS
2024-05-31,Control,LA MOLINA,42,"LLANTAS 18""",0,,REPUESTOS
2024-05-31,Control,LA MOLINA,43,BATERÍA 18 PLC,0,,REPUESTOS
2024-06-01,Salida,LA MOLINA,1,ACCORD,1,Cliente 20,AUTOS
2024-06-01,Salida,LA MOLINA,2,CIVIC,1,Cliente 46,AUTOS
2024-06-01,Salida,SURCO,3,ODISSEY,1,Cliente 11,AUTOS
2024-06-01,Salida,SURCO,4,CRV,1,Cliente 35,AUTOS
2024-06-01,Salida,SURCO,5,PILOT,1,Cliente 3,AUTOS
2024-06-01,Salida,SURCO,6,FIT,1,Cliente 9,AUTOS
2024-06-01,Salida,SURCO,7,CITY,1,Cliente 42,AUTOS
2024-06-01,Salida,SURCO,39,FILTRO COMBUST,1,Cliente 1,REPUESTOS
2024-06-02,Salida,LA MOLINA,1,ACCORD,1,Cliente 21,AUTOS
2024-06-02,Salida,LA MOLINA,2,CIVIC,1,Cliente 47,AUTOS
2024-06-02,Salida,LA MOLINA,4,CRV,1,Cliente 40,AUTOS
2024-06-02,Salida,SURCO,5,PILOT,1,Cliente 4,AUTOS
2024-06-02,Salida,SURCO,6,FIT,1,Cliente 15,AUTOS
2024-06-02,Salida,LA MOLINA,39,FILTRO COMBUST,1,Cliente 2,REPUESTOS
2024-06-03,Entrada,SURCO,38,ACEITE FS 5W30,10,Prov Repuestos,REPUESTOS
2024-06-03,Entrada,SURCO,40,AMORT DEL,10,Prov Repuestos,REPUESTOS
2024-06-03,Entrada,SURCO,41,AMORT POS,10,Prov Repuestos,REPUESTOS
2024-06-03,Entrada,SURCO,42,"LLANTAS 18""",10,Prov Repuestos,REPUESTOS
2024-06-03,Entrada,SURCO,43,BATERÍA 18 PLC,5,Prov Repuestos,REPUESTOS
2024-06-03,Entrada,LA MOLINA,38,ACEITE FS 5W30,10,Prov Repuestos,REPUESTOS
2024-06-03,Entrada,LA MOLINA,40,AMORT DEL,10,Prov Repuestos,REPUESTOS
2024-06-03,Entrada,LA MOLINA,41,AMORT POS,10,Prov Repuestos,REPUESTOS
2024-06-03,Entrada,LA MOLINA,42,"LLANTAS 18""",10,Prov Repuestos,REPUESTOS
2024-06-03,Entrada,LA MOLINA,43,BATERÍA 18 PLC,5,Prov Repuestos,REPUESTOS
2024-06-03,Entrada,SURCO,43,BATERÍA 18 PLC,9,Prov Repuestos,REPUESTOS
2024-06-03,Entrada,LA MOLINA,43,BATERÍA 18 PLC,16,Prov Repuestos,REPUESTOS
2024-06-03,Salida,LA MOLINA,1,ACCORD,1,Cliente 42,AUTOS
2024-06-03,Salida,SURCO,2,CIVIC,1,Cliente 29,AUTOS
2024-06-03,Salida,LA MOLINA,4,CRV,1,Cliente 18,AUTOS
2024-06-03,Salida,SURCO,6,FIT,1,Cliente 10,AUTOS
2024-06-03,Salida,LA MOLINA,38,ACEITE FS 5W30,1,Cliente 24,REPUESTOS
2024-06-03,Salida,LA MOLINA,39,FILTRO COMBUST,1,Cliente 6,REPUESTOS
2024-06-03,Salida,LA MOLINA,40,AMORT DEL,2,Cliente 12,REPUESTOS
2024-06-03,Salida,LA MOLINA,41,AMORT POS,1,Cliente 47,REPUESTOS
2024-06-03,Salida,SURCO,42,"LLANTAS 18""",3,Cliente 20,REPUESTOS
2024-06-03,Salida,SURCO,43,BATERÍA 18 PLC,1,Cliente 26,REPUESTOS
2024-06-04,Salida,SURCO,1,ACCORD,1,Cliente 5,AUTOS
2024-06-04,Salida,SURCO,2,CIVIC,1,Cliente 28,AUTOS
2024-06-04,Salida,LA MOLINA,4,CRV,1,Cliente 42,AUTOS
2024-06-04,Salida,SURCO,38,ACEITE FS 5W30,1,Cliente 47,REPUESTOS
2024-06-04,Salida,SURCO,39,FILTRO COMBUST,1,Cliente 25,REPUESTOS
2024-06-04,Salida,SURCO,40,AMORT DEL,1,Cliente 1,REPUESTOS
2024-06-04,Salida,SURCO,41,AMORT POS,1,Cliente 50,REPUESTOS
2024-06-04,Salida,SURCO,42,"LLANTAS 18""",3,Cliente 41,REPUESTOS
2024-06-04,Salida,SURCO,43,BATERÍA 18 PLC,1,Cliente 1,REPUESTOS
2024-06-05,Salida,LA MOLINA,4,CRV,1,Cliente 46,AUTOS
2024-06-05,Salida,SURCO,38,ACEITE FS 5W30,2,Cliente 31,REPUESTOS
2024-06-05,Salida,LA MOLINA,39,FILTRO COMBUST,1,Cliente 11,REPUESTOS
2024-06-05,Salida,LA MOLINA,40,AMORT DEL,3,Cliente 10,REPUESTOS
2024-06-05,Salida,LA MOLINA,41,AMORT POS,1,Cliente 41,REPUESTOS
2024-06-05,Salida,SURCO,42,"LLANTAS 18""",1,Cliente 3,REPUESTOS
2024-06-05,Salida,SURCO,43,BATERÍA 18 PLC,2,Cliente 33,REPUESTOS
2024-06-06,Salida,SURCO,38,ACEITE FS 5W30,2,Cliente 15,REPUESTOS
2024-06-06,Salida,SURCO,39,FILTRO COMBUST,1,Cliente 28,REPUESTOS
2024-06-06,Salida,LA MOLINA,40,AMORT DEL,2,Cliente 42,REPUESTOS
2024-06-06,Salida,LA MOLINA,41,AMORT POS,1,Cliente 44,REPUESTOS
2024-06-06,Salida,SURCO,42,"LLANTAS 18""",3,Cliente 8,REPUESTOS
2024-06-06,Salida,LA MOLINA,43,BATERÍA 18 PLC,1,Cliente 23,REPUESTOS
2024-06-07,Salida,SURCO,38,ACEITE FS 5W30,3,Cliente 24,REPUESTOS
2024-06-07,Salida,SURCO,39,FILTRO COMBUST,1,Cliente 39,REPUESTOS
2024-06-07,Salida,LA MOLINA,40,AMORT DEL,2,Cliente 34,REPUESTOS
2024-06-07,Salida,LA MOLINA,41,AMORT POS,1,Cliente 10,REPUESTOS
2024-06-07,Salida,LA MOLINA,42,"LLANTAS 18""",3,Cliente 7,REPUESTOS
2024-06-07,Salida,LA MOLINA,43,BATERÍA 18 PLC,2,Cliente 17,REPUESTOS
2024-06-08,Salida,SURCO,38,ACEITE FS 5W30,1,Cliente 50,REPUESTOS
2024-06-08,Salida,LA MOLINA,39,FILTRO COMBUST,1,Cliente 10,REPUESTOS
2024-06-08,Salida,LA MOLINA,40,AMORT DEL,1,Cliente 5,REPUESTOS
2024-06-08,Salida,LA MOLINA,41,AMORT POS,2,Cliente 10,REPUESTOS
2024-06-08,Salida,LA MOLINA,42,"LLANTAS 18""",3,Cliente 12,REPUESTOS
2024-06-08,Salida,LA MOLINA,43,BATERÍA 18 PLC,2,Cliente 32,REPUESTOS
2024-06-09,Entrada,SURCO,1,ACCORD,4,Prov Vehículos,AUTOS
2024-06-09,Entrada,SURCO,2,CIVIC,2,Prov Vehículos,AUTOS
2024-06-09,Entrada,SURCO,3,ODISSEY,3,Prov Vehículos,AUTOS
2024-06-09,Entrada,SURCO,4,CRV,1,Prov Vehículos,AUTOS
2024-06-09,Entrada,SURCO,5,PILOT,3,Prov Vehículos,AUTOS
2024-06-09,Entrada,SURCO,6,FIT,2,Prov Vehículos,AUTOS
2024-06-09,Entrada,SURCO,7,CITY,4,Prov Vehículos,AUTOS
2024-06-09,Entrada,LA MOLINA,1,ACCORD,2,Prov Vehículos,AUTOS
2024-06-09,Entrada,LA MOLINA,2,CIVIC,2,Prov Vehículos,AUTOS
2024-06-09,Entrada,LA MOLINA,3,ODISSEY,1,Prov Vehículos,AUTOS
2024-06-09,Entrada,LA MOLINA,4,CRV,1,Prov Vehículos,AUTOS
2024-06-09,Salida,LA MOLINA,1,ACCORD,1,Cliente 45,AUTOS
2024-06-09,Salida,SURCO,5,PILOT,1,Cliente 9,AUTOS
2024-06-09,Salida,SURCO,7,CITY,1,Cliente 27,AUTOS
2024-06-09,Salida,LA MOLINA,38,ACEITE FS 5W30,4,Cliente 35,REPUESTOS
2024-06-09,Salida,SURCO,39,FILTRO COMBUST,1,Cliente 25,REPUESTOS
2024-06-09,Salida,SURCO,40,AMORT DEL,4,Cliente 45,REPUESTOS
2024-06-09,Salida,LA MOLINA,41,AMORT POS,1,Cliente 1,REPUESTOS
2024-06-09,Salida,LA MOLINA,42,"LLANTAS 18""",1,Cliente 36,REPUESTOS
2024-06-09,Salida,SURCO,43,BATERÍA 18 PLC,1,Cliente 4,REPUESTOS
2024-06-10,Salida,LA MOLINA,1,ACCORD,1,Cliente 50,AUTOS
2024-06-10,Salida,SURCO,7,CITY,1,Cliente 30,AUTOS
2024-06-10,Salida,SURCO,38,ACEITE FS 5W30,1,Cliente 14,REPUESTOS
2024-06-10,Salida,SURCO,39,FILTRO COMBUST,1,Cliente 48,REPUESTOS
2024-06-10,Salida,SURCO,40,AMORT DEL,1,Cliente 25,REPUESTOS
2024-06-10,Salida,LA MOLINA,41,AMORT POS,2,Cliente 4,REPUESTOS
2024-06-10,Salida,LA MOLINA,42,"LLANTAS 18""",1,Cliente 39,REPUESTOS
2024-06-10,Salida,SURCO,43,BATERÍA 18 PLC,1,Cliente 24,REPUESTOS
2024-06-11,Salida,SURCO,7,CITY,1,Cliente 16,AUTOS
2024-06-11,Salida,LA MOLINA,38,ACEITE FS 5W30,1,Cliente 10,REPUESTOS
2024-06-11,Salida,LA MOLINA,39,FILTRO COMBUST,1,Cliente 48,REPUESTOS
2024-06-11,Salida,SURCO,40,AMORT DEL,3,Cliente 27,REPUESTOS
2024-06-11,Salida,SURCO,41,AMORT POS,2,Cliente 19,REPUESTOS
2024-06-11,Salida,LA MOLINA,42,"LLANTAS 18""",2,Cliente 42,REPUESTOS
2024-06-11,Salida,SURCO,43,BATERÍA 18 PLC,1,Cliente 1,REPUESTOS
2024-06-12,Salida,SURCO,7,CITY,1,Cliente 44,AUTOS
2024-06-12,Salida,LA MOLINA,38,ACEITE FS 5W30,3,Cliente 46,REPUESTOS
2024-06-12,Salida,LA MOLINA,39,FILTRO COMBUST,1,Cliente 11,REPUESTOS
2024-06-12,Salida,SURCO,40,AMORT DEL,1,Cliente 9,REPUESTOS
2024-06-12,Salida,SURCO,41,AMORT POS,2,Cliente 15,REPUESTOS
2024-06-12,Salida,LA MOLINA,43,BATERÍA 18 PLC,1,Cliente 31,REPUESTOS
2024-06-13,Salida,LA MOLINA,38,ACEITE FS 5W30,1,Cliente 11,REPUESTOS
2024-06-13,Salida,LA MOLINA,39,FILTRO COMBUST,1,Cliente 42,REPUESTOS
2024-06-13,Salida,SURCO,41,AMORT POS,2,Cliente 7,REPUESTOS
2024-06-13,Salida,SURCO,43,BATERÍA 18 PLC,2,Cliente 16,REPUESTOS
2024-06-14,Salida,SURCO,39,FILTRO COMBUST,1,Cliente 5,REPUESTOS
2024-06-14,Salida,LA MOLINA,41,AMORT POS,1,Cliente 13,REPUESTOS
2024-06-14,Salida,SURCO,43,BATERÍA 18 PLC,1,Cliente 18,REPUESTOS
2024-06-14,Control,SURCO,1,ACCORD,4,,AUTOS
2024-06-14,Control,SURCO,2,CIVIC,3,,AUTOS
2024-06-14,Control,SURCO,3,ODISSEY,4,,AUTOS
2024-06-14,Control,SURCO,4,CRV,4,,AUTOS
2024-06-14,Control,SURCO,5,PILOT,2,,AUTOS
2024-06-14,Control,SURCO,6,FIT,2,,AUTOS
2024-06-14,Control,SURCO,7,CITY,0,,AUTOS
2024-06-14,Control,SURCO,8,ELEMENT,0,,CAMIONETAS
2024-06-14,Control,SURCO,9,CROSSTOUR,0,,CAMIONETAS
2024-06-14,Control,SURCO,10,CR-Z,0,,CAMIONETAS
2024-06-14,Control,SURCO,11,RID LINE,0,,CAMIONETAS
2024-06-14,Control,SURCO,38,ACEITE FS 5W30,0,,REPUESTOS
2024-06-14,Control,SURCO,39,FILTRO COMBUST,24,,REPUESTOS
2024-06-14,Control,SURCO,40,AMORT DEL,0,,REPUESTOS
2024-06-14,Control,SURCO,41,AMORT POS,3,,REPUESTOS
2024-06-14,Control,SURCO,42,"LLANTAS 18""",0,,REPUESTOS
2024-06-14,Control,SURCO,43,BATERÍA 18 PLC,4,,REPUESTOS
2024-06-14,Control,LA MOLINA,1,ACCORD,0,,AUTOS
2024-06-14,Control,LA MOLINA,2,CIVIC,3,,AUTOS
2024-06-14,Control,LA MOLINA,3,ODISSEY,5,,AUTOS
2024-06-14,Control,LA MOLINA,4,CRV,1,,AUTOS
2024-06-14,Control,LA MOLINA,5,PILOT,0,,AUTOS
2024-06-14,Control,LA MOLINA,6,FIT,0,,AUTOS
2024-06-14,Control,LA MOLINA,7,CITY,0,,AUTOS
2024-06-14,Control,LA MOLINA,8,ELEMENT,0,,CAMIONETAS
2024-06-14,Control,LA MOLINA,9,CROSSTOUR,0,,CAMIONETAS
2024-06-14,Control,LA MOLINA,10,CR-Z,0,,CAMIONETAS
2024-06-14,Control,LA MOLINA,11,RID LINE,0,,CAMIONETAS
2024-06-14,Control,LA MOLINA,38,ACEITE FS 5W30,0,,REPUESTOS
2024-06-14,Control,LA MOLINA,39,FILTRO COMBUST,144,,REPUESTOS
2024-06-14,Control,LA MOLINA,40,AMORT DEL,0,,REPUESTOS
2024-06-14,Control,LA MOLINA,41,AMORT POS,0,,REPUESTOS
2024-06-14,Control,LA MOLINA,42,"LLANTAS 18""",0,,REPUESTOS
2024-06-14,Control,LA MOLINA,43,BATERÍA 18 PLC,15,,REPUESTOS
2024-06-15,Salida,LA MOLINA,39,FILTRO COMBUST,1,Cliente 3,REPUESTOS
2024-06-15,Salida,SURCO,41,AMORT POS,1,Cliente 1,REPUESTOS
2024-06-15,Salida,SURCO,43,BATERÍA 18 PLC,2,Cliente 21,REPUESTOS
2024-06-16,Salida,SURCO,39,FILTRO COMBUST,1,Cliente 45,REPUESTOS
2024-06-16,Salida,SURCO,41,AMORT POS,2,Cliente 33,REPUESTOS
2024-06-16,Salida,LA MOLINA,43,BATERÍA 18 PLC,2,Cliente 38,REPUESTOS
2024-06-17,Entrada,SURCO,38,ACEITE FS 5W30,10,Prov Repuestos,REPUESTOS
2024-06-17,Entrada,SURCO,40,AMORT DEL,10,Prov Repuestos,REPUESTOS
2024-06-17,Entrada,SURCO,41,AMORT POS,7,Prov Repuestos,REPUESTOS
2024-06-17,Entrada,SURCO,42,"LLANTAS 18""",10,Prov Repuestos,REPUESTOS
2024-06-17,Entrada,SURCO,43,BATERÍA 18 PLC,1,Prov Repuestos,REPUESTOS
2024-06-17,Entrada,LA MOLINA,38,ACEITE FS 5W30,10,Prov Repuestos,REPUESTOS
2024-06-17,Entrada,LA MOLINA,40,AMORT DEL,10,Prov Repuestos,REPUESTOS
2024-06-17,Entrada,LA MOLINA,41,AMORT POS,10,Prov Repuestos,REPUESTOS
2024-06-17,Entrada,LA MOLINA,42,"LLANTAS 18""",10,Prov Repuestos,REPUESTOS
2024-06-17,Entrada,SURCO,42,"LLANTAS 18""",16,Prov Repuestos,REPUESTOS
2024-06-17,Entrada,LA MOLINA,42,"LLANTAS 18""",13,Prov Repuestos,REPUESTOS
2024-06-17,Salida,SURCO,38,ACEITE FS 5W30,3,Cliente 10,REPUESTOS
2024-06-17,Salida,SURCO,39,FILTRO COMBUST,1,Cliente 41,REPUESTOS
2024-06-17,Salida,SURCO,40,AMORT DEL,6,Cliente 14,REPUESTOS
2024-06-17,Salida,LA MOLINA,41,AMORT POS,1,Cliente 29,REPUESTOS
2024-06-17,Salida,LA MOLINA,42,"LLANTAS 18""",3,Cliente 24,REPUESTOS
2024-06-17,Salida,SURCO,43,BATERÍA 18 PLC,2,Cliente 46,REPUESTOS
2024-06-18,Salida,SURCO,38,ACEITE FS 5W30,2,Cliente 40,REPUESTOS
2024-06-18,Salida,SURCO,39,FILTRO COMBUST,1,Cliente 10,REPUESTOS
2024-06-18,Salida,LA MOLINA,40,AMORT DEL,6,Cliente 7,REPUESTOS
2024-06-18,Salida,LA MOLINA,41,AMORT POS,1,Cliente 36,REPUESTOS
2024-06-18,Salida,SURCO,42,"LLANTAS 18""",4,Cliente 30,REPUESTOS
2024-06-18,Salida,LA MOLINA,43,BATERÍA 18 PLC,1,Cliente 11,REPUESTOS
2024-06-19,Salida,LA MOLINA,38,ACEITE FS 5W30,3,Cliente 23,REPUESTOS
2024-06-19,Salida,SURCO,39,FILTRO COMBUST,1,Cliente 12,REPUESTOS
2024-06-19,Salida,LA MOLINA,40,AMORT DEL,3,Cliente 17,REPUESTOS
2024-06-19,Salida,SURCO,41,AMORT POS,1,Cliente 37,REPUESTOS
2024-06-19,Salida,LA MOLINA,42,"LLANTAS 18""",1,Cliente 19,REPUESTOS
2024-06-19,Salida,SURCO,43,BATERÍA 18 PLC,1,Cliente 29,REPUESTOS
2024-06-20,Salida,LA MOLINA,38,ACEITE FS 5W30,5,Cliente 24,REPUESTOS
2024-06-20,Salida,LA MOLINA,39,FILTRO COMBUST,1,Cliente 33,REPUESTOS
2024-06-20,Salida,SURCO,40,AMORT DEL,3,Cliente 40,REPUESTOS
2024-06-20,Salida,SURCO,41,AMORT POS,3,Cliente 45,REPUESTOS
2024-06-20,Salida,SURCO,42,"LLANTAS 18""",1,Cliente 7,REPUESTOS
2024-06-20,Salida,LA MOLINA,43,BATERÍA 18 PLC,2,Cliente 37,REPUESTOS
2024-06-21,Salida,SURCO,38,ACEITE FS 5W30,5,Cliente 15,REPUESTOS
2024-06-21,Salida,LA MOLINA,39,FILTRO COMBUST,1,Cliente 43,REPUESTOS
2024-06-21,Salida,LA MOLINA,40,AMORT DEL,1,Cliente 30,REPUESTOS
2024-06-21,Salida,SURCO,41,AMORT POS,2,Cliente 6,REPUESTOS
2024-06-21,Salida,LA MOLINA,42,"LLANTAS 18""",2,Cliente 50,REPUESTOS
2024-06-21,Salida,LA MOLINA,43,BATERÍA 18 PLC,1,Cliente 22,REPUESTOS
2024-06-22,Salida,LA MOLINA,38,ACEITE FS 5W30,2,Cliente 39,REPUESTOS
2024-06-22,Salida,SURCO,39,FILTRO COMBUST,1,Cliente 45,REPUESTOS
2024-06-22,Salida,SURCO,40,AMORT DEL,1,Cliente 30,REPUESTOS
2024-06-22,Salida,SURCO,41,AMORT POS,1,Cliente 31,REPUESTOS
2024-06-22,Salida,LA MOLINA,42,"LLANTAS 18""",4,Cliente 37,REPUESTOS
2024-06-22,Salida,LA MOLINA,43,BATERÍA 18 PLC,3,Cliente 4,REPUESTOS
2024-06-23,Salida,LA MOLINA,39,FILTRO COMBUST,1,Cliente 14,REPUESTOS
2024-06-23,Salida,LA MOLINA,41,AMORT POS,1,Cliente 18,REPUESTOS
2024-06-23,Salida,SURCO,42,"LLANTAS 18""",3,Cliente 10,REPUESTOS
2024-06-23,Salida,LA MOLINA,43,BATERÍA 18 PLC,2,Cliente 6,REPUESTOS
2024-06-24,Salida,LA MOLINA,41,AMORT POS,3,Cliente 43,REPUESTOS
2024-06-24,Salida,SURCO,42,"LLANTAS 18""",3,Cliente 6,REPUESTOS
2024-06-24,Salida,LA MOLINA,43,BATERÍA 18 PLC,2,Cliente 11,REPUESTOS
2024-06-25,Salida,LA MOLINA,41,AMORT POS,2,Cliente 35,REPUESTOS
2024-06-25,Salida,LA MOLINA,42,"LLANTAS 18""",10,Cliente 23,REPUESTOS
2024-06-25,Salida,LA MOLINA,43,BATERÍA 18 PLC,2,Cliente 36,REPUESTOS
2024-06-26,Salida,LA MOLINA,41,AMORT POS,2,Cliente 43,REPUESTOS
2024-06-26,Salida,SURCO,42,"LLANTAS 18""",1,Cliente 30,REPUESTOS
2024-06-27,Salida,SURCO,42,"LLANTAS 18""",9,Cliente 29,REPUESTOS
2024-06-28,Salida,SURCO,42,"LLANTAS 18""",2,Cliente 48,REPUESTOS
2024-06-29,Salida,SURCO,42,"LLANTAS 18""",3,Cliente 24,REPUESTOS
2024-06-30,Salida,LA MOLINA,42,"LLANTAS 18""",3,Cliente 23,REPUESTOS
2024-06-30,Control,SURCO,1,ACCORD,4,,AUTOS
2024-06-30,Control,SURCO,2,CIVIC,3,,AUTOS
2024-06-30,Control,SURCO,3,ODISSEY,4,,AUTOS
2024-06-30,Control,SURCO,4,CRV,4,,AUTOS
2024-06-30,Control,SURCO,5,PILOT,2,,AUTOS
2024-06-30,Control,SURCO,6,FIT,2,,AUTOS
2024-06-30,Control,SURCO,7,CITY,0,,AUTOS
2024-06-30,Control,SURCO,8,ELEMENT,0,,CAMIONETAS
2024-06-30,Control,SURCO,9,CROSSTOUR,0,,CAMIONETAS
2024-06-30,Control,SURCO,10,CR-Z,0,,CAMIONETAS
2024-06-30,Control,SURCO,11,RID LINE,0,,CAMIONETAS
2024-06-30,Control,SURCO,38,ACEITE FS 5W30,0,,REPUESTOS
2024-06-30,Control,SURCO,39,FILTRO COMBUST,19,,REPUESTOS
2024-06-30,Control,SURCO,40,AMORT DEL,0,,REPUESTOS
2024-06-30,Control,SURCO,41,AMORT POS,0,,REPUESTOS
2024-06-30,Control,SURCO,42,"LLANTAS 18""",0,,REPUESTOS
2024-06-30,Control,SURCO,43,BATERÍA 18 PLC,0,,REPUESTOS
2024-06-30,Control,LA MOLINA,1,ACCORD,0,,AUTOS
2024-06-30,Control,LA MOLINA,2,CIVIC,3,,AUTOS
2024-06-30,Control,LA MOLINA,3,ODISSEY,5,,AUTOS
2024-06-30,Control,LA MOLINA,4,CRV,1,,AUTOS
2024-06-30,Control,LA MOLINA,5,PILOT,0,,AUTOS
2024-06-30,Control,LA MOLINA,6,FIT,0,,AUTOS
2024-06-30,Control,LA MOLINA,7,CITY,0,,AUTOS
2024-06-30,Control,LA MOLINA,8,ELEMENT,0,,CAMIONETAS
2024-06-30,Control,LA MOLINA,9,CROSSTOUR,0,,CAMIONETAS
2024-06-30,Control,LA MOLINA,10,CR-Z,0,,CAMIONETAS
2024-06-30,Control,LA MOLINA,11,RID LINE,0,,CAMIONETAS
2024-06-30,Control,LA MOLINA,38,ACEITE FS 5W30,0,,REPUESTOS
2024-06-30,Control,LA MOLINA,39,FILTRO COMBUST,140,,REPUESTOS
2024-06-30,Control,LA MOLINA,40,AMORT DEL,0,,REPUESTOS
2024-06-30,Control,LA MOLINA,41,AMORT POS,0,,REPUESTOS
2024-06-30,Control,LA MOLINA,42,"LLANTAS 18""",0,,REPUESTOS
2024-06-30,Control,LA MOLINA,43,BATERÍA 18 PLC,0,,REPUESTOS
2024-07-01,Salida,SURCO,1,ACCORD,1,Cliente 12,AUTOS
2024-07-01,Salida,LA MOLINA,2,CIVIC,1,Cliente 24,AUTOS
2024-07-01,Salida,SURCO,3,ODISSEY,1,Cliente 35,AUTOS
2024-07-01,Salida,SURCO,5,PILOT,1,Cliente 19,AUTOS
2024-07-01,Salida,SURCO,6,FIT,1,Cliente 45,AUTOS
2024-07-01,Salida,SURCO,39,FILTRO COMBUST,1,Cliente 7,REPUESTOS
2024-07-02,Salida,SURCO,1,ACCORD,1,Cliente 41,AUTOS
2024-07-02,Salida,SURCO,2,CIVIC,1,Cliente 43,AUTOS
2024-07-02,Salida,LA MOLINA,3,ODISSEY,1,Cliente 14,AUTOS
2024-07-02,Salida,SURCO,5,PILOT,1,Cliente 36,AUTOS
2024-07-02,Salida,SURCO,6,FIT,1,Cliente 13,AUTOS
2024-07-02,Salida,LA MOLINA,39,FILTRO COMBUST,1,Cliente 30,REPUESTOS
2024-07-03,Entrada,SURCO,38,ACEITE FS 5W30,10,Prov Repuestos,REPUESTOS
2024-07-03,Entrada,SURCO,40,AMORT DEL,10,Prov Repuestos,REPUESTOS
2024-07-03,Entrada,SURCO,41,AMORT POS,10,Prov Repuestos,REPUESTOS
2024-07-03,Entrada,SURCO,42,"LLANTAS 18""",10,Prov Repuestos,REPUESTOS
2024-07-03,Entrada,SURCO,43,BATERÍA 18 PLC,5,Prov Repuestos,REPUESTOS
2024-07-03,Entrada,LA MOLINA,38,ACEITE FS 5W30,10,Prov Repuestos,REPUESTOS
2024-07-03,Entrada,LA MOLINA,40,AMORT DEL,10,Prov Repuestos,REPUESTOS
2024-07-03,Entrada,LA MOLINA,41,AMORT POS,10,Prov Repuestos,REPUESTOS
2024-07-03,Entrada,LA MOLINA,42,"LLANTAS 18""",10,Prov Repuestos,REPUESTOS
2024-07-03,Entrada,LA MOLINA,43,BATERÍA 18 PLC,5,Prov Repuestos,REPUESTOS
2024-07-03,Entrada,SURCO,42,"LLANTAS 18""",21,Prov Repuestos,REPUESTOS
2024-07-03,Entrada,LA MOLINA,40,AMORT DEL,27,Prov Repuestos,REPUESTOS
2024-07-03,Salida,LA MOLINA,2,CIVIC,1,Cliente 18,AUTOS
2024-07-03,Salida,LA MOLINA,3,ODISSEY,1,Cliente 27,AUTOS
2024-07-03,Salida,LA MOLINA,38,ACEITE FS 5W30,1,Cliente 3,REPUESTOS
2024-07-03,Salida,SURCO,39,FILTRO COMBUST,1,Cliente 10,REPUESTOS
2024-07-03,Salida,LA MOLINA,40,AMORT DEL,2,Cliente 11,REPUESTOS
2024-07-03,Salida,SURCO,41,AMORT POS,2,Cliente 36,REPUESTOS
2024-07-03,Salida,LA MOLINA,42,"LLANTAS 18""",2,Cliente 4,REPUESTOS
2024-07-03,Salida,SURCO,43,BATERÍA 18 PLC,2,Cliente 41,REPUESTOS
2024-07-04,Salida,SURCO,2,CIVIC,1,Cliente 26,AUTOS
2024-07-04,Salida,LA MOLINA,38,ACEITE FS 5W30,2,Cliente 15,REPUESTOS
2024-07-04,Salida,SURCO,39,FILTRO COMBUST,1,Cliente 33,REPUESTOS
2024-07-04,Salida,LA MOLINA,40,AMORT DEL,2,Cliente 36,REPUESTOS
2024-07-04,Salida,SURCO,41,AMORT POS,2,Cliente 6,REPUESTOS
2024-07-04,Salida,LA MOLINA,42,"LLANTAS 18""",1,Cliente 1,REPUESTOS
2024-07-04,Salida,SURCO,43,BATERÍA 18 PLC,1,Cliente 40,REPUESTOS
2024-07-05,Salida,LA MOLINA,38,ACEITE FS 5W30,1,Cliente 2,REPUESTOS
2024-07-05,Salida,LA MOLINA,39,FILTRO COMBUST,1,Cliente 41,REPUESTOS
2024-07-05,Salida,SURCO,40,AMORT DEL,1,Cliente 42,REPUESTOS
2024-07-05,Salida,SURCO,41,AMORT POS,2,Cliente 35,REPUESTOS
2024-07-05,Salida,LA MOLINA,42,"LLANTAS 18""",4,Cliente 43,REPUESTOS
2024-07-05,Salida,SURCO,43,BATERÍA 18 PLC,2,Cliente 10,REPUESTOS
2024-07-06,Salida,SURCO,38,ACEITE FS 5W30,1,Cliente 30,REPUESTOS
2024-07-06,Salida,SURCO,39,FILTRO COMBUST,1,Cliente 7,REPUESTOS
2024-07-06,Salida,LA MOLINA,40,AMORT DEL,2,Cliente 12,REPUESTOS
2024-07-06,Salida,LA MOLINA,41,AMORT POS,1,Cliente 24,REPUESTOS
2024-07-06,Salida,SURCO,42,"LLANTAS 18""",4,Cliente 32,REPUESTOS
2024-07-06,Salida,LA MOLINA,43,BATERÍA 18 PLC,2,Cliente 32,REPUESTOS
2024-07-07,Salida,LA MOLINA,38,ACEITE FS 5W30,2,Cliente 25,REPUESTOS
2024-07-07,Salida,LA MOLINA,39,FILTRO COMBUST,1,Cliente 11,REPUESTOS
2024-07-07,Salida,SURCO,40,AMORT DEL,2,Cliente 12,REPUESTOS
2024-07-07,Salida,SURCO,41,AMORT POS,3,Cliente 8,REPUESTOS
2024-07-07,Salida,LA MOLINA,42,"LLANTAS 18""",3,Cliente 40,REPUESTOS
2024-07-07,Salida,LA MOLINA,43,BATERÍA 18 PLC,1,Cliente 34,REPUESTOS
2024-07-08,Salida,SURCO,38,ACEITE FS 5W30,1,Cliente 39,REPUESTOS
2024-07-08,Salida,SURCO,39,FILTRO COMBUST,1,Cliente 34,REPUESTOS
2024-07-08,Salida,SURCO,40,AMORT DEL,1,Cliente 24,REPUESTOS
2024-07-08,Salida,SURCO,41,AMORT POS,1,Cliente 21,REPUESTOS
2024-07-08,Salida,SURCO,42,"LLANTAS 18""",2,Cliente 47,REPUESTOS
2024-07-08,Salida,LA MOLINA,43,BATERÍA 18 PLC,2,Cliente 31,REPUESTOS
2024-07-09,Salida,LA MOLINA,38,ACEITE FS 5W30,1,Cliente 46,REPUESTOS
2024-07-09,Salida,LA MOLINA,39,FILTRO COMBUST,1,Cliente 30,REPUESTOS
2024-07-09,Salida,LA MOLINA,40,AMORT DEL,2,Cliente 13,REPUESTOS
2024-07-09,Salida,LA MOLINA,41,AMORT POS,1,Cliente 44,REPUESTOS
2024-07-09,Salida,SURCO,42,"LLANTAS 18""",4,Cliente 38,REPUESTOS
2024-07-10,Entrada,SURCO,1,ACCORD,1,Prov Vehículos,AUTOS
2024-07-10,Entrada,SURCO,2,CIVIC,2,Prov Vehículos,AUTOS
2024-07-10,Entrada,SURCO,3,ODISSEY,1,Prov Vehículos,AUTOS
2024-07-10,Entrada,SURCO,4,CRV,1,Prov Vehículos,AUTOS
2024-07-10,Entrada,SURCO,5,PILOT,3,Prov Vehículos,AUTOS
2024-07-10,Entrada,SURCO,6,FIT,3,Prov Vehículos,AUTOS
2024-07-10,Entrada,SURCO,7,CITY,5,Prov Vehículos,AUTOS
2024-07-10,Entrada,LA MOLINA,1,ACCORD,5,Prov Vehículos,AUTOS
2024-07-10,Entrada,LA MOLINA,2,CIVIC,2,Prov Vehículos,AUTOS
2024-07-10,Entrada,LA MOLINA,4,CRV,4,Prov Vehículos,AUTOS
2024-07-10,Salida,SURCO,5,PILOT,1,Cliente 14,AUTOS
2024-07-10,Salida,SURCO,6,FIT,1,Cliente 29,AUTOS
2024-07-10,Salida,SURCO,7,CITY,1,Cliente 21,AUTOS
2024-07-10,Salida,LA MOLINA,38,ACEITE FS 5W30,1,Cliente 28,REPUESTOS
2024-07-10,Salida,LA MOLINA,40,AMORT DEL,2,Cliente 41,REPUESTOS
2024-07-10,Salida,LA MOLINA,41,AMORT POS,2,Cliente 3,REPUESTOS
2024-07-10,Salida,SURCO,42,"LLANTAS 18""",3,Cliente 19,REPUESTOS
2024-07-11,Salida,SURCO,5,PILOT,1,Cliente 2,AUTOS
2024-07-11,Salida,SURCO,6,FIT,1,Cliente 21,AUTOS
2024-07-11,Salida,SURCO,7,CITY,1,Cliente 23,AUTOS
2024-07-11,Salida,SURCO,38,ACEITE FS 5W30,1,Cliente 43,REPUESTOS
2024-07-11,Salida,SURCO,40,AMORT DEL,2,Cliente 50,REPUESTOS
2024-07-11,Salida,LA MOLINA,41,AMORT POS,1,Cliente 21,REPUESTOS
2024-07-11,Salida,SURCO,42,"LLANTAS 18""",3,Cliente 30,REPUESTOS
2024-07-12,Salida,SURCO,7,CITY,1,Cliente 36,AUTOS
2024-07-12,Salida,LA MOLINA,38,ACEITE FS 5W30,2,Cliente 39,REPUESTOS
2024-07-12,Salida,SURCO,40,AMORT DEL,3,Cliente 7,REPUESTOS
2024-07-12,Salida,LA MOLINA,41,AMORT POS,2,Cliente 37,REPUESTOS
2024-07-12,Salida,SURCO,42,"LLANTAS 18""",4,Cliente 21,REPUESTOS
2024-07-13,Salida,SURCO,7,CITY,1,Cliente 32,AUTOS
2024-07-13,Salida,SURCO,38,ACEITE FS 5W30,1,Cliente 27,REPUESTOS
2024-07-13,Salida,LA MOLINA,40,AMORT DEL,1,Cliente 11,REPUESTOS
2024-07-13,Salida,LA MOLINA,41,AMORT POS,2,Cliente 16,REPUESTOS
2024-07-13,Salida,SURCO,42,"LLANTAS 18""",1,Cliente 2,REPUESTOS
2024-07-14,Salida,SURCO,7,CITY,1,Cliente 19,AUTOS
2024-07-14,Salida,SURCO,38,ACEITE FS 5W30,4,Cliente 35,REPUESTOS
2024-07-14,Salida,LA MOLINA,40,AMORT DEL,1,Cliente 42,REPUESTOS
2024-07-14,Salida,LA MOLINA,41,AMORT POS,1,Cliente 7,REPUESTOS
2024-07-14,Salida,SURCO,42,"LLANTAS 18""",3,Cliente 21,REPUESTOS
2024-07-14,Control,SURCO,1,ACCORD,3,,AUTOS
2024-07-14,Control,SURCO,2,CIVIC,3,,AUTOS
2024-07-14,Control,SURCO,3,ODISSEY,4,,AUTOS
2024-07-14,Control,SURCO,4,CRV,5,,AUTOS
2024-07-14,Control,SURCO,5,PILOT,1,,AUTOS
2024-07-14,Control,SURCO,6,FIT,1,,AUTOS
2024-07-14,Control,SURCO,7,CITY,0,,AUTOS
2024-07-14,Control,SURCO,8,ELEMENT,0,,CAMIONETAS
2024-07-14,Control,SURCO,9,CROSSTOUR,0,,CAMIONETAS
2024-07-14,Control,SURCO,10,CR-Z,0,,CAMIONETAS
2024-07-14,Control,SURCO,11,RID LINE,0,,CAMIONETAS
2024-07-14,Control,SURCO,38,ACEITE FS 5W30,2,,REPUESTOS
2024-07-14,Control,SURCO,39,FILTRO COMBUST,14,,REPUESTOS
2024-07-14,Control,SURCO,40,AMORT DEL,1,,REPUESTOS
2024-07-14,Control,SURCO,41,AMORT POS,0,,REPUESTOS
2024-07-14,Control,SURCO,42,"LLANTAS 18""",7,,REPUESTOS
2024-07-14,Control,SURCO,43,BATERÍA 18 PLC,0,,REPUESTOS
2024-07-14,Control,LA MOLINA,1,ACCORD,5,,AUTOS
2024-07-14,Control,LA MOLINA,2,CIVIC,3,,AUTOS
2024-07-14,Control,LA MOLINA,3,ODISSEY,3,,AUTOS
2024-07-14,Control,LA MOLINA,4,CRV,5,,AUTOS
2024-07-14,Control,LA MOLINA,5,PILOT,0,,AUTOS
2024-07-14,Control,LA MOLINA,6,FIT,0,,AUTOS
2024-07-14,Control,LA MOLINA,7,CITY,0,,AUTOS
2024-07-14,Control,LA MOLINA,8,ELEMENT,0,,CAMIONETAS
2024-07-14,Control,LA MOLINA,9,CROSSTOUR,0,,CAMIONETAS
2024-07-14,Control,LA MOLINA,10,CR-Z,0,,CAMIONETAS
2024-07-14,Control,LA MOLINA,11,RID LINE,0,,CAMIONETAS
2024-07-14,Control,LA MOLINA,38,ACEITE FS 5W30,0,,REPUESTOS
2024-07-14,Control,LA MOLINA,39,FILTRO COMBUST,136,,REPUESTOS
2024-07-14,Control,LA MOLINA,40,AMORT DEL,25,,REPUESTOS
2024-07-14,Control,LA MOLINA,41,AMORT POS,0,,REPUESTOS
2024-07-14,Control,LA MOLINA,42,"LLANTAS 18""",0,,REPUESTOS
2024-07-14,Control,LA MOLINA,43,BATERÍA 18 PLC,0,,REPUESTOS
2024-07-15,Salida,SURCO,38,ACEITE FS 5W30,2,Cliente 40,REPUESTOS
2024-07-15,Salida,LA MOLINA,40,AMORT DEL,2,Cliente 45,REPUESTOS
2024-07-15,Salida,SURCO,42,"LLANTAS 18""",1,Cliente 40,REPUESTOS
2024-07-16,Salida,SURCO,40,AMORT DEL,1,Cliente 9,REPUESTOS
2024-07-16,Salida,SURCO,42,"LLANTAS 18""",4,Cliente 11,REPUESTOS
2024-07-17,Entrada,SURCO,38,ACEITE FS 5W30,8,Prov Repuestos,REPUESTOS
2024-07-17,Entrada,SURCO,40,AMORT DEL,9,Prov Repuestos,REPUESTOS
2024-07-17,Entrada,SURCO,41,AMORT POS,10,Prov Repuestos,REPUESTOS
2024-07-17,Entrada,SURCO,42,"LLANTAS 18""",3,Prov Repuestos,REPUESTOS
2024-07-17,Entrada,SURCO,43,BATERÍA 18 PLC,5,Prov Repuestos,REPUESTOS
2024-07-17,Entrada,LA MOLINA,38,ACEITE FS 5W30,10,Prov Repuestos,REPUESTOS
2024-07-17,Entrada,LA MOLINA,41,AMORT POS,10,Prov Repuestos,REPUESTOS
2024-07-17,Entrada,LA MOLINA,42,"LLANTAS 18""",10,Prov Repuestos,REPUESTOS
2024-07-17,Entrada,LA MOLINA,43,BATERÍA 18 PLC,5,Prov Repuestos,REPUESTOS
2024-07-17,Entrada,SURCO,38,ACEITE FS 5W30,26,Prov Repuestos,REPUESTOS
2024-07-17,Entrada,LA MOLINA,42,"LLANTAS 18""",16,Prov Repuestos,REPUESTOS
2024-07-17,Salida,LA MOLINA,38,ACEITE FS 5W30,6,Cliente 35,REPUESTOS
2024-07-17,Salida,SURCO,40,AMORT DEL,3,Cliente 17,REPUESTOS
2024-07-17,Salida,SURCO,41,AMORT POS,1,Cliente 20,REPUESTOS
2024-07-17,Salida,LA MOLINA,42,"LLANTAS 18""",3,Cliente 45,REPUESTOS
2024-07-17,Salida,LA MOLINA,43,BATERÍA 18 PLC,2,Cliente 45,REPUESTOS
2024-07-18,Salida,LA MOLINA,38,ACEITE FS 5W30,2,Cliente 8,REPUESTOS
2024-07-18,Salida,SURCO,40,AMORT DEL,2,Cliente 49,REPUESTOS
2024-07-18,Salida,LA MOLINA,41,AMORT POS,4,Cliente 43,REPUESTOS
2024-07-18,Salida,SURCO,42,"LLANTAS 18""",5,Cliente 37,REPUESTOS
2024-07-18,Salida,LA MOLINA,43,BATERÍA 18 PLC,3,Cliente 21,REPUESTOS
2024-07-19,Salida,SURCO,38,ACEITE FS 5W30,2,Cliente 17,REPUESTOS
2024-07-19,Salida,SURCO,40,AMORT DEL,3,Cliente 23,REPUESTOS
2024-07-19,Salida,SURCO,41,AMORT POS,2,Cliente 45,REPUESTOS
2024-07-19,Salida,LA MOLINA,42,"LLANTAS 18""",1,Cliente 4,REPUESTOS
2024-07-19,Salida,SURCO,43,BATERÍA 18 PLC,1,Cliente 30,REPUESTOS
2024-07-20,Salida,LA MOLINA,38,ACEITE FS 5W30,2,Cliente 7,REPUESTOS
2024-07-20,Salida,LA MOLINA,40,AMORT DEL,1,Cliente 49,REPUESTOS
2024-07-20,Salida,SURCO,41,AMORT POS,4,Cliente 33,REPUESTOS
2024-07-20,Salida,LA MOLINA,42,"LLANTAS 18""",2,Cliente 24,REPUESTOS
2024-07-20,Salida,SURCO,43,BATERÍA 18 PLC,4,Cliente 50,REPUESTOS
2024-07-21,Salida,SURCO,38,ACEITE FS 5W30,2,Cliente 18,REPUESTOS
2024-07-21,Salida,LA MOLINA,40,AMORT DEL,1,Cliente 37,REPUESTOS
2024-07-21,Salida,LA MOLINA,41,AMORT POS,2,Cliente 7,REPUESTOS
2024-07-21,Salida,LA MOLINA,42,"LLANTAS 18""",2,Cliente 30,REPUESTOS
2024-07-22,Salida,SURCO,38,ACEITE FS 5W30,1,Cliente 43,REPUESTOS
2024-07-22,Salida,LA MOLINA,40,AMORT DEL,4,Cliente 17,REPUESTOS
2024-07-22,Salida,SURCO,41,AMORT POS,3,Cliente 23,REPUESTOS
2024-07-22,Salida,LA MOLINA,42,"LLANTAS 18""",2,Cliente 26,REPUESTOS
2024-07-23,Salida,SURCO,38,ACEITE FS 5W30,6,Cliente 29,REPUESTOS
2024-07-23,Salida,SURCO,40,AMORT DEL,1,Cliente 4,REPUESTOS
2024-07-23,Salida,LA MOLINA,41,AMORT POS,4,Cliente 13,REPUESTOS
2024-07-23,Salida,LA MOLINA,42,"LLANTAS 18""",4,Cliente 12,REPUESTOS
2024-07-24,Salida,SURCO,38,ACEITE FS 5W30,9,Cliente 34,REPUESTOS
2024-07-24,Salida,LA MOLINA,40,AMORT DEL,1,Cliente 42,REPUESTOS
2024-07-24,Salida,LA MOLINA,42,"LLANTAS 18""",4,Cliente 4,REPUESTOS
2024-07-25,Salida,SURCO,38,ACEITE FS 5W30,5,Cliente 5,REPUESTOS
2024-07-25,Salida,LA MOLINA,40,AMORT DEL,1,Cliente 15,REPUESTOS
2024-07-25,Salida,LA MOLINA,42,"LLANTAS 18""",7,Cliente 26,REPUESTOS
2024-07-26,Salida,SURCO,38,ACEITE FS 5W30,5,Cliente 14,REPUESTOS
2024-07-26,Salida,LA MOLINA,40,AMORT DEL,2,Cliente 41,REPUESTOS
2024-07-26,Salida,LA MOLINA,42,"LLANTAS 18""",1,Cliente 12,REPUESTOS
2024-07-27,Salida,SURCO,38,ACEITE FS 5W30,4,Cliente 11,REPUESTOS
2024-07-27,Salida,LA MOLINA,40,AMORT DEL,6,Cliente 11,REPUESTOS
2024-07-28,Salida,LA MOLINA,40,AMORT DEL,6,Cliente 28,REPUESTOS
2024-07-29,Salida,LA MOLINA,40,AMORT DEL,1,Cliente 39,REPUESTOS
2024-07-31,Control,SURCO,1,ACCORD,3,,AUTOS
2024-07-31,Control,SURCO,2,CIVIC,3,,AUTOS
2024-07-31,Control,SURCO,3,ODISSEY,4,,AUTOS
2024-07-31,Control,SURCO,4,CRV,5,,AUTOS
2024-07-31,Control,SURCO,5,PILOT,1,,AUTOS
2024-07-31,Control,SURCO,6,FIT,1,,AUTOS
2024-07-31,Control,SURCO,7,CITY,0,,AUTOS
2024-07-31,Control,SURCO,8,ELEMENT,0,,CAMIONETAS
2024-07-31,Control,SURCO,9,CROSSTOUR,0,,CAMIONETAS
2024-07-31,Control,SURCO,10,CR-Z,0,,CAMIONETAS
2024-07-31,Control,SURCO,11,RID LINE,0,,CAMIONETAS
2024-07-31,Control,SURCO,38,ACEITE FS 5W30,0,,REPUESTOS
2024-07-31,Control,SURCO,39,FILTRO COMBUST,14,,REPUESTOS
2024-07-31,Control,SURCO,40,AMORT DEL,0,,REPUESTOS
2024-07-31,Control,SURCO,41,AMORT POS,0,,REPUESTOS
2024-07-31,Control,SURCO,42,"LLANTAS 18""",0,,REPUESTOS
2024-07-31,Control,SURCO,43,BATERÍA 18 PLC,0,,REPUESTOS
2024-07-31,Control,LA MOLINA,1,ACCORD,5,,AUTOS
2024-07-31,Control,LA MOLINA,2,CIVIC,3,,AUTOS
2024-07-31,Control,LA MOLINA,3,ODISSEY,3,,AUTOS
2024-07-31,Control,LA MOLINA,4,CRV,5,,AUTOS
2024-07-31,Control,LA MOLINA,5,PILOT,0,,AUTOS
2024-07-31,Control,LA MOLINA,6,FIT,0,,AUTOS
2024-07-31,Control,LA MOLINA,7,CITY,0,,AUTOS
2024-07-31,Control,LA MOLINA,8,ELEMENT,0,,CAMIONETAS
2024-07-31,Control,LA MOLINA,9,CROSSTOUR,0,,CAMIONETAS
2024-07-31,Control,LA MOLINA,10,CR-Z,0,,CAMIONETAS
2024-07-31,Control,LA MOLINA,11,RID LINE,0,,CAMIONETAS
2024-07-31,Control,LA MOLINA,38,ACEITE FS 5W30,0,,REPUESTOS
2024-07-31,Control,LA MOLINA,39,FILTRO COMBUST,136,,REPUESTOS
2024-07-31,Control,LA MOLINA,40,AMORT DEL,0,,REPUESTOS
2024-07-31,Control,LA MOLINA,41,AMORT POS,0,,REPUESTOS
2024-07-31,Control,LA MOLINA,42,"LLANTAS 18""",0,,REPUESTOS
2024-07-31,Control,LA MOLINA,43,BATERÍA 18 PLC,0,,REPUESTOS
2024-08-01,Salida,LA MOLINA,1,ACCORD,1,Cliente 35,AUTOS
2024-08-01,Salida,LA MOLINA,2,CIVIC,1,Cliente 17,AUTOS
2024-08-01,Salida,LA MOLINA,3,ODISSEY,1,Cliente 1,AUTOS
2024-08-01,Salida,LA MOLINA,4,CRV,1,Cliente 46,AUTOS
2024-08-01,Salida,SURCO,6,FIT,1,Cliente 8,AUTOS
2024-08-01,Salida,SURCO,39,FILTRO COMBUST,1,Cliente 10,REPUESTOS
2024-08-02,Salida,LA MOLINA,1,ACCORD,1,Cliente 2,AUTOS
2024-08-02,Salida,LA MOLINA,2,CIVIC,1,Cliente 24,AUTOS
2024-08-02,Salida,SURCO,3,ODISSEY,1,Cliente 13,AUTOS
2024-08-02,Salida,SURCO,4,CRV,1,Cliente 18,AUTOS
2024-08-02,Salida,SURCO,39,FILTRO COMBUST,1,Cliente 17,REPUESTOS
2024-08-03,Entrada,SURCO,38,ACEITE FS 5W30,10,Prov Repuestos,REPUESTOS
2024-08-03,Entrada,SURCO,40,AMORT DEL,10,Prov Repuestos,REPUESTOS
2024-08-03,Entrada,SURCO,41,AMORT POS,10,Prov Repuestos,REPUESTOS
2024-08-03,Entrada,SURCO,42,"LLANTAS 18""",10,Prov Repuestos,REPUESTOS
2024-08-03,Entrada,SURCO,43,BATERÍA 18 PLC,5,Prov Repuestos,REPUESTOS
2024-08-03,Entrada,LA MOLINA,38,ACEITE FS 5W30,10,Prov Repuestos,REPUESTOS
2024-08-03,Entrada,LA MOLINA,40,AMORT DEL,10,Prov Repuestos,REPUESTOS
2024-08-03,Entrada,LA MOLINA,41,AMORT POS,10,Prov Repuestos,REPUESTOS
2024-08-03,Entrada,LA MOLINA,42,"LLANTAS 18""",10,Prov Repuestos,REPUESTOS
2024-08-03,Entrada,LA MOLINA,43,BATERÍA 18 PLC,5,Prov Repuestos,REPUESTOS
2024-08-03,Entrada,SURCO,41,AMORT POS,26,Prov Repuestos,REPUESTOS
2024-08-03,Entrada,LA MOLINA,43,BATERÍA 18 PLC,31,Prov Repuestos,REPUESTOS
2024-08-03,Salida,LA MOLINA,1,ACCORD,1,Cliente 20,AUTOS
2024-08-03,Salida,SURCO,3,ODISSEY,1,Cliente 38,AUTOS
2024-08-03,Salida,LA MOLINA,38,ACEITE FS 5W30,3,Cliente 40,REPUESTOS
2024-08-03,Salida,LA MOLINA,39,FILTRO COMBUST,1,Cliente 30,REPUESTOS
2024-08-03,Salida,LA MOLINA,40,AMORT DEL,2,Cliente 8,REPUESTOS
2024-08-03,Salida,SURCO,41,AMORT POS,4,Cliente 30,REPUESTOS
2024-08-03,Salida,SURCO,42,"LLANTAS 18""",2,Cliente 20,REPUESTOS
2024-08-03,Salida,LA MOLINA,43,BATERÍA 18 PLC,1,Cliente 5,REPUESTOS
2024-08-04,Salida,SURCO,3,ODISSEY,1,Cliente 30,AUTOS
2024-08-04,Salida,LA MOLINA,38,ACEITE FS 5W30,1,Cliente 38,REPUESTOS
2024-08-04,Salida,SURCO,39,FILTRO COMBUST,1,Cliente 32,REPUESTOS
2024-08-04,Salida,LA MOLINA,40,AMORT DEL,1,Cliente 23,REPUESTOS
2024-08-04,Salida,LA MOLINA,41,AMORT POS,1,Cliente 9,REPUESTOS
2024-08-04,Salida,SURCO,42,"LLANTAS 18""",2,Cliente 6,REPUESTOS
2024-08-04,Salida,SURCO,43,BATERÍA 18 PLC,1,Cliente 47,REPUESTOS
2024-08-05,Salida,SURCO,38,ACEITE FS 5W30,2,Cliente 19,REPUESTOS
2024-08-05,Salida,SURCO,39,FILTRO COMBUST,1,Cliente 31,REPUESTOS
2024-08-05,Salida,LA MOLINA,40,AMORT DEL,1,Cliente 28,REPUESTOS
2024-08-05,Salida,LA MOLINA,41,AMORT POS,1,Cliente 20,REPUESTOS
2024-08-05,Salida,SURCO,42,"LLANTAS 18""",2,Cliente 37,REPUESTOS
2024-08-05,Salida,LA MOLINA,43,BATERÍA 18 PLC,1,Cliente 38,REPUESTOS
2024-08-06,Salida,SURCO,38,ACEITE FS 5W30,3,Cliente 17,REPUESTOS
2024-08-06,Salida,LA MOLINA,39,FILTRO COMBUST,1,Cliente 36,REPUESTOS
2024-08-06,Salida,LA MOLINA,40,AMORT DEL,2,Cliente 6,REPUESTOS
2024-08-06,Salida,SURCO,41,AMORT POS,4,Cliente 25,REPUESTOS
2024-08-06,Salida,SURCO,42,"LLANTAS 18""",1,Cliente 34,REPUESTOS
2024-08-06,Salida,LA MOLINA,43,BATERÍA 18 PLC,1,Cliente 33,REPUESTOS
2024-08-07,Salida,LA MOLINA,38,ACEITE FS 5W30,2,Cliente 28,REPUESTOS
2024-08-07,Salida,LA MOLINA,40,AMORT DEL,2,Cliente 30,REPUESTOS
2024-08-07,Salida,LA MOLINA,41,AMORT POS,1,Cliente 6,REPUESTOS
2024-08-07,Salida,LA MOLINA,42,"LLANTAS 18""",3,Cliente 16,REPUESTOS
2024-08-07,Salida,LA MOLINA,43,BATERÍA 18 PLC,1,Cliente 9,REPUESTOS
2024-08-08,Salida,LA MOLINA,38,ACEITE FS 5W30,3,Cliente 4,REPUESTOS
2024-08-08,Salida,LA MOLINA,40,AMORT DEL,1,Cliente 43,REPUESTOS
2024-08-08,Salida,LA MOLINA,41,AMORT POS,4,Cliente 4,REPUESTOS
2024-08-08,Salida,LA MOLINA,42,"LLANTAS 18""",1,Cliente 42,REPUESTOS
2024-08-08,Salida,LA MOLINA,43,BATERÍA 18 PLC,1,Cliente 39,REPUESTOS
2024-08-09,Entrada,SURCO,1,ACCORD,2,Prov Vehículos,AUTOS
2024-08-09,Entrada,SURCO,2,CIVIC,2,Prov Vehículos,AUTOS
2024-08-09,Entrada,SURCO,3,ODISSEY,1,Prov Vehículos,AUTOS
2024-08-09,Entrada,SURCO,5,PILOT,4,Prov Vehículos,AUTOS
2024-08-09,Entrada,SURCO,6,FIT,4,Prov Vehículos,AUTOS
2024-08-09,Entrada,SURCO,7,CITY,5,Prov Vehículos,AUTOS
2024-08-09,Entrada,LA MOLINA,2,CIVIC,2,Prov Vehículos,AUTOS
2024-08-09,Entrada,LA MOLINA,3,ODISSEY,2,Prov Vehículos,AUTOS
2024-08-09,Salida,SURCO,6,FIT,1,Cliente 37,AUTOS
2024-08-09,Salida,SURCO,7,CITY,1,Cliente 4,AUTOS
2024-08-09,Salida,SURCO,38,ACEITE FS 5W30,3,Cliente 45,REPUESTOS
2024-08-09,Salida,SURCO,40,AMORT DEL,3,Cliente 36,REPUESTOS
2024-08-09,Salida,SURCO,41,AMORT POS,2,Cliente 44,REPUESTOS
2024-08-09,Salida,LA MOLINA,42,"LLANTAS 18""",2,Cliente 47,REPUESTOS
2024-08-09,Salida,LA MOLINA,43,BATERÍA 18 PLC,1,Cliente 40,REPUESTOS
2024-08-10,Salida,SURCO,6,FIT,1,Cliente 5,AUTOS
2024-08-10,Salida,SURCO,7,CITY,1,Cliente 39,AUTOS
2024-08-10,Salida,SURCO,38,ACEITE FS 5W30,2,Cliente 16,REPUESTOS
2024-08-10,Salida,LA MOLINA,40,AMORT DEL,1,Cliente 2,REPUESTOS
2024-08-10,Salida,LA MOLINA,41,AMORT POS,3,Cliente 4,REPUESTOS
2024-08-10,Salida,LA MOLINA,42,"LLANTAS 18""",2,Cliente 31,REPUESTOS
2024-08-10,Salida,SURCO,43,BATERÍA 18 PLC,1,Cliente 35,REPUESTOS
2024-08-11,Salida,SURCO,6,FIT,1,Cliente 43,AUTOS
2024-08-11,Salida,SURCO,7,CITY,1,Cliente 28,AUTOS
2024-08-11,Salida,LA MOLINA,38,ACEITE FS 5W30,1,Cliente 12,REPUESTOS
2024-08-11,Salida,SURCO,40,AMORT DEL,3,Cliente 11,REPUESTOS
2024-08-11,Salida,SURCO,41,AMORT POS,5,Cliente 31,REPUESTOS
2024-08-11,Salida,LA MOLINA,42,"LLANTAS 18""",2,Cliente 43,REPUESTOS
2024-08-11,Salida,LA MOLINA,43,BATERÍA 18 PLC,1,Cliente 24,REPUESTOS
2024-08-12,Salida,SURCO,6,FIT,1,Cliente 25,AUTOS
2024-08-12,Salida,SURCO,7,CITY,1,Cliente 27,AUTOS
2024-08-12,Salida,SURCO,40,AMORT DEL,1,Cliente 30,REPUESTOS
2024-08-12,Salida,SURCO,41,AMORT POS,5,Cliente 1,REPUESTOS
2024-08-12,Salida,SURCO,42,"LLANTAS 18""",2,Cliente 42,REPUESTOS
2024-08-12,Salida,LA MOLINA,43,BATERÍA 18 PLC,1,Cliente 3,REPUESTOS
2024-08-13,Salida,SURCO,7,CITY,1,Cliente 30,AUTOS
2024-08-13,Salida,SURCO,40,AMORT DEL,1,Cliente 23,REPUESTOS
2024-08-13,Salida,SURCO,41,AMORT POS,5,Cliente 23,REPUESTOS
2024-08-13,Salida,SURCO,42,"LLANTAS 18""",1,Cliente 12,REPUESTOS
2024-08-13,Salida,LA MOLINA,43,BATERÍA 18 PLC,1,Cliente 42,REPUESTOS
2024-08-14,Salida,SURCO,40,AMORT DEL,2,Cliente 18,REPUESTOS
2024-08-14,Salida,SURCO,41,AMORT POS,4,Cliente 42,REPUESTOS
2024-08-14,Salida,LA MOLINA,43,BATERÍA 18 PLC,1,Cliente 39,REPUESTOS
2024-08-14,Control,SURCO,1,ACCORD,5,,AUTOS
2024-08-14,Control,SURCO,2,CIVIC,5,,AUTOS
2024-08-14,Control,SURCO,3,ODISSEY,2,,AUTOS
2024-08-14,Control,SURCO,4,CRV,4,,AUTOS
2024-08-14,Control,SURCO,5,PILOT,5,,AUTOS
2024-08-14,Control,SURCO,6,FIT,0,,AUTOS
2024-08-14,Control,SURCO,7,CITY,0,,AUTOS
2024-08-14,Control,SURCO,8,ELEMENT,0,,CAMIONETAS
2024-08-14,Control,SURCO,9,CROSSTOUR,0,,CAMIONETAS
2024-08-14,Control,SURCO,10,CR-Z,0,,CAMIONETAS
2024-08-14,Control,SURCO,11,RID LINE,0,,CAMIONETAS
2024-08-14,Control,SURCO,38,ACEITE FS 5W30,0,,REPUESTOS
2024-08-14,Control,SURCO,39,FILTRO COMBUST,10,,REPUESTOS
2024-08-14,Control,SURCO,40,AMORT DEL,0,,REPUESTOS
2024-08-14,Control,SURCO,41,AMORT POS,7,,REPUESTOS
2024-08-14,Control,SURCO,42,"LLANTAS 18""",0,,REPUESTOS
2024-08-14,Control,SURCO,43,BATERÍA 18 PLC,3,,REPUESTOS
2024-08-14,Control,LA MOLINA,1,ACCORD,2,,AUTOS
2024-08-14,Control,LA MOLINA,2,CIVIC,3,,AUTOS
2024-08-14,Control,LA MOLINA,3,ODISSEY,4,,AUTOS
2024-08-14,Control,LA MOLINA,4,CRV,4,,AUTOS
2024-08-14,Control,LA MOLINA,5,PILOT,0,,AUTOS
2024-08-14,Control,LA MOLINA,6,FIT,0,,AUTOS
2024-08-14,Control,LA MOLINA,7,CITY,0,,AUTOS
2024-08-14,Control,LA MOLINA,8,ELEMENT,0,,CAMIONETAS
2024-08-14,Control,LA MOLINA,9,CROSSTOUR,0,,CAMIONETAS
2024-08-14,Control,LA MOLINA,10,CR-Z,0,,CAMIONETAS
2024-08-14,Control,LA MOLINA,11,RID LINE,0,,CAMIONETAS
2024-08-14,Control,LA MOLINA,38,ACEITE FS 5W30,0,,REPUESTOS
2024-08-14,Control,LA MOLINA,39,FILTRO COMBUST,134,,REPUESTOS
2024-08-14,Control,LA MOLINA,40,AMORT DEL,0,,REPUESTOS
2024-08-14,Control,LA MOLINA,41,AMORT POS,0,,REPUESTOS
2024-08-14,Control,LA MOLINA,42,"LLANTAS 18""",0,,REPUESTOS
2024-08-14,Control,LA MOLINA,43,BATERÍA 18 PLC,26,,REPUESTOS
2024-08-15,Salida,SURCO,41,AMORT POS,3,Cliente 38,REPUESTOS
2024-08-15,Salida,SURCO,43,BATERÍA 18 PLC,1,Cliente 3,REPUESTOS
2024-08-16,Salida,SURCO,41,AMORT POS,1,Cliente 32,REPUESTOS
2024-08-16,Salida,SURCO,43,BATERÍA 18 PLC,1,Cliente 50,REPUESTOS
2024-08-17,Entrada,SURCO,38,ACEITE FS 5W30,10,Prov Repuestos,REPUESTOS
2024-08-17,Entrada,SURCO,40,AMORT DEL,10,Prov Repuestos,REPUESTOS
2024-08-17,Entrada,SURCO,41,AMORT POS,3,Prov Repuestos,REPUESTOS
2024-08-17,Entrada,SURCO,42,"LLANTAS 18""",10,Prov Repuestos,REPUESTOS
2024-08-17,Entrada,SURCO,43,BATERÍA 18 PLC,2,Prov Repuestos,REPUESTOS
2024-08-17,Entrada,LA MOLINA,38,ACEITE FS 5W30,10,Prov Repuestos,REPUESTOS
2024-08-17,Entrada,LA MOLINA,40,AMORT DEL,10,Prov Repuestos,REPUESTOS
2024-08-17,Entrada,LA MOLINA,41,AMORT POS,10,Prov Repuestos,REPUESTOS
2024-08-17,Entrada,LA MOLINA,42,"LLANTAS 18""",10,Prov Repuestos,REPUESTOS
2024-08-17,Entrada,SURCO,42,"LLANTAS 18""",30,Prov Repuestos,REPUESTOS
2024-08-17,Entrada,LA MOLINA,43,BATERÍA 18 PLC,12,Prov Repuestos,REPUESTOS
2024-08-17,Salida,SURCO,38,ACEITE FS 5W30,1,Cliente 47,REPUESTOS
2024-08-17,Salida,SURCO,40,AMORT DEL,4,Cliente 4,REPUESTOS
2024-08-17,Salida,SURCO,41,AMORT POS,3,Cliente 3,REPUESTOS
2024-08-17,Salida,LA MOLINA,42,"LLANTAS 18""",4,Cliente 39,REPUESTOS
2024-08-17,Salida,SURCO,43,BATERÍA 18 PLC,1,Cliente 21,REPUESTOS
2024-08-18,Salida,LA MOLINA,38,ACEITE FS 5W30,4,Cliente 9,REPUESTOS
2024-08-18,Salida,SURCO,40,AMORT DEL,5,Cliente 13,REPUESTOS
2024-08-18,Salida,LA MOLINA,41,AMORT POS,4,Cliente 44,REPUESTOS
2024-08-18,Salida,SURCO,42,"LLANTAS 18""",2,Cliente 48,REPUESTOS
2024-08-18,Salida,LA MOLINA,43,BATERÍA 18 PLC,1,Cliente 34,REPUESTOS
2024-08-19,Salida,SURCO,38,ACEITE FS 5W30,1,Cliente 41,REPUESTOS
2024-08-19,Salida,SURCO,40,AMORT DEL,1,Cliente 9,REPUESTOS
2024-08-19,Salida,LA MOLINA,41,AMORT POS,3,Cliente 37,REPUESTOS
2024-08-19,Salida,LA MOLINA,42,"LLANTAS 18""",1,Cliente 12,REPUESTOS
2024-08-19,Salida,SURCO,43,BATERÍA 18 PLC,2,Cliente 14,REPUESTOS
2024-08-20,Salida,LA MOLINA,38,ACEITE FS 5W30,4,Cliente 23,REPUESTOS
2024-08-20,Salida,LA MOLINA,40,AMORT DEL,5,Cliente 5,REPUESTOS
2024-08-20,Salida,LA MOLINA,41,AMORT POS,3,Cliente 5,REPUESTOS
2024-08-20,Salida,SURCO,42,"LLANTAS 18""",1,Cliente 34,REPUESTOS
2024-08-20,Salida,LA MOLINA,43,BATERÍA 18 PLC,1,Cliente 32,REPUESTOS
2024-08-21,Salida,LA MOLINA,38,ACEITE FS 5W30,1,Cliente 2,REPUESTOS
2024-08-21,Salida,LA MOLINA,40,AMORT DEL,3,Cliente 25,REPUESTOS
2024-08-21,Salida,SURCO,41,AMORT POS,1,Cliente 19,REPUESTOS
2024-08-21,Salida,SURCO,42,"LLANTAS 18""",5,Cliente 34,REPUESTOS
2024-08-21,Salida,LA MOLINA,43,BATERÍA 18 PLC,2,Cliente 40,REPUESTOS
2024-08-22,Salida,SURCO,38,ACEITE FS 5W30,5,Cliente 38,REPUESTOS
2024-08-22,Salida,LA MOLINA,40,AMORT DEL,2,Cliente 3,REPUESTOS
2024-08-22,Salida,SURCO,41,AMORT POS,2,Cliente 13,REPUESTOS
2024-08-22,Salida,SURCO,42,"LLANTAS 18""",1,Cliente 14,REPUESTOS
2024-08-22,Salida,LA MOLINA,43,BATERÍA 18 PLC,2,Cliente 16,REPUESTOS
2024-08-23,Salida,SURCO,38,ACEITE FS 5W30,1,Cliente 23,REPUESTOS
2024-08-23,Salida,LA MOLINA,42,"LLANTAS 18""",5,Cliente 9,REPUESTOS
2024-08-23,Salida,LA MOLINA,43,BATERÍA 18 PLC,1,Cliente 3,REPUESTOS
2024-08-24,Salida,LA MOLINA,38,ACEITE FS 5W30,1,Cliente 28,REPUESTOS
2024-08-24,Salida,SURCO,42,"LLANTAS 18""",1,Cliente 2,REPUESTOS
2024-08-24,Salida,LA MOLINA,43,BATERÍA 18 PLC,2,Cliente 36,REPUESTOS
2024-08-25,Salida,SURCO,38,ACEITE FS 5W30,1,Cliente 50,REPUESTOS
2024-08-25,Salida,SURCO,42,"LLANTAS 18""",4,Cliente 36,REPUESTOS
2024-08-25,Salida,LA MOLINA,43,BATERÍA 18 PLC,1,Cliente 8,REPUESTOS
2024-08-26,Salida,SURCO,38,ACEITE FS 5W30,1,Cliente 13,REPUESTOS
2024-08-26,Salida,SURCO,42,"LLANTAS 18""",2,Cliente 6,REPUESTOS
2024-08-26,Salida,LA MOLINA,43,BATERÍA 18 PLC,1,Cliente 27,REPUESTOS
2024-08-27,Salida,SURCO,42,"LLANTAS 18""",1,Cliente 4,REPUESTOS
2024-08-27,Salida,LA MOLINA,43,BATERÍA 18 PLC,1,Cliente 29,REPUESTOS
2024-08-28,Salida,SURCO,42,"LLANTAS 18""",6,Cliente 19,REPUESTOS
2024-08-28,Salida,LA MOLINA,43,BATERÍA 18 PLC,3,Cliente 31,REPUESTOS
2024-08-29,Salida,SURCO,42,"LLANTAS 18""",9,Cliente 32,REPUESTOS
2024-08-29,Salida,LA MOLINA,43,BATERÍA 18 PLC,1,Cliente 46,REPUESTOS
2024-08-30,Salida,SURCO,42,"LLANTAS 18""",8,Cliente 21,REPUESTOS
2024-08-30,Salida,LA MOLINA,43,BATERÍA 18 PLC,1,Cliente 23,REPUESTOS
2024-08-31,Salida,LA MOLINA,43,BATERÍA 18 PLC,5,Cliente 8,REPUESTOS
2024-08-31,Control,SURCO,1,ACCORD,5,,AUTOS
2024-08-31,Control,SURCO,2,CIVIC,5,,AUTOS
2024-08-31,Control,SURCO,3,ODISSEY,2,,AUTOS
2024-08-31,Control,SURCO,4,CRV,4,,AUTOS
2024-08-31,Control,SURCO,5,PILOT,5,,AUTOS
2024-08-31,Control,SURCO,6,FIT,0,,AUTOS
2024-08-31,Control,SURCO,7,CITY,0,,AUTOS
2024-08-31,Control,SURCO,8,ELEMENT,0,,CAMIONETAS
2024-08-31,Control,SURCO,9,CROSSTOUR,0,,CAMIONETAS
2024-08-31,Control,SURCO,10,CR-Z,0,,CAMIONETAS
2024-08-31,Control,SURCO,11,RID LINE,0,,CAMIONETAS
2024-08-31,Control,SURCO,38,ACEITE FS 5W30,0,,REPUESTOS
2024-08-31,Control,SURCO,39,FILTRO COMBUST,10,,REPUESTOS
2024-08-31,Control,SURCO,40,AMORT DEL,0,,REPUESTOS
2024-08-31,Control,SURCO,41,AMORT POS,0,,REPUESTOS
2024-08-31,Control,SURCO,42,"LLANTAS 18""",0,,REPUESTOS
2024-08-31,Control,SURCO,43,BATERÍA 18 PLC,0,,REPUESTOS
2024-08-31,Control,LA MOLINA,1,ACCORD,2,,AUTOS
2024-08-31,Control,LA MOLINA,2,CIVIC,3,,AUTOS
2024-08-31,Control,LA MOLINA,3,ODISSEY,4,,AUTOS
2024-08-31,Control,LA MOLINA,4,CRV,4,,AUTOS
2024-08-31,Control,LA MOLINA,5,PILOT,0,,AUTOS
2024-08-31,Control,LA MOLINA,6,FIT,0,,AUTOS
2024-08-31,Control,LA MOLINA,7,CITY,0,,AUTOS
2024-08-31,Control,LA MOLINA,8,ELEMENT,0,,CAMIONETAS
2024-08-31,Control,LA MOLINA,9,CROSSTOUR,0,,CAMIONETAS
2024-08-31,Control,LA MOLINA,10,CR-Z,0,,CAMIONETAS
2024-08-31,Control,LA MOLINA,11,RID LINE,0,,CAMIONETAS
2024-08-31,Control,LA MOLINA,38,ACEITE FS 5W30,0,,REPUESTOS
2024-08-31,Control,LA MOLINA,39,FILTRO COMBUST,134,,REPUESTOS
2024-08-31,Control,LA MOLINA,40,AMORT DEL,0,,REPUESTOS
2024-08-31,Control,LA MOLINA,41,AMORT POS,0,,REPUESTOS
2024-08-31,Control,LA MOLINA,42,"LLANTAS 18""",0,,REPUESTOS
2024-08-31,Control,LA MOLINA,43,BATERÍA 18 PLC,16,,REPUESTOS
2024-09-01,Salida,SURCO,1,ACCORD,1,Cliente 16,AUTOS
2024-09-01,Salida,LA MOLINA,2,CIVIC,1,Cliente 8,AUTOS
2024-09-01,Salida,LA MOLINA,4,CRV,1,Cliente 3,AUTOS
2024-09-01,Salida,SURCO,5,PILOT,1,Cliente 38,AUTOS
2024-09-01,Salida,SURCO,39,FILTRO COMBUST,1,Cliente 4,REPUESTOS
2024-09-01,Salida,LA MOLINA,43,BATERÍA 18 PLC,2,Cliente 29,REPUESTOS
2024-09-02,Salida,SURCO,1,ACCORD,1,Cliente 14,AUTOS
2024-09-02,Salida,SURCO,2,CIVIC,1,Cliente 43,AUTOS
2024-09-02,Salida,SURCO,4,CRV,1,Cliente 43,AUTOS
2024-09-02,Salida,SURCO,5,PILOT,1,Cliente 35,AUTOS
2024-09-02,Salida,LA MOLINA,39,FILTRO COMBUST,1,Cliente 17,REPUESTOS
2024-09-02,Salida,LA MOLINA,43,BATERÍA 18 PLC,2,Cliente 47,REPUESTOS
2024-09-03,Entrada,SURCO,38,ACEITE FS 5W30,10,Prov Repuestos,REPUESTOS
2024-09-03,Entrada,SURCO,40,AMORT DEL,10,Prov Repuestos,REPUESTOS
2024-09-03,Entrada,SURCO,41,AMORT POS,10,Prov Repuestos,REPUESTOS
2024-09-03,Entrada,SURCO,42,"LLANTAS 18""",10,Prov Repuestos,REPUESTOS
2024-09-03,Entrada,SURCO,43,BATERÍA 18 PLC,5,Prov Repuestos,REPUESTOS
2024-09-03,Entrada,LA MOLINA,38,ACEITE FS 5W30,10,Prov Repuestos,REPUESTOS
2024-09-03,Entrada,LA MOLINA,40,AMORT DEL,10,Prov Repuestos,REPUESTOS
2024-09-03,Entrada,LA MOLINA,41,AMORT POS,10,Prov Repuestos,REPUESTOS
2024-09-03,Entrada,LA MOLINA,42,"LLANTAS 18""",10,Prov Repuestos,REPUESTOS
2024-09-03,Entrada,SURCO,43,BATERÍA 18 PLC,30,Prov Repuestos,REPUESTOS
2024-09-03,Entrada,LA MOLINA,39,FILTRO COMBUST,22,Prov Repuestos,REPUESTOS
2024-09-03,Salida,SURCO,1,ACCORD,1,Cliente 36,AUTOS
2024-09-03,Salida,LA MOLINA,2,CIVIC,1,Cliente 35,AUTOS
2024-09-03,Salida,LA MOLINA,4,CRV,1,Cliente 37,AUTOS
2024-09-03,Salida,SURCO,5,PILOT,1,Cliente 11,AUTOS
2024-09-03,Salida,SURCO,38,ACEITE FS 5W30,2,Cliente 9,REPUESTOS
2024-09-03,Salida,LA MOLINA,39,FILTRO COMBUST,1,Cliente 44,REPUESTOS
2024-09-03,Salida,SURCO,40,AMORT DEL,1,Cliente 50,REPUESTOS
2024-09-03,Salida,LA MOLINA,41,AMORT POS,3,Cliente 37,REPUESTOS
2024-09-03,Salida,LA MOLINA,42,"LLANTAS 18""",1,Cliente 24,REPUESTOS
2024-09-03,Salida,SURCO,43,BATERÍA 18 PLC,2,Cliente 8,REPUESTOS
2024-09-04,Salida,LA MOLINA,1,ACCORD,1,Cliente 17,AUTOS
2024-09-04,Salida,LA MOLINA,2,CIVIC,1,Cliente 30,AUTOS
2024-09-04,Salida,SURCO,5,PILOT,1,Cliente 1,AUTOS
2024-09-04,Salida,LA MOLINA,38,ACEITE FS 5W30,1,Cliente 31,REPUESTOS
2024-09-04,Salida,SURCO,39,FILTRO COMBUST,1,Cliente 27,REPUESTOS
2024-09-04,Salida,LA MOLINA,40,AMORT DEL,1,Cliente 40,REPUESTOS
2024-09-04,Salida,SURCO,41,AMORT POS,3,Cliente 29,REPUESTOS
2024-09-04,Salida,LA MOLINA,42,"LLANTAS 18""",2,Cliente 17,REPUESTOS
2024-09-04,Salida,SURCO,43,BATERÍA 18 PLC,1,Cliente 41,REPUESTOS
2024-09-05,Salida,SURCO,1,ACCORD,1,Cliente 40,AUTOS
2024-09-05,Salida,SURCO,5,PILOT,1,Cliente 8,AUTOS
2024-09-05,Salida,LA MOLINA,38,ACEITE FS 5W30,1,Cliente 38,REPUESTOS
2024-09-05,Salida,SURCO,39,FILTRO COMBUST,1,Cliente 36,REPUESTOS
2024-09-05,Salida,LA MOLINA,40,AMORT DEL,1,Cliente 17,REPUESTOS
2024-09-05,Salida,SURCO,41,AMORT POS,3,Cliente 39,REPUESTOS
2024-09-05,Salida,SURCO,42,"LLANTAS 18""",2,Cliente 5,REPUESTOS
2024-09-05,Salida,SURCO,43,BATERÍA 18 PLC,2,Cliente 33,REPUESTOS
2024-09-06,Salida,SURCO,1,ACCORD,1,Cliente 14,AUTOS
2024-09-06,Salida,LA MOLINA,38,ACEITE FS 5W30,3,Cliente 44,REPUESTOS
2024-09-06,Salida,SURCO,39,FILTRO COMBUST,1,Cliente 42,REPUESTOS
2024-09-06,Salida,SURCO,40,AMORT DEL,2,Cliente 2,REPUESTOS
2024-09-06,Salida,LA MOLINA,41,AMORT POS,5,Cliente 22,REPUESTOS
2024-09-06,Salida,LA MOLINA,42,"LLANTAS 18""",3,Cliente 31,REPUESTOS
2024-09-06,Salida,SURCO,43,BATERÍA 18 PLC,1,Cliente 24,REPUESTOS
2024-09-07,Salida,LA MOLINA,1,ACCORD,1,Cliente 10,AUTOS
2024-09-07,Salida,SURCO,38,ACEITE FS 5W30,1,Cliente 39,REPUESTOS
2024-09-07,Salida,LA MOLINA,39,FILTRO COMBUST,1,Cliente 33,REPUESTOS
2024-09-07,Salida,LA MOLINA,40,AMORT DEL,3,Cliente 14,REPUESTOS
2024-09-07,Salida,SURCO,41,AMORT POS,4,Cliente 43,REPUESTOS
2024-09-07,Salida,SURCO,42,"LLANTAS 18""",2,Cliente 5,REPUESTOS
2024-09-07,Salida,SURCO,43,BATERÍA 18 PLC,2,Cliente 34,REPUESTOS
2024-09-08,Salida,LA MOLINA,38,ACEITE FS 5W30,3,Cliente 43,REPUESTOS
2024-09-08,Salida,LA MOLINA,39,FILTRO COMBUST,1,Cliente 21,REPUESTOS
2024-09-08,Salida,LA MOLINA,40,AMORT DEL,1,Cliente 16,REPUESTOS
2024-09-08,Salida,LA MOLINA,41,AMORT POS,2,Cliente 15,REPUESTOS
2024-09-08,Salida,SURCO,42,"LLANTAS 18""",2,Cliente 45,REPUESTOS
2024-09-08,Salida,LA MOLINA,43,BATERÍA 18 PLC,2,Cliente 24,REPUESTOS
2024-09-09,Entrada,SURCO,3,ODISSEY,3,Prov Vehículos,AUTOS
2024-09-09,Entrada,SURCO,4,CRV,1,Prov Vehículos,AUTOS
2024-09-09,Entrada,SURCO,6,FIT,5,Prov Vehículos,AUTOS
2024-09-09,Entrada,SURCO,7,CITY,5,Prov Vehículos,AUTOS
2024-09-09,Entrada,LA MOLINA,1,ACCORD,3,Prov Vehículos,AUTOS
2024-09-09,Entrada,LA MOLINA,2,CIVIC,2,Prov Vehículos,AUTOS
2024-09-09,Entrada,LA MOLINA,3,ODISSEY,1,Prov Vehículos,AUTOS
2024-09-09,Entrada,LA MOLINA,4,CRV,1,Prov Vehículos,AUTOS
2024-09-09,Salida,SURCO,6,FIT,1,Cliente 36,AUTOS
2024-09-09,Salida,SURCO,7,CITY,1,Cliente 24,AUTOS
2024-09-09,Salida,SURCO,38,ACEITE FS 5W30,3,Cliente 29,REPUESTOS
2024-09-09,Salida,SURCO,40,AMORT DEL,1,Cliente 35,REPUESTOS
2024-09-09,Salida,SURCO,42,"LLANTAS 18""",3,Cliente 39,REPUESTOS
2024-09-09,Salida,LA MOLINA,43,BATERÍA 18 PLC,2,Cliente 21,REPUESTOS
2024-09-10,Salida,SURCO,6,FIT,1,Cliente 27,AUTOS
2024-09-10,Salida,SURCO,7,CITY,1,Cliente 37,AUTOS
2024-09-10,Salida,SURCO,38,ACEITE FS 5W30,3,Cliente 12,REPUESTOS
2024-09-10,Salida,SURCO,40,AMORT DEL,1,Cliente 8,REPUESTOS
2024-09-10,Salida,LA MOLINA,42,"LLANTAS 18""",3,Cliente 48,REPUESTOS
2024-09-10,Salida,SURCO,43,BATERÍA 18 PLC,1,Cliente 28,REPUESTOS
2024-09-11,Salida,SURCO,6,FIT,1,Cliente 5,AUTOS
2024-09-11,Salida,LA MOLINA,38,ACEITE FS 5W30,2,Cliente 28,REPUESTOS
2024-09-11,Salida,LA MOLINA,40,AMORT DEL,1,Cliente 45,REPUESTOS
2024-09-11,Salida,LA MOLINA,42,"LLANTAS 18""",1,Cliente 8,REPUESTOS
2024-09-11,Salida,SURCO,43,BATERÍA 18 PLC,2,Cliente 47,REPUESTOS
2024-09-12,Salida,SURCO,6,FIT,1,Cliente 48,AUTOS
2024-09-12,Salida,SURCO,38,ACEITE FS 5W30,1,Cliente 41,REPUESTOS
2024-09-12,Salida,LA MOLINA,40,AMORT DEL,3,Cliente 19,REPUESTOS
2024-09-12,Salida,SURCO,42,"LLANTAS 18""",1,Cliente 47,REPUESTOS
2024-09-12,Salida,SURCO,43,BATERÍA 18 PLC,1,Cliente 1,REPUESTOS
2024-09-13,Salida,SURCO,40,AMORT DEL,2,Cliente 25,REPUESTOS
2024-09-13,Salida,SURCO,43,BATERÍA 18 PLC,2,Cliente 15,REPUESTOS
2024-09-14,Salida,SURCO,40,AMORT DEL,2,Cliente 37,REPUESTOS
2024-09-14,Salida,LA MOLINA,43,BATERÍA 18 PLC,2,Cliente 25,REPUESTOS
2024-09-14,Control,SURCO,1,ACCORD,0,,AUTOS
2024-09-14,Control,SURCO,2,CIVIC,4,,AUTOS
2024-09-14,Control,SURCO,3,ODISSEY,5,,AUTOS
2024-09-14,Control,SURCO,4,CRV,4,,AUTOS
2024-09-14,Control,SURCO,5,PILOT,0,,AUTOS
2024-09-14,Control,SURCO,6,FIT,1,,AUTOS
2024-09-14,Control,SURCO,7,CITY,3,,AUTOS
2024-09-14,Control,SURCO,8,ELEMENT,0,,CAMIONETAS
2024-09-14,Control,SURCO,9,CROSSTOUR,0,,CAMIONETAS
2024-09-14,Control,SURCO,10,CR-Z,0,,CAMIONETAS
2024-09-14,Control,SURCO,11,RID LINE,0,,CAMIONETAS
2024-09-14,Control,SURCO,38,ACEITE FS 5W30,0,,REPUESTOS
2024-09-14,Control,SURCO,39,FILTRO COMBUST,6,,REPUESTOS
2024-09-14,Control,SURCO,40,AMORT DEL,1,,REPUESTOS
2024-09-14,Control,SURCO,41,AMORT POS,0,,REPUESTOS
2024-09-14,Control,SURCO,42,"LLANTAS 18""",0,,REPUESTOS
2024-09-14,Control,SURCO,43,BATERÍA 18 PLC,21,,REPUESTOS
2024-09-14,Control,LA MOLINA,1,ACCORD,3,,AUTOS
2024-09-14,Control,LA MOLINA,2,CIVIC,2,,AUTOS
2024-09-14,Control,LA MOLINA,3,ODISSEY,5,,AUTOS
2024-09-14,Control,LA MOLINA,4,CRV,3,,AUTOS
2024-09-14,Control,LA MOLINA,5,PILOT,0,,AUTOS
2024-09-14,Control,LA MOLINA,6,FIT,0,,AUTOS
2024-09-14,Control,LA MOLINA,7,CITY,0,,AUTOS
2024-09-14,Control,LA MOLINA,8,ELEMENT,0,,CAMIONETAS
2024-09-14,Control,LA MOLINA,9,CROSSTOUR,0,,CAMIONETAS
2024-09-14,Control,LA MOLINA,10,CR-Z,0,,CAMIONETAS
2024-09-14,Control,LA MOLINA,11,RID LINE,0,,CAMIONETAS
2024-09-14,Control,LA MOLINA,38,ACEITE FS 5W30,0,,REPUESTOS
2024-09-14,Control,LA MOLINA,39,FILTRO COMBUST,152,,REPUESTOS
2024-09-14,Control,LA MOLINA,40,AMORT DEL,0,,REPUESTOS
2024-09-14,Control,LA MOLINA,41,AMORT POS,0,,REPUESTOS
2024-09-14,Control,LA MOLINA,42,"LLANTAS 18""",0,,REPUESTOS
2024-09-14,Control,LA MOLINA,43,BATERÍA 18 PLC,6,,REPUESTOS
2024-09-15,Salida,SURCO,40,AMORT DEL,1,Cliente 28,REPUESTOS
2024-09-15,Salida,LA MOLINA,43,BATERÍA 18 PLC,1,Cliente 19,REPUESTOS
2024-09-16,Salida,SURCO,43,BATERÍA 18 PLC,2,Cliente 11,REPUESTOS
2024-09-17,Entrada,SURCO,38,ACEITE FS 5W30,10,Prov Repuestos,REPUESTOS
2024-09-17,Entrada,SURCO,40,AMORT DEL,9,Prov Repuestos,REPUESTOS
2024-09-17,Entrada,SURCO,41,AMORT POS,10,Prov Repuestos,REPUESTOS
2024-09-17,Entrada,SURCO,42,"LLANTAS 18""",10,Prov Repuestos,REPUESTOS
2024-09-17,Entrada,LA MOLINA,38,ACEITE FS 5W30,10,Prov Repuestos,REPUESTOS
2024-09-17,Entrada,LA MOLINA,40,AMORT DEL,10,Prov Repuestos,REPUESTOS
2024-09-17,Entrada,LA MOLINA,41,AMORT POS,10,Prov Repuestos,REPUESTOS
2024-09-17,Entrada,LA MOLINA,42,"LLANTAS 18""",10,Prov Repuestos,REPUESTOS
2024-09-17,Entrada,SURCO,39,FILTRO COMBUST,18,Prov Repuestos,REPUESTOS
2024-09-17,Entrada,LA MOLINA,39,FILTRO COMBUST,14,Prov Repuestos,REPUESTOS
2024-09-17,Salida,SURCO,38,ACEITE FS 5W30,3,Cliente 15,REPUESTOS
2024-09-17,Salida,SURCO,40,AMORT DEL,2,Cliente 14,REPUESTOS
2024-09-17,Salida,SURCO,41,AMORT POS,3,Cliente 39,REPUESTOS
2024-09-17,Salida,SURCO,42,"LLANTAS 18""",5,Cliente 1,REPUESTOS
2024-09-17,Salida,LA MOLINA,43,BATERÍA 18 PLC,1,Cliente 14,REPUESTOS
2024-09-18,Salida,LA MOLINA,38,ACEITE FS 5W30,5,Cliente 47,REPUESTOS
2024-09-18,Salida,LA MOLINA,40,AMORT DEL,2,Cliente 19,REPUESTOS
2024-09-18,Salida,LA MOLINA,41,AMORT POS,2,Cliente 28,REPUESTOS
2024-09-18,Salida,SURCO,42,"LLANTAS 18""",3,Cliente 9,REPUESTOS
2024-09-18,Salida,LA MOLINA,43,BATERÍA 18 PLC,1,Cliente 6,REPUESTOS
2024-09-19,Salida,LA MOLINA,38,ACEITE FS 5W30,1,Cliente 11,REPUESTOS
2024-09-19,Salida,LA MOLINA,40,AMORT DEL,3,Cliente 30,REPUESTOS
2024-09-19,Salida,LA MOLINA,41,AMORT POS,2,Cliente 3,REPUESTOS
2024-09-19,Salida,LA MOLINA,42,"LLANTAS 18""",1,Cliente 13,REPUESTOS
2024-09-19,Salida,SURCO,43,BATERÍA 18 PLC,1,Cliente 16,REPUESTOS
2024-09-20,Salida,LA MOLINA,38,ACEITE FS 5W30,4,Cliente 15,REPUESTOS
2024-09-20,Salida,LA MOLINA,40,AMORT DEL,3,Cliente 10,REPUESTOS
2024-09-20,Salida,LA MOLINA,41,AMORT POS,3,Cliente 19,REPUESTOS
2024-09-20,Salida,SURCO,42,"LLANTAS 18""",2,Cliente 34,REPUESTOS
2024-09-20,Salida,LA MOLINA,43,BATERÍA 18 PLC,1,Cliente 5,REPUESTOS
2024-09-21,Salida,SURCO,38,ACEITE FS 5W30,5,Cliente 46,REPUESTOS
2024-09-21,Salida,LA MOLINA,40,AMORT DEL,1,Cliente 45,REPUESTOS
2024-09-21,Salida,LA MOLINA,41,AMORT POS,3,Cliente 41,REPUESTOS
2024-09-21,Salida,LA MOLINA,42,"LLANTAS 18""",2,Cliente 31,REPUESTOS
2024-09-21,Salida,SURCO,43,BATERÍA 18 PLC,3,Cliente 20,REPUESTOS
2024-09-22,Salida,SURCO,38,ACEITE FS 5W30,2,Cliente 32,REPUESTOS
2024-09-22,Salida,LA MOLINA,40,AMORT DEL,1,Cliente 35,REPUESTOS
2024-09-22,Salida,SURCO,41,AMORT POS,5,Cliente 15,REPUESTOS
2024-09-22,Salida,LA MOLINA,42,"LLANTAS 18""",3,Cliente 29,REPUESTOS
2024-09-22,Salida,LA MOLINA,43,BATERÍA 18 PLC,1,Cliente 8,REPUESTOS
2024-09-23,Salida,SURCO,40,AMORT DEL,3,Cliente 23,REPUESTOS
2024-09-23,Salida,SURCO,41,AMORT POS,2,Cliente 50,REPUESTOS
2024-09-23,Salida,LA MOLINA,42,"LLANTAS 18""",4,Cliente 39,REPUESTOS
2024-09-23,Salida,SURCO,43,BATERÍA 18 PLC,3,Cliente 2,REPUESTOS
2024-09-24,Salida,SURCO,40,AMORT DEL,4,Cliente 27,REPUESTOS
2024-09-24,Salida,LA MOLINA,43,BATERÍA 18 PLC,1,Cliente 44,REPUESTOS
2024-09-25,Salida,SURCO,43,BATERÍA 18 PLC,2,Cliente 4,REPUESTOS
2024-09-26,Salida,SURCO,43,BATERÍA 18 PLC,1,Cliente 29,REPUESTOS
2024-09-27,Salida,SURCO,43,BATERÍA 18 PLC,1,Cliente 9,REPUESTOS
2024-09-28,Salida,SURCO,43,BATERÍA 18 PLC,1,Cliente 23,REPUESTOS
2024-09-29,Salida,SURCO,43,BATERÍA 18 PLC,4,Cliente 35,REPUESTOS
2024-09-30,Salida,SURCO,43,BATERÍA 18 PLC,3,Cliente 3,REPUESTOS
2024-09-30,Control,SURCO,1,ACCORD,0,,AUTOS
2024-09-30,Control,SURCO,2,CIVIC,4,,AUTOS
2024-09-30,Control,SURCO,3,ODISSEY,5,,AUTOS
2024-09-30,Control,SURCO,4,CRV,4,,AUTOS
2024-09-30,Control,SURCO,5,PILOT,0,,AUTOS
2024-09-30,Control,SURCO,6,FIT,1,,AUTOS
2024-09-30,Control,SURCO,7,CITY,3,,AUTOS
2024-09-30,Control,SURCO,8,ELEMENT,0,,CAMIONETAS
2024-09-30,Control,SURCO,9,CROSSTOUR,0,,CAMIONETAS
2024-09-30,Control,SURCO,10,CR-Z,0,,CAMIONETAS
2024-09-30,Control,SURCO,11,RID LINE,0,,CAMIONETAS
2024-09-30,Control,SURCO,38,ACEITE FS 5W30,0,,REPUESTOS
2024-09-30,Control,SURCO,39,FILTRO COMBUST,24,,REPUESTOS
2024-09-30,Control,SURCO,40,AMORT DEL,0,,REPUESTOS
2024-09-30,Control,SURCO,41,AMORT POS,0,,REPUESTOS
2024-09-30,Control,SURCO,42,"LLANTAS 18""",0,,REPUESTOS
2024-09-30,Control,SURCO,43,BATERÍA 18 PLC,0,,REPUESTOS
2024-09-30,Control,LA MOLINA,1,ACCORD,3,,AUTOS
2024-09-30,Control,LA MOLINA,2,CIVIC,2,,AUTOS
2024-09-30,Control,LA MOLINA,3,ODISSEY,5,,AUTOS
2024-09-30,Control,LA MOLINA,4,CRV,3,,AUTOS
2024-09-30,Control,LA MOLINA,5,PILOT,0,,AUTOS
2024-09-30,Control,LA MOLINA,6,FIT,0,,AUTOS
2024-09-30,Control,LA MOLINA,7,CITY,0,,AUTOS
2024-09-30,Control,LA MOLINA,8,ELEMENT,0,,CAMIONETAS
2024-09-30,Control,LA MOLINA,9,CROSSTOUR,0,,CAMIONETAS
2024-09-30,Control,LA MOLINA,10,CR-Z,0,,CAMIONETAS
2024-09-30,Control,LA MOLINA,11,RID LINE,0,,CAMIONETAS
2024-09-30,Control,LA MOLINA,38,ACEITE FS 5W30,0,,REPUESTOS
2024-09-30,Control,LA MOLINA,39,FILTRO COMBUST,166,,REPUESTOS
2024-09-30,Control,LA MOLINA,40,AMORT DEL,0,,REPUESTOS
2024-09-30,Control,LA MOLINA,41,AMORT POS,0,,REPUESTOS
2024-09-30,Control,LA MOLINA,42,"LLANTAS 18""",0,,REPUESTOS
2024-09-30,Control,LA MOLINA,43,BATERÍA 18 PLC,0,,REPUESTOS
2024-10-01,Salida,LA MOLINA,1,ACCORD,1,Cliente 32,AUTOS
2024-10-01,Salida,SURCO,2,CIVIC,1,Cliente 19,AUTOS
2024-10-01,Salida,SURCO,3,ODISSEY,1,Cliente 15,AUTOS
2024-10-01,Salida,SURCO,4,CRV,1,Cliente 18,AUTOS
2024-10-01,Salida,SURCO,6,FIT,1,Cliente 42,AUTOS
2024-10-01,Salida,SURCO,7,CITY,1,Cliente 48,AUTOS
2024-10-01,Salida,SURCO,39,FILTRO COMBUST,1,Cliente 5,REPUESTOS
2024-10-02,Salida,LA MOLINA,1,ACCORD,1,Cliente 48,AUTOS
2024-10-02,Salida,SURCO,2,CIVIC,1,Cliente 7,AUTOS
2024-10-02,Salida,LA MOLINA,3,ODISSEY,1,Cliente 13,AUTOS
2024-10-02,Salida,LA MOLINA,4,CRV,1,Cliente 21,AUTOS
2024-10-02,Salida,SURCO,7,CITY,1,Cliente 20,AUTOS
2024-10-03,Entrada,SURCO,38,ACEITE FS 5W30,10,Prov Repuestos,REPUESTOS
2024-10-03,Entrada,SURCO,40,AMORT DEL,10,Prov Repuestos,REPUESTOS
2024-10-03,Entrada,SURCO,41,AMORT POS,10,Prov Repuestos,REPUESTOS
2024-10-03,Entrada,SURCO,42,"LLANTAS 18""",10,Prov Repuestos,REPUESTOS
2024-10-03,Entrada,SURCO,43,BATERÍA 18 PLC,5,Prov Repuestos,REPUESTOS
2024-10-03,Entrada,LA MOLINA,38,ACEITE FS 5W30,10,Prov Repuestos,REPUESTOS
2024-10-03,Entrada,LA MOLINA,40,AMORT DEL,10,Prov Repuestos,REPUESTOS
2024-10-03,Entrada,LA MOLINA,41,AMORT POS,10,Prov Repuestos,REPUESTOS
2024-10-03,Entrada,LA MOLINA,42,"LLANTAS 18""",10,Prov Repuestos,REPUESTOS
2024-10-03,Entrada,LA MOLINA,43,BATERÍA 18 PLC,5,Prov Repuestos,REPUESTOS
2024-10-03,Entrada,SURCO,42,"LLANTAS 18""",16,Prov Repuestos,REPUESTOS
2024-10-03,Entrada,LA MOLINA,38,ACEITE FS 5W30,1,Prov Repuestos,REPUESTOS
2024-10-03,Salida,LA MOLINA,1,ACCORD,1,Cliente 19,AUTOS
2024-10-03,Salida,SURCO,2,CIVIC,1,Cliente 15,AUTOS
2024-10-03,Salida,LA MOLINA,3,ODISSEY,1,Cliente 31,AUTOS
2024-10-03,Salida,SURCO,7,CITY,1,Cliente 25,AUTOS
2024-10-03,Salida,LA MOLINA,38,ACEITE FS 5W30,2,Cliente 24,REPUESTOS
2024-10-03,Salida,SURCO,40,AMORT DEL,3,Cliente 29,REPUESTOS
2024-10-03,Salida,LA MOLINA,41,AMORT POS,1,Cliente 50,REPUESTOS
2024-10-03,Salida,LA MOLINA,42,"LLANTAS 18""",2,Cliente 31,REPUESTOS
2024-10-03,Salida,LA MOLINA,43,BATERÍA 18 PLC,1,Cliente 22,REPUESTOS
2024-10-04,Salida,SURCO,2,CIVIC,1,Cliente 7,AUTOS
2024-10-04,Salida,SURCO,3,ODISSEY,1,Cliente 14,AUTOS
2024-10-04,Salida,SURCO,38,ACEITE FS 5W30,1,Cliente 10,REPUESTOS
2024-10-04,Salida,LA MOLINA,40,AMORT DEL,3,Cliente 34,REPUESTOS
2024-10-04,Salida,SURCO,41,AMORT POS,2,Cliente 50,REPUESTOS
2024-10-04,Salida,LA MOLINA,42,"LLANTAS 18""",2,Cliente 20,REPUESTOS
2024-10-04,Salida,SURCO,43,BATERÍA 18 PLC,1,Cliente 21,REPUESTOS
2024-10-05,Salida,LA MOLINA,3,ODISSEY,1,Cliente 1,AUTOS
2024-10-05,Salida,SURCO,38,ACEITE FS 5W30,3,Cliente 49,REPUESTOS
2024-10-05,Salida,LA MOLINA,40,AMORT DEL,2,Cliente 21,REPUESTOS
2024-10-05,Salida,LA MOLINA,41,AMORT POS,3,Cliente 46,REPUESTOS
2024-10-05,Salida,SURCO,42,"LLANTAS 18""",3,Cliente 7,REPUESTOS
2024-10-05,Salida,LA MOLINA,43,BATERÍA 18 PLC,1,Cliente 9,REPUESTOS
2024-10-06,Salida,SURCO,3,ODISSEY,1,Cliente 34,AUTOS
2024-10-06,Salida,SURCO,38,ACEITE FS 5W30,1,Cliente 29,REPUESTOS
2024-10-06,Salida,LA MOLINA,40,AMORT DEL,1,Cliente 32,REPUESTOS
2024-10-06,Salida,SURCO,41,AMORT POS,4,Cliente 48,REPUESTOS
2024-10-06,Salida,LA MOLINA,42,"LLANTAS 18""",2,Cliente 1,REPUESTOS
2024-10-06,Salida,LA MOLINA,43,BATERÍA 18 PLC,1,Cliente 19,REPUESTOS
2024-10-07,Salida,LA MOLINA,38,ACEITE FS 5W30,3,Cliente 40,REPUESTOS
2024-10-07,Salida,SURCO,40,AMORT DEL,2,Cliente 19,REPUESTOS
2024-10-07,Salida,LA MOLINA,41,AMORT POS,2,Cliente 34,REPUESTOS
2024-10-07,Salida,LA MOLINA,42,"LLANTAS 18""",2,Cliente 30,REPUESTOS
2024-10-07,Salida,SURCO,43,BATERÍA 18 PLC,2,Cliente 11,REPUESTOS
2024-10-08,Salida,LA MOLINA,38,ACEITE FS 5W30,3,Cliente 1,REPUESTOS
2024-10-08,Salida,SURCO,40,AMORT DEL,4,Cliente 10,REPUESTOS
2024-10-08,Salida,SURCO,41,AMORT POS,1,Cliente 20,REPUESTOS
2024-10-08,Salida,SURCO,42,"LLANTAS 18""",1,Cliente 35,REPUESTOS
2024-10-08,Salida,SURCO,43,BATERÍA 18 PLC,2,Cliente 4,REPUESTOS
2024-10-09,Salida,SURCO,38,ACEITE FS 5W30,2,Cliente 5,REPUESTOS
2024-10-09,Salida,LA MOLINA,40,AMORT DEL,2,Cliente 41,REPUESTOS
2024-10-09,Salida,LA MOLINA,41,AMORT POS,2,Cliente 19,REPUESTOS
2024-10-09,Salida,LA MOLINA,42,"LLANTAS 18""",2,Cliente 24,REPUESTOS
2024-10-09,Salida,LA MOLINA,43,BATERÍA 18 PLC,2,Cliente 36,REPUESTOS
2024-10-10,Entrada,SURCO,1,ACCORD,5,Prov Vehículos,AUTOS
2024-10-10,Entrada,SURCO,2,CIVIC,1,Prov Vehículos,AUTOS
2024-10-10,Entrada,SURCO,4,CRV,1,Prov Vehículos,AUTOS
2024-10-10,Entrada,SURCO,5,PILOT,5,Prov Vehículos,AUTOS
2024-10-10,Entrada,SURCO,6,FIT,4,Prov Vehículos,AUTOS
2024-10-10,Entrada,SURCO,7,CITY,2,Prov Vehículos,AUTOS
2024-10-10,Entrada,LA MOLINA,1,ACCORD,2,Prov Vehículos,AUTOS
2024-10-10,Entrada,LA MOLINA,2,CIVIC,3,Prov Vehículos,AUTOS
2024-10-10,Entrada,LA MOLINA,4,CRV,2,Prov Vehículos,AUTOS
2024-10-10,Salida,SURCO,1,ACCORD,1,Cliente 5,AUTOS
2024-10-10,Salida,SURCO,5,PILOT,1,Cliente 7,AUTOS
2024-10-10,Salida,SURCO,6,FIT,1,Cliente 12,AUTOS
2024-10-10,Salida,SURCO,7,CITY,1,Cliente 9,AUTOS
2024-10-10,Salida,LA MOLINA,38,ACEITE FS 5W30,3,Cliente 22,REPUESTOS
2024-10-10,Salida,LA MOLINA,40,AMORT DEL,2,Cliente 14,REPUESTOS
2024-10-10,Salida,SURCO,41,AMORT POS,1,Cliente 14,REPUESTOS
2024-10-10,Salida,SURCO,42,"LLANTAS 18""",3,Cliente 10,REPUESTOS
2024-10-11,Salida,SURCO,5,PILOT,1,Cliente 21,AUTOS
2024-10-11,Salida,SURCO,6,FIT,1,Cliente 9,AUTOS
2024-10-11,Salida,SURCO,7,CITY,1,Cliente 28,AUTOS
2024-10-11,Salida,SURCO,38,ACEITE FS 5W30,2,Cliente 33,REPUESTOS
2024-10-11,Salida,SURCO,40,AMORT DEL,1,Cliente 25,REPUESTOS
2024-10-11,Salida,LA MOLINA,41,AMORT POS,2,Cliente 20,REPUESTOS
2024-10-11,Salida,SURCO,42,"LLANTAS 18""",2,Cliente 39,REPUESTOS
2024-10-12,Salida,SURCO,5,PILOT,1,Cliente 46,AUTOS
2024-10-12,Salida,SURCO,6,FIT,1,Cliente 36,AUTOS
2024-10-12,Salida,SURCO,38,ACEITE FS 5W30,1,Cliente 44,REPUESTOS
2024-10-12,Salida,SURCO,41,AMORT POS,2,Cliente 2,REPUESTOS
2024-10-12,Salida,SURCO,42,"LLANTAS 18""",2,Cliente 47,REPUESTOS
2024-10-13,Salida,SURCO,5,PILOT,1,Cliente 25,AUTOS
2024-10-13,Salida,SURCO,6,FIT,1,Cliente 48,AUTOS
2024-10-13,Salida,SURCO,42,"LLANTAS 18""",2,Cliente 38,REPUESTOS
2024-10-14,Salida,SURCO,42,"LLANTAS 18""",1,Cliente 3,REPUESTOS
2024-10-14,Control,SURCO,1,ACCORD,4,,AUTOS
2024-10-14,Control,SURCO,2,CIVIC,1,,AUTOS
2024-10-14,Control,SURCO,3,ODISSEY,2,,AUTOS
2024-10-14,Control,SURCO,4,CRV,4,,AUTOS
2024-10-14,Control,SURCO,5,PILOT,1,,AUTOS
2024-10-14,Control,SURCO,6,FIT,0,,AUTOS
2024-10-14,Control,SURCO,7,CITY,0,,AUTOS
2024-10-14,Control,SURCO,8,ELEMENT,0,,CAMIONETAS
2024-10-14,Control,SURCO,9,CROSSTOUR,0,,CAMIONETAS
2024-10-14,Control,SURCO,10,CR-Z,0,,CAMIONETAS
2024-10-14,Control,SURCO,11,RID LINE,0,,CAMIONETAS
2024-10-14,Control,SURCO,38,ACEITE FS 5W30,0,,REPUESTOS
2024-10-14,Control,SURCO,39,FILTRO COMBUST,23,,REPUESTOS
2024-10-14,Control,SURCO,40,AMORT DEL,0,,REPUESTOS
2024-10-14,Control,SURCO,41,AMORT POS,0,,REPUESTOS
2024-10-14,Control,SURCO,42,"LLANTAS 18""",12,,REPUESTOS
2024-10-14,Control,SURCO,43,BATERÍA 18 PLC,0,,REPUESTOS
2024-10-14,Control,LA MOLINA,1,ACCORD,2,,AUTOS
2024-10-14,Control,LA MOLINA,2,CIVIC,5,,AUTOS
2024-10-14,Control,LA MOLINA,3,ODISSEY,2,,AUTOS
2024-10-14,Control,LA MOLINA,4,CRV,4,,AUTOS
2024-10-14,Control,LA MOLINA,5,PILOT,0,,AUTOS
2024-10-14,Control,LA MOLINA,6,FIT,0,,AUTOS
2024-10-14,Control,LA MOLINA,7,CITY,0,,AUTOS
2024-10-14,Control,LA MOLINA,8,ELEMENT,0,,CAMIONETAS
2024-10-14,Control,LA MOLINA,9,CROSSTOUR,0,,CAMIONETAS
2024-10-14,Control,LA MOLINA,10,CR-Z,0,,CAMIONETAS
2024-10-14,Control,LA MOLINA,11,RID LINE,0,,CAMIONETAS
2024-10-14,Control,LA MOLINA,38,ACEITE FS 5W30,0,,REPUESTOS
2024-10-14,Control,LA MOLINA,39,FILTRO COMBUST,166,,REPUESTOS
2024-10-14,Control,LA MOLINA,40,AMORT DEL,0,,REPUESTOS
2024-10-14,Control,LA MOLINA,41,AMORT POS,0,,REPUESTOS
2024-10-14,Control,LA MOLINA,42,"LLANTAS 18""",0,,REPUESTOS
2024-10-14,Control,LA MOLINA,43,BATERÍA 18 PLC,0,,REPUESTOS
2024-10-15,Salida,SURCO,42,"LLANTAS 18""",1,Cliente 46,REPUESTOS
2024-10-16,Salida,SURCO,42,"LLANTAS 18""",1,Cliente 24,REPUESTOS
2024-10-17,Entrada,SURCO,38,ACEITE FS 5W30,10,Prov Repuestos,REPUESTOS
2024-10-17,Entrada,SURCO,40,AMORT DEL,10,Prov Repuestos,REPUESTOS
2024-10-17,Entrada,SURCO,41,AMORT POS,10,Prov Repuestos,REPUESTOS
2024-10-17,Entrada,SURCO,43,BATERÍA 18 PLC,5,Prov Repuestos,REPUESTOS
2024-10-17,Entrada,LA MOLINA,38,ACEITE FS 5W30,10,Prov Repuestos,REPUESTOS
2024-10-17,Entrada,LA MOLINA,40,AMORT DEL,10,Prov Repuestos,REPUESTOS
2024-10-17,Entrada,LA MOLINA,41,AMORT POS,10,Prov Repuestos,REPUESTOS
2024-10-17,Entrada,LA MOLINA,42,"LLANTAS 18""",10,Prov Repuestos,REPUESTOS
2024-10-17,Entrada,LA MOLINA,43,BATERÍA 18 PLC,5,Prov Repuestos,REPUESTOS
2024-10-17,Entrada,SURCO,41,AMORT POS,15,Prov Repuestos,REPUESTOS
2024-10-17,Entrada,LA MOLINA,38,ACEITE FS 5W30,1,Prov Repuestos,REPUESTOS
2024-10-17,Salida,SURCO,38,ACEITE FS 5W30,2,Cliente 9,REPUESTOS
2024-10-17,Salida,SURCO,40,AMORT DEL,4,Cliente 4,REPUESTOS
2024-10-17,Salida,SURCO,41,AMORT POS,6,Cliente 21,REPUESTOS
2024-10-17,Salida,SURCO,42,"LLANTAS 18""",3,Cliente 42,REPUESTOS
2024-10-17,Salida,SURCO,43,BATERÍA 18 PLC,3,Cliente 22,REPUESTOS
2024-10-18,Salida,LA MOLINA,38,ACEITE FS 5W30,2,Cliente 34,REPUESTOS
2024-10-18,Salida,LA MOLINA,40,AMORT DEL,6,Cliente 27,REPUESTOS
2024-10-18,Salida,SURCO,41,AMORT POS,1,Cliente 49,REPUESTOS
2024-10-18,Salida,LA MOLINA,42,"LLANTAS 18""",2,Cliente 6,REPUESTOS
2024-10-18,Salida,SURCO,43,BATERÍA 18 PLC,2,Cliente 18,REPUESTOS
2024-10-19,Salida,LA MOLINA,38,ACEITE FS 5W30,2,Cliente 12,REPUESTOS
2024-10-19,Salida,LA MOLINA,40,AMORT DEL,3,Cliente 36,REPUESTOS
2024-10-19,Salida,LA MOLINA,41,AMORT POS,2,Cliente 30,REPUESTOS
2024-10-19,Salida,LA MOLINA,42,"LLANTAS 18""",1,Cliente 6,REPUESTOS
2024-10-19,Salida,LA MOLINA,43,BATERÍA 18 PLC,1,Cliente 47,REPUESTOS
2024-10-20,Salida,LA MOLINA,38,ACEITE FS 5W30,2,Cliente 38,REPUESTOS
2024-10-20,Salida,SURCO,40,AMORT DEL,2,Cliente 14,REPUESTOS
2024-10-20,Salida,SURCO,41,AMORT POS,8,Cliente 47,REPUESTOS
2024-10-20,Salida,SURCO,42,"LLANTAS 18""",3,Cliente 48,REPUESTOS
2024-10-20,Salida,LA MOLINA,43,BATERÍA 18 PLC,2,Cliente 25,REPUESTOS
2024-10-21,Salida,LA MOLINA,38,ACEITE FS 5W30,2,Cliente 9,REPUESTOS
2024-10-21,Salida,LA MOLINA,40,AMORT DEL,1,Cliente 15,REPUESTOS
2024-10-21,Salida,SURCO,41,AMORT POS,5,Cliente 12,REPUESTOS
2024-10-21,Salida,LA MOLINA,42,"LLANTAS 18""",3,Cliente 17,REPUESTOS
2024-10-21,Salida,LA MOLINA,43,BATERÍA 18 PLC,2,Cliente 38,REPUESTOS
2024-10-22,Salida,LA MOLINA,38,ACEITE FS 5W30,3,Cliente 41,REPUESTOS
2024-10-22,Salida,SURCO,40,AMORT DEL,1,Cliente 10,REPUESTOS
2024-10-22,Salida,LA MOLINA,41,AMORT POS,4,Cliente 23,REPUESTOS
2024-10-22,Salida,LA MOLINA,42,"LLANTAS 18""",2,Cliente 45,REPUESTOS
2024-10-23,Salida,SURCO,38,ACEITE FS 5W30,1,Cliente 17,REPUESTOS
2024-10-23,Salida,SURCO,40,AMORT DEL,3,Cliente 3,REPUESTOS
2024-10-23,Salida,SURCO,41,AMORT POS,5,Cliente 31,REPUESTOS
2024-10-23,Salida,LA MOLINA,42,"LLANTAS 18""",2,Cliente 24,REPUESTOS
2024-10-24,Salida,SURCO,38,ACEITE FS 5W30,6,Cliente 21,REPUESTOS
2024-10-24,Salida,LA MOLINA,41,AMORT POS,1,Cliente 27,REPUESTOS
2024-10-24,Salida,SURCO,42,"LLANTAS 18""",3,Cliente 42,REPUESTOS
2024-10-25,Salida,SURCO,38,ACEITE FS 5W30,1,Cliente 11,REPUESTOS
2024-10-25,Salida,LA MOLINA,41,AMORT POS,3,Cliente 29,REPUESTOS
2024-10-25,Salida,SURCO,42,"LLANTAS 18""",1,Cliente 47,REPUESTOS
2024-10-31,Control,SURCO,1,ACCORD,4,,AUTOS
2024-10-31,Control,SURCO,2,CIVIC,1,,AUTOS
2024-10-31,Control,SURCO,3,ODISSEY,2,,AUTOS
2024-10-31,Control,SURCO,4,CRV,4,,AUTOS
2024-10-31,Control,SURCO,5,PILOT,1,,AUTOS
2024-10-31,Control,SURCO,6,FIT,0,,AUTOS
2024-10-31,Control,SURCO,7,CITY,0,,AUTOS
2024-10-31,Control,SURCO,8,ELEMENT,0,,CAMIONETAS
2024-10-31,Control,SURCO,9,CROSSTOUR,0,,CAMIONETAS
2024-10-31,Control,SURCO,10,CR-Z,0,,CAMIONETAS
2024-10-31,Control,SURCO,11,RID LINE,0,,CAMIONETAS
2024-10-31,Control,SURCO,38,ACEITE FS 5W30,0,,REPUESTOS
2024-10-31,Control,SURCO,39,FILTRO COMBUST,23,,REPUESTOS
2024-10-31,Control,SURCO,40,AMORT DEL,0,,REPUESTOS
2024-10-31,Control,SURCO,41,AMORT POS,0,,REPUESTOS
2024-10-31,Control,SURCO,42,"LLANTAS 18""",0,,REPUESTOS
2024-10-31,Control,SURCO,43,BATERÍA 18 PLC,0,,REPUESTOS
2024-10-31,Control,LA MOLINA,1,ACCORD,2,,AUTOS
2024-10-31,Control,LA MOLINA,2,CIVIC,5,,AUTOS
2024-10-31,Control,LA MOLINA,3,ODISSEY,2,,AUTOS
2024-10-31,Control,LA MOLINA,4,CRV,4,,AUTOS
2024-10-31,Control,LA MOLINA,5,PILOT,0,,AUTOS
2024-10-31,Control,LA MOLINA,6,FIT,0,,AUTOS
2024-10-31,Control,LA MOLINA,7,CITY,0,,AUTOS
2024-10-31,Control,LA MOLINA,8,ELEMENT,0,,CAMIONETAS
2024-10-31,Control,LA MOLINA,9,CROSSTOUR,0,,CAMIONETAS
2024-10-31,Control,LA MOLINA,10,CR-Z,0,,CAMIONETAS
2024-10-31,Control,LA MOLINA,11,RID LINE,0,,CAMIONETAS
2024-10-31,Control,LA MOLINA,38,ACEITE FS 5W30,0,,REPUESTOS
2024-10-31,Control,LA MOLINA,39,FILTRO COMBUST,166,,REPUESTOS
2024-10-31,Control,LA MOLINA,40,AMORT DEL,0,,REPUESTOS
2024-10-31,Control,LA MOLINA,41,AMORT POS,0,,REPUESTOS
2024-10-31,Control,LA MOLINA,42,"LLANTAS 18""",0,,REPUESTOS
2024-10-31,Control,LA MOLINA,43,BATERÍA 18 PLC,0,,REPUESTOS
2024-11-01,Salida,LA MOLINA,1,ACCORD,1,Cliente 11,AUTOS
2024-11-01,Salida,SURCO,2,CIVIC,1,Cliente 43,AUTOS
2024-11-01,Salida,SURCO,3,ODISSEY,1,Cliente 12,AUTOS
2024-11-01,Salida,LA MOLINA,4,CRV,1,Cliente 6,AUTOS
2024-11-01,Salida,SURCO,5,PILOT,1,Cliente 14,AUTOS
2024-11-01,Salida,SURCO,39,FILTRO COMBUST,1,Cliente 10,REPUESTOS
2024-11-02,Salida,SURCO,1,ACCORD,1,Cliente 23,AUTOS
2024-11-02,Salida,LA MOLINA,2,CIVIC,1,Cliente 36,AUTOS
2024-11-02,Salida,SURCO,4,CRV,1,Cliente 31,AUTOS
2024-11-02,Salida,SURCO,39,FILTRO COMBUST,1,Cliente 49,REPUESTOS
2024-11-03,Entrada,SURCO,38,ACEITE FS 5W30,10,Prov Repuestos,REPUESTOS
2024-11-03,Entrada,SURCO,40,AMORT DEL,10,Prov Repuestos,REPUESTOS
2024-11-03,Entrada,SURCO,41,AMORT POS,10,Prov Repuestos,REPUESTOS
2024-11-03,Entrada,SURCO,42,"LLANTAS 18""",10,Prov Repuestos,REPUESTOS
2024-11-03,Entrada,SURCO,43,BATERÍA 18 PLC,5,Prov Repuestos,REPUESTOS
2024-11-03,Entrada,LA MOLINA,38,ACEITE FS 5W30,10,Prov Repuestos,REPUESTOS
2024-11-03,Entrada,LA MOLINA,40,AMORT DEL,10,Prov Repuestos,REPUESTOS
2024-11-03,Entrada,LA MOLINA,41,AMORT POS,10,Prov Repuestos,REPUESTOS
2024-11-03,Entrada,LA MOLINA,42,"LLANTAS 18""",10,Prov Repuestos,REPUESTOS
2024-11-03,Entrada,LA MOLINA,43,BATERÍA 18 PLC,5,Prov Repuestos,REPUESTOS
2024-11-03,Entrada,SURCO,40,AMORT DEL,17,Prov Repuestos,REPUESTOS
2024-11-03,Entrada,LA MOLINA,41,AMORT POS,1,Prov Repuestos,REPUESTOS
2024-11-03,Salida,SURCO,1,ACCORD,1,Cliente 26,AUTOS
2024-11-03,Salida,LA MOLINA,2,CIVIC,1,Cliente 44,AUTOS
2024-11-03,Salida,LA MOLINA,4,CRV,1,Cliente 35,AUTOS
2024-11-03,Salida,LA MOLINA,38,ACEITE FS 5W30,2,Cliente 43,REPUESTOS
2024-11-03,Salida,SURCO,39,FILTRO COMBUST,1,Cliente 15,REPUESTOS
2024-11-03,Salida,SURCO,40,AMORT DEL,1,Cliente 24,REPUESTOS
2024-11-03,Salida,SURCO,41,AMORT POS,2,Cliente 40,REPUESTOS
2024-11-03,Salida,SURCO,42,"LLANTAS 18""",2,Cliente 42,REPUESTOS
2024-11-03,Salida,SURCO,43,BATERÍA 18 PLC,1,Cliente 32,REPUESTOS
2024-11-04,Salida,SURCO,1,ACCORD,1,Cliente 14,AUTOS
2024-11-04,Salida,LA MOLINA,2,CIVIC,1,Cliente 6,AUTOS
2024-11-04,Salida,LA MOLINA,4,CRV,1,Cliente 42,AUTOS
2024-11-04,Salida,SURCO,38,ACEITE FS 5W30,2,Cliente 19,REPUESTOS
2024-11-04,Salida,LA MOLINA,39,FILTRO COMBUST,1,Cliente 44,REPUESTOS
2024-11-04,Salida,LA MOLINA,40,AMORT DEL,1,Cliente 27,REPUESTOS
2024-11-04,Salida,LA MOLINA,41,AMORT POS,1,Cliente 44,REPUESTOS
2024-11-04,Salida,LA MOLINA,42,"LLANTAS 18""",1,Cliente 6,REPUESTOS
2024-11-04,Salida,SURCO,43,BATERÍA 18 PLC,1,Cliente 42,REPUESTOS
2024-11-05,Salida,SURCO,1,ACCORD,1,Cliente 11,AUTOS
2024-11-05,Salida,LA MOLINA,2,CIVIC,1,Cliente 37,AUTOS
2024-11-05,Salida,LA MOLINA,4,CRV,1,Cliente 44,AUTOS
2024-11-05,Salida,LA MOLINA,38,ACEITE FS 5W30,1,Cliente 42,REPUESTOS
2024-11-05,Salida,LA MOLINA,39,FILTRO COMBUST,1,Cliente 50,REPUESTOS
2024-11-05,Salida,LA MOLINA,40,AMORT DEL,2,Cliente 17,REPUESTOS
2024-11-05,Salida,LA MOLINA,41,AMORT POS,3,Cliente 33,REPUESTOS
2024-11-05,Salida,LA MOLINA,42,"LLANTAS 18""",2,Cliente 35,REPUESTOS
2024-11-05,Salida,SURCO,43,BATERÍA 18 PLC,1,Cliente 12,REPUESTOS
2024-11-06,Salida,SURCO,4,CRV,1,Cliente 44,AUTOS
2024-11-06,Salida,SURCO,38,ACEITE FS 5W30,1,Cliente 22,REPUESTOS
2024-11-06,Salida,LA MOLINA,39,FILTRO COMBUST,1,Cliente 13,REPUESTOS
2024-11-06,Salida,LA MOLINA,40,AMORT DEL,2,Cliente 4,REPUESTOS
2024-11-06,Salida,SURCO,41,AMORT POS,2,Cliente 8,REPUESTOS
2024-11-06,Salida,LA MOLINA,42,"LLANTAS 18""",2,Cliente 4,REPUESTOS
2024-11-06,Salida,LA MOLINA,43,BATERÍA 18 PLC,1,Cliente 17,REPUESTOS
2024-11-07,Salida,LA MOLINA,38,ACEITE FS 5W30,2,Cliente 50,REPUESTOS
2024-11-07,Salida,LA MOLINA,39,FILTRO COMBUST,1,Cliente 12,REPUESTOS
2024-11-07,Salida,LA MOLINA,40,AMORT DEL,2,Cliente 2,REPUESTOS
2024-11-07,Salida,LA MOLINA,41,AMORT POS,2,Cliente 41,REPUESTOS
2024-11-07,Salida,SURCO,42,"LLANTAS 18""",3,Cliente 23,REPUESTOS
2024-11-07,Salida,LA MOLINA,43,BATERÍA 18 PLC,1,Cliente 16,REPUESTOS
2024-11-08,Salida,SURCO,38,ACEITE FS 5W30,1,Cliente 9,REPUESTOS
2024-11-08,Salida,LA MOLINA,39,FILTRO COMBUST,1,Cliente 28,REPUESTOS
2024-11-08,Salida,LA MOLINA,40,AMORT DEL,2,Cliente 45,REPUESTOS
2024-11-08,Salida,LA MOLINA,41,AMORT POS,1,Cliente 3,REPUESTOS
2024-11-08,Salida,LA MOLINA,42,"LLANTAS 18""",3,Cliente 3,REPUESTOS
2024-11-08,Salida,SURCO,43,BATERÍA 18 PLC,1,Cliente 25,REPUESTOS
2024-11-09,Entrada,SURCO,1,ACCORD,1,Prov Vehículos,AUTOS
2024-11-09,Entrada,SURCO,2,CIVIC,4,Prov Vehículos,AUTOS
2024-11-09,Entrada,SURCO,3,ODISSEY,3,Prov Vehículos,AUTOS
2024-11-09,Entrada,SURCO,4,CRV,1,Prov Vehículos,AUTOS
2024-11-09,Entrada,SURCO,5,PILOT,4,Prov Vehículos,AUTOS
2024-11-09,Entrada,SURCO,6,FIT,5,Prov Vehículos,AUTOS
2024-11-09,Entrada,SURCO,7,CITY,5,Prov Vehículos,AUTOS
2024-11-09,Entrada,LA MOLINA,1,ACCORD,3,Prov Vehículos,AUTOS
2024-11-09,Entrada,LA MOLINA,3,ODISSEY,3,Prov Vehículos,AUTOS
2024-11-09,Entrada,LA MOLINA,4,CRV,1,Prov Vehículos,AUTOS
2024-11-09,Salida,SURCO,5,PILOT,1,Cliente 22,AUTOS
2024-11-09,Salida,SURCO,6,FIT,1,Cliente 26,AUTOS
2024-11-09,Salida,SURCO,7,CITY,1,Cliente 48,AUTOS
2024-11-09,Salida,SURCO,38,ACEITE FS 5W30,3,Cliente 28,REPUESTOS
2024-11-09,Salida,SURCO,39,FILTRO COMBUST,1,Cliente 37,REPUESTOS
2024-11-09,Salida,SURCO,40,AMORT DEL,2,Cliente 45,REPUESTOS
2024-11-09,Salida,LA MOLINA,41,AMORT POS,2,Cliente 14,REPUESTOS
2024-11-09,Salida,SURCO,42,"LLANTAS 18""",3,Cliente 18,REPUESTOS
2024-11-09,Salida,SURCO,43,BATERÍA 18 PLC,1,Cliente 39,REPUESTOS
2024-11-10,Salida,SURCO,5,PILOT,1,Cliente 44,AUTOS
2024-11-10,Salida,SURCO,6,FIT,1,Cliente 1,AUTOS
2024-11-10,Salida,SURCO,7,CITY,1,Cliente 2,AUTOS
2024-11-10,Salida,SURCO,38,ACEITE FS 5W30,3,Cliente 18,REPUESTOS
2024-11-10,Salida,LA MOLINA,40,AMORT DEL,1,Cliente 7,REPUESTOS
2024-11-10,Salida,SURCO,41,AMORT POS,2,Cliente 46,REPUESTOS
2024-11-10,Salida,SURCO,42,"LLANTAS 18""",2,Cliente 40,REPUESTOS
2024-11-10,Salida,LA MOLINA,43,BATERÍA 18 PLC,1,Cliente 38,REPUESTOS
2024-11-11,Salida,SURCO,6,FIT,1,Cliente 35,AUTOS
2024-11-11,Salida,SURCO,7,CITY,1,Cliente 36,AUTOS
2024-11-11,Salida,LA MOLINA,38,ACEITE FS 5W30,2,Cliente 21,REPUESTOS
2024-11-11,Salida,SURCO,40,AMORT DEL,2,Cliente 30,REPUESTOS
2024-11-11,Salida,SURCO,41,AMORT POS,2,Cliente 44,REPUESTOS
2024-11-11,Salida,LA MOLINA,42,"LLANTAS 18""",2,Cliente 3,REPUESTOS
2024-11-11,Salida,LA MOLINA,43,BATERÍA 18 PLC,1,Cliente 36,REPUESTOS
2024-11-12,Salida,SURCO,6,FIT,1,Cliente 14,AUTOS
2024-11-12,Salida,SURCO,7,CITY,1,Cliente 20,AUTOS
2024-11-12,Salida,LA MOLINA,38,ACEITE FS 5W30,2,Cliente 44,REPUESTOS
2024-11-12,Salida,SURCO,40,AMORT DEL,1,Cliente 40,REPUESTOS
2024-11-12,Salida,LA MOLINA,41,AMORT POS,2,Cliente 37,REPUESTOS
2024-11-12,Salida,LA MOLINA,43,BATERÍA 18 PLC,1,Cliente 36,REPUESTOS
2024-11-13,Salida,SURCO,7,CITY,1,Cliente 25,AUTOS
2024-11-13,Salida,LA MOLINA,38,ACEITE FS 5W30,1,Cliente 39,REPUESTOS
2024-11-13,Salida,SURCO,40,AMORT DEL,1,Cliente 14,REPUESTOS
2024-11-13,Salida,SURCO,41,AMORT POS,1,Cliente 12,REPUESTOS
2024-11-14,Salida,SURCO,40,AMORT DEL,1,Cliente 39,REPUESTOS
2024-11-14,Salida,SURCO,41,AMORT POS,1,Cliente 41,REPUESTOS
2024-11-14,Control,SURCO,1,ACCORD,1,,AUTOS
2024-11-14,Control,SURCO,2,CIVIC,4,,AUTOS
2024-11-14,Control,SURCO,3,ODISSEY,4,,AUTOS
2024-11-14,Control,SURCO,4,CRV,3,,AUTOS
2024-11-14,Control,SURCO,5,PILOT,2,,AUTOS
2024-11-14,Control,SURCO,6,FIT,1,,AUTOS
2024-11-14,Control,SURCO,7,CITY,0,,AUTOS
2024-11-14,Control,SURCO,8,ELEMENT,0,,CAMIONETAS
2024-11-14,Control,SURCO,9,CROSSTOUR,0,,CAMIONETAS
2024-11-14,Control,SURCO,10,CR-Z,0,,CAMIONETAS
2024-11-14,Control,SURCO,11,RID LINE,0,,CAMIONETAS
2024-11-14,Control,SURCO,38,ACEITE FS 5W30,0,,REPUESTOS
2024-11-14,Control,SURCO,39,FILTRO COMBUST,19,,REPUESTOS
2024-11-14,Control,SURCO,40,AMORT DEL,19,,REPUESTOS
2024-11-14,Control,SURCO,41,AMORT POS,0,,REPUESTOS
2024-11-14,Control,SURCO,42,"LLANTAS 18""",0,,REPUESTOS
2024-11-14,Control,SURCO,43,BATERÍA 18 PLC,0,,REPUESTOS
2024-11-14,Control,LA MOLINA,1,ACCORD,4,,AUTOS
2024-11-14,Control,LA MOLINA,2,CIVIC,1,,AUTOS
2024-11-14,Control,LA MOLINA,3,ODISSEY,5,,AUTOS
2024-11-14,Control,LA MOLINA,4,CRV,1,,AUTOS
2024-11-14,Control,LA MOLINA,5,PILOT,0,,AUTOS
2024-11-14,Control,LA MOLINA,6,FIT,0,,AUTOS
2024-11-14,Control,LA MOLINA,7,CITY,0,,AUTOS
2024-11-14,Control,LA MOLINA,8,ELEMENT,0,,CAMIONETAS
2024-11-14,Control,LA MOLINA,9,CROSSTOUR,0,,CAMIONETAS
2024-11-14,Control,LA MOLINA,10,CR-Z,0,,CAMIONETAS
2024-11-14,Control,LA MOLINA,11,RID LINE,0,,CAMIONETAS
2024-11-14,Control,LA MOLINA,38,ACEITE FS 5W30,0,,REPUESTOS
2024-11-14,Control,LA MOLINA,39,FILTRO COMBUST,161,,REPUESTOS
2024-11-14,Control,LA MOLINA,40,AMORT DEL,0,,REPUESTOS
2024-11-14,Control,LA MOLINA,41,AMORT POS,0,,REPUESTOS
2024-11-14,Control,LA MOLINA,42,"LLANTAS 18""",0,,REPUESTOS
2024-11-14,Control,LA MOLINA,43,BATERÍA 18 PLC,0,,REPUESTOS
2024-11-15,Salida,SURCO,40,AMORT DEL,2,Cliente 29,REPUESTOS
2024-11-16,Salida,SURCO,40,AMORT DEL,3,Cliente 49,REPUESTOS
2024-11-17,Entrada,SURCO,38,ACEITE FS 5W30,10,Prov Repuestos,REPUESTOS
2024-11-17,Entrada,SURCO,41,AMORT POS,10,Prov Repuestos,REPUESTOS
2024-11-17,Entrada,SURCO,42,"LLANTAS 18""",10,Prov Repuestos,REPUESTOS
2024-11-17,Entrada,SURCO,43,BATERÍA 18 PLC,5,Prov Repuestos,REPUESTOS
2024-11-17,Entrada,LA MOLINA,38,ACEITE FS 5W30,10,Prov Repuestos,REPUESTOS
2024-11-17,Entrada,LA MOLINA,40,AMORT DEL,10,Prov Repuestos,REPUESTOS
2024-11-17,Entrada,LA MOLINA,41,AMORT POS,10,Prov Repuestos,REPUESTOS
2024-11-17,Entrada,LA MOLINA,42,"LLANTAS 18""",10,Prov Repuestos,REPUESTOS
2024-11-17,Entrada,LA MOLINA,43,BATERÍA 18 PLC,5,Prov Repuestos,REPUESTOS
2024-11-17,Entrada,SURCO,39,FILTRO COMBUST,12,Prov Repuestos,REPUESTOS
2024-11-17,Entrada,LA MOLINA,41,AMORT POS,6,Prov Repuestos,REPUESTOS
2024-11-17,Salida,LA MOLINA,38,ACEITE FS 5W30,4,Cliente 27,REPUESTOS
2024-11-17,Salida,SURCO,40,AMORT DEL,3,Cliente 40,REPUESTOS
2024-11-17,Salida,SURCO,41,AMORT POS,2,Cliente 39,REPUESTOS
2024-11-17,Salida,SURCO,42,"LLANTAS 18""",4,Cliente 21,REPUESTOS
2024-11-17,Salida,SURCO,43,BATERÍA 18 PLC,1,Cliente 37,REPUESTOS
2024-11-18,Salida,LA MOLINA,38,ACEITE FS 5W30,1,Cliente 2,REPUESTOS
2024-11-18,Salida,LA MOLINA,40,AMORT DEL,3,Cliente 36,REPUESTOS
2024-11-18,Salida,SURCO,41,AMORT POS,2,Cliente 30,REPUESTOS
2024-11-18,Salida,SURCO,42,"LLANTAS 18""",6,Cliente 12,REPUESTOS
2024-11-18,Salida,LA MOLINA,43,BATERÍA 18 PLC,1,Cliente 9,REPUESTOS
2024-11-19,Salida,SURCO,38,ACEITE FS 5W30,1,Cliente 14,REPUESTOS
2024-11-19,Salida,LA MOLINA,40,AMORT DEL,2,Cliente 16,REPUESTOS
2024-11-19,Salida,SURCO,41,AMORT POS,4,Cliente 12,REPUESTOS
2024-11-19,Salida,LA MOLINA,42,"LLANTAS 18""",5,Cliente 39,REPUESTOS
2024-11-19,Salida,SURCO,43,BATERÍA 18 PLC,1,Cliente 30,REPUESTOS
2024-11-20,Salida,SURCO,38,ACEITE FS 5W30,1,Cliente 44,REPUESTOS
2024-11-20,Salida,LA MOLINA,40,AMORT DEL,4,Cliente 5,REPUESTOS
2024-11-20,Salida,SURCO,41,AMORT POS,2,Cliente 46,REPUESTOS
2024-11-20,Salida,LA MOLINA,42,"LLANTAS 18""",5,Cliente 29,REPUESTOS
2024-11-20,Salida,SURCO,43,BATERÍA 18 PLC,3,Cliente 19,REPUESTOS
2024-11-21,Salida,LA MOLINA,38,ACEITE FS 5W30,1,Cliente 26,REPUESTOS
2024-11-21,Salida,LA MOLINA,40,AMORT DEL,1,Cliente 8,REPUESTOS
2024-11-21,Salida,LA MOLINA,41,AMORT POS,2,Cliente 49,REPUESTOS
2024-11-21,Salida,LA MOLINA,43,BATERÍA 18 PLC,3,Cliente 24,REPUESTOS
2024-11-22,Salida,LA MOLINA,38,ACEITE FS 5W30,4,Cliente 10,REPUESTOS
2024-11-22,Salida,SURCO,40,AMORT DEL,4,Cliente 17,REPUESTOS
2024-11-22,Salida,LA MOLINA,41,AMORT POS,3,Cliente 30,REPUESTOS
2024-11-22,Salida,LA MOLINA,43,BATERÍA 18 PLC,1,Cliente 19,REPUESTOS
2024-11-23,Salida,SURCO,38,ACEITE FS 5W30,3,Cliente 45,REPUESTOS
2024-11-23,Salida,SURCO,40,AMORT DEL,3,Cliente 49,REPUESTOS
2024-11-23,Salida,LA MOLINA,41,AMORT POS,2,Cliente 2,REPUESTOS
2024-11-24,Salida,SURCO,38,ACEITE FS 5W30,3,Cliente 20,REPUESTOS
2024-11-24,Salida,SURCO,40,AMORT DEL,3,Cliente 46,REPUESTOS
2024-11-24,Salida,LA MOLINA,41,AMORT POS,5,Cliente 48,REPUESTOS
2024-11-25,Salida,SURCO,38,ACEITE FS 5W30,2,Cliente 17,REPUESTOS
2024-11-25,Salida,SURCO,40,AMORT DEL,1,Cliente 38,REPUESTOS
2024-11-25,Salida,LA MOLINA,41,AMORT POS,3,Cliente 17,REPUESTOS
2024-11-26,Salida,LA MOLINA,41,AMORT POS,1,Cliente 42,REPUESTOS
2024-11-30,Control,SURCO,1,ACCORD,1,,AUTOS
2024-11-30,Control,SURCO,2,CIVIC,4,,AUTOS
2024-11-30,Control,SURCO,3,ODISSEY,4,,AUTOS
2024-11-30,Control,SURCO,4,CRV,3,,AUTOS
2024-11-30,Control,SURCO,5,PILOT,2,,AUTOS
2024-11-30,Control,SURCO,6,FIT,1,,AUTOS
2024-11-30,Control,SURCO,7,CITY,0,,AUTOS
2024-11-30,Control,SURCO,8,ELEMENT,0,,CAMIONETAS
2024-11-30,Control,SURCO,9,CROSSTOUR,0,,CAMIONETAS
2024-11-30,Control,SURCO,10,CR-Z,0,,CAMIONETAS
2024-11-30,Control,SURCO,11,RID LINE,0,,CAMIONETAS
2024-11-30,Control,SURCO,38,ACEITE FS 5W30,0,,REPUESTOS
2024-11-30,Control,SURCO,39,FILTRO COMBUST,31,,REPUESTOS
2024-11-30,Control,SURCO,40,AMORT DEL,0,,REPUESTOS
2024-11-30,Control,SURCO,41,AMORT POS,0,,REPUESTOS
2024-11-30,Control,SURCO,42,"LLANTAS 18""",0,,REPUESTOS
2024-11-30,Control,SURCO,43,BATERÍA 18 PLC,0,,REPUESTOS
2024-11-30,Control,LA MOLINA,1,ACCORD,4,,AUTOS
2024-11-30,Control,LA MOLINA,2,CIVIC,1,,AUTOS
2024-11-30,Control,LA MOLINA,3,ODISSEY,5,,AUTOS
2024-11-30,Control,LA MOLINA,4,CRV,1,,AUTOS
2024-11-30,Control,LA MOLINA,5,PILOT,0,,AUTOS
2024-11-30,Control,LA MOLINA,6,FIT,0,,AUTOS
2024-11-30,Control,LA MOLINA,7,CITY,0,,AUTOS
2024-11-30,Control,LA MOLINA,8,ELEMENT,0,,CAMIONETAS
2024-11-30,Control,LA MOLINA,9,CROSSTOUR,0,,CAMIONETAS
2024-11-30,Control,LA MOLINA,10,CR-Z,0,,CAMIONETAS
2024-11-30,Control,LA MOLINA,11,RID LINE,0,,CAMIONETAS
2024-11-30,Control,LA MOLINA,38,ACEITE FS 5W30,0,,REPUESTOS
2024-11-30,Control,LA MOLINA,39,FILTRO COMBUST,161,,REPUESTOS
2024-11-30,Control,LA MOLINA,40,AMORT DEL,0,,REPUESTOS
2024-11-30,Control,LA MOLINA,41,AMORT POS,0,,REPUESTOS
2024-11-30,Control,LA MOLINA,42,"LLANTAS 18""",0,,REPUESTOS
2024-11-30,Control,LA MOLINA,43,BATERÍA 18 PLC,0,,REPUESTOS
2024-12-01,Salida,SURCO,1,ACCORD,1,Cliente 23,AUTOS
2024-12-01,Salida,LA MOLINA,2,CIVIC,1,Cliente 37,AUTOS
2024-12-01,Salida,SURCO,3,ODISSEY,1,Cliente 48,AUTOS
2024-12-01,Salida,LA MOLINA,4,CRV,1,Cliente 43,AUTOS
2024-12-01,Salida,SURCO,5,PILOT,1,Cliente 41,AUTOS
2024-12-01,Salida,SURCO,6,FIT,1,Cliente 33,AUTOS
2024-12-01,Salida,SURCO,39,FILTRO COMBUST,1,Cliente 4,REPUESTOS
2024-12-02,Salida,LA MOLINA,1,ACCORD,1,Cliente 16,AUTOS
2024-12-02,Salida,SURCO,2,CIVIC,1,Cliente 45,AUTOS
2024-12-02,Salida,SURCO,3,ODISSEY,1,Cliente 45,AUTOS
2024-12-02,Salida,SURCO,4,CRV,1,Cliente 3,AUTOS
2024-12-02,Salida,SURCO,5,PILOT,1,Cliente 36,AUTOS
2024-12-02,Salida,SURCO,39,FILTRO COMBUST,1,Cliente 47,REPUESTOS
2024-12-03,Entrada,SURCO,38,ACEITE FS 5W30,10,Prov Repuestos,REPUESTOS
2024-12-03,Entrada,SURCO,40,AMORT DEL,10,Prov Repuestos,REPUESTOS
2024-12-03,Entrada,SURCO,41,AMORT POS,10,Prov Repuestos,REPUESTOS
2024-12-03,Entrada,SURCO,42,"LLANTAS 18""",10,Prov Repuestos,REPUESTOS
2024-12-03,Entrada,SURCO,43,BATERÍA 18 PLC,5,Prov Repuestos,REPUESTOS
2024-12-03,Entrada,LA MOLINA,38,ACEITE FS 5W30,10,Prov Repuestos,REPUESTOS
2024-12-03,Entrada,LA MOLINA,40,AMORT DEL,10,Prov Repuestos,REPUESTOS
2024-12-03,Entrada,LA MOLINA,41,AMORT POS,10,Prov Repuestos,REPUESTOS
2024-12-03,Entrada,LA MOLINA,42,"LLANTAS 18""",10,Prov Repuestos,REPUESTOS
2024-12-03,Entrada,LA MOLINA,43,BATERÍA 18 PLC,5,Prov Repuestos,REPUESTOS
2024-12-03,Entrada,SURCO,38,ACEITE FS 5W30,9,Prov Repuestos,REPUESTOS
2024-12-03,Entrada,LA MOLINA,43,BATERÍA 18 PLC,6,Prov Repuestos,REPUESTOS
2024-12-03,Salida,LA MOLINA,1,ACCORD,1,Cliente 14,AUTOS
2024-12-03,Salida,SURCO,2,CIVIC,1,Cliente 38,AUTOS
2024-12-03,Salida,LA MOLINA,3,ODISSEY,1,Cliente 30,AUTOS
2024-12-03,Salida,SURCO,4,CRV,1,Cliente 21,AUTOS
2024-12-03,Salida,LA MOLINA,38,ACEITE FS 5W30,2,Cliente 8,REPUESTOS
2024-12-03,Salida,SURCO,39,FILTRO COMBUST,1,Cliente 31,REPUESTOS
2024-12-03,Salida,SURCO,40,AMORT DEL,1,Cliente 39,REPUESTOS
2024-12-03,Salida,SURCO,41,AMORT POS,2,Cliente 38,REPUESTOS
2024-12-03,Salida,LA MOLINA,42,"LLANTAS 18""",1,Cliente 50,REPUESTOS
2024-12-03,Salida,LA MOLINA,43,BATERÍA 18 PLC,1,Cliente 1,REPUESTOS
2024-12-04,Salida,LA MOLINA,1,ACCORD,1,Cliente 39,AUTOS
2024-12-04,Salida,LA MOLINA,3,ODISSEY,1,Cliente 41,AUTOS
2024-12-04,Salida,SURCO,4,CRV,1,Cliente 33,AUTOS
2024-12-04,Salida,LA MOLINA,38,ACEITE FS 5W30,3,Cliente 17,REPUESTOS
2024-12-04,Salida,SURCO,39,FILTRO COMBUST,1,Cliente 22,REPUESTOS
2024-12-04,Salida,LA MOLINA,40,AMORT DEL,3,Cliente 41,REPUESTOS
2024-12-04,Salida,SURCO,41,AMORT POS,1,Cliente 32,REPUESTOS
2024-12-04,Salida,LA MOLINA,42,"LLANTAS 18""",2,Cliente 32,REPUESTOS
2024-12-04,Salida,SURCO,43,BATERÍA 18 PLC,1,Cliente 5,REPUESTOS
2024-12-05,Salida,SURCO,38,ACEITE FS 5W30,3,Cliente 29,REPUESTOS
2024-12-05,Salida,SURCO,39,FILTRO COMBUST,1,Cliente 13,REPUESTOS
2024-12-05,Salida,SURCO,40,AMORT DEL,1,Cliente 20,REPUESTOS
2024-12-05,Salida,LA MOLINA,41,AMORT POS,3,Cliente 50,REPUESTOS
2024-12-05,Salida,SURCO,42,"LLANTAS 18""",2,Cliente 44,REPUESTOS
2024-12-05,Salida,SURCO,43,BATERÍA 18 PLC,1,Cliente 37,REPUESTOS
2024-12-06,Salida,SURCO,38,ACEITE FS 5W30,3,Cliente 13,REPUESTOS
2024-12-06,Salida,SURCO,39,FILTRO COMBUST,1,Cliente 11,REPUESTOS
2024-12-06,Salida,SURCO,40,AMORT DEL,3,Cliente 21,REPUESTOS
2024-12-06,Salida,LA MOLINA,41,AMORT POS,4,Cliente 50,REPUESTOS
2024-12-06,Salida,LA MOLINA,42,"LLANTAS 18""",1,Cliente 31,REPUESTOS
2024-12-06,Salida,LA MOLINA,43,BATERÍA 18 PLC,1,Cliente 10,REPUESTOS
2024-12-07,Salida,LA MOLINA,38,ACEITE FS 5W30,3,Cliente 48,REPUESTOS
2024-12-07,Salida,LA MOLINA,39,FILTRO COMBUST,1,Cliente 20,REPUESTOS
2024-12-07,Salida,LA MOLINA,40,AMORT DEL,3,Cliente 49,REPUESTOS
2024-12-07,Salida,LA MOLINA,41,AMORT POS,1,Cliente 4,REPUESTOS
2024-12-07,Salida,SURCO,42,"LLANTAS 18""",2,Cliente 30,REPUESTOS
2024-12-07,Salida,SURCO,43,BATERÍA 18 PLC,1,Cliente 46,REPUESTOS
2024-12-08,Salida,LA MOLINA,38,ACEITE FS 5W30,2,Cliente 19,REPUESTOS
2024-12-08,Salida,SURCO,39,FILTRO COMBUST,1,Cliente 21,REPUESTOS
2024-12-08,Salida,LA MOLINA,40,AMORT DEL,2,Cliente 36,REPUESTOS
2024-12-08,Salida,SURCO,41,AMORT POS,2,Cliente 40,REPUESTOS
2024-12-08,Salida,LA MOLINA,42,"LLANTAS 18""",2,Cliente 7,REPUESTOS
2024-12-08,Salida,SURCO,43,BATERÍA 18 PLC,1,Cliente 11,REPUESTOS
2024-12-09,Salida,SURCO,38,ACEITE FS 5W30,4,Cliente 3,REPUESTOS
2024-12-09,Salida,LA MOLINA,39,FILTRO COMBUST,1,Cliente 16,REPUESTOS
2024-12-09,Salida,LA MOLINA,40,AMORT DEL,2,Cliente 4,REPUESTOS
2024-12-09,Salida,LA MOLINA,41,AMORT POS,1,Cliente 18,REPUESTOS
2024-12-09,Salida,LA MOLINA,42,"LLANTAS 18""",2,Cliente 19,REPUESTOS
2024-12-09,Salida,LA MOLINA,43,BATERÍA 18 PLC,1,Cliente 9,REPUESTOS
2024-12-10,Entrada,SURCO,1,ACCORD,4,Prov Vehículos,AUTOS
2024-12-10,Entrada,SURCO,2,CIVIC,1,Prov Vehículos,AUTOS
2024-12-10,Entrada,SURCO,3,ODISSEY,1,Prov Vehículos,AUTOS
2024-12-10,Entrada,SURCO,4,CRV,2,Prov Vehículos,AUTOS
2024-12-10,Entrada,SURCO,5,PILOT,3,Prov Vehículos,AUTOS
2024-12-10,Entrada,SURCO,6,FIT,4,Prov Vehículos,AUTOS
2024-12-10,Entrada,SURCO,7,CITY,5,Prov Vehículos,AUTOS
2024-12-10,Entrada,LA MOLINA,1,ACCORD,1,Prov Vehículos,AUTOS
2024-12-10,Entrada,LA MOLINA,2,CIVIC,4,Prov Vehículos,AUTOS
2024-12-10,Entrada,LA MOLINA,4,CRV,4,Prov Vehículos,AUTOS
2024-12-10,Salida,SURCO,5,PILOT,1,Cliente 50,AUTOS
2024-12-10,Salida,SURCO,6,FIT,1,Cliente 10,AUTOS
2024-12-10,Salida,SURCO,7,CITY,1,Cliente 37,AUTOS
2024-12-10,Salida,SURCO,38,ACEITE FS 5W30,1,Cliente 16,REPUESTOS
2024-12-10,Salida,LA MOLINA,39,FILTRO COMBUST,1,Cliente 36,REPUESTOS
2024-12-10,Salida,SURCO,40,AMORT DEL,2,Cliente 9,REPUESTOS
2024-12-10,Salida,LA MOLINA,41,AMORT POS,1,Cliente 50,REPUESTOS
2024-12-10,Salida,SURCO,42,"LLANTAS 18""",1,Cliente 21,REPUESTOS
2024-12-10,Salida,SURCO,43,BATERÍA 18 PLC,1,Cliente 30,REPUESTOS
2024-12-11,Salida,SURCO,6,FIT,1,Cliente 13,AUTOS
2024-12-11,Salida,SURCO,7,CITY,1,Cliente 39,AUTOS
2024-12-11,Salida,SURCO,38,ACEITE FS 5W30,2,Cliente 42,REPUESTOS
2024-12-11,Salida,LA MOLINA,39,FILTRO COMBUST,1,Cliente 26,REPUESTOS
2024-12-11,Salida,SURCO,40,AMORT DEL,1,Cliente 33,REPUESTOS
2024-12-11,Salida,SURCO,41,AMORT POS,1,Cliente 3,REPUESTOS
2024-12-11,Salida,LA MOLINA,42,"LLANTAS 18""",2,Cliente 19,REPUESTOS
2024-12-11,Salida,LA MOLINA,43,BATERÍA 18 PLC,1,Cliente 41,REPUESTOS
2024-12-12,Salida,SURCO,7,CITY,1,Cliente 37,AUTOS
2024-12-12,Salida,SURCO,38,ACEITE FS 5W30,5,Cliente 35,REPUESTOS
2024-12-12,Salida,SURCO,39,FILTRO COMBUST,1,Cliente 37,REPUESTOS
2024-12-12,Salida,SURCO,40,AMORT DEL,2,Cliente 49,REPUESTOS
2024-12-12,Salida,SURCO,41,AMORT POS,4,Cliente 30,REPUESTOS
2024-12-12,Salida,SURCO,42,"LLANTAS 18""",1,Cliente 5,REPUESTOS
2024-12-12,Salida,LA MOLINA,43,BATERÍA 18 PLC,1,Cliente 30,REPUESTOS
2024-12-13,Salida,SURCO,7,CITY,1,Cliente 2,AUTOS
2024-12-13,Salida,SURCO,38,ACEITE FS 5W30,1,Cliente 1,REPUESTOS
2024-12-13,Salida,SURCO,42,"LLANTAS 18""",1,Cliente 21,REPUESTOS
2024-12-13,Salida,LA MOLINA,43,BATERÍA 18 PLC,1,Cliente 17,REPUESTOS
2024-12-14,Salida,SURCO,7,CITY,1,Cliente 35,AUTOS
2024-12-14,Salida,SURCO,42,"LLANTAS 18""",1,Cliente 50,REPUESTOS
2024-12-14,Salida,LA MOLINA,43,BATERÍA 18 PLC,1,Cliente 20,REPUESTOS
2024-12-14,Control,SURCO,1,ACCORD,4,,AUTOS
2024-12-14,Control,SURCO,2,CIVIC,3,,AUTOS
2024-12-14,Control,SURCO,3,ODISSEY,3,,AUTOS
2024-12-14,Control,SURCO,4,CRV,2,,AUTOS
2024-12-14,Control,SURCO,5,PILOT,2,,AUTOS
2024-12-14,Control,SURCO,6,FIT,2,,AUTOS
2024-12-14,Control,SURCO,7,CITY,0,,AUTOS
2024-12-14,Control,SURCO,8,ELEMENT,0,,CAMIONETAS
2024-12-14,Control,SURCO,9,CROSSTOUR,0,,CAMIONETAS
2024-12-14,Control,SURCO,10,CR-Z,0,,CAMIONETAS
2024-12-14,Control,SURCO,11,RID LINE,0,,CAMIONETAS
2024-12-14,Control,SURCO,38,ACEITE FS 5W30,0,,REPUESTOS
2024-12-14,Control,SURCO,39,FILTRO COMBUST,23,,REPUESTOS
2024-12-14,Control,SURCO,40,AMORT DEL,0,,REPUESTOS
2024-12-14,Control,SURCO,41,AMORT POS,0,,REPUESTOS
2024-12-14,Control,SURCO,42,"LLANTAS 18""",2,,REPUESTOS
2024-12-14,Control,SURCO,43,BATERÍA 18 PLC,0,,REPUESTOS
2024-12-14,Control,LA MOLINA,1,ACCORD,2,,AUTOS
2024-12-14,Control,LA MOLINA,2,CIVIC,4,,AUTOS
2024-12-14,Control,LA MOLINA,3,ODISSEY,3,,AUTOS
2024-12-14,Control,LA MOLINA,4,CRV,4,,AUTOS
2024-12-14,Control,LA MOLINA,5,PILOT,0,,AUTOS
2024-12-14,Control,LA MOLINA,6,FIT,0,,AUTOS
2024-12-14,Control,LA MOLINA,7,CITY,0,,AUTOS
2024-12-14,Control,LA MOLINA,8,ELEMENT,0,,CAMIONETAS
2024-12-14,Control,LA MOLINA,9,CROSSTOUR,0,,CAMIONETAS
2024-12-14,Control,LA MOLINA,10,CR-Z,0,,CAMIONETAS
2024-12-14,Control,LA MOLINA,11,RID LINE,0,,CAMIONETAS
2024-12-14,Control,LA MOLINA,38,ACEITE FS 5W30,0,,REPUESTOS
2024-12-14,Control,LA MOLINA,39,FILTRO COMBUST,157,,REPUESTOS
2024-12-14,Control,LA MOLINA,40,AMORT DEL,0,,REPUESTOS
2024-12-14,Control,LA MOLINA,41,AMORT POS,0,,REPUESTOS
2024-12-14,Control,LA MOLINA,42,"LLANTAS 18""",0,,REPUESTOS
2024-12-14,Control,LA MOLINA,43,BATERÍA 18 PLC,4,,REPUESTOS
2024-12-15,Salida,SURCO,42,"LLANTAS 18""",2,Cliente 21,REPUESTOS
2024-12-15,Salida,LA MOLINA,43,BATERÍA 18 PLC,1,Cliente 43,REPUESTOS
2024-12-16,Salida,LA MOLINA,43,BATERÍA 18 PLC,1,Cliente 15,REPUESTOS
2024-12-17,Entrada,SURCO,38,ACEITE FS 5W30,10,Prov Repuestos,REPUESTOS
2024-12-17,Entrada,SURCO,40,AMORT DEL,10,Prov Repuestos,REPUESTOS
2024-12-17,Entrada,SURCO,41,AMORT POS,10,Prov Repuestos,REPUESTOS
2024-12-17,Entrada,SURCO,42,"LLANTAS 18""",8,Prov Repuestos,REPUESTOS
2024-12-17,Entrada,SURCO,43,BATERÍA 18 PLC,5,Prov Repuestos,REPUESTOS
2024-12-17,Entrada,LA MOLINA,38,ACEITE FS 5W30,10,Prov Repuestos,REPUESTOS
2024-12-17,Entrada,LA MOLINA,40,AMORT DEL,10,Prov Repuestos,REPUESTOS
2024-12-17,Entrada,LA MOLINA,41,AMORT POS,10,Prov Repuestos,REPUESTOS
2024-12-17,Entrada,LA MOLINA,42,"LLANTAS 18""",10,Prov Repuestos,REPUESTOS
2024-12-17,Entrada,LA MOLINA,43,BATERÍA 18 PLC,1,Prov Repuestos,REPUESTOS
2024-12-17,Entrada,SURCO,38,ACEITE FS 5W30,17,Prov Repuestos,REPUESTOS
2024-12-17,Salida,SURCO,38,ACEITE FS 5W30,3,Cliente 9,REPUESTOS
2024-12-17,Salida,LA MOLINA,40,AMORT DEL,1,Cliente 2,REPUESTOS
2024-12-17,Salida,SURCO,41,AMORT POS,6,Cliente 25,REPUESTOS
2024-12-17,Salida,LA MOLINA,42,"LLANTAS 18""",2,Cliente 26,REPUESTOS
2024-12-17,Salida,SURCO,43,BATERÍA 18 PLC,1,Cliente 50,REPUESTOS
2024-12-18,Salida,SURCO,38,ACEITE FS 5W30,5,Cliente 6,REPUESTOS
2024-12-18,Salida,SURCO,40,AMORT DEL,5,Cliente 11,REPUESTOS
2024-12-18,Salida,LA MOLINA,41,AMORT POS,1,Cliente 48,REPUESTOS
2024-12-18,Salida,LA MOLINA,42,"LLANTAS 18""",2,Cliente 27,REPUESTOS
2024-12-18,Salida,SURCO,43,BATERÍA 18 PLC,1,Cliente 6,REPUESTOS
2024-12-19,Salida,LA MOLINA,38,ACEITE FS 5W30,3,Cliente 17,REPUESTOS
2024-12-19,Salida,LA MOLINA,40,AMORT DEL,1,Cliente 2,REPUESTOS
2024-12-19,Salida,LA MOLINA,41,AMORT POS,4,Cliente 26,REPUESTOS
2024-12-19,Salida,LA MOLINA,42,"LLANTAS 18""",2,Cliente 20,REPUESTOS
2024-12-19,Salida,LA MOLINA,43,BATERÍA 18 PLC,1,Cliente 42,REPUESTOS
2024-12-20,Salida,SURCO,38,ACEITE FS 5W30,2,Cliente 42,REPUESTOS
2024-12-20,Salida,SURCO,40,AMORT DEL,4,Cliente 18,REPUESTOS
2024-12-20,Salida,SURCO,41,AMORT POS,1,Cliente 16,REPUESTOS
2024-12-20,Salida,SURCO,42,"LLANTAS 18""",1,Cliente 34,REPUESTOS
2024-12-20,Salida,SURCO,43,BATERÍA 18 PLC,1,Cliente 45,REPUESTOS
2024-12-21,Salida,SURCO,38,ACEITE FS 5W30,7,Cliente 4,REPUESTOS
2024-12-21,Salida,LA MOLINA,40,AMORT DEL,2,Cliente 24,REPUESTOS
2024-12-21,Salida,SURCO,41,AMORT POS,3,Cliente 27,REPUESTOS
2024-12-21,Salida,SURCO,42,"LLANTAS 18""",1,Cliente 48,REPUESTOS
2024-12-21,Salida,LA MOLINA,43,BATERÍA 18 PLC,1,Cliente 8,REPUESTOS
2024-12-22,Salida,LA MOLINA,38,ACEITE FS 5W30,1,Cliente 14,REPUESTOS
2024-12-22,Salida,LA MOLINA,40,AMORT DEL,4,Cliente 17,REPUESTOS
2024-12-22,Salida,LA MOLINA,41,AMORT POS,3,Cliente 2,REPUESTOS
2024-12-22,Salida,LA MOLINA,42,"LLANTAS 18""",1,Cliente 3,REPUESTOS
2024-12-22,Salida,SURCO,43,BATERÍA 18 PLC,2,Cliente 35,REPUESTOS
2024-12-23,Salida,SURCO,38,ACEITE FS 5W30,3,Cliente 7,REPUESTOS
2024-12-23,Salida,SURCO,40,AMORT DEL,1,Cliente 6,REPUESTOS
2024-12-23,Salida,LA MOLINA,41,AMORT POS,2,Cliente 31,REPUESTOS
2024-12-23,Salida,LA MOLINA,42,"LLANTAS 18""",2,Cliente 9,REPUESTOS
2024-12-23,Salida,LA MOLINA,43,BATERÍA 18 PLC,1,Cliente 31,REPUESTOS
2024-12-24,Salida,SURCO,38,ACEITE FS 5W30,5,Cliente 21,REPUESTOS
2024-12-24,Salida,LA MOLINA,40,AMORT DEL,2,Cliente 31,REPUESTOS
2024-12-24,Salida,SURCO,42,"LLANTAS 18""",1,Cliente 33,REPUESTOS
2024-12-25,Salida,SURCO,38,ACEITE FS 5W30,2,Cliente 48,REPUESTOS
2024-12-25,Salida,SURCO,42,"LLANTAS 18""",1,Cliente 15,REPUESTOS
2024-12-26,Salida,LA MOLINA,38,ACEITE FS 5W30,11,Cliente 22,REPUESTOS
2024-12-26,Salida,SURCO,42,"LLANTAS 18""",3,Cliente 21,REPUESTOS
2024-12-27,Salida,LA MOLINA,38,ACEITE FS 5W30,5,Cliente 38,REPUESTOS
2024-12-27,Salida,SURCO,42,"LLANTAS 18""",1,Cliente 12,REPUESTOS
2024-12-28,Salida,LA MOLINA,42,"LLANTAS 18""",1,Cliente 21,REPUESTOS
2024-12-31,Control,SURCO,1,ACCORD,4,,AUTOS
2024-12-31,Control,SURCO,2,CIVIC,3,,AUTOS
2024-12-31,Control,SURCO,3,ODISSEY,3,,AUTOS
2024-12-31,Control,SURCO,4,CRV,2,,AUTOS
2024-12-31,Control,SURCO,5,PILOT,2,,AUTOS
2024-12-31,Control,SURCO,6,FIT,2,,AUTOS
2024-12-31,Control,SURCO,7,CITY,0,,AUTOS
2024-12-31,Control,SURCO,8,ELEMENT,0,,CAMIONETAS
2024-12-31,Control,SURCO,9,CROSSTOUR,0,,CAMIONETAS
2024-12-31,Control,SURCO,10,CR-Z,0,,CAMIONETAS
2024-12-31,Control,SURCO,11,RID LINE,0,,CAMIONETAS
2024-12-31,Control,SURCO,38,ACEITE FS 5W30,0,,REPUESTOS
2024-12-31,Control,SURCO,39,FILTRO COMBUST,23,,REPUESTOS
2024-12-31,Control,SURCO,40,AMORT DEL,0,,REPUESTOS
2024-12-31,Control,SURCO,41,AMORT POS,0,,REPUESTOS
2024-12-31,Control,SURCO,42,"LLANTAS 18""",0,,REPUESTOS
2024-12-31,Control,SURCO,43,BATERÍA 18 PLC,0,,REPUESTOS
2024-12-31,Control,LA MOLINA,1,ACCORD,2,,AUTOS
2024-12-31,Control,LA MOLINA,2,CIVIC,4,,AUTOS
2024-12-31,Control,LA MOLINA,3,ODISSEY,3,,AUTOS
2024-12-31,Control,LA MOLINA,4,CRV,4,,AUTOS
2024-12-31,Control,LA MOLINA,5,PILOT,0,,AUTOS
2024-12-31,Control,LA MOLINA,6,FIT,0,,AUTOS
2024-12-31,Control,LA MOLINA,7,CITY,0,,AUTOS
2024-12-31,Control,LA MOLINA,8,ELEMENT,0,,CAMIONETAS
2024-12-31,Control,LA MOLINA,9,CROSSTOUR,0,,CAMIONETAS
2024-12-31,Control,LA MOLINA,10,CR-Z,0,,CAMIONETAS
2024-12-31,Control,LA MOLINA,11,RID LINE,0,,CAMIONETAS
2024-12-31,Control,LA MOLINA,38,ACEITE FS 5W30,0,,REPUESTOS
2024-12-31,Control,LA MOLINA,39,FILTRO COMBUST,157,,REPUESTOS
2024-12-31,Control,LA MOLINA,40,AMORT DEL,0,,REPUESTOS
2024-12-31,Control,LA MOLINA,41,AMORT POS,0,,REPUESTOS
2024-12-31,Control,LA MOLINA,42,"LLANTAS 18""",0,,REPUESTOS
2024-12-31,Control,LA MOLINA,43,BATERÍA 18 PLC,0,,REPUESTOS
2025-01-01,Salida,LA MOLINA,1,ACCORD,1,Cliente 49,AUTOS
2025-01-01,Salida,LA MOLINA,2,CIVIC,1,Cliente 5,AUTOS
2025-01-01,Salida,LA MOLINA,3,ODISSEY,1,Cliente 42,AUTOS
2025-01-01,Salida,SURCO,5,PILOT,1,Cliente 7,AUTOS
2025-01-01,Salida,SURCO,6,FIT,1,Cliente 8,AUTOS
2025-01-01,Salida,LA MOLINA,39,FILTRO COMBUST,1,Cliente 9,REPUESTOS
2025-01-02,Salida,SURCO,1,ACCORD,1,Cliente 33,AUTOS
2025-01-02,Salida,LA MOLINA,2,CIVIC,1,Cliente 33,AUTOS
2025-01-02,Salida,SURCO,3,ODISSEY,1,Cliente 44,AUTOS
2025-01-02,Salida,SURCO,5,PILOT,1,Cliente 13,AUTOS
2025-01-02,Salida,SURCO,6,FIT,1,Cliente 37,AUTOS
2025-01-02,Salida,SURCO,39,FILTRO COMBUST,1,Cliente 35,REPUESTOS
2025-01-03,Entrada,SURCO,38,ACEITE FS 5W30,10,Prov Repuestos,REPUESTOS
2025-01-03,Entrada,SURCO,40,AMORT DEL,10,Prov Repuestos,REPUESTOS
2025-01-03,Entrada,SURCO,41,AMORT POS,10,Prov Repuestos,REPUESTOS
2025-01-03,Entrada,SURCO,42,"LLANTAS 18""",10,Prov Repuestos,REPUESTOS
2025-01-03,Entrada,SURCO,43,BATERÍA 18 PLC,5,Prov Repuestos,REPUESTOS
2025-01-03,Entrada,LA MOLINA,38,ACEITE FS 5W30,10,Prov Repuestos,REPUESTOS
2025-01-03,Entrada,LA MOLINA,40,AMORT DEL,10,Prov Repuestos,REPUESTOS
2025-01-03,Entrada,LA MOLINA,41,AMORT POS,10,Prov Repuestos,REPUESTOS
2025-01-03,Entrada,LA MOLINA,42,"LLANTAS 18""",10,Prov Repuestos,REPUESTOS
2025-01-03,Entrada,LA MOLINA,43,BATERÍA 18 PLC,5,Prov Repuestos,REPUESTOS
2025-01-03,Entrada,SURCO,43,BATERÍA 18 PLC,17,Prov Repuestos,REPUESTOS
2025-01-03,Salida,SURCO,1,ACCORD,1,Cliente 44,AUTOS
2025-01-03,Salida,SURCO,2,CIVIC,1,Cliente 49,AUTOS
2025-01-03,Salida,LA MOLINA,3,ODISSEY,1,Cliente 13,AUTOS
2025-01-03,Salida,LA MOLINA,38,ACEITE FS 5W30,1,Cliente 19,REPUESTOS
2025-01-03,Salida,LA MOLINA,39,FILTRO COMBUST,1,Cliente 31,REPUESTOS
2025-01-03,Salida,SURCO,40,AMORT DEL,2,Cliente 47,REPUESTOS
2025-01-03,Salida,SURCO,41,AMORT POS,1,Cliente 17,REPUESTOS
2025-01-03,Salida,SURCO,42,"LLANTAS 18""",3,Cliente 47,REPUESTOS
2025-01-03,Salida,SURCO,43,BATERÍA 18 PLC,1,Cliente 49,REPUESTOS
2025-01-04,Salida,SURCO,1,ACCORD,1,Cliente 10,AUTOS
2025-01-04,Salida,SURCO,2,CIVIC,1,Cliente 49,AUTOS
2025-01-04,Salida,LA MOLINA,3,ODISSEY,1,Cliente 11,AUTOS
2025-01-04,Salida,SURCO,38,ACEITE FS 5W30,2,Cliente 16,REPUESTOS
2025-01-04,Salida,SURCO,39,FILTRO COMBUST,1,Cliente 15,REPUESTOS
2025-01-04,Salida,LA MOLINA,40,AMORT DEL,1,Cliente 8,REPUESTOS
2025-01-04,Salida,SURCO,41,AMORT POS,1,Cliente 29,REPUESTOS
2025-01-04,Salida,LA MOLINA,42,"LLANTAS 18""",3,Cliente 1,REPUESTOS
2025-01-04,Salida,SURCO,43,BATERÍA 18 PLC,2,Cliente 50,REPUESTOS
2025-01-05,Salida,LA MOLINA,2,CIVIC,1,Cliente 15,AUTOS
2025-01-05,Salida,SURCO,3,ODISSEY,1,Cliente 8,AUTOS
2025-01-05,Salida,LA MOLINA,38,ACEITE FS 5W30,3,Cliente 10,REPUESTOS
2025-01-05,Salida,LA MOLINA,39,FILTRO COMBUST,1,Cliente 18,REPUESTOS
2025-01-05,Salida,LA MOLINA,40,AMORT DEL,2,Cliente 8,REPUESTOS
2025-01-05,Salida,SURCO,41,AMORT POS,2,Cliente 46,REPUESTOS
2025-01-05,Salida,SURCO,42,"LLANTAS 18""",3,Cliente 34,REPUESTOS
2025-01-05,Salida,LA MOLINA,43,BATERÍA 18 PLC,1,Cliente 16,REPUESTOS
2025-01-06,Salida,LA MOLINA,2,CIVIC,1,Cliente 27,AUTOS
2025-01-06,Salida,LA MOLINA,38,ACEITE FS 5W30,1,Cliente 47,REPUESTOS
2025-01-06,Salida,LA MOLINA,40,AMORT DEL,2,Cliente 27,REPUESTOS
2025-01-06,Salida,SURCO,41,AMORT POS,2,Cliente 1,REPUESTOS
2025-01-06,Salida,SURCO,42,"LLANTAS 18""",4,Cliente 38,REPUESTOS
2025-01-06,Salida,LA MOLINA,43,BATERÍA 18 PLC,1,Cliente 43,REPUESTOS
2025-01-07,Salida,LA MOLINA,38,ACEITE FS 5W30,1,Cliente 36,REPUESTOS
2025-01-07,Salida,LA MOLINA,40,AMORT DEL,2,Cliente 3,REPUESTOS
2025-01-07,Salida,SURCO,41,AMORT POS,1,Cliente 37,REPUESTOS
2025-01-07,Salida,LA MOLINA,42,"LLANTAS 18""",1,Cliente 24,REPUESTOS
2025-01-07,Salida,LA MOLINA,43,BATERÍA 18 PLC,2,Cliente 46,REPUESTOS
2025-01-08,Salida,LA MOLINA,38,ACEITE FS 5W30,3,Cliente 30,REPUESTOS
2025-01-08,Salida,LA MOLINA,40,AMORT DEL,1,Cliente 41,REPUESTOS
2025-01-08,Salida,SURCO,41,AMORT POS,3,Cliente 14,REPUESTOS
2025-01-08,Salida,LA MOLINA,42,"LLANTAS 18""",2,Cliente 41,REPUESTOS
2025-01-08,Salida,LA MOLINA,43,BATERÍA 18 PLC,1,Cliente 27,REPUESTOS
2025-01-09,Entrada,SURCO,1,ACCORD,1,Prov Vehículos,AUTOS
2025-01-09,Entrada,SURCO,2,CIVIC,2,Prov Vehículos,AUTOS
2025-01-09,Entrada,SURCO,3,ODISSEY,2,Prov Vehículos,AUTOS
2025-01-09,Entrada,SURCO,4,CRV,3,Prov Vehículos,AUTOS
2025-01-09,Entrada,SURCO,5,PILOT,3,Prov Vehículos,AUTOS
2025-01-09,Entrada,SURCO,6,FIT,3,Prov Vehículos,AUTOS
2025-01-09,Entrada,SURCO,7,CITY,5,Prov Vehículos,AUTOS
2025-01-09,Entrada,LA MOLINA,1,ACCORD,3,Prov Vehículos,AUTOS
2025-01-09,Entrada,LA MOLINA,2,CIVIC,1,Prov Vehículos,AUTOS
2025-01-09,Entrada,LA MOLINA,3,ODISSEY,2,Prov Vehículos,AUTOS
2025-01-09,Entrada,LA MOLINA,4,CRV,1,Prov Vehículos,AUTOS
2025-01-09,Salida,SURCO,5,PILOT,1,Cliente 17,AUTOS
2025-01-09,Salida,SURCO,6,FIT,1,Cliente 23,AUTOS
2025-01-09,Salida,SURCO,7,CITY,1,Cliente 29,AUTOS
2025-01-09,Salida,LA MOLINA,38,ACEITE FS 5W30,3,Cliente 45,REPUESTOS
2025-01-09,Salida,SURCO,40,AMORT DEL,1,Cliente 36,REPUESTOS
2025-01-09,Salida,LA MOLINA,41,AMORT POS,3,Cliente 48,REPUESTOS
2025-01-09,Salida,LA MOLINA,42,"LLANTAS 18""",3,Cliente 32,REPUESTOS
2025-01-09,Salida,SURCO,43,BATERÍA 18 PLC,2,Cliente 40,REPUESTOS
2025-01-10,Salida,SURCO,5,PILOT,1,Cliente 21,AUTOS
2025-01-10,Salida,SURCO,6,FIT,1,Cliente 47,AUTOS
2025-01-10,Salida,SURCO,7,CITY,1,Cliente 21,AUTOS
2025-01-10,Salida,SURCO,38,ACEITE FS 5W30,4,Cliente 49,REPUESTOS
2025-01-10,Salida,LA MOLINA,40,AMORT DEL,1,Cliente 46,REPUESTOS
2025-01-10,Salida,LA MOLINA,41,AMORT POS,2,Cliente 29,REPUESTOS
2025-01-10,Salida,LA MOLINA,42,"LLANTAS 18""",1,Cliente 21,REPUESTOS
2025-01-10,Salida,SURCO,43,BATERÍA 18 PLC,1,Cliente 38,REPUESTOS
2025-01-11,Salida,SURCO,5,PILOT,1,Cliente 49,AUTOS
2025-01-11,Salida,SURCO,7,CITY,1,Cliente 26,AUTOS
2025-01-11,Salida,SURCO,38,ACEITE FS 5W30,1,Cliente 6,REPUESTOS
2025-01-11,Salida,LA MOLINA,40,AMORT DEL,1,Cliente 10,REPUESTOS
2025-01-11,Salida,LA MOLINA,41,AMORT POS,3,Cliente 26,REPUESTOS
2025-01-11,Salida,SURCO,43,BATERÍA 18 PLC,1,Cliente 40,REPUESTOS
2025-01-12,Salida,SURCO,7,CITY,1,Cliente 21,AUTOS
2025-01-12,Salida,SURCO,38,ACEITE FS 5W30,3,Cliente 16,REPUESTOS
2025-01-12,Salida,SURCO,40,AMORT DEL,1,Cliente 2,REPUESTOS
2025-01-12,Salida,LA MOLINA,41,AMORT POS,1,Cliente 16,REPUESTOS
2025-01-12,Salida,SURCO,43,BATERÍA 18 PLC,1,Cliente 1,REPUESTOS
2025-01-13,Salida,LA MOLINA,38,ACEITE FS 5W30,2,Cliente 40,REPUESTOS
2025-01-13,Salida,SURCO,40,AMORT DEL,2,Cliente 36,REPUESTOS
2025-01-13,Salida,LA MOLINA,41,AMORT POS,1,Cliente 27,REPUESTOS
2025-01-13,Salida,SURCO,43,BATERÍA 18 PLC,2,Cliente 48,REPUESTOS
2025-01-14,Salida,LA MOLINA,38,ACEITE FS 5W30,3,Cliente 28,REPUESTOS
2025-01-14,Salida,SURCO,40,AMORT DEL,2,Cliente 21,REPUESTOS
2025-01-14,Salida,SURCO,43,BATERÍA 18 PLC,1,Cliente 45,REPUESTOS
2025-01-14,Control,SURCO,1,ACCORD,2,,AUTOS
2025-01-14,Control,SURCO,2,CIVIC,3,,AUTOS
2025-01-14,Control,SURCO,3,ODISSEY,3,,AUTOS
2025-01-14,Control,SURCO,4,CRV,5,,AUTOS
2025-01-14,Control,SURCO,5,PILOT,0,,AUTOS
2025-01-14,Control,SURCO,6,FIT,1,,AUTOS
2025-01-14,Control,SURCO,7,CITY,1,,AUTOS
2025-01-14,Control,SURCO,8,ELEMENT,0,,CAMIONETAS
2025-01-14,Control,SURCO,9,CROSSTOUR,0,,CAMIONETAS
2025-01-14,Control,SURCO,10,CR-Z,0,,CAMIONETAS
2025-01-14,Control,SURCO,11,RID LINE,0,,CAMIONETAS
2025-01-14,Control,SURCO,38,ACEITE FS 5W30,0,,REPUESTOS
2025-01-14,Control,SURCO,39,FILTRO COMBUST,21,,REPUESTOS
2025-01-14,Control,SURCO,40,AMORT DEL,2,,REPUESTOS
2025-01-14,Control,SURCO,41,AMORT POS,0,,REPUESTOS
2025-01-14,Control,SURCO,42,"LLANTAS 18""",0,,REPUESTOS
2025-01-14,Control,SURCO,43,BATERÍA 18 PLC,11,,REPUESTOS
2025-01-14,Control,LA MOLINA,1,ACCORD,4,,AUTOS
2025-01-14,Control,LA MOLINA,2,CIVIC,1,,AUTOS
2025-01-14,Control,LA MOLINA,3,ODISSEY,2,,AUTOS
2025-01-14,Control,LA MOLINA,4,CRV,5,,AUTOS
2025-01-14,Control,LA MOLINA,5,PILOT,0,,AUTOS
2025-01-14,Control,LA MOLINA,6,FIT,0,,AUTOS
2025-01-14,Control,LA MOLINA,7,CITY,0,,AUTOS
2025-01-14,Control,LA MOLINA,8,ELEMENT,0,,CAMIONETAS
2025-01-14,Control,LA MOLINA,9,CROSSTOUR,0,,CAMIONETAS
2025-01-14,Control,LA MOLINA,10,CR-Z,0,,CAMIONETAS
2025-01-14,Control,LA MOLINA,11,RID LINE,0,,CAMIONETAS
2025-01-14,Control,LA MOLINA,38,ACEITE FS 5W30,3,,REPUESTOS
2025-01-14,Control,LA MOLINA,39,FILTRO COMBUST,154,,REPUESTOS
2025-01-14,Control,LA MOLINA,40,AMORT DEL,0,,REPUESTOS
2025-01-14,Control,LA MOLINA,41,AMORT POS,0,,REPUESTOS
2025-01-14,Control,LA MOLINA,42,"LLANTAS 18""",0,,REPUESTOS
2025-01-14,Control,LA MOLINA,43,BATERÍA 18 PLC,0,,REPUESTOS
2025-01-15,Salida,LA MOLINA,38,ACEITE FS 5W30,2,Cliente 33,REPUESTOS
2025-01-15,Salida,SURCO,40,AMORT DEL,2,Cliente 39,REPUESTOS
2025-01-15,Salida,SURCO,43,BATERÍA 18 PLC,1,Cliente 18,REPUESTOS
2025-01-16,Salida,LA MOLINA,38,ACEITE FS 5W30,1,Cliente 40,REPUESTOS
2025-01-16,Salida,SURCO,43,BATERÍA 18 PLC,1,Cliente 36,REPUESTOS
2025-01-17,Entrada,SURCO,38,ACEITE FS 5W30,10,Prov Repuestos,REPUESTOS
2025-01-17,Entrada,SURCO,40,AMORT DEL,8,Prov Repuestos,REPUESTOS
2025-01-17,Entrada,SURCO,41,AMORT POS,10,Prov Repuestos,REPUESTOS
2025-01-17,Entrada,SURCO,42,"LLANTAS 18""",10,Prov Repuestos,REPUESTOS
2025-01-17,Entrada,LA MOLINA,38,ACEITE FS 5W30,7,Prov Repuestos,REPUESTOS
2025-01-17,Entrada,LA MOLINA,40,AMORT DEL,10,Prov Repuestos,REPUESTOS
2025-01-17,Entrada,LA MOLINA,41,AMORT POS,10,Prov Repuestos,REPUESTOS
2025-01-17,Entrada,LA MOLINA,42,"LLANTAS 18""",10,Prov Repuestos,REPUESTOS
2025-01-17,Entrada,LA MOLINA,43,BATERÍA 18 PLC,5,Prov Repuestos,REPUESTOS
2025-01-17,Entrada,SURCO,42,"LLANTAS 18""",13,Prov Repuestos,REPUESTOS
2025-01-17,Entrada,LA MOLINA,42,"LLANTAS 18""",13,Prov Repuestos,REPUESTOS
2025-01-17,Salida,SURCO,38,ACEITE FS 5W30,5,Cliente 23,REPUESTOS
2025-01-17,Salida,SURCO,40,AMORT DEL,3,Cliente 5,REPUESTOS
2025-01-17,Salida,LA MOLINA,41,AMORT POS,1,Cliente 37,REPUESTOS
2025-01-17,Salida,SURCO,42,"LLANTAS 18""",6,Cliente 46,REPUESTOS
2025-01-17,Salida,LA MOLINA,43,BATERÍA 18 PLC,2,Cliente 46,REPUESTOS
2025-01-18,Salida,SURCO,38,ACEITE FS 5W30,4,Cliente 43,REPUESTOS
2025-01-18,Salida,LA MOLINA,40,AMORT DEL,2,Cliente 22,REPUESTOS
2025-01-18,Salida,SURCO,41,AMORT POS,4,Cliente 50,REPUESTOS
2025-01-18,Salida,LA MOLINA,42,"LLANTAS 18""",6,Cliente 1,REPUESTOS
2025-01-18,Salida,LA MOLINA,43,BATERÍA 18 PLC,1,Cliente 38,REPUESTOS
2025-01-19,Salida,SURCO,38,ACEITE FS 5W30,1,Cliente 34,REPUESTOS
2025-01-19,Salida,SURCO,40,AMORT DEL,3,Cliente 47,REPUESTOS
2025-01-19,Salida,SURCO,41,AMORT POS,2,Cliente 12,REPUESTOS
2025-01-19,Salida,LA MOLINA,42,"LLANTAS 18""",6,Cliente 47,REPUESTOS
2025-01-19,Salida,SURCO,43,BATERÍA 18 PLC,2,Cliente 7,REPUESTOS
2025-01-20,Salida,LA MOLINA,38,ACEITE FS 5W30,5,Cliente 27,REPUESTOS
2025-01-20,Salida,LA MOLINA,40,AMORT DEL,3,Cliente 9,REPUESTOS
2025-01-20,Salida,SURCO,41,AMORT POS,2,Cliente 20,REPUESTOS
2025-01-20,Salida,LA MOLINA,42,"LLANTAS 18""",2,Cliente 17,REPUESTOS
2025-01-20,Salida,SURCO,43,BATERÍA 18 PLC,1,Cliente 17,REPUESTOS
2025-01-21,Salida,LA MOLINA,38,ACEITE FS 5W30,2,Cliente 23,REPUESTOS
2025-01-21,Salida,LA MOLINA,40,AMORT DEL,2,Cliente 49,REPUESTOS
2025-01-21,Salida,LA MOLINA,41,AMORT POS,5,Cliente 2,REPUESTOS
2025-01-21,Salida,SURCO,42,"LLANTAS 18""",1,Cliente 44,REPUESTOS
2025-01-21,Salida,SURCO,43,BATERÍA 18 PLC,1,Cliente 1,REPUESTOS
2025-01-22,Salida,LA MOLINA,40,AMORT DEL,1,Cliente 25,REPUESTOS
2025-01-22,Salida,LA MOLINA,41,AMORT POS,1,Cliente 5,REPUESTOS
2025-01-22,Salida,LA MOLINA,42,"LLANTAS 18""",4,Cliente 12,REPUESTOS
2025-01-22,Salida,LA MOLINA,43,BATERÍA 18 PLC,1,Cliente 7,REPUESTOS
2025-01-23,Salida,SURCO,40,AMORT DEL,2,Cliente 29,REPUESTOS
2025-01-23,Salida,SURCO,41,AMORT POS,2,Cliente 29,REPUESTOS
2025-01-23,Salida,SURCO,42,"LLANTAS 18""",1,Cliente 20,REPUESTOS
2025-01-23,Salida,LA MOLINA,43,BATERÍA 18 PLC,1,Cliente 44,REPUESTOS
2025-01-24,Salida,LA MOLINA,40,AMORT DEL,2,Cliente 7,REPUESTOS
2025-01-24,Salida,LA MOLINA,41,AMORT POS,2,Cliente 40,REPUESTOS
2025-01-24,Salida,LA MOLINA,42,"LLANTAS 18""",5,Cliente 29,REPUESTOS
2025-01-24,Salida,SURCO,43,BATERÍA 18 PLC,1,Cliente 16,REPUESTOS
2025-01-25,Salida,LA MOLINA,41,AMORT POS,1,Cliente 26,REPUESTOS
2025-01-25,Salida,SURCO,42,"LLANTAS 18""",6,Cliente 31,REPUESTOS
2025-01-25,Salida,SURCO,43,BATERÍA 18 PLC,1,Cliente 43,REPUESTOS
2025-01-26,Salida,SURCO,42,"LLANTAS 18""",9,Cliente 19,REPUESTOS
2025-01-26,Salida,SURCO,43,BATERÍA 18 PLC,2,Cliente 49,REPUESTOS
2025-01-27,Salida,SURCO,43,BATERÍA 18 PLC,1,Cliente 32,REPUESTOS
2025-01-31,Control,SURCO,1,ACCORD,2,,AUTOS
2025-01-31,Control,SURCO,2,CIVIC,3,,AUTOS
2025-01-31,Control,SURCO,3,ODISSEY,3,,AUTOS
2025-01-31,Control,SURCO,4,CRV,5,,AUTOS
2025-01-31,Control,SURCO,5,PILOT,0,,AUTOS
2025-01-31,Control,SURCO,6,FIT,1,,AUTOS
2025-01-31,Control,SURCO,7,CITY,1,,AUTOS
2025-01-31,Control,SURCO,8,ELEMENT,0,,CAMIONETAS
2025-01-31,Control,SURCO,9,CROSSTOUR,0,,CAMIONETAS
2025-01-31,Control,SURCO,10,CR-Z,0,,CAMIONETAS
2025-01-31,Control,SURCO,11,RID LINE,0,,CAMIONETAS
2025-01-31,Control,SURCO,38,ACEITE FS 5W30,0,,REPUESTOS
2025-01-31,Control,SURCO,39,FILTRO COMBUST,21,,REPUESTOS
2025-01-31,Control,SURCO,40,AMORT DEL,0,,REPUESTOS
2025-01-31,Control,SURCO,41,AMORT POS,0,,REPUESTOS
2025-01-31,Control,SURCO,42,"LLANTAS 18""",0,,REPUESTOS
2025-01-31,Control,SURCO,43,BATERÍA 18 PLC,0,,REPUESTOS
2025-01-31,Control,LA MOLINA,1,ACCORD,4,,AUTOS
2025-01-31,Control,LA MOLINA,2,CIVIC,1,,AUTOS
2025-01-31,Control,LA MOLINA,3,ODISSEY,2,,AUTOS
2025-01-31,Control,LA MOLINA,4,CRV,5,,AUTOS
2025-01-31,Control,LA MOLINA,5,PILOT,0,,AUTOS
2025-01-31,Control,LA MOLINA,6,FIT,0,,AUTOS
2025-01-31,Control,LA MOLINA,7,CITY,0,,AUTOS
2025-01-31,Control,LA MOLINA,8,ELEMENT,0,,CAMIONETAS
2025-01-31,Control,LA MOLINA,9,CROSSTOUR,0,,CAMIONETAS
2025-01-31,Control,LA MOLINA,10,CR-Z,0,,CAMIONETAS
2025-01-31,Control,LA MOLINA,11,RID LINE,0,,CAMIONETAS
2025-01-31,Control,LA MOLINA,38,ACEITE FS 5W30,0,,REPUESTOS
2025-01-31,Control,LA MOLINA,39,FILTRO COMBUST,154,,REPUESTOS
2025-01-31,Control,LA MOLINA,40,AMORT DEL,0,,REPUESTOS
2025-01-31,Control,LA MOLINA,41,AMORT POS,0,,REPUESTOS
2025-01-31,Control,LA MOLINA,42,"LLANTAS 18""",0,,REPUESTOS
2025-01-31,Control,LA MOLINA,43,BATERÍA 18 PLC,0,,REPUESTOS
2025-02-01,Salida,SURCO,1,ACCORD,1,Cliente 44,AUTOS
2025-02-01,Salida,SURCO,2,CIVIC,1,Cliente 33,AUTOS
2025-02-01,Salida,SURCO,3,ODISSEY,1,Cliente 14,AUTOS
2025-02-01,Salida,LA MOLINA,4,CRV,1,Cliente 12,AUTOS
2025-02-01,Salida,SURCO,6,FIT,1,Cliente 5,AUTOS
2025-02-01,Salida,SURCO,7,CITY,1,Cliente 14,AUTOS
2025-02-01,Salida,SURCO,39,FILTRO COMBUST,1,Cliente 3,REPUESTOS
2025-02-02,Salida,LA MOLINA,1,ACCORD,1,Cliente 1,AUTOS
2025-02-02,Salida,LA MOLINA,2,CIVIC,1,Cliente 12,AUTOS
2025-02-02,Salida,SURCO,3,ODISSEY,1,Cliente 24,AUTOS
2025-02-02,Salida,SURCO,4,CRV,1,Cliente 10,AUTOS
2025-02-02,Salida,SURCO,39,FILTRO COMBUST,1,Cliente 40,REPUESTOS
2025-02-03,Entrada,SURCO,38,ACEITE FS 5W30,10,Prov Repuestos,REPUESTOS
2025-02-03,Entrada,SURCO,40,AMORT DEL,10,Prov Repuestos,REPUESTOS
2025-02-03,Entrada,SURCO,41,AMORT POS,10,Prov Repuestos,REPUESTOS
2025-02-03,Entrada,SURCO,42,"LLANTAS 18""",10,Prov Repuestos,REPUESTOS
2025-02-03,Entrada,SURCO,43,BATERÍA 18 PLC,5,Prov Repuestos,REPUESTOS
2025-02-03,Entrada,LA MOLINA,38,ACEITE FS 5W30,10,Prov Repuestos,REPUESTOS
2025-02-03,Entrada,LA MOLINA,40,AMORT DEL,10,Prov Repuestos,REPUESTOS
2025-02-03,Entrada,LA MOLINA,41,AMORT POS,10,Prov Repuestos,REPUESTOS
2025-02-03,Entrada,LA MOLINA,42,"LLANTAS 18""",10,Prov Repuestos,REPUESTOS
2025-02-03,Entrada,LA MOLINA,43,BATERÍA 18 PLC,5,Prov Repuestos,REPUESTOS
2025-02-03,Entrada,SURCO,39,FILTRO COMBUST,19,Prov Repuestos,REPUESTOS
2025-02-03,Entrada,LA MOLINA,40,AMORT DEL,13,Prov Repuestos,REPUESTOS
2025-02-03,Salida,SURCO,1,ACCORD,1,Cliente 42,AUTOS
2025-02-03,Salida,SURCO,2,CIVIC,1,Cliente 45,AUTOS
2025-02-03,Salida,LA MOLINA,3,ODISSEY,1,Cliente 27,AUTOS
2025-02-03,Salida,LA MOLINA,4,CRV,1,Cliente 13,AUTOS
2025-02-03,Salida,SURCO,38,ACEITE FS 5W30,2,Cliente 41,REPUESTOS
2025-02-03,Salida,SURCO,39,FILTRO COMBUST,1,Cliente 45,REPUESTOS
2025-02-03,Salida,SURCO,40,AMORT DEL,2,Cliente 5,REPUESTOS
2025-02-03,Salida,SURCO,41,AMORT POS,1,Cliente 32,REPUESTOS
2025-02-03,Salida,LA MOLINA,42,"LLANTAS 18""",2,Cliente 11,REPUESTOS
2025-02-03,Salida,LA MOLINA,43,BATERÍA 18 PLC,1,Cliente 19,REPUESTOS
2025-02-04,Salida,LA MOLINA,1,ACCORD,1,Cliente 19,AUTOS
2025-02-04,Salida,SURCO,2,CIVIC,1,Cliente 7,AUTOS
2025-02-04,Salida,LA MOLINA,3,ODISSEY,1,Cliente 13,AUTOS
2025-02-04,Salida,LA MOLINA,38,ACEITE FS 5W30,3,Cliente 13,REPUESTOS
2025-02-04,Salida,SURCO,39,FILTRO COMBUST,1,Cliente 31,REPUESTOS
2025-02-04,Salida,SURCO,40,AMORT DEL,1,Cliente 15,REPUESTOS
2025-02-04,Salida,SURCO,41,AMORT POS,4,Cliente 6,REPUESTOS
2025-02-04,Salida,LA MOLINA,42,"LLANTAS 18""",2,Cliente 40,REPUESTOS
2025-02-04,Salida,LA MOLINA,43,BATERÍA 18 PLC,1,Cliente 48,REPUESTOS
2025-02-05,Salida,LA MOLINA,1,ACCORD,1,Cliente 39,AUTOS
2025-02-05,Salida,SURCO,38,ACEITE FS 5W30,3,Cliente 50,REPUESTOS
2025-02-05,Salida,LA MOLINA,39,FILTRO COMBUST,1,Cliente 3,REPUESTOS
2025-02-05,Salida,SURCO,40,AMORT DEL,1,Cliente 22,REPUESTOS
2025-02-05,Salida,LA MOLINA,41,AMORT POS,2,Cliente 30,REPUESTOS
2025-02-05,Salida,LA MOLINA,42,"LLANTAS 18""",1,Cliente 25,REPUESTOS
2025-02-05,Salida,LA MOLINA,43,BATERÍA 18 PLC,1,Cliente 33,REPUESTOS
2025-02-06,Salida,LA MOLINA,1,ACCORD,1,Cliente 12,AUTOS
2025-02-06,Salida,LA MOLINA,38,ACEITE FS 5W30,2,Cliente 2,REPUESTOS
2025-02-06,Salida,SURCO,39,FILTRO COMBUST,1,Cliente 16,REPUESTOS
2025-02-06,Salida,SURCO,40,AMORT DEL,3,Cliente 10,REPUESTOS
2025-02-06,Salida,SURCO,41,AMORT POS,3,Cliente 8,REPUESTOS
2025-02-06,Salida,SURCO,42,"LLANTAS 18""",4,Cliente 40,REPUESTOS
2025-02-06,Salida,LA MOLINA,43,BATERÍA 18 PLC,2,Cliente 3,REPUESTOS
2025-02-07,Salida,SURCO,38,ACEITE FS 5W30,1,Cliente 1,REPUESTOS
2025-02-07,Salida,SURCO,39,FILTRO COMBUST,1,Cliente 37,REPUESTOS
2025-02-07,Salida,SURCO,40,AMORT DEL,3,Cliente 15,REPUESTOS
2025-02-07,Salida,SURCO,41,AMORT POS,1,Cliente 42,REPUESTOS
2025-02-07,Salida,LA MOLINA,42,"LLANTAS 18""",5,Cliente 19,REPUESTOS
2025-02-07,Salida,SURCO,43,BATERÍA 18 PLC,2,Cliente 48,REPUESTOS
2025-02-08,Salida,LA MOLINA,38,ACEITE FS 5W30,3,Cliente 40,REPUESTOS
2025-02-08,Salida,LA MOLINA,39,FILTRO COMBUST,1,Cliente 41,REPUESTOS
2025-02-08,Salida,LA MOLINA,40,AMORT DEL,4,Cliente 30,REPUESTOS
2025-02-08,Salida,SURCO,41,AMORT POS,1,Cliente 10,REPUESTOS
2025-02-08,Salida,SURCO,42,"LLANTAS 18""",2,Cliente 17,REPUESTOS
2025-02-08,Salida,SURCO,43,BATERÍA 18 PLC,2,Cliente 28,REPUESTOS
2025-02-09,Entrada,SURCO,1,ACCORD,3,Prov Vehículos,AUTOS
2025-02-09,Entrada,SURCO,2,CIVIC,2,Prov Vehículos,AUTOS
2025-02-09,Entrada,SURCO,3,ODISSEY,2,Prov Vehículos,AUTOS
2025-02-09,Entrada,SURCO,5,PILOT,5,Prov Vehículos,AUTOS
2025-02-09,Entrada,SURCO,6,FIT,4,Prov Vehículos,AUTOS
2025-02-09,Entrada,SURCO,7,CITY,4,Prov Vehículos,AUTOS
2025-02-09,Entrada,LA MOLINA,1,ACCORD,1,Prov Vehículos,AUTOS
2025-02-09,Entrada,LA MOLINA,2,CIVIC,4,Prov Vehículos,AUTOS
2025-02-09,Entrada,LA MOLINA,3,ODISSEY,3,Prov Vehículos,AUTOS
2025-02-09,Salida,SURCO,5,PILOT,1,Cliente 3,AUTOS
2025-02-09,Salida,SURCO,6,FIT,1,Cliente 46,AUTOS
2025-02-09,Salida,SURCO,7,CITY,1,Cliente 26,AUTOS
2025-02-09,Salida,LA MOLINA,38,ACEITE FS 5W30,2,Cliente 14,REPUESTOS
2025-02-09,Salida,LA MOLINA,39,FILTRO COMBUST,1,Cliente 27,REPUESTOS
2025-02-09,Salida,LA MOLINA,40,AMORT DEL,4,Cliente 25,REPUESTOS
2025-02-09,Salida,LA MOLINA,41,AMORT POS,3,Cliente 21,REPUESTOS
2025-02-09,Salida,SURCO,42,"LLANTAS 18""",2,Cliente 16,REPUESTOS
2025-02-09,Salida,SURCO,43,BATERÍA 18 PLC,1,Cliente 47,REPUESTOS
2025-02-10,Salida,SURCO,5,PILOT,1,Cliente 30,AUTOS
2025-02-10,Salida,SURCO,6,FIT,1,Cliente 24,AUTOS
2025-02-10,Salida,SURCO,38,ACEITE FS 5W30,1,Cliente 10,REPUESTOS
2025-02-10,Salida,SURCO,39,FILTRO COMBUST,1,Cliente 35,REPUESTOS
2025-02-10,Salida,LA MOLINA,40,AMORT DEL,3,Cliente 4,REPUESTOS
2025-02-10,Salida,LA MOLINA,41,AMORT POS,2,Cliente 36,REPUESTOS
2025-02-10,Salida,SURCO,42,"LLANTAS 18""",2,Cliente 12,REPUESTOS
2025-02-11,Salida,SURCO,5,PILOT,1,Cliente 25,AUTOS
2025-02-11,Salida,SURCO,6,FIT,1,Cliente 18,AUTOS
2025-02-11,Salida,SURCO,38,ACEITE FS 5W30,1,Cliente 37,REPUESTOS
2025-02-11,Salida,SURCO,39,FILTRO COMBUST,1,Cliente 27,REPUESTOS
2025-02-11,Salida,LA MOLINA,40,AMORT DEL,4,Cliente 48,REPUESTOS
2025-02-11,Salida,LA MOLINA,41,AMORT POS,3,Cliente 40,REPUESTOS
2025-02-12,Salida,SURCO,5,PILOT,1,Cliente 5,AUTOS
2025-02-12,Salida,SURCO,6,FIT,1,Cliente 1,AUTOS
2025-02-12,Salida,SURCO,38,ACEITE FS 5W30,2,Cliente 21,REPUESTOS
2025-02-12,Salida,SURCO,39,FILTRO COMBUST,1,Cliente 48,REPUESTOS
2025-02-12,Salida,LA MOLINA,40,AMORT DEL,2,Cliente 5,REPUESTOS
2025-02-13,Salida,LA MOLINA,39,FILTRO COMBUST,1,Cliente 46,REPUESTOS
2025-02-13,Salida,LA MOLINA,40,AMORT DEL,3,Cliente 7,REPUESTOS
2025-02-14,Salida,SURCO,39,FILTRO COMBUST,1,Cliente 35,REPUESTOS
2025-02-14,Salida,LA MOLINA,40,AMORT DEL,3,Cliente 36,REPUESTOS
2025-02-14,Control,SURCO,1,ACCORD,3,,AUTOS
2025-02-14,Control,SURCO,2,CIVIC,2,,AUTOS
2025-02-14,Control,SURCO,3,ODISSEY,3,,AUTOS
2025-02-14,Control,SURCO,4,CRV,4,,AUTOS
2025-02-14,Control,SURCO,5,PILOT,1,,AUTOS
2025-02-14,Control,SURCO,6,FIT,0,,AUTOS
2025-02-14,Control,SURCO,7,CITY,3,,AUTOS
2025-02-14,Control,SURCO,8,ELEMENT,0,,CAMIONETAS
2025-02-14,Control,SURCO,9,CROSSTOUR,0,,CAMIONETAS
2025-02-14,Control,SURCO,10,CR-Z,0,,CAMIONETAS
2025-02-14,Control,SURCO,11,RID LINE,0,,CAMIONETAS
2025-02-14,Control,SURCO,38,ACEITE FS 5W30,0,,REPUESTOS
2025-02-14,Control,SURCO,39,FILTRO COMBUST,30,,REPUESTOS
2025-02-14,Control,SURCO,40,AMORT DEL,0,,REPUESTOS
2025-02-14,Control,SURCO,41,AMORT POS,0,,REPUESTOS
2025-02-14,Control,SURCO,42,"LLANTAS 18""",0,,REPUESTOS
2025-02-14,Control,SURCO,43,BATERÍA 18 PLC,0,,REPUESTOS
2025-02-14,Control,LA MOLINA,1,ACCORD,1,,AUTOS
2025-02-14,Control,LA MOLINA,2,CIVIC,4,,AUTOS
2025-02-14,Control,LA MOLINA,3,ODISSEY,3,,AUTOS
2025-02-14,Control,LA MOLINA,4,CRV,3,,AUTOS
2025-02-14,Control,LA MOLINA,5,PILOT,0,,AUTOS
2025-02-14,Control,LA MOLINA,6,FIT,0,,AUTOS
2025-02-14,Control,LA MOLINA,7,CITY,0,,AUTOS
2025-02-14,Control,LA MOLINA,8,ELEMENT,0,,CAMIONETAS
2025-02-14,Control,LA MOLINA,9,CROSSTOUR,0,,CAMIONETAS
2025-02-14,Control,LA MOLINA,10,CR-Z,0,,CAMIONETAS
2025-02-14,Control,LA MOLINA,11,RID LINE,0,,CAMIONETAS
2025-02-14,Control,LA MOLINA,38,ACEITE FS 5W30,0,,REPUESTOS
2025-02-14,Control,LA MOLINA,39,FILTRO COMBUST,150,,REPUESTOS
2025-02-14,Control,LA MOLINA,40,AMORT DEL,0,,REPUESTOS
2025-02-14,Control,LA MOLINA,41,AMORT POS,0,,REPUESTOS
2025-02-14,Control,LA MOLINA,42,"LLANTAS 18""",0,,REPUESTOS
2025-02-14,Control,LA MOLINA,43,BATERÍA 18 PLC,0,,REPUESTOS
2025-02-17,Entrada,SURCO,38,ACEITE FS 5W30,10,Prov Repuestos,REPUESTOS
2025-02-17,Entrada,SURCO,40,AMORT DEL,10,Prov Repuestos,REPUESTOS
2025-02-17,Entrada,SURCO,41,AMORT POS,10,Prov Repuestos,REPUESTOS
2025-02-17,Entrada,SURCO,42,"LLANTAS 18""",10,Prov Repuestos,REPUESTOS
2025-02-17,Entrada,SURCO,43,BATERÍA 18 PLC,5,Prov Repuestos,REPUESTOS
2025-02-17,Entrada,LA MOLINA,38,ACEITE FS 5W30,10,Prov Repuestos,REPUESTOS
2025-02-17,Entrada,LA MOLINA,40,AMORT DEL,10,Prov Repuestos,REPUESTOS
2025-02-17,Entrada,LA MOLINA,41,AMORT POS,10,Prov Repuestos,REPUESTOS
2025-02-17,Entrada,LA MOLINA,42,"LLANTAS 18""",10,Prov Repuestos,REPUESTOS
2025-02-17,Entrada,LA MOLINA,43,BATERÍA 18 PLC,5,Prov Repuestos,REPUESTOS
2025-02-17,Entrada,SURCO,43,BATERÍA 18 PLC,10,Prov Repuestos,REPUESTOS
2025-02-17,Entrada,LA MOLINA,39,FILTRO COMBUST,17,Prov Repuestos,REPUESTOS
2025-02-17,Salida,SURCO,38,ACEITE FS 5W30,2,Cliente 38,REPUESTOS
2025-02-17,Salida,SURCO,40,AMORT DEL,4,Cliente 29,REPUESTOS
2025-02-17,Salida,LA MOLINA,41,AMORT POS,4,Cliente 22,REPUESTOS
2025-02-17,Salida,SURCO,42,"LLANTAS 18""",6,Cliente 12,REPUESTOS
2025-02-17,Salida,LA MOLINA,43,BATERÍA 18 PLC,3,Cliente 44,REPUESTOS
2025-02-18,Salida,SURCO,38,ACEITE FS 5W30,2,Cliente 43,REPUESTOS
2025-02-18,Salida,LA MOLINA,40,AMORT DEL,6,Cliente 19,REPUESTOS
2025-02-18,Salida,LA MOLINA,41,AMORT POS,3,Cliente 2,REPUESTOS
2025-02-18,Salida,SURCO,42,"LLANTAS 18""",4,Cliente 24,REPUESTOS
2025-02-18,Salida,LA MOLINA,43,BATERÍA 18 PLC,1,Cliente 34,REPUESTOS
2025-02-19,Salida,LA MOLINA,38,ACEITE FS 5W30,4,Cliente 11,REPUESTOS
2025-02-19,Salida,SURCO,40,AMORT DEL,6,Cliente 45,REPUESTOS
2025-02-19,Salida,LA MOLINA,41,AMORT POS,3,Cliente 28,REPUESTOS
2025-02-19,Salida,LA MOLINA,42,"LLANTAS 18""",1,Cliente 48,REPUESTOS
2025-02-19,Salida,SURCO,43,BATERÍA 18 PLC,3,Cliente 22,REPUESTOS
2025-02-20,Salida,SURCO,38,ACEITE FS 5W30,1,Cliente 40,REPUESTOS
2025-02-20,Salida,LA MOLINA,40,AMORT DEL,4,Cliente 20,REPUESTOS
2025-02-20,Salida,SURCO,41,AMORT POS,4,Cliente 25,REPUESTOS
2025-02-20,Salida,LA MOLINA,42,"LLANTAS 18""",1,Cliente 45,REPUESTOS
2025-02-20,Salida,LA MOLINA,43,BATERÍA 18 PLC,1,Cliente 33,REPUESTOS
2025-02-21,Salida,LA MOLINA,38,ACEITE FS 5W30,4,Cliente 9,REPUESTOS
2025-02-21,Salida,SURCO,41,AMORT POS,5,Cliente 32,REPUESTOS
2025-02-21,Salida,LA MOLINA,42,"LLANTAS 18""",5,Cliente 29,REPUESTOS
2025-02-21,Salida,SURCO,43,BATERÍA 18 PLC,3,Cliente 33,REPUESTOS
2025-02-22,Salida,SURCO,38,ACEITE FS 5W30,1,Cliente 49,REPUESTOS
2025-02-22,Salida,SURCO,41,AMORT POS,1,Cliente 24,REPUESTOS
2025-02-22,Salida,LA MOLINA,42,"LLANTAS 18""",3,Cliente 50,REPUESTOS
2025-02-22,Salida,SURCO,43,BATERÍA 18 PLC,1,Cliente 47,REPUESTOS
2025-02-23,Salida,SURCO,38,ACEITE FS 5W30,4,Cliente 10,REPUESTOS
2025-02-23,Salida,SURCO,43,BATERÍA 18 PLC,1,Cliente 4,REPUESTOS
2025-02-24,Salida,LA MOLINA,38,ACEITE FS 5W30,2,Cliente 12,REPUESTOS
2025-02-24,Salida,SURCO,43,BATERÍA 18 PLC,2,Cliente 4,REPUESTOS
2025-02-25,Salida,SURCO,43,BATERÍA 18 PLC,2,Cliente 39,REPUESTOS
2025-02-26,Salida,SURCO,43,BATERÍA 18 PLC,3,Cliente 33,REPUESTOS
2025-02-28,Control,SURCO,1,ACCORD,3,,AUTOS
2025-02-28,Control,SURCO,2,CIVIC,2,,AUTOS
2025-02-28,Control,SURCO,3,ODISSEY,3,,AUTOS
2025-02-28,Control,SURCO,4,CRV,4,,AUTOS
2025-02-28,Control,SURCO,5,PILOT,1,,AUTOS
2025-02-28,Control,SURCO,6,FIT,0,,AUTOS
2025-02-28,Control,SURCO,7,CITY,3,,AUTOS
2025-02-28,Control,SURCO,8,ELEMENT,0,,CAMIONETAS
2025-02-28,Control,SURCO,9,CROSSTOUR,0,,CAMIONETAS
2025-02-28,Control,SURCO,10,CR-Z,0,,CAMIONETAS
2025-02-28,Control,SURCO,11,RID LINE,0,,CAMIONETAS
2025-02-28,Control,SURCO,38,ACEITE FS 5W30,0,,REPUESTOS
2025-02-28,Control,SURCO,39,FILTRO COMBUST,30,,REPUESTOS
2025-02-28,Control,SURCO,40,AMORT DEL,0,,REPUESTOS
2025-02-28,Control,SURCO,41,AMORT POS,0,,REPUESTOS
2025-02-28,Control,SURCO,42,"LLANTAS 18""",0,,REPUESTOS
2025-02-28,Control,SURCO,43,BATERÍA 18 PLC,0,,REPUESTOS
2025-02-28,Control,LA MOLINA,1,ACCORD,1,,AUTOS
2025-02-28,Control,LA MOLINA,2,CIVIC,4,,AUTOS
2025-02-28,Control,LA MOLINA,3,ODISSEY,3,,AUTOS
2025-02-28,Control,LA MOLINA,4,CRV,3,,AUTOS
2025-02-28,Control,LA MOLINA,5,PILOT,0,,AUTOS
2025-02-28,Control,LA MOLINA,6,FIT,0,,AUTOS
2025-02-28,Control,LA MOLINA,7,CITY,0,,AUTOS
2025-02-28,Control,LA MOLINA,8,ELEMENT,0,,CAMIONETAS
2025-02-28,Control,LA MOLINA,9,CROSSTOUR,0,,CAMIONETAS
2025-02-28,Control,LA MOLINA,10,CR-Z,0,,CAMIONETAS
2025-02-28,Control,LA MOLINA,11,RID LINE,0,,CAMIONETAS
2025-02-28,Control,LA MOLINA,38,ACEITE FS 5W30,0,,REPUESTOS
2025-02-28,Control,LA MOLINA,39,FILTRO COMBUST,167,,REPUESTOS
2025-02-28,Control,LA MOLINA,40,AMORT DEL,0,,REPUESTOS
2025-02-28,Control,LA MOLINA,41,AMORT POS,0,,REPUESTOS
2025-02-28,Control,LA MOLINA,42,"LLANTAS 18""",0,,REPUESTOS
2025-02-28,Control,LA MOLINA,43,BATERÍA 18 PLC,0,,REPUESTOS
2025-03-01,Salida,LA MOLINA,2,CIVIC,1,Cliente 39,AUTOS
2025-03-01,Salida,LA MOLINA,3,ODISSEY,1,Cliente 14,AUTOS
2025-03-01,Salida,LA MOLINA,4,CRV,1,Cliente 23,AUTOS
2025-03-01,Salida,SURCO,5,PILOT,1,Cliente 42,AUTOS
2025-03-01,Salida,SURCO,7,CITY,1,Cliente 49,AUTOS
2025-03-01,Salida,SURCO,39,FILTRO COMBUST,1,Cliente 5,REPUESTOS
2025-03-02,Salida,LA MOLINA,2,CIVIC,1,Cliente 6,AUTOS
2025-03-02,Salida,SURCO,3,ODISSEY,1,Cliente 48,AUTOS
2025-03-02,Salida,LA MOLINA,4,CRV,1,Cliente 38,AUTOS
2025-03-02,Salida,SURCO,7,CITY,1,Cliente 37,AUTOS
2025-03-02,Salida,LA MOLINA,39,FILTRO COMBUST,1,Cliente 29,REPUESTOS
2025-03-03,Entrada,SURCO,38,ACEITE FS 5W30,10,Prov Repuestos,REPUESTOS
2025-03-03,Entrada,SURCO,40,AMORT DEL,10,Prov Repuestos,REPUESTOS
2025-03-03,Entrada,SURCO,41,AMORT POS,10,Prov Repuestos,REPUESTOS
2025-03-03,Entrada,SURCO,42,"LLANTAS 18""",10,Prov Repuestos,REPUESTOS
2025-03-03,Entrada,SURCO,43,BATERÍA 18 PLC,5,Prov Repuestos,REPUESTOS
2025-03-03,Entrada,LA MOLINA,38,ACEITE FS 5W30,10,Prov Repuestos,REPUESTOS
2025-03-03,Entrada,LA MOLINA,40,AMORT DEL,10,Prov Repuestos,REPUESTOS
2025-03-03,Entrada,LA MOLINA,41,AMORT POS,10,Prov Repuestos,REPUESTOS
2025-03-03,Entrada,LA MOLINA,42,"LLANTAS 18""",10,Prov Repuestos,REPUESTOS
2025-03-03,Entrada,LA MOLINA,43,BATERÍA 18 PLC,5,Prov Repuestos,REPUESTOS
2025-03-03,Salida,LA MOLINA,2,CIVIC,1,Cliente 20,AUTOS
2025-03-03,Salida,LA MOLINA,3,ODISSEY,1,Cliente 35,AUTOS
2025-03-03,Salida,SURCO,4,CRV,1,Cliente 38,AUTOS
2025-03-03,Salida,SURCO,7,CITY,1,Cliente 45,AUTOS
2025-03-03,Salida,LA MOLINA,38,ACEITE FS 5W30,4,Cliente 30,REPUESTOS
2025-03-03,Salida,LA MOLINA,39,FILTRO COMBUST,1,Cliente 30,REPUESTOS
2025-03-03,Salida,SURCO,40,AMORT DEL,2,Cliente 10,REPUESTOS
2025-03-03,Salida,SURCO,41,AMORT POS,4,Cliente 9,REPUESTOS
2025-03-03,Salida,SURCO,42,"LLANTAS 18""",2,Cliente 26,REPUESTOS
2025-03-03,Salida,SURCO,43,BATERÍA 18 PLC,1,Cliente 28,REPUESTOS
2025-03-04,Salida,SURCO,2,CIVIC,1,Cliente 38,AUTOS
2025-03-04,Salida,SURCO,3,ODISSEY,1,Cliente 7,AUTOS
2025-03-04,Salida,LA MOLINA,4,CRV,1,Cliente 31,AUTOS
2025-03-04,Salida,LA MOLINA,38,ACEITE FS 5W30,3,Cliente 13,REPUESTOS
2025-03-04,Salida,LA MOLINA,39,FILTRO COMBUST,1,Cliente 26,REPUESTOS
2025-03-04,Salida,LA MOLINA,40,AMORT DEL,2,Cliente 15,REPUESTOS
2025-03-04,Salida,LA MOLINA,41,AMORT POS,4,Cliente 28,REPUESTOS
2025-03-04,Salida,LA MOLINA,42,"LLANTAS 18""",2,Cliente 43,REPUESTOS
2025-03-04,Salida,LA MOLINA,43,BATERÍA 18 PLC,1,Cliente 7,REPUESTOS
2025-03-05,Salida,LA MOLINA,3,ODISSEY,1,Cliente 46,AUTOS
2025-03-05,Salida,SURCO,4,CRV,1,Cliente 10,AUTOS
2025-03-05,Salida,SURCO,38,ACEITE FS 5W30,4,Cliente 27,REPUESTOS
2025-03-05,Salida,SURCO,39,FILTRO COMBUST,1,Cliente 20,REPUESTOS
2025-03-05,Salida,LA MOLINA,40,AMORT DEL,2,Cliente 44,REPUESTOS
2025-03-05,Salida,SURCO,41,AMORT POS,4,Cliente 39,REPUESTOS
2025-03-05,Salida,LA MOLINA,42,"LLANTAS 18""",3,Cliente 47,REPUESTOS
2025-03-05,Salida,SURCO,43,BATERÍA 18 PLC,1,Cliente 24,REPUESTOS
2025-03-06,Salida,SURCO,3,ODISSEY,1,Cliente 5,AUTOS
2025-03-06,Salida,SURCO,4,CRV,1,Cliente 24,AUTOS
2025-03-06,Salida,SURCO,38,ACEITE FS 5W30,2,Cliente 21,REPUESTOS
2025-03-06,Salida,LA MOLINA,39,FILTRO COMBUST,1,Cliente 41,REPUESTOS
2025-03-06,Salida,LA MOLINA,40,AMORT DEL,2,Cliente 37,REPUESTOS
2025-03-06,Salida,SURCO,41,AMORT POS,2,Cliente 21,REPUESTOS
2025-03-06,Salida,SURCO,42,"LLANTAS 18""",2,Cliente 16,REPUESTOS
2025-03-06,Salida,LA MOLINA,43,BATERÍA 18 PLC,1,Cliente 2,REPUESTOS
2025-03-07,Salida,LA MOLINA,38,ACEITE FS 5W30,1,Cliente 49,REPUESTOS
2025-03-07,Salida,LA MOLINA,39,FILTRO COMBUST,1,Cliente 6,REPUESTOS
2025-03-07,Salida,LA MOLINA,40,AMORT DEL,2,Cliente 39,REPUESTOS
2025-03-07,Salida,LA MOLINA,41,AMORT POS,1,Cliente 25,REPUESTOS
2025-03-07,Salida,SURCO,42,"LLANTAS 18""",3,Cliente 24,REPUESTOS
2025-03-07,Salida,LA MOLINA,43,BATERÍA 18 PLC,1,Cliente 16,REPUESTOS
2025-03-08,Salida,LA MOLINA,38,ACEITE FS 5W30,1,Cliente 23,REPUESTOS
2025-03-08,Salida,LA MOLINA,39,FILTRO COMBUST,1,Cliente 36,REPUESTOS
2025-03-08,Salida,LA MOLINA,40,AMORT DEL,2,Cliente 32,REPUESTOS
2025-03-08,Salida,SURCO,41,AMORT POS,2,Cliente 39,REPUESTOS
2025-03-08,Salida,LA MOLINA,42,"LLANTAS 18""",1,Cliente 47,REPUESTOS
2025-03-08,Salida,SURCO,43,BATERÍA 18 PLC,1,Cliente 34,REPUESTOS
2025-03-09,Salida,SURCO,38,ACEITE FS 5W30,3,Cliente 25,REPUESTOS
2025-03-09,Salida,SURCO,39,FILTRO COMBUST,1,Cliente 20,REPUESTOS
2025-03-09,Salida,SURCO,40,AMORT DEL,1,Cliente 19,REPUESTOS
2025-03-09,Salida,LA MOLINA,41,AMORT POS,1,Cliente 6,REPUESTOS
2025-03-09,Salida,SURCO,42,"LLANTAS 18""",3,Cliente 29,REPUESTOS
2025-03-09,Salida,SURCO,43,BATERÍA 18 PLC,1,Cliente 39,REPUESTOS
2025-03-10,Salida,SURCO,38,ACEITE FS 5W30,1,Cliente 18,REPUESTOS
2025-03-10,Salida,LA MOLINA,39,FILTRO COMBUST,1,Cliente 13,REPUESTOS
2025-03-10,Salida,SURCO,40,AMORT DEL,2,Cliente 11,REPUESTOS
2025-03-10,Salida,LA MOLINA,41,AMORT POS,2,Cliente 2,REPUESTOS
2025-03-10,Salida,LA MOLINA,42,"LLANTAS 18""",1,Cliente 36,REPUESTOS
2025-03-10,Salida,LA MOLINA,43,BATERÍA 18 PLC,1,Cliente 10,REPUESTOS
2025-03-11,Salida,LA MOLINA,38,ACEITE FS 5W30,1,Cliente 41,REPUESTOS
2025-03-11,Salida,LA MOLINA,39,FILTRO COMBUST,1,Cliente 26,REPUESTOS
2025-03-11,Salida,SURCO,40,AMORT DEL,3,Cliente 42,REPUESTOS
2025-03-11,Salida,SURCO,41,AMORT POS,3,Cliente 33,REPUESTOS
2025-03-11,Salida,LA MOLINA,42,"LLANTAS 18""",2,Cliente 5,REPUESTOS
2025-03-11,Salida,SURCO,43,BATERÍA 18 PLC,1,Cliente 10,REPUESTOS
2025-03-12,Entrada,SURCO,1,ACCORD,2,Prov Vehículos,AUTOS
2025-03-12,Entrada,SURCO,2,CIVIC,3,Prov Vehículos,AUTOS
2025-03-12,Entrada,SURCO,3,ODISSEY,2,Prov Vehículos,AUTOS
2025-03-12,Entrada,SURCO,4,CRV,1,Prov Vehículos,AUTOS
2025-03-12,Entrada,SURCO,5,PILOT,4,Prov Vehículos,AUTOS
2025-03-12,Entrada,SURCO,6,FIT,5,Prov Vehículos,AUTOS
2025-03-12,Entrada,SURCO,7,CITY,2,Prov Vehículos,AUTOS
2025-03-12,Entrada,LA MOLINA,1,ACCORD,4,Prov Vehículos,AUTOS
2025-03-12,Entrada,LA MOLINA,2,CIVIC,1,Prov Vehículos,AUTOS
2025-03-12,Entrada,LA MOLINA,3,ODISSEY,2,Prov Vehículos,AUTOS
2025-03-12,Entrada,LA MOLINA,4,CRV,2,Prov Vehículos,AUTOS
2025-03-12,Salida,SURCO,3,ODISSEY,1,Cliente 46,AUTOS
2025-03-12,Salida,SURCO,5,PILOT,1,Cliente 49,AUTOS
2025-03-12,Salida,SURCO,6,FIT,1,Cliente 22,AUTOS
2025-03-12,Salida,SURCO,7,CITY,1,Cliente 22,AUTOS
2025-03-12,Salida,LA MOLINA,39,FILTRO COMBUST,1,Cliente 35,REPUESTOS
2025-03-12,Salida,SURCO,40,AMORT DEL,2,Cliente 45,REPUESTOS
2025-03-12,Salida,SURCO,41,AMORT POS,1,Cliente 29,REPUESTOS
2025-03-12,Salida,LA MOLINA,42,"LLANTAS 18""",1,Cliente 15,REPUESTOS
2025-03-12,Salida,LA MOLINA,43,BATERÍA 18 PLC,1,Cliente 42,REPUESTOS
2025-03-13,Salida,SURCO,3,ODISSEY,1,Cliente 4,AUTOS
2025-03-13,Salida,SURCO,5,PILOT,1,Cliente 3,AUTOS
2025-03-13,Salida,SURCO,6,FIT,1,Cliente 49,AUTOS
2025-03-13,Salida,LA MOLINA,41,AMORT POS,2,Cliente 25,REPUESTOS
2025-03-14,Salida,LA MOLINA,3,ODISSEY,1,Cliente 32,AUTOS
2025-03-14,Salida,SURCO,5,PILOT,1,Cliente 36,AUTOS
2025-03-14,Salida,SURCO,6,FIT,1,Cliente 13,AUTOS
2025-03-14,Salida,SURCO,41,AMORT POS,2,Cliente 1,REPUESTOS
2025-03-14,Control,SURCO,1,ACCORD,5,,AUTOS
2025-03-14,Control,SURCO,2,CIVIC,4,,AUTOS
2025-03-14,Control,SURCO,3,ODISSEY,0,,AUTOS
2025-03-14,Control,SURCO,4,CRV,2,,AUTOS
2025-03-14,Control,SURCO,5,PILOT,1,,AUTOS
2025-03-14,Control,SURCO,6,FIT,2,,AUTOS
2025-03-14,Control,SURCO,7,CITY,1,,AUTOS
2025-03-14,Control,SURCO,8,ELEMENT,0,,CAMIONETAS
2025-03-14,Control,SURCO,9,CROSSTOUR,0,,CAMIONETAS
2025-03-14,Control,SURCO,10,CR-Z,0,,CAMIONETAS
2025-03-14,Control,SURCO,11,RID LINE,0,,CAMIONETAS
2025-03-14,Control,SURCO,38,ACEITE FS 5W30,0,,REPUESTOS
2025-03-14,Control,SURCO,39,FILTRO COMBUST,27,,REPUESTOS
2025-03-14,Control,SURCO,40,AMORT DEL,0,,REPUESTOS
2025-03-14,Control,SURCO,41,AMORT POS,2,,REPUESTOS
2025-03-14,Control,SURCO,42,"LLANTAS 18""",0,,REPUESTOS
2025-03-14,Control,SURCO,43,BATERÍA 18 PLC,0,,REPUESTOS
2025-03-14,Control,LA MOLINA,1,ACCORD,5,,AUTOS
2025-03-14,Control,LA MOLINA,2,CIVIC,2,,AUTOS
2025-03-14,Control,LA MOLINA,3,ODISSEY,1,,AUTOS
2025-03-14,Control,LA MOLINA,4,CRV,2,,AUTOS
2025-03-14,Control,LA MOLINA,5,PILOT,0,,AUTOS
2025-03-14,Control,LA MOLINA,6,FIT,0,,AUTOS
2025-03-14,Control,LA MOLINA,7,CITY,0,,AUTOS
2025-03-14,Control,LA MOLINA,8,ELEMENT,0,,CAMIONETAS
2025-03-14,Control,LA MOLINA,9,CROSSTOUR,0,,CAMIONETAS
2025-03-14,Control,LA MOLINA,10,CR-Z,0,,CAMIONETAS
2025-03-14,Control,LA MOLINA,11,RID LINE,0,,CAMIONETAS
2025-03-14,Control,LA MOLINA,38,ACEITE FS 5W30,0,,REPUESTOS
2025-03-14,Control,LA MOLINA,39,FILTRO COMBUST,158,,REPUESTOS
2025-03-14,Control,LA MOLINA,40,AMORT DEL,0,,REPUESTOS
2025-03-14,Control,LA MOLINA,41,AMORT POS,0,,REPUESTOS
2025-03-14,Control,LA MOLINA,42,"LLANTAS 18""",0,,REPUESTOS
2025-03-14,Control,LA MOLINA,43,BATERÍA 18 PLC,0,,REPUESTOS
2025-03-15,Salida,SURCO,41,AMORT POS,2,Cliente 41,REPUESTOS
2025-03-17,Entrada,SURCO,38,ACEITE FS 5W30,10,Prov Repuestos,REPUESTOS
2025-03-17,Entrada,SURCO,40,AMORT DEL,10,Prov Repuestos,REPUESTOS
2025-03-17,Entrada,SURCO,41,AMORT POS,8,Prov Repuestos,REPUESTOS
2025-03-17,Entrada,SURCO,42,"LLANTAS 18""",10,Prov Repuestos,REPUESTOS
2025-03-17,Entrada,SURCO,43,BATERÍA 18 PLC,5,Prov Repuestos,REPUESTOS
2025-03-17,Entrada,LA MOLINA,38,ACEITE FS 5W30,10,Prov Repuestos,REPUESTOS
2025-03-17,Entrada,LA MOLINA,40,AMORT DEL,10,Prov Repuestos,REPUESTOS
2025-03-17,Entrada,LA MOLINA,41,AMORT POS,10,Prov Repuestos,REPUESTOS
2025-03-17,Entrada,LA MOLINA,42,"LLANTAS 18""",10,Prov Repuestos,REPUESTOS
2025-03-17,Entrada,LA MOLINA,43,BATERÍA 18 PLC,5,Prov Repuestos,REPUESTOS
2025-03-17,Entrada,SURCO,42,"LLANTAS 18""",13,Prov Repuestos,REPUESTOS
2025-03-17,Entrada,LA MOLINA,39,FILTRO COMBUST,9,Prov Repuestos,REPUESTOS
2025-03-17,Salida,LA MOLINA,38,ACEITE FS 5W30,2,Cliente 22,REPUESTOS
2025-03-17,Salida,LA MOLINA,40,AMORT DEL,3,Cliente 26,REPUESTOS
2025-03-17,Salida,LA MOLINA,41,AMORT POS,3,Cliente 2,REPUESTOS
2025-03-17,Salida,LA MOLINA,42,"LLANTAS 18""",5,Cliente 14,REPUESTOS
2025-03-17,Salida,SURCO,43,BATERÍA 18 PLC,1,Cliente 25,REPUESTOS
2025-03-18,Salida,SURCO,38,ACEITE FS 5W30,6,Cliente 13,REPUESTOS
2025-03-18,Salida,SURCO,40,AMORT DEL,3,Cliente 38,REPUESTOS
2025-03-18,Salida,LA MOLINA,41,AMORT POS,3,Cliente 4,REPUESTOS
2025-03-18,Salida,LA MOLINA,42,"LLANTAS 18""",5,Cliente 14,REPUESTOS
2025-03-18,Salida,LA MOLINA,43,BATERÍA 18 PLC,1,Cliente 1,REPUESTOS
2025-03-19,Salida,LA MOLINA,38,ACEITE FS 5W30,2,Cliente 14,REPUESTOS
2025-03-19,Salida,LA MOLINA,40,AMORT DEL,4,Cliente 30,REPUESTOS
2025-03-19,Salida,SURCO,41,AMORT POS,5,Cliente 32,REPUESTOS
2025-03-19,Salida,SURCO,42,"LLANTAS 18""",5,Cliente 43,REPUESTOS
2025-03-19,Salida,SURCO,43,BATERÍA 18 PLC,1,Cliente 1,REPUESTOS
2025-03-20,Salida,SURCO,38,ACEITE FS 5W30,4,Cliente 1,REPUESTOS
2025-03-20,Salida,LA MOLINA,40,AMORT DEL,1,Cliente 29,REPUESTOS
2025-03-20,Salida,SURCO,41,AMORT POS,3,Cliente 7,REPUESTOS
2025-03-20,Salida,SURCO,42,"LLANTAS 18""",3,Cliente 42,REPUESTOS
2025-03-20,Salida,LA MOLINA,43,BATERÍA 18 PLC,2,Cliente 5,REPUESTOS
2025-03-21,Salida,LA MOLINA,38,ACEITE FS 5W30,4,Cliente 20,REPUESTOS
2025-03-21,Salida,LA MOLINA,40,AMORT DEL,1,Cliente 10,REPUESTOS
2025-03-21,Salida,LA MOLINA,41,AMORT POS,4,Cliente 8,REPUESTOS
2025-03-21,Salida,SURCO,42,"LLANTAS 18""",4,Cliente 1,REPUESTOS
2025-03-21,Salida,SURCO,43,BATERÍA 18 PLC,1,Cliente 30,REPUESTOS
2025-03-22,Salida,LA MOLINA,38,ACEITE FS 5W30,2,Cliente 2,REPUESTOS
2025-03-22,Salida,SURCO,40,AMORT DEL,4,Cliente 47,REPUESTOS
2025-03-22,Salida,SURCO,42,"LLANTAS 18""",1,Cliente 44,REPUESTOS
2025-03-22,Salida,SURCO,43,BATERÍA 18 PLC,1,Cliente 32,REPUESTOS
2025-03-23,Salida,SURCO,40,AMORT DEL,3,Cliente 1,REPUESTOS
2025-03-23,Salida,SURCO,42,"LLANTAS 18""",2,Cliente 46,REPUESTOS
2025-03-23,Salida,LA MOLINA,43,BATERÍA 18 PLC,2,Cliente 13,REPUESTOS
2025-03-24,Salida,LA MOLINA,40,AMORT DEL,1,Cliente 13,REPUESTOS
2025-03-24,Salida,SURCO,42,"LLANTAS 18""",1,Cliente 37,REPUESTOS
2025-03-24,Salida,SURCO,43,BATERÍA 18 PLC,1,Cliente 15,REPUESTOS
2025-03-25,Salida,SURCO,42,"LLANTAS 18""",6,Cliente 31,REPUESTOS
2025-03-26,Salida,SURCO,42,"LLANTAS 18""",1,Cliente 21,REPUESTOS
2025-03-31,Control,SURCO,1,ACCORD,5,,AUTOS
2025-03-31,Control,SURCO,2,CIVIC,4,,AUTOS
2025-03-31,Control,SURCO,3,ODISSEY,0,,AUTOS
2025-03-31,Control,SURCO,4,CRV,2,,AUTOS
2025-03-31,Control,SURCO,5,PILOT,1,,AUTOS
2025-03-31,Control,SURCO,6,FIT,2,,AUTOS
2025-03-31,Control,SURCO,7,CITY,1,,AUTOS
2025-03-31,Control,SURCO,8,ELEMENT,0,,CAMIONETAS
2025-03-31,Control,SURCO,9,CROSSTOUR,0,,CAMIONETAS
2025-03-31,Control,SURCO,10,CR-Z,0,,CAMIONETAS
2025-03-31,Control,SURCO,11,RID LINE,0,,CAMIONETAS
2025-03-31,Control,SURCO,38,ACEITE FS 5W30,0,,REPUESTOS
2025-03-31,Control,SURCO,39,FILTRO COMBUST,27,,REPUESTOS
2025-03-31,Control,SURCO,40,AMORT DEL,0,,REPUESTOS
2025-03-31,Control,SURCO,41,AMORT POS,0,,REPUESTOS
2025-03-31,Control,SURCO,42,"LLANTAS 18""",0,,REPUESTOS
2025-03-31,Control,SURCO,43,BATERÍA 18 PLC,0,,REPUESTOS
2025-03-31,Control,LA MOLINA,1,ACCORD,5,,AUTOS
2025-03-31,Control,LA MOLINA,2,CIVIC,2,,AUTOS
2025-03-31,Control,LA MOLINA,3,ODISSEY,1,,AUTOS
2025-03-31,Control,LA MOLINA,4,CRV,2,,AUTOS
2025-03-31,Control,LA MOLINA,5,PILOT,0,,AUTOS
2025-03-31,Control,LA MOLINA,6,FIT,0,,AUTOS
2025-03-31,Control,LA MOLINA,7,CITY,0,,AUTOS
2025-03-31,Control,LA MOLINA,8,ELEMENT,0,,CAMIONETAS
2025-03-31,Control,LA MOLINA,9,CROSSTOUR,0,,CAMIONETAS
2025-03-31,Control,LA MOLINA,10,CR-Z,0,,CAMIONETAS
2025-03-31,Control,LA MOLINA,11,RID LINE,0,,CAMIONETAS
2025-03-31,Control,LA MOLINA,38,ACEITE FS 5W30,0,,REPUESTOS
2025-03-31,Control,LA MOLINA,39,FILTRO COMBUST,167,,REPUESTOS
2025-03-31,Control,LA MOLINA,40,AMORT DEL,0,,REPUESTOS
2025-03-31,Control,LA MOLINA,41,AMORT POS,0,,REPUESTOS
2025-03-31,Control,LA MOLINA,42,"LLANTAS 18""",0,,REPUESTOS
2025-03-31,Control,LA MOLINA,43,BATERÍA 18 PLC,0,,REPUESTOS
2025-04-01,Salida,SURCO,1,ACCORD,1,Cliente 37,AUTOS
2025-04-01,Salida,SURCO,2,CIVIC,1,Cliente 45,AUTOS
2025-04-01,Salida,LA MOLINA,3,ODISSEY,1,Cliente 27,AUTOS
2025-04-01,Salida,SURCO,4,CRV,1,Cliente 34,AUTOS
2025-04-01,Salida,SURCO,5,PILOT,1,Cliente 17,AUTOS
2025-04-01,Salida,SURCO,6,FIT,1,Cliente 48,AUTOS
2025-04-01,Salida,SURCO,7,CITY,1,Cliente 32,AUTOS
2025-04-01,Salida,LA MOLINA,39,FILTRO COMBUST,1,Cliente 36,REPUESTOS
2025-04-02,Salida,LA MOLINA,1,ACCORD,1,Cliente 45,AUTOS
2025-04-02,Salida,SURCO,2,CIVIC,1,Cliente 41,AUTOS
2025-04-02,Salida,SURCO,4,CRV,1,Cliente 45,AUTOS
2025-04-02,Salida,SURCO,6,FIT,1,Cliente 33,AUTOS
2025-04-02,Salida,SURCO,39,FILTRO COMBUST,1,Cliente 5,REPUESTOS
2025-04-03,Entrada,SURCO,38,ACEITE FS 5W30,10,Prov Repuestos,REPUESTOS
2025-04-03,Entrada,SURCO,40,AMORT DEL,10,Prov Repuestos,REPUESTOS
2025-04-03,Entrada,SURCO,41,AMORT POS,10,Prov Repuestos,REPUESTOS
2025-04-03,Entrada,SURCO,42,"LLANTAS 18""",10,Prov Repuestos,REPUESTOS
2025-04-03,Entrada,SURCO,43,BATERÍA 18 PLC,5,Prov Repuestos,REPUESTOS
2025-04-03,Entrada,LA MOLINA,38,ACEITE FS 5W30,10,Prov Repuestos,REPUESTOS
2025-04-03,Entrada,LA MOLINA,40,AMORT DEL,10,Prov Repuestos,REPUESTOS
2025-04-03,Entrada,LA MOLINA,41,AMORT POS,10,Prov Repuestos,REPUESTOS
2025-04-03,Entrada,LA MOLINA,42,"LLANTAS 18""",10,Prov Repuestos,REPUESTOS
2025-04-03,Entrada,LA MOLINA,43,BATERÍA 18 PLC,5,Prov Repuestos,REPUESTOS
2025-04-03,Entrada,SURCO,42,"LLANTAS 18""",13,Prov Repuestos,REPUESTOS
2025-04-03,Salida,SURCO,1,ACCORD,1,Cliente 35,AUTOS
2025-04-03,Salida,SURCO,2,CIVIC,1,Cliente 2,AUTOS
2025-04-03,Salida,LA MOLINA,4,CRV,1,Cliente 19,AUTOS
2025-04-03,Salida,SURCO,38,ACEITE FS 5W30,1,Cliente 50,REPUESTOS
2025-04-03,Salida,SURCO,39,FILTRO COMBUST,1,Cliente 17,REPUESTOS
2025-04-03,Salida,LA MOLINA,40,AMORT DEL,1,Cliente 23,REPUESTOS
2025-04-03,Salida,LA MOLINA,41,AMORT POS,1,Cliente 22,REPUESTOS
2025-04-03,Salida,SURCO,42,"LLANTAS 18""",2,Cliente 20,REPUESTOS
2025-04-03,Salida,LA MOLINA,43,BATERÍA 18 PLC,1,Cliente 41,REPUESTOS
2025-04-04,Salida,SURCO,1,ACCORD,1,Cliente 44,AUTOS
2025-04-04,Salida,SURCO,2,CIVIC,1,Cliente 32,AUTOS
2025-04-04,Salida,LA MOLINA,4,CRV,1,Cliente 2,AUTOS
2025-04-04,Salida,LA MOLINA,38,ACEITE FS 5W30,2,Cliente 49,REPUESTOS
2025-04-04,Salida,SURCO,39,FILTRO COMBUST,1,Cliente 28,REPUESTOS
2025-04-04,Salida,LA MOLINA,40,AMORT DEL,3,Cliente 2,REPUESTOS
2025-04-04,Salida,LA MOLINA,41,AMORT POS,1,Cliente 49,REPUESTOS
2025-04-04,Salida,LA MOLINA,42,"LLANTAS 18""",2,Cliente 35,REPUESTOS
2025-04-04,Salida,SURCO,43,BATERÍA 18 PLC,1,Cliente 16,REPUESTOS
2025-04-05,Salida,LA MOLINA,1,ACCORD,1,Cliente 25,AUTOS
2025-04-05,Salida,LA MOLINA,2,CIVIC,1,Cliente 39,AUTOS
2025-04-05,Salida,LA MOLINA,38,ACEITE FS 5W30,1,Cliente 20,REPUESTOS
2025-04-05,Salida,LA MOLINA,39,FILTRO COMBUST,1,Cliente 14,REPUESTOS
2025-04-05,Salida,SURCO,40,AMORT DEL,4,Cliente 1,REPUESTOS
2025-04-05,Salida,SURCO,41,AMORT POS,3,Cliente 33,REPUESTOS
2025-04-05,Salida,SURCO,42,"LLANTAS 18""",1,Cliente 30,REPUESTOS
2025-04-05,Salida,LA MOLINA,43,BATERÍA 18 PLC,1,Cliente 35,REPUESTOS
2025-04-06,Salida,LA MOLINA,2,CIVIC,1,Cliente 38,AUTOS
2025-04-06,Salida,SURCO,38,ACEITE FS 5W30,2,Cliente 29,REPUESTOS
2025-04-06,Salida,SURCO,39,FILTRO COMBUST,1,Cliente 3,REPUESTOS
2025-04-06,Salida,LA MOLINA,40,AMORT DEL,3,Cliente 8,REPUESTOS
2025-04-06,Salida,SURCO,41,AMORT POS,1,Cliente 31,REPUESTOS
2025-04-06,Salida,SURCO,42,"LLANTAS 18""",1,Cliente 25,REPUESTOS
2025-04-06,Salida,SURCO,43,BATERÍA 18 PLC,2,Cliente 20,REPUESTOS
2025-04-07,Salida,LA MOLINA,38,ACEITE FS 5W30,1,Cliente 44,REPUESTOS
2025-04-07,Salida,LA MOLINA,39,FILTRO COMBUST,1,Cliente 15,REPUESTOS
2025-04-07,Salida,SURCO,40,AMORT DEL,1,Cliente 11,REPUESTOS
2025-04-07,Salida,SURCO,41,AMORT POS,1,Cliente 29,REPUESTOS
2025-04-07,Salida,LA MOLINA,42,"LLANTAS 18""",2,Cliente 2,REPUESTOS
2025-04-07,Salida,SURCO,43,BATERÍA 18 PLC,2,Cliente 27,REPUESTOS
2025-04-08,Salida,LA MOLINA,38,ACEITE FS 5W30,1,Cliente 28,REPUESTOS
2025-04-08,Salida,LA MOLINA,39,FILTRO COMBUST,1,Cliente 5,REPUESTOS
2025-04-08,Salida,LA MOLINA,40,AMORT DEL,1,Cliente 43,REPUESTOS
2025-04-08,Salida,LA MOLINA,41,AMORT POS,2,Cliente 33,REPUESTOS
2025-04-08,Salida,SURCO,42,"LLANTAS 18""",1,Cliente 2,REPUESTOS
2025-04-08,Salida,LA MOLINA,43,BATERÍA 18 PLC,1,Cliente 43,REPUESTOS
2025-04-09,Entrada,SURCO,2,CIVIC,1,Prov Vehículos,AUTOS
2025-04-09,Entrada,SURCO,3,ODISSEY,5,Prov Vehículos,AUTOS
2025-04-09,Entrada,SURCO,4,CRV,3,Prov Vehículos,AUTOS
2025-04-09,Entrada,SURCO,5,PILOT,4,Prov Vehículos,AUTOS
2025-04-09,Entrada,SURCO,6,FIT,3,Prov Vehículos,AUTOS
2025-04-09,Entrada,SURCO,7,CITY,4,Prov Vehículos,AUTOS
2025-04-09,Entrada,LA MOLINA,2,CIVIC,3,Prov Vehículos,AUTOS
2025-04-09,Entrada,LA MOLINA,3,ODISSEY,4,Prov Vehículos,AUTOS
2025-04-09,Entrada,LA MOLINA,4,CRV,3,Prov Vehículos,AUTOS
2025-04-09,Salida,LA MOLINA,2,CIVIC,1,Cliente 43,AUTOS
2025-04-09,Salida,LA MOLINA,3,ODISSEY,1,Cliente 36,AUTOS
2025-04-09,Salida,LA MOLINA,4,CRV,1,Cliente 5,AUTOS
2025-04-09,Salida,SURCO,7,CITY,1,Cliente 8,AUTOS
2025-04-09,Salida,SURCO,38,ACEITE FS 5W30,1,Cliente 13,REPUESTOS
2025-04-09,Salida,LA MOLINA,39,FILTRO COMBUST,1,Cliente 9,REPUESTOS
2025-04-09,Salida,LA MOLINA,40,AMORT DEL,1,Cliente 4,REPUESTOS
2025-04-09,Salida,SURCO,41,AMORT POS,1,Cliente 34,REPUESTOS
2025-04-09,Salida,SURCO,42,"LLANTAS 18""",3,Cliente 20,REPUESTOS
2025-04-09,Salida,LA MOLINA,43,BATERÍA 18 PLC,2,Cliente 31,REPUESTOS
2025-04-10,Salida,SURCO,2,CIVIC,1,Cliente 43,AUTOS
2025-04-10,Salida,LA MOLINA,3,ODISSEY,1,Cliente 31,AUTOS
2025-04-10,Salida,SURCO,7,CITY,1,Cliente 12,AUTOS
2025-04-10,Salida,SURCO,38,ACEITE FS 5W30,1,Cliente 43,REPUESTOS
2025-04-10,Salida,SURCO,39,FILTRO COMBUST,1,Cliente 49,REPUESTOS
2025-04-10,Salida,SURCO,40,AMORT DEL,4,Cliente 37,REPUESTOS
2025-04-10,Salida,LA MOLINA,41,AMORT POS,1,Cliente 41,REPUESTOS
2025-04-10,Salida,LA MOLINA,42,"LLANTAS 18""",1,Cliente 27,REPUESTOS
2025-04-11,Salida,SURCO,3,ODISSEY,1,Cliente 21,AUTOS
2025-04-11,Salida,SURCO,7,CITY,1,Cliente 13,AUTOS
2025-04-11,Salida,LA MOLINA,38,ACEITE FS 5W30,2,Cliente 39,REPUESTOS
2025-04-11,Salida,SURCO,39,FILTRO COMBUST,1,Cliente 31,REPUESTOS
2025-04-11,Salida,LA MOLINA,40,AMORT DEL,1,Cliente 42,REPUESTOS
2025-04-11,Salida,LA MOLINA,41,AMORT POS,1,Cliente 32,REPUESTOS
2025-04-11,Salida,SURCO,42,"LLANTAS 18""",2,Cliente 27,REPUESTOS
2025-04-12,Salida,SURCO,7,CITY,1,Cliente 50,AUTOS
2025-04-12,Salida,LA MOLINA,38,ACEITE FS 5W30,2,Cliente 26,REPUESTOS
2025-04-12,Salida,LA MOLINA,39,FILTRO COMBUST,1,Cliente 42,REPUESTOS
2025-04-12,Salida,SURCO,40,AMORT DEL,1,Cliente 20,REPUESTOS
2025-04-12,Salida,LA MOLINA,41,AMORT POS,4,Cliente 49,REPUESTOS
2025-04-12,Salida,SURCO,42,"LLANTAS 18""",3,Cliente 31,REPUESTOS
2025-04-13,Salida,LA MOLINA,38,ACEITE FS 5W30,1,Cliente 22,REPUESTOS
2025-04-13,Salida,SURCO,39,FILTRO COMBUST,1,Cliente 17,REPUESTOS
2025-04-13,Salida,SURCO,41,AMORT POS,3,Cliente 21,REPUESTOS
2025-04-13,Salida,SURCO,42,"LLANTAS 18""",1,Cliente 23,REPUESTOS
2025-04-14,Salida,SURCO,38,ACEITE FS 5W30,2,Cliente 18,REPUESTOS
2025-04-14,Salida,SURCO,41,AMORT POS,1,Cliente 50,REPUESTOS
2025-04-14,Salida,LA MOLINA,42,"LLANTAS 18""",2,Cliente 13,REPUESTOS
2025-04-14,Control,SURCO,1,ACCORD,2,,AUTOS
2025-04-14,Control,SURCO,2,CIVIC,0,,AUTOS
2025-04-14,Control,SURCO,3,ODISSEY,4,,AUTOS
2025-04-14,Control,SURCO,4,CRV,3,,AUTOS
2025-04-14,Control,SURCO,5,PILOT,4,,AUTOS
2025-04-14,Control,SURCO,6,FIT,3,,AUTOS
2025-04-14,Control,SURCO,7,CITY,0,,AUTOS
2025-04-14,Control,SURCO,8,ELEMENT,0,,CAMIONETAS
2025-04-14,Control,SURCO,9,CROSSTOUR,0,,CAMIONETAS
2025-04-14,Control,SURCO,10,CR-Z,0,,CAMIONETAS
2025-04-14,Control,SURCO,11,RID LINE,0,,CAMIONETAS
2025-04-14,Control,SURCO,38,ACEITE FS 5W30,3,,REPUESTOS
2025-04-14,Control,SURCO,39,FILTRO COMBUST,20,,REPUESTOS
2025-04-14,Control,SURCO,40,AMORT DEL,0,,REPUESTOS
2025-04-14,Control,SURCO,41,AMORT POS,0,,REPUESTOS
2025-04-14,Control,SURCO,42,"LLANTAS 18""",9,,REPUESTOS
2025-04-14,Control,SURCO,43,BATERÍA 18 PLC,0,,REPUESTOS
2025-04-14,Control,LA MOLINA,1,ACCORD,3,,AUTOS
2025-04-14,Control,LA MOLINA,2,CIVIC,2,,AUTOS
2025-04-14,Control,LA MOLINA,3,ODISSEY,2,,AUTOS
2025-04-14,Control,LA MOLINA,4,CRV,2,,AUTOS
2025-04-14,Control,LA MOLINA,5,PILOT,0,,AUTOS
2025-04-14,Control,LA MOLINA,6,FIT,0,,AUTOS
2025-04-14,Control,LA MOLINA,7,CITY,0,,AUTOS
2025-04-14,Control,LA MOLINA,8,ELEMENT,0,,CAMIONETAS
2025-04-14,Control,LA MOLINA,9,CROSSTOUR,0,,CAMIONETAS
2025-04-14,Control,LA MOLINA,10,CR-Z,0,,CAMIONETAS
2025-04-14,Control,LA MOLINA,11,RID LINE,0,,CAMIONETAS
2025-04-14,Control,LA MOLINA,38,ACEITE FS 5W30,0,,REPUESTOS
2025-04-14,Control,LA MOLINA,39,FILTRO COMBUST,161,,REPUESTOS
2025-04-14,Control,LA MOLINA,40,AMORT DEL,0,,REPUESTOS
2025-04-14,Control,LA MOLINA,41,AMORT POS,0,,REPUESTOS
2025-04-14,Control,LA MOLINA,42,"LLANTAS 18""",3,,REPUESTOS
2025-04-14,Control,LA MOLINA,43,BATERÍA 18 PLC,0,,REPUESTOS
2025-04-15,Salida,SURCO,38,ACEITE FS 5W30,3,Cliente 8,REPUESTOS
2025-04-15,Salida,LA MOLINA,42,"LLANTAS 18""",2,Cliente 12,REPUESTOS
2025-04-16,Salida,LA MOLINA,42,"LLANTAS 18""",1,Cliente 35,REPUESTOS
2025-04-17,Entrada,SURCO,38,ACEITE FS 5W30,7,Prov Repuestos,REPUESTOS
2025-04-17,Entrada,SURCO,40,AMORT DEL,10,Prov Repuestos,REPUESTOS
2025-04-17,Entrada,SURCO,41,AMORT POS,10,Prov Repuestos,REPUESTOS
2025-04-17,Entrada,SURCO,42,"LLANTAS 18""",1,Prov Repuestos,REPUESTOS
2025-04-17,Entrada,SURCO,43,BATERÍA 18 PLC,5,Prov Repuestos,REPUESTOS
2025-04-17,Entrada,LA MOLINA,38,ACEITE FS 5W30,10,Prov Repuestos,REPUESTOS
2025-04-17,Entrada,LA MOLINA,40,AMORT DEL,10,Prov Repuestos,REPUESTOS
2025-04-17,Entrada,LA MOLINA,41,AMORT POS,10,Prov Repuestos,REPUESTOS
2025-04-17,Entrada,LA MOLINA,42,"LLANTAS 18""",7,Prov Repuestos,REPUESTOS
2025-04-17,Entrada,LA MOLINA,43,BATERÍA 18 PLC,5,Prov Repuestos,REPUESTOS
2025-04-17,Entrada,SURCO,39,FILTRO COMBUST,20,Prov Repuestos,REPUESTOS
2025-04-17,Entrada,LA MOLINA,41,AMORT POS,6,Prov Repuestos,REPUESTOS
2025-04-17,Salida,SURCO,38,ACEITE FS 5W30,2,Cliente 17,REPUESTOS
2025-04-17,Salida,LA MOLINA,40,AMORT DEL,4,Cliente 1,REPUESTOS
2025-04-17,Salida,LA MOLINA,41,AMORT POS,2,Cliente 32,REPUESTOS
2025-04-17,Salida,LA MOLINA,42,"LLANTAS 18""",3,Cliente 13,REPUESTOS
2025-04-17,Salida,LA MOLINA,43,BATERÍA 18 PLC,1,Cliente 41,REPUESTOS
2025-04-18,Salida,SURCO,38,ACEITE FS 5W30,3,Cliente 31,REPUESTOS
2025-04-18,Salida,LA MOLINA,40,AMORT DEL,4,Cliente 8,REPUESTOS
2025-04-18,Salida,SURCO,41,AMORT POS,2,Cliente 24,REPUESTOS
2025-04-18,Salida,SURCO,42,"LLANTAS 18""",1,Cliente 18,REPUESTOS
2025-04-18,Salida,LA MOLINA,43,BATERÍA 18 PLC,3,Cliente 9,REPUESTOS
2025-04-19,Salida,LA MOLINA,38,ACEITE FS 5W30,3,Cliente 14,REPUESTOS
2025-04-19,Salida,SURCO,40,AMORT DEL,6,Cliente 1,REPUESTOS
2025-04-19,Salida,LA MOLINA,41,AMORT POS,3,Cliente 19,REPUESTOS
2025-04-19,Salida,SURCO,42,"LLANTAS 18""",2,Cliente 15,REPUESTOS
2025-04-19,Salida,LA MOLINA,43,BATERÍA 18 PLC,1,Cliente 36,REPUESTOS
2025-04-20,Salida,SURCO,38,ACEITE FS 5W30,1,Cliente 2,REPUESTOS
2025-04-20,Salida,SURCO,40,AMORT DEL,4,Cliente 11,REPUESTOS
2025-04-20,Salida,SURCO,41,AMORT POS,2,Cliente 11,REPUESTOS
2025-04-20,Salida,LA MOLINA,42,"LLANTAS 18""",4,Cliente 32,REPUESTOS
2025-04-20,Salida,SURCO,43,BATERÍA 18 PLC,1,Cliente 27,REPUESTOS
2025-04-21,Salida,LA MOLINA,38,ACEITE FS 5W30,2,Cliente 40,REPUESTOS
2025-04-21,Salida,LA MOLINA,40,AMORT DEL,2,Cliente 18,REPUESTOS
2025-04-21,Salida,SURCO,41,AMORT POS,1,Cliente 43,REPUESTOS
2025-04-21,Salida,SURCO,42,"LLANTAS 18""",4,Cliente 29,REPUESTOS
2025-04-21,Salida,SURCO,43,BATERÍA 18 PLC,1,Cliente 6,REPUESTOS
2025-04-22,Salida,LA MOLINA,38,ACEITE FS 5W30,4,Cliente 10,REPUESTOS
2025-04-22,Salida,LA MOLINA,41,AMORT POS,1,Cliente 14,REPUESTOS
2025-04-22,Salida,SURCO,42,"LLANTAS 18""",3,Cliente 21,REPUESTOS
2025-04-22,Salida,SURCO,43,BATERÍA 18 PLC,3,Cliente 29,REPUESTOS
2025-04-23,Salida,LA MOLINA,38,ACEITE FS 5W30,1,Cliente 10,REPUESTOS
2025-04-23,Salida,LA MOLINA,41,AMORT POS,7,Cliente 11,REPUESTOS
2025-04-24,Salida,SURCO,38,ACEITE FS 5W30,1,Cliente 26,REPUESTOS
2025-04-24,Salida,LA MOLINA,41,AMORT POS,3,Cliente 15,REPUESTOS
2025-04-25,Salida,SURCO,41,AMORT POS,4,Cliente 29,REPUESTOS
2025-04-26,Salida,SURCO,41,AMORT POS,1,Cliente 32,REPUESTOS
2025-04-30,Control,SURCO,1,ACCORD,2,,AUTOS
2025-04-30,Control,SURCO,2,CIVIC,0,,AUTOS
2025-04-30,Control,SURCO,3,ODISSEY,4,,AUTOS
2025-04-30,Control,SURCO,4,CRV,3,,AUTOS
2025-04-30,Control,SURCO,5,PILOT,4,,AUTOS
2025-04-30,Control,SURCO,6,FIT,3,,AUTOS
2025-04-30,Control,SURCO,7,CITY,0,,AUTOS
2025-04-30,Control,SURCO,8,ELEMENT,0,,CAMIONETAS
2025-04-30,Control,SURCO,9,CROSSTOUR,0,,CAMIONETAS
2025-04-30,Control,SURCO,10,CR-Z,0,,CAMIONETAS
2025-04-30,Control,SURCO,11,RID LINE,0,,CAMIONETAS
2025-04-30,Control,SURCO,38,ACEITE FS 5W30,0,,REPUESTOS
2025-04-30,Control,SURCO,39,FILTRO COMBUST,40,,REPUESTOS
2025-04-30,Control,SURCO,40,AMORT DEL,0,,REPUESTOS
2025-04-30,Control,SURCO,41,AMORT POS,0,,REPUESTOS
2025-04-30,Control,SURCO,42,"LLANTAS 18""",0,,REPUESTOS
2025-04-30,Control,SURCO,43,BATERÍA 18 PLC,0,,REPUESTOS
2025-04-30,Control,LA MOLINA,1,ACCORD,3,,AUTOS
2025-04-30,Control,LA MOLINA,2,CIVIC,2,,AUTOS
2025-04-30,Control,LA MOLINA,3,ODISSEY,2,,AUTOS
2025-04-30,Control,LA MOLINA,4,CRV,2,,AUTOS
2025-04-30,Control,LA MOLINA,5,PILOT,0,,AUTOS
2025-04-30,Control,LA MOLINA,6,FIT,0,,AUTOS
2025-04-30,Control,LA MOLINA,7,CITY,0,,AUTOS
2025-04-30,Control,LA MOLINA,8,ELEMENT,0,,CAMIONETAS
2025-04-30,Control,LA MOLINA,9,CROSSTOUR,0,,CAMIONETAS
2025-04-30,Control,LA MOLINA,10,CR-Z,0,,CAMIONETAS
2025-04-30,Control,LA MOLINA,11,RID LINE,0,,CAMIONETAS
2025-04-30,Control,LA MOLINA,38,ACEITE FS 5W30,0,,REPUESTOS
2025-04-30,Control,LA MOLINA,39,FILTRO COMBUST,161,,REPUESTOS
2025-04-30,Control,LA MOLINA,40,AMORT DEL,0,,REPUESTOS
2025-04-30,Control,LA MOLINA,41,AMORT POS,0,,REPUESTOS
2025-04-30,Control,LA MOLINA,42,"LLANTAS 18""",0,,REPUESTOS
2025-04-30,Control,LA MOLINA,43,BATERÍA 18 PLC,0,,REPUESTOS
2025-05-01,Salida,SURCO,1,ACCORD,1,Cliente 34,AUTOS
2025-05-01,Salida,LA MOLINA,2,CIVIC,1,Cliente 10,AUTOS
2025-05-01,Salida,SURCO,3,ODISSEY,1,Cliente 28,AUTOS
2025-05-01,Salida,SURCO,4,CRV,1,Cliente 15,AUTOS
2025-05-01,Salida,SURCO,5,PILOT,1,Cliente 11,AUTOS
2025-05-01,Salida,SURCO,6,FIT,1,Cliente 15,AUTOS
2025-05-01,Salida,SURCO,39,FILTRO COMBUST,1,Cliente 19,REPUESTOS
2025-05-02,Salida,LA MOLINA,2,CIVIC,1,Cliente 2,AUTOS
2025-05-02,Salida,SURCO,3,ODISSEY,1,Cliente 5,AUTOS
2025-05-02,Salida,LA MOLINA,4,CRV,1,Cliente 12,AUTOS
2025-05-02,Salida,SURCO,5,PILOT,1,Cliente 50,AUTOS
2025-05-02,Salida,SURCO,6,FIT,1,Cliente 47,AUTOS
2025-05-02,Salida,SURCO,39,FILTRO COMBUST,1,Cliente 16,REPUESTOS
2025-05-03,Entrada,SURCO,38,ACEITE FS 5W30,10,Prov Repuestos,REPUESTOS
2025-05-03,Entrada,SURCO,40,AMORT DEL,10,Prov Repuestos,REPUESTOS
2025-05-03,Entrada,SURCO,41,AMORT POS,10,Prov Repuestos,REPUESTOS
2025-05-03,Entrada,SURCO,42,"LLANTAS 18""",10,Prov Repuestos,REPUESTOS
2025-05-03,Entrada,SURCO,43,BATERÍA 18 PLC,5,Prov Repuestos,REPUESTOS
2025-05-03,Entrada,LA MOLINA,38,ACEITE FS 5W30,10,Prov Repuestos,REPUESTOS
2025-05-03,Entrada,LA MOLINA,40,AMORT DEL,10,Prov Repuestos,REPUESTOS
2025-05-03,Entrada,LA MOLINA,41,AMORT POS,10,Prov Repuestos,REPUESTOS
2025-05-03,Entrada,LA MOLINA,42,"LLANTAS 18""",10,Prov Repuestos,REPUESTOS
2025-05-03,Entrada,LA MOLINA,43,BATERÍA 18 PLC,5,Prov Repuestos,REPUESTOS
2025-05-03,Entrada,LA MOLINA,40,AMORT DEL,6,Prov Repuestos,REPUESTOS
2025-05-03,Salida,SURCO,3,ODISSEY,1,Cliente 33,AUTOS
2025-05-03,Salida,SURCO,5,PILOT,1,Cliente 26,AUTOS
2025-05-03,Salida,SURCO,6,FIT,1,Cliente 4,AUTOS
2025-05-03,Salida,SURCO,38,ACEITE FS 5W30,2,Cliente 16,REPUESTOS
2025-05-03,Salida,LA MOLINA,39,FILTRO COMBUST,1,Cliente 37,REPUESTOS
2025-05-03,Salida,SURCO,40,AMORT DEL,2,Cliente 30,REPUESTOS
2025-05-03,Salida,SURCO,41,AMORT POS,1,Cliente 11,REPUESTOS
2025-05-03,Salida,SURCO,42,"LLANTAS 18""",1,Cliente 25,REPUESTOS
2025-05-03,Salida,SURCO,43,BATERÍA 18 PLC,1,Cliente 19,REPUESTOS
2025-05-04,Salida,LA MOLINA,3,ODISSEY,1,Cliente 44,AUTOS
2025-05-04,Salida,LA MOLINA,38,ACEITE FS 5W30,4,Cliente 42,REPUESTOS
2025-05-04,Salida,LA MOLINA,39,FILTRO COMBUST,1,Cliente 39,REPUESTOS
2025-05-04,Salida,LA MOLINA,40,AMORT DEL,2,Cliente 34,REPUESTOS
2025-05-04,Salida,LA MOLINA,41,AMORT POS,1,Cliente 9,REPUESTOS
2025-05-04,Salida,SURCO,42,"LLANTAS 18""",2,Cliente 39,REPUESTOS
2025-05-04,Salida,LA MOLINA,43,BATERÍA 18 PLC,1,Cliente 8,REPUESTOS
2025-05-05,Salida,LA MOLINA,3,ODISSEY,1,Cliente 25,AUTOS
2025-05-05,Salida,LA MOLINA,38,ACEITE FS 5W30,3,Cliente 2,REPUESTOS
2025-05-05,Salida,LA MOLINA,39,FILTRO COMBUST,1,Cliente 13,REPUESTOS
2025-05-05,Salida,LA MOLINA,40,AMORT DEL,1,Cliente 50,REPUESTOS
2025-05-05,Salida,SURCO,41,AMORT POS,2,Cliente 42,REPUESTOS
2025-05-05,Salida,SURCO,42,"LLANTAS 18""",4,Cliente 10,REPUESTOS
2025-05-05,Salida,SURCO,43,BATERÍA 18 PLC,1,Cliente 29,REPUESTOS
2025-05-06,Salida,SURCO,3,ODISSEY,1,Cliente 26,AUTOS
2025-05-06,Salida,LA MOLINA,38,ACEITE FS 5W30,3,Cliente 14,REPUESTOS
2025-05-06,Salida,SURCO,39,FILTRO COMBUST,1,Cliente 27,REPUESTOS
2025-05-06,Salida,SURCO,40,AMORT DEL,1,Cliente 41,REPUESTOS
2025-05-06,Salida,LA MOLINA,41,AMORT POS,2,Cliente 4,REPUESTOS
2025-05-06,Salida,LA MOLINA,42,"LLANTAS 18""",4,Cliente 42,REPUESTOS
2025-05-06,Salida,SURCO,43,BATERÍA 18 PLC,1,Cliente 39,REPUESTOS
2025-05-07,Salida,SURCO,38,ACEITE FS 5W30,3,Cliente 3,REPUESTOS
2025-05-07,Salida,SURCO,39,FILTRO COMBUST,1,Cliente 23,REPUESTOS
2025-05-07,Salida,LA MOLINA,40,AMORT DEL,1,Cliente 33,REPUESTOS
2025-05-07,Salida,SURCO,41,AMORT POS,1,Cliente 10,REPUESTOS
2025-05-07,Salida,SURCO,42,"LLANTAS 18""",3,Cliente 2,REPUESTOS
2025-05-07,Salida,LA MOLINA,43,BATERÍA 18 PLC,1,Cliente 2,REPUESTOS
2025-05-08,Salida,SURCO,38,ACEITE FS 5W30,4,Cliente 40,REPUESTOS
2025-05-08,Salida,LA MOLINA,39,FILTRO COMBUST,1,Cliente 40,REPUESTOS
2025-05-08,Salida,LA MOLINA,40,AMORT DEL,2,Cliente 4,REPUESTOS
2025-05-08,Salida,SURCO,41,AMORT POS,3,Cliente 29,REPUESTOS
2025-05-08,Salida,LA MOLINA,42,"LLANTAS 18""",4,Cliente 43,REPUESTOS
2025-05-08,Salida,SURCO,43,BATERÍA 18 PLC,1,Cliente 25,REPUESTOS
2025-05-09,Salida,SURCO,38,ACEITE FS 5W30,1,Cliente 10,REPUESTOS
2025-05-09,Salida,SURCO,39,FILTRO COMBUST,1,Cliente 6,REPUESTOS
2025-05-09,Salida,LA MOLINA,40,AMORT DEL,2,Cliente 26,REPUESTOS
2025-05-09,Salida,SURCO,41,AMORT POS,1,Cliente 20,REPUESTOS
2025-05-09,Salida,LA MOLINA,42,"LLANTAS 18""",2,Cliente 27,REPUESTOS
2025-05-09,Salida,LA MOLINA,43,BATERÍA 18 PLC,1,Cliente 10,REPUESTOS
2025-05-10,Entrada,SURCO,1,ACCORD,3,Prov Vehículos,AUTOS
2025-05-10,Entrada,SURCO,2,CIVIC,5,Prov Vehículos,AUTOS
2025-05-10,Entrada,SURCO,3,ODISSEY,1,Prov Vehículos,AUTOS
2025-05-10,Entrada,SURCO,4,CRV,2,Prov Vehículos,AUTOS
2025-05-10,Entrada,SURCO,5,PILOT,1,Prov Vehículos,AUTOS
2025-05-10,Entrada,SURCO,6,FIT,2,Prov Vehículos,AUTOS
2025-05-10,Entrada,SURCO,7,CITY,5,Prov Vehículos,AUTOS
2025-05-10,Entrada,LA MOLINA,1,ACCORD,2,Prov Vehículos,AUTOS
2025-05-10,Entrada,LA MOLINA,2,CIVIC,3,Prov Vehículos,AUTOS
2025-05-10,Entrada,LA MOLINA,3,ODISSEY,3,Prov Vehículos,AUTOS
2025-05-10,Entrada,LA MOLINA,4,CRV,3,Prov Vehículos,AUTOS
2025-05-10,Salida,LA MOLINA,2,CIVIC,1,Cliente 14,AUTOS
2025-05-10,Salida,SURCO,6,FIT,1,Cliente 11,AUTOS
2025-05-10,Salida,SURCO,7,CITY,1,Cliente 47,AUTOS
2025-05-10,Salida,SURCO,39,FILTRO COMBUST,1,Cliente 30,REPUESTOS
2025-05-10,Salida,LA MOLINA,40,AMORT DEL,3,Cliente 8,REPUESTOS
2025-05-10,Salida,LA MOLINA,41,AMORT POS,3,Cliente 22,REPUESTOS
2025-05-10,Salida,LA MOLINA,43,BATERÍA 18 PLC,2,Cliente 37,REPUESTOS
2025-05-11,Salida,SURCO,6,FIT,1,Cliente 41,AUTOS
2025-05-11,Salida,SURCO,7,CITY,1,Cliente 43,AUTOS
2025-05-11,Salida,SURCO,40,AMORT DEL,3,Cliente 15,REPUESTOS
2025-05-11,Salida,LA MOLINA,41,AMORT POS,2,Cliente 18,REPUESTOS
2025-05-11,Salida,SURCO,43,BATERÍA 18 PLC,1,Cliente 4,REPUESTOS
2025-05-12,Salida,SURCO,7,CITY,1,Cliente 17,AUTOS
2025-05-12,Salida,SURCO,40,AMORT DEL,3,Cliente 15,REPUESTOS
2025-05-12,Salida,SURCO,41,AMORT POS,2,Cliente 7,REPUESTOS
2025-05-13,Salida,SURCO,7,CITY,1,Cliente 27,AUTOS
2025-05-13,Salida,SURCO,40,AMORT DEL,1,Cliente 16,REPUESTOS
2025-05-13,Salida,LA MOLINA,41,AMORT POS,2,Cliente 43,REPUESTOS
2025-05-14,Salida,SURCO,7,CITY,1,Cliente 26,AUTOS
2025-05-14,Salida,LA MOLINA,40,AMORT DEL,2,Cliente 2,REPUESTOS
2025-05-14,Control,SURCO,1,ACCORD,4,,AUTOS
2025-05-14,Control,SURCO,2,CIVIC,5,,AUTOS
2025-05-14,Control,SURCO,3,ODISSEY,1,,AUTOS
2025-05-14,Control,SURCO,4,CRV,4,,AUTOS
2025-05-14,Control,SURCO,5,PILOT,2,,AUTOS
2025-05-14,Control,SURCO,6,FIT,0,,AUTOS
2025-05-14,Control,SURCO,7,CITY,0,,AUTOS
2025-05-14,Control,SURCO,8,ELEMENT,0,,CAMIONETAS
2025-05-14,Control,SURCO,9,CROSSTOUR,0,,CAMIONETAS
2025-05-14,Control,SURCO,10,CR-Z,0,,CAMIONETAS
2025-05-14,Control,SURCO,11,RID LINE,0,,CAMIONETAS
2025-05-14,Control,SURCO,38,ACEITE FS 5W30,0,,REPUESTOS
2025-05-14,Control,SURCO,39,FILTRO COMBUST,34,,REPUESTOS
2025-05-14,Control,SURCO,40,AMORT DEL,0,,REPUESTOS
2025-05-14,Control,SURCO,41,AMORT POS,0,,REPUESTOS
2025-05-14,Control,SURCO,42,"LLANTAS 18""",0,,REPUESTOS
2025-05-14,Control,SURCO,43,BATERÍA 18 PLC,0,,REPUESTOS
2025-05-14,Control,LA MOLINA,1,ACCORD,5,,AUTOS
2025-05-14,Control,LA MOLINA,2,CIVIC,2,,AUTOS
2025-05-14,Control,LA MOLINA,3,ODISSEY,3,,AUTOS
2025-05-14,Control,LA MOLINA,4,CRV,4,,AUTOS
2025-05-14,Control,LA MOLINA,5,PILOT,0,,AUTOS
2025-05-14,Control,LA MOLINA,6,FIT,0,,AUTOS
2025-05-14,Control,LA MOLINA,7,CITY,0,,AUTOS
2025-05-14,Control,LA MOLINA,8,ELEMENT,0,,CAMIONETAS
2025-05-14,Control,LA MOLINA,9,CROSSTOUR,0,,CAMIONETAS
2025-05-14,Control,LA MOLINA,10,CR-Z,0,,CAMIONETAS
2025-05-14,Control,LA MOLINA,11,RID LINE,0,,CAMIONETAS
2025-05-14,Control,LA MOLINA,38,ACEITE FS 5W30,0,,REPUESTOS
2025-05-14,Control,LA MOLINA,39,FILTRO COMBUST,157,,REPUESTOS
2025-05-14,Control,LA MOLINA,40,AMORT DEL,3,,REPUESTOS
2025-05-14,Control,LA MOLINA,41,AMORT POS,0,,REPUESTOS
2025-05-14,Control,LA MOLINA,42,"LLANTAS 18""",0,,REPUESTOS
2025-05-14,Control,LA MOLINA,43,BATERÍA 18 PLC,0,,REPUESTOS
2025-05-15,Salida,LA MOLINA,40,AMORT DEL,2,Cliente 26,REPUESTOS
2025-05-16,Salida,LA MOLINA,40,AMORT DEL,1,Cliente 11,REPUESTOS
2025-05-17,Entrada,SURCO,38,ACEITE FS 5W30,10,Prov Repuestos,REPUESTOS
2025-05-17,Entrada,SURCO,40,AMORT DEL,10,Prov Repuestos,REPUESTOS
2025-05-17,Entrada,SURCO,41,AMORT POS,10,Prov Repuestos,REPUESTOS
2025-05-17,Entrada,SURCO,42,"LLANTAS 18""",10,Prov Repuestos,REPUESTOS
2025-05-17,Entrada,SURCO,43,BATERÍA 18 PLC,5,Prov Repuestos,REPUESTOS
2025-05-17,Entrada,LA MOLINA,38,ACEITE FS 5W30,10,Prov Repuestos,REPUESTOS
2025-05-17,Entrada,LA MOLINA,40,AMORT DEL,7,Prov Repuestos,REPUESTOS
2025-05-17,Entrada,LA MOLINA,41,AMORT POS,10,Prov Repuestos,REPUESTOS
2025-05-17,Entrada,LA MOLINA,42,"LLANTAS 18""",10,Prov Repuestos,REPUESTOS
2025-05-17,Entrada,LA MOLINA,43,BATERÍA 18 PLC,5,Prov Repuestos,REPUESTOS
2025-05-17,Entrada,SURCO,39,FILTRO COMBUST,6,Prov Repuestos,REPUESTOS
2025-05-17,Salida,SURCO,38,ACEITE FS 5W30,1,Cliente 6,REPUESTOS
2025-05-17,Salida,SURCO,40,AMORT DEL,3,Cliente 10,REPUESTOS
2025-05-17,Salida,LA MOLINA,41,AMORT POS,2,Cliente 6,REPUESTOS
2025-05-17,Salida,SURCO,42,"LLANTAS 18""",1,Cliente 31,REPUESTOS
2025-05-17,Salida,SURCO,43,BATERÍA 18 PLC,1,Cliente 19,REPUESTOS
2025-05-18,Salida,LA MOLINA,38,ACEITE FS 5W30,6,Cliente 43,REPUESTOS
2025-05-18,Salida,SURCO,40,AMORT DEL,1,Cliente 11,REPUESTOS
2025-05-18,Salida,SURCO,41,AMORT POS,3,Cliente 3,REPUESTOS
2025-05-18,Salida,SURCO,42,"LLANTAS 18""",1,Cliente 40,REPUESTOS
2025-05-18,Salida,SURCO,43,BATERÍA 18 PLC,1,Cliente 26,REPUESTOS
2025-05-19,Salida,LA MOLINA,38,ACEITE FS 5W30,1,Cliente 38,REPUESTOS
2025-05-19,Salida,SURCO,40,AMORT DEL,3,Cliente 40,REPUESTOS
2025-05-19,Salida,SURCO,41,AMORT POS,2,Cliente 30,REPUESTOS
2025-05-19,Salida,LA MOLINA,42,"LLANTAS 18""",7,Cliente 11,REPUESTOS
2025-05-19,Salida,LA MOLINA,43,BATERÍA 18 PLC,1,Cliente 39,REPUESTOS
2025-05-20,Salida,SURCO,38,ACEITE FS 5W30,5,Cliente 26,REPUESTOS
2025-05-20,Salida,SURCO,40,AMORT DEL,3,Cliente 45,REPUESTOS
2025-05-20,Salida,LA MOLINA,41,AMORT POS,4,Cliente 33,REPUESTOS
2025-05-20,Salida,LA MOLINA,42,"LLANTAS 18""",3,Cliente 27,REPUESTOS
2025-05-20,Salida,LA MOLINA,43,BATERÍA 18 PLC,2,Cliente 14,REPUESTOS
2025-05-21,Salida,SURCO,38,ACEITE FS 5W30,4,Cliente 46,REPUESTOS
2025-05-21,Salida,LA MOLINA,40,AMORT DEL,1,Cliente 4,REPUESTOS
2025-05-21,Salida,SURCO,41,AMORT POS,1,Cliente 7,REPUESTOS
2025-05-21,Salida,SURCO,42,"LLANTAS 18""",2,Cliente 47,REPUESTOS
2025-05-21,Salida,LA MOLINA,43,BATERÍA 18 PLC,2,Cliente 45,REPUESTOS
2025-05-22,Salida,LA MOLINA,38,ACEITE FS 5W30,3,Cliente 28,REPUESTOS
2025-05-22,Salida,LA MOLINA,40,AMORT DEL,1,Cliente 46,REPUESTOS
2025-05-22,Salida,SURCO,41,AMORT POS,4,Cliente 24,REPUESTOS
2025-05-22,Salida,SURCO,42,"LLANTAS 18""",4,Cliente 23,REPUESTOS
2025-05-22,Salida,SURCO,43,BATERÍA 18 PLC,1,Cliente 17,REPUESTOS
2025-05-23,Salida,LA MOLINA,40,AMORT DEL,4,Cliente 43,REPUESTOS
2025-05-23,Salida,LA MOLINA,41,AMORT POS,3,Cliente 9,REPUESTOS
2025-05-23,Salida,SURCO,42,"LLANTAS 18""",2,Cliente 49,REPUESTOS
2025-05-23,Salida,SURCO,43,BATERÍA 18 PLC,2,Cliente 11,REPUESTOS
2025-05-24,Salida,LA MOLINA,40,AMORT DEL,1,Cliente 22,REPUESTOS
2025-05-24,Salida,LA MOLINA,41,AMORT POS,1,Cliente 16,REPUESTOS
2025-05-25,Salida,LA MOLINA,41,AMORT POS,4,Cliente 50,REPUESTOS
2025-05-26,Salida,LA MOLINA,41,AMORT POS,3,Cliente 1,REPUESTOS
2025-05-27,Salida,LA MOLINA,41,AMORT POS,2,Cliente 44,REPUESTOS
2025-05-28,Salida,LA MOLINA,41,AMORT POS,1,Cliente 28,REPUESTOS
2025-05-31,Control,SURCO,1,ACCORD,4,,AUTOS
2025-05-31,Control,SURCO,2,CIVIC,5,,AUTOS
2025-05-31,Control,SURCO,3,ODISSEY,1,,AUTOS
2025-05-31,Control,SURCO,4,CRV,4,,AUTOS
2025-05-31,Control,SURCO,5,PILOT,2,,AUTOS
2025-05-31,Control,SURCO,6,FIT,0,,AUTOS
2025-05-31,Control,SURCO,7,CITY,0,,AUTOS
2025-05-31,Control,SURCO,8,ELEMENT,0,,CAMIONETAS
2025-05-31,Control,SURCO,9,CROSSTOUR,0,,CAMIONETAS
2025-05-31,Control,SURCO,10,CR-Z,0,,CAMIONETAS
2025-05-31,Control,SURCO,11,RID LINE,0,,CAMIONETAS
2025-05-31,Control,SURCO,38,ACEITE FS 5W30,0,,REPUESTOS
2025-05-31,Control,SURCO,39,FILTRO COMBUST,40,,REPUESTOS
2025-05-31,Control,SURCO,40,AMORT DEL,0,,REPUESTOS
2025-05-31,Control,SURCO,41,AMORT POS,0,,REPUESTOS
2025-05-31,Control,SURCO,42,"LLANTAS 18""",0,,REPUESTOS
2025-05-31,Control,SURCO,43,BATERÍA 18 PLC,0,,REPUESTOS
2025-05-31,Control,LA MOLINA,1,ACCORD,5,,AUTOS
2025-05-31,Control,LA MOLINA,2,CIVIC,2,,AUTOS
2025-05-31,Control,LA MOLINA,3,ODISSEY,3,,AUTOS
2025-05-31,Control,LA MOLINA,4,CRV,4,,AUTOS
2025-05-31,Control,LA MOLINA,5,PILOT,0,,AUTOS
2025-05-31,Control,LA MOLINA,6,FIT,0,,AUTOS
2025-05-31,Control,LA MOLINA,7,CITY,0,,AUTOS
2025-05-31,Control,LA MOLINA,8,ELEMENT,0,,CAMIONETAS
2025-05-31,Control,LA MOLINA,9,CROSSTOUR,0,,CAMIONETAS
2025-05-31,Control,LA MOLINA,10,CR-Z,0,,CAMIONETAS
2025-05-31,Control,LA MOLINA,11,RID LINE,0,,CAMIONETAS
2025-05-31,Control,LA MOLINA,38,ACEITE FS 5W30,0,,REPUESTOS
2025-05-31,Control,LA MOLINA,39,FILTRO COMBUST,157,,REPUESTOS
2025-05-31,Control,LA MOLINA,40,AMORT DEL,0,,REPUESTOS
2025-05-31,Control,LA MOLINA,41,AMORT POS,0,,REPUESTOS
2025-05-31,Control,LA MOLINA,42,"LLANTAS 18""",0,,REPUESTOS
2025-05-31,Control,LA MOLINA,43,BATERÍA 18 PLC,0,,REPUESTOS
2025-06-01,Salida,LA MOLINA,1,ACCORD,1,Cliente 26,AUTOS
2025-06-01,Salida,SURCO,2,CIVIC,1,Cliente 34,AUTOS
2025-06-01,Salida,SURCO,3,ODISSEY,1,Cliente 15,AUTOS
2025-06-01,Salida,SURCO,4,CRV,1,Cliente 26,AUTOS
2025-06-01,Salida,SURCO,5,PILOT,1,Cliente 4,AUTOS
2025-06-01,Salida,LA MOLINA,39,FILTRO COMBUST,1,Cliente 2,REPUESTOS
2025-06-02,Salida,LA MOLINA,3,ODISSEY,1,Cliente 35,AUTOS
2025-06-02,Salida,LA MOLINA,4,CRV,1,Cliente 50,AUTOS
2025-06-02,Salida,SURCO,5,PILOT,1,Cliente 25,AUTOS
2025-06-02,Salida,LA MOLINA,39,FILTRO COMBUST,1,Cliente 12,REPUESTOS
2025-06-03,Entrada,SURCO,38,ACEITE FS 5W30,10,Prov Repuestos,REPUESTOS
2025-06-03,Entrada,SURCO,40,AMORT DEL,10,Prov Repuestos,REPUESTOS
2025-06-03,Entrada,SURCO,41,AMORT POS,10,Prov Repuestos,REPUESTOS
2025-06-03,Entrada,SURCO,42,"LLANTAS 18""",10,Prov Repuestos,REPUESTOS
2025-06-03,Entrada,SURCO,43,BATERÍA 18 PLC,5,Prov Repuestos,REPUESTOS
2025-06-03,Entrada,LA MOLINA,38,ACEITE FS 5W30,10,Prov Repuestos,REPUESTOS
2025-06-03,Entrada,LA MOLINA,40,AMORT DEL,10,Prov Repuestos,REPUESTOS
2025-06-03,Entrada,LA MOLINA,41,AMORT POS,10,Prov Repuestos,REPUESTOS
2025-06-03,Entrada,LA MOLINA,42,"LLANTAS 18""",10,Prov Repuestos,REPUESTOS
2025-06-03,Entrada,LA MOLINA,43,BATERÍA 18 PLC,5,Prov Repuestos,REPUESTOS
2025-06-03,Entrada,LA MOLINA,39,FILTRO COMBUST,10,Prov Repuestos,REPUESTOS
2025-06-03,Salida,LA MOLINA,3,ODISSEY,1,Cliente 6,AUTOS
2025-06-03,Salida,SURCO,4,CRV,1,Cliente 31,AUTOS
2025-06-03,Salida,SURCO,38,ACEITE FS 5W30,1,Cliente 48,REPUESTOS
2025-06-03,Salida,SURCO,39,FILTRO COMBUST,1,Cliente 43,REPUESTOS
2025-06-03,Salida,LA MOLINA,40,AMORT DEL,3,Cliente 11,REPUESTOS
2025-06-03,Salida,SURCO,41,AMORT POS,2,Cliente 24,REPUESTOS
2025-06-03,Salida,LA MOLINA,42,"LLANTAS 18""",2,Cliente 35,REPUESTOS
2025-06-03,Salida,SURCO,43,BATERÍA 18 PLC,1,Cliente 5,REPUESTOS
2025-06-04,Salida,LA MOLINA,3,ODISSEY,1,Cliente 1,AUTOS
2025-06-04,Salida,LA MOLINA,38,ACEITE FS 5W30,1,Cliente 12,REPUESTOS
2025-06-04,Salida,LA MOLINA,39,FILTRO COMBUST,1,Cliente 22,REPUESTOS
2025-06-04,Salida,SURCO,40,AMORT DEL,4,Cliente 31,REPUESTOS
2025-06-04,Salida,SURCO,41,AMORT POS,3,Cliente 23,REPUESTOS
2025-06-04,Salida,SURCO,42,"LLANTAS 18""",2,Cliente 25,REPUESTOS
2025-06-04,Salida,LA MOLINA,43,BATERÍA 18 PLC,1,Cliente 47,REPUESTOS
2025-06-05,Salida,SURCO,38,ACEITE FS 5W30,3,Cliente 5,REPUESTOS
2025-06-05,Salida,SURCO,39,FILTRO COMBUST,1,Cliente 22,REPUESTOS
2025-06-05,Salida,LA MOLINA,40,AMORT DEL,2,Cliente 49,REPUESTOS
2025-06-05,Salida,LA MOLINA,41,AMORT POS,1,Cliente 25,REPUESTOS
2025-06-05,Salida,LA MOLINA,42,"LLANTAS 18""",1,Cliente 14,REPUESTOS
2025-06-05,Salida,SURCO,43,BATERÍA 18 PLC,1,Cliente 40,REPUESTOS
2025-06-06,Salida,SURCO,38,ACEITE FS 5W30,3,Cliente 48,REPUESTOS
2025-06-06,Salida,LA MOLINA,39,FILTRO COMBUST,1,Cliente 36,REPUESTOS
2025-06-06,Salida,LA MOLINA,40,AMORT DEL,4,Cliente 42,REPUESTOS
2025-06-06,Salida,SURCO,41,AMORT POS,2,Cliente 3,REPUESTOS
2025-06-06,Salida,SURCO,42,"LLANTAS 18""",1,Cliente 37,REPUESTOS
2025-06-06,Salida,SURCO,43,BATERÍA 18 PLC,1,Cliente 43,REPUESTOS
2025-06-07,Salida,LA MOLINA,38,ACEITE FS 5W30,3,Cliente 48,REPUESTOS
2025-06-07,Salida,LA MOLINA,39,FILTRO COMBUST,1,Cliente 30,REPUESTOS
2025-06-07,Salida,SURCO,40,AMORT DEL,2,Cliente 39,REPUESTOS
2025-06-07,Salida,SURCO,41,AMORT POS,3,Cliente 38,REPUESTOS
2025-06-07,Salida,LA MOLINA,42,"LLANTAS 18""",2,Cliente 36,REPUESTOS
2025-06-07,Salida,LA MOLINA,43,BATERÍA 18 PLC,1,Cliente 8,REPUESTOS
2025-06-08,Salida,LA MOLINA,38,ACEITE FS 5W30,1,Cliente 16,REPUESTOS
2025-06-08,Salida,LA MOLINA,39,FILTRO COMBUST,1,Cliente 19,REPUESTOS
2025-06-08,Salida,SURCO,40,AMORT DEL,1,Cliente 20,REPUESTOS
2025-06-08,Salida,LA MOLINA,41,AMORT POS,3,Cliente 10,REPUESTOS
2025-06-08,Salida,LA MOLINA,42,"LLANTAS 18""",2,Cliente 5,REPUESTOS
2025-06-08,Salida,LA MOLINA,43,BATERÍA 18 PLC,1,Cliente 5,REPUESTOS
2025-06-09,Entrada,SURCO,1,ACCORD,1,Prov Vehículos,AUTOS
2025-06-09,Entrada,SURCO,3,ODISSEY,4,Prov Vehículos,AUTOS
2025-06-09,Entrada,SURCO,4,CRV,1,Prov Vehículos,AUTOS
2025-06-09,Entrada,SURCO,5,PILOT,3,Prov Vehículos,AUTOS
2025-06-09,Entrada,SURCO,6,FIT,5,Prov Vehículos,AUTOS
2025-06-09,Entrada,SURCO,7,CITY,5,Prov Vehículos,AUTOS
2025-06-09,Entrada,LA MOLINA,2,CIVIC,3,Prov Vehículos,AUTOS
2025-06-09,Entrada,LA MOLINA,3,ODISSEY,2,Prov Vehículos,AUTOS
2025-06-09,Entrada,LA MOLINA,4,CRV,1,Prov Vehículos,AUTOS
2025-06-09,Salida,LA MOLINA,3,ODISSEY,1,Cliente 48,AUTOS
2025-06-09,Salida,SURCO,5,PILOT,1,Cliente 2,AUTOS
2025-06-09,Salida,SURCO,6,FIT,1,Cliente 21,AUTOS
2025-06-09,Salida,SURCO,7,CITY,1,Cliente 9,AUTOS
2025-06-09,Salida,LA MOLINA,38,ACEITE FS 5W30,1,Cliente 8,REPUESTOS
2025-06-09,Salida,LA MOLINA,39,FILTRO COMBUST,1,Cliente 50,REPUESTOS
2025-06-09,Salida,SURCO,40,AMORT DEL,3,Cliente 12,REPUESTOS
2025-06-09,Salida,LA MOLINA,41,AMORT POS,2,Cliente 15,REPUESTOS
2025-06-09,Salida,LA MOLINA,42,"LLANTAS 18""",2,Cliente 49,REPUESTOS
2025-06-09,Salida,SURCO,43,BATERÍA 18 PLC,1,Cliente 46,REPUESTOS
2025-06-10,Salida,LA MOLINA,3,ODISSEY,1,Cliente 36,AUTOS
2025-06-10,Salida,SURCO,5,PILOT,1,Cliente 26,AUTOS
2025-06-10,Salida,SURCO,6,FIT,1,Cliente 27,AUTOS
2025-06-10,Salida,LA MOLINA,38,ACEITE FS 5W30,3,Cliente 48,REPUESTOS
2025-06-10,Salida,SURCO,39,FILTRO COMBUST,1,Cliente 5,REPUESTOS
2025-06-10,Salida,LA MOLINA,40,AMORT DEL,1,Cliente 7,REPUESTOS
2025-06-10,Salida,LA MOLINA,41,AMORT POS,1,Cliente 24,REPUESTOS
2025-06-10,Salida,SURCO,42,"LLANTAS 18""",3,Cliente 17,REPUESTOS
2025-06-10,Salida,SURCO,43,BATERÍA 18 PLC,1,Cliente 6,REPUESTOS
2025-06-11,Salida,SURCO,5,PILOT,1,Cliente 12,AUTOS
2025-06-11,Salida,SURCO,6,FIT,1,Cliente 41,AUTOS
2025-06-11,Salida,SURCO,38,ACEITE FS 5W30,3,Cliente 47,REPUESTOS
2025-06-11,Salida,SURCO,39,FILTRO COMBUST,1,Cliente 48,REPUESTOS
2025-06-11,Salida,LA MOLINA,41,AMORT POS,3,Cliente 44,REPUESTOS
2025-06-11,Salida,SURCO,42,"LLANTAS 18""",2,Cliente 32,REPUESTOS
2025-06-11,Salida,LA MOLINA,43,BATERÍA 18 PLC,1,Cliente 4,REPUESTOS
2025-06-12,Salida,LA MOLINA,38,ACEITE FS 5W30,1,Cliente 13,REPUESTOS
2025-06-12,Salida,LA MOLINA,39,FILTRO COMBUST,1,Cliente 23,REPUESTOS
2025-06-12,Salida,LA MOLINA,42,"LLANTAS 18""",1,Cliente 18,REPUESTOS
2025-06-12,Salida,LA MOLINA,43,BATERÍA 18 PLC,1,Cliente 46,REPUESTOS
2025-06-13,Salida,LA MOLINA,39,FILTRO COMBUST,1,Cliente 1,REPUESTOS
2025-06-13,Salida,SURCO,42,"LLANTAS 18""",2,Cliente 45,REPUESTOS
2025-06-14,Control,SURCO,1,ACCORD,5,,AUTOS
2025-06-14,Control,SURCO,2,CIVIC,4,,AUTOS
2025-06-14,Control,SURCO,3,ODISSEY,4,,AUTOS
2025-06-14,Control,SURCO,4,CRV,3,,AUTOS
2025-06-14,Control,SURCO,5,PILOT,0,,AUTOS
2025-06-14,Control,SURCO,6,FIT,2,,AUTOS
2025-06-14,Control,SURCO,7,CITY,4,,AUTOS
2025-06-14,Control,SURCO,8,ELEMENT,0,,CAMIONETAS
2025-06-14,Control,SURCO,9,CROSSTOUR,0,,CAMIONETAS
2025-06-14,Control,SURCO,10,CR-Z,0,,CAMIONETAS
2025-06-14,Control,SURCO,11,RID LINE,0,,CAMIONETAS
2025-06-14,Control,SURCO,38,ACEITE FS 5W30,0,,REPUESTOS
2025-06-14,Control,SURCO,39,FILTRO COMBUST,36,,REPUESTOS
2025-06-14,Control,SURCO,40,AMORT DEL,0,,REPUESTOS
2025-06-14,Control,SURCO,41,AMORT POS,0,,REPUESTOS
2025-06-14,Control,SURCO,42,"LLANTAS 18""",0,,REPUESTOS
2025-06-14,Control,SURCO,43,BATERÍA 18 PLC,0,,REPUESTOS
2025-06-14,Control,LA MOLINA,1,ACCORD,4,,AUTOS
2025-06-14,Control,LA MOLINA,2,CIVIC,5,,AUTOS
2025-06-14,Control,LA MOLINA,3,ODISSEY,0,,AUTOS
2025-06-14,Control,LA MOLINA,4,CRV,4,,AUTOS
2025-06-14,Control,LA MOLINA,5,PILOT,0,,AUTOS
2025-06-14,Control,LA MOLINA,6,FIT,0,,AUTOS
2025-06-14,Control,LA MOLINA,7,CITY,0,,AUTOS
2025-06-14,Control,LA MOLINA,8,ELEMENT,0,,CAMIONETAS
2025-06-14,Control,LA MOLINA,9,CROSSTOUR,0,,CAMIONETAS
2025-06-14,Control,LA MOLINA,10,CR-Z,0,,CAMIONETAS
2025-06-14,Control,LA MOLINA,11,RID LINE,0,,CAMIONETAS
2025-06-14,Control,LA MOLINA,38,ACEITE FS 5W30,0,,REPUESTOS
2025-06-14,Control,LA MOLINA,39,FILTRO COMBUST,158,,REPUESTOS
2025-06-14,Control,LA MOLINA,40,AMORT DEL,0,,REPUESTOS
2025-06-14,Control,LA MOLINA,41,AMORT POS,0,,REPUESTOS
2025-06-14,Control,LA MOLINA,42,"LLANTAS 18""",0,,REPUESTOS
2025-06-14,Control,LA MOLINA,43,BATERÍA 18 PLC,0,,REPUESTOS
2025-06-17,Entrada,SURCO,38,ACEITE FS 5W30,10,Prov Repuestos,REPUESTOS
2025-06-17,Entrada,SURCO,40,AMORT DEL,10,Prov Repuestos,REPUESTOS
2025-06-17,Entrada,SURCO,41,AMORT POS,10,Prov Repuestos,REPUESTOS
2025-06-17,Entrada,SURCO,42,"LLANTAS 18""",10,Prov Repuestos,REPUESTOS
2025-06-17,Entrada,SURCO,43,BATERÍA 18 PLC,5,Prov Repuestos,REPUESTOS
2025-06-17,Entrada,LA MOLINA,38,ACEITE FS 5W30,10,Prov Repuestos,REPUESTOS
2025-06-17,Entrada,LA MOLINA,40,AMORT DEL,10,Prov Repuestos,REPUESTOS
2025-06-17,Entrada,LA MOLINA,41,AMORT POS,10,Prov Repuestos,REPUESTOS
2025-06-17,Entrada,LA MOLINA,42,"LLANTAS 18""",10,Prov Repuestos,REPUESTOS
2025-06-17,Entrada,LA MOLINA,43,BATERÍA 18 PLC,5,Prov Repuestos,REPUESTOS
2025-06-17,Entrada,SURCO,43,BATERÍA 18 PLC,4,Prov Repuestos,REPUESTOS
2025-06-17,Entrada,LA MOLINA,39,FILTRO COMBUST,9,Prov Repuestos,REPUESTOS
2025-06-17,Salida,LA MOLINA,38,ACEITE FS 5W30,6,Cliente 9,REPUESTOS
2025-06-17,Salida,SURCO,40,AMORT DEL,3,Cliente 37,REPUESTOS
2025-06-17,Salida,SURCO,41,AMORT POS,4,Cliente 45,REPUESTOS
2025-06-17,Salida,SURCO,42,"LLANTAS 18""",4,Cliente 22,REPUESTOS
2025-06-17,Salida,LA MOLINA,43,BATERÍA 18 PLC,1,Cliente 10,REPUESTOS
2025-06-18,Salida,SURCO,38,ACEITE FS 5W30,6,Cliente 24,REPUESTOS
2025-06-18,Salida,LA MOLINA,40,AMORT DEL,7,Cliente 43,REPUESTOS
2025-06-18,Salida,LA MOLINA,41,AMORT POS,5,Cliente 43,REPUESTOS
2025-06-18,Salida,SURCO,42,"LLANTAS 18""",2,Cliente 25,REPUESTOS
2025-06-18,Salida,SURCO,43,BATERÍA 18 PLC,1,Cliente 32,REPUESTOS
2025-06-19,Salida,LA MOLINA,38,ACEITE FS 5W30,3,Cliente 4,REPUESTOS
2025-06-19,Salida,LA MOLINA,40,AMORT DEL,1,Cliente 30,REPUESTOS
2025-06-19,Salida,SURCO,41,AMORT POS,1,Cliente 48,REPUESTOS
2025-06-19,Salida,LA MOLINA,42,"LLANTAS 18""",5,Cliente 14,REPUESTOS
2025-06-19,Salida,LA MOLINA,43,BATERÍA 18 PLC,1,Cliente 10,REPUESTOS
2025-06-20,Salida,SURCO,38,ACEITE FS 5W30,3,Cliente 28,REPUESTOS
2025-06-20,Salida,SURCO,40,AMORT DEL,7,Cliente 38,REPUESTOS
2025-06-20,Salida,LA MOLINA,41,AMORT POS,5,Cliente 42,REPUESTOS
2025-06-20,Salida,SURCO,42,"LLANTAS 18""",4,Cliente 45,REPUESTOS
2025-06-20,Salida,LA MOLINA,43,BATERÍA 18 PLC,2,Cliente 18,REPUESTOS
2025-06-21,Salida,SURCO,38,ACEITE FS 5W30,1,Cliente 29,REPUESTOS
2025-06-21,Salida,LA MOLINA,40,AMORT DEL,1,Cliente 42,REPUESTOS
2025-06-21,Salida,SURCO,41,AMORT POS,5,Cliente 36,REPUESTOS
2025-06-21,Salida,LA MOLINA,42,"LLANTAS 18""",2,Cliente 18,REPUESTOS
2025-06-21,Salida,SURCO,43,BATERÍA 18 PLC,2,Cliente 18,REPUESTOS
2025-06-22,Salida,LA MOLINA,38,ACEITE FS 5W30,1,Cliente 48,REPUESTOS
2025-06-22,Salida,LA MOLINA,40,AMORT DEL,1,Cliente 37,REPUESTOS
2025-06-22,Salida,LA MOLINA,42,"LLANTAS 18""",3,Cliente 16,REPUESTOS
2025-06-22,Salida,LA MOLINA,43,BATERÍA 18 PLC,1,Cliente 34,REPUESTOS
2025-06-23,Salida,SURCO,43,BATERÍA 18 PLC,2,Cliente 1,REPUESTOS
2025-06-24,Salida,SURCO,43,BATERÍA 18 PLC,2,Cliente 17,REPUESTOS
2025-06-25,Salida,SURCO,43,BATERÍA 18 PLC,1,Cliente 31,REPUESTOS
2025-06-26,Salida,SURCO,43,BATERÍA 18 PLC,1,Cliente 31,REPUESTOS
2025-06-30,Control,SURCO,1,ACCORD,5,,AUTOS
2025-06-30,Control,SURCO,2,CIVIC,4,,AUTOS
2025-06-30,Control,SURCO,3,ODISSEY,4,,AUTOS
2025-06-30,Control,SURCO,4,CRV,3,,AUTOS
2025-06-30,Control,SURCO,5,PILOT,0,,AUTOS
2025-06-30,Control,SURCO,6,FIT,2,,AUTOS
2025-06-30,Control,SURCO,7,CITY,4,,AUTOS
2025-06-30,Control,SURCO,8,ELEMENT,0,,CAMIONETAS
2025-06-30,Control,SURCO,9,CROSSTOUR,0,,CAMIONETAS
2025-06-30,Control,SURCO,10,CR-Z,0,,CAMIONETAS
2025-06-30,Control,SURCO,11,RID LINE,0,,CAMIONETAS
2025-06-30,Control,SURCO,38,ACEITE FS 5W30,0,,REPUESTOS
2025-06-30,Control,SURCO,39,FILTRO COMBUST,36,,REPUESTOS
2025-06-30,Control,SURCO,40,AMORT DEL,0,,REPUESTOS
2025-06-30,Control,SURCO,41,AMORT POS,0,,REPUESTOS
2025-06-30,Control,SURCO,42,"LLANTAS 18""",0,,REPUESTOS
2025-06-30,Control,SURCO,43,BATERÍA 18 PLC,0,,REPUESTOS
2025-06-30,Control,LA MOLINA,1,ACCORD,4,,AUTOS
2025-06-30,Control,LA MOLINA,2,CIVIC,5,,AUTOS
2025-06-30,Control,LA MOLINA,3,ODISSEY,0,,AUTOS
2025-06-30,Control,LA MOLINA,4,CRV,4,,AUTOS
2025-06-30,Control,LA MOLINA,5,PILOT,0,,AUTOS
2025-06-30,Control,LA MOLINA,6,FIT,0,,AUTOS
2025-06-30,Control,LA MOLINA,7,CITY,0,,AUTOS
2025-06-30,Control,LA MOLINA,8,ELEMENT,0,,CAMIONETAS
2025-06-30,Control,LA MOLINA,9,CROSSTOUR,0,,CAMIONETAS
2025-06-30,Control,LA MOLINA,10,CR-Z,0,,CAMIONETAS
2025-06-30,Control,LA MOLINA,11,RID LINE,0,,CAMIONETAS
2025-06-30,Control,LA MOLINA,38,ACEITE FS 5W30,0,,REPUESTOS
2025-06-30,Control,LA MOLINA,39,FILTRO COMBUST,167,,REPUESTOS
2025-06-30,Control,LA MOLINA,40,AMORT DEL,0,,REPUESTOS
2025-06-30,Control,LA MOLINA,41,AMORT POS,0,,REPUESTOS
2025-06-30,Control,LA MOLINA,42,"LLANTAS 18""",0,,REPUESTOS
2025-06-30,Control,LA MOLINA,43,BATERÍA 18 PLC,0,,REPUESTOS
2025-07-01,Salida,LA MOLINA,1,ACCORD,1,Cliente 1,AUTOS
2025-07-01,Salida,LA MOLINA,2,CIVIC,1,Cliente 8,AUTOS
2025-07-01,Salida,SURCO,3,ODISSEY,1,Cliente 14,AUTOS
2025-07-01,Salida,LA MOLINA,4,CRV,1,Cliente 16,AUTOS
2025-07-01,Salida,SURCO,6,FIT,1,Cliente 6,AUTOS
2025-07-01,Salida,SURCO,7,CITY,1,Cliente 3,AUTOS
2025-07-01,Salida,LA MOLINA,39,FILTRO COMBUST,1,Cliente 35,REPUESTOS
2025-07-02,Salida,SURCO,1,ACCORD,1,Cliente 27,AUTOS
2025-07-02,Salida,SURCO,2,CIVIC,1,Cliente 6,AUTOS
2025-07-02,Salida,SURCO,3,ODISSEY,1,Cliente 37,AUTOS
2025-07-02,Salida,SURCO,4,CRV,1,Cliente 28,AUTOS
2025-07-02,Salida,SURCO,7,CITY,1,Cliente 49,AUTOS
2025-07-02,Salida,SURCO,39,FILTRO COMBUST,1,Cliente 2,REPUESTOS
2025-07-03,Entrada,SURCO,38,ACEITE FS 5W30,10,Prov Repuestos,REPUESTOS
2025-07-03,Entrada,SURCO,40,AMORT DEL,10,Prov Repuestos,REPUESTOS
2025-07-03,Entrada,SURCO,41,AMORT POS,10,Prov Repuestos,REPUESTOS
2025-07-03,Entrada,SURCO,42,"LLANTAS 18""",10,Prov Repuestos,REPUESTOS
2025-07-03,Entrada,SURCO,43,BATERÍA 18 PLC,5,Prov Repuestos,REPUESTOS
2025-07-03,Entrada,LA MOLINA,38,ACEITE FS 5W30,10,Prov Repuestos,REPUESTOS
2025-07-03,Entrada,LA MOLINA,40,AMORT DEL,10,Prov Repuestos,REPUESTOS
2025-07-03,Entrada,LA MOLINA,41,AMORT POS,10,Prov Repuestos,REPUESTOS
2025-07-03,Entrada,LA MOLINA,42,"LLANTAS 18""",10,Prov Repuestos,REPUESTOS
2025-07-03,Entrada,LA MOLINA,43,BATERÍA 18 PLC,5,Prov Repuestos,REPUESTOS
2025-07-03,Entrada,SURCO,38,ACEITE FS 5W30,4,Prov Repuestos,REPUESTOS
2025-07-03,Salida,SURCO,1,ACCORD,1,Cliente 12,AUTOS
2025-07-03,Salida,SURCO,2,CIVIC,1,Cliente 48,AUTOS
2025-07-03,Salida,SURCO,3,ODISSEY,1,Cliente 13,AUTOS
2025-07-03,Salida,SURCO,4,CRV,1,Cliente 9,AUTOS
2025-07-03,Salida,SURCO,7,CITY,1,Cliente 4,AUTOS
2025-07-03,Salida,SURCO,38,ACEITE FS 5W30,1,Cliente 3,REPUESTOS
2025-07-03,Salida,SURCO,39,FILTRO COMBUST,1,Cliente 24,REPUESTOS
2025-07-03,Salida,LA MOLINA,40,AMORT DEL,3,Cliente 10,REPUESTOS
2025-07-03,Salida,LA MOLINA,41,AMORT POS,1,Cliente 25,REPUESTOS
2025-07-03,Salida,LA MOLINA,42,"LLANTAS 18""",1,Cliente 3,REPUESTOS
2025-07-03,Salida,SURCO,43,BATERÍA 18 PLC,1,Cliente 44,REPUESTOS
2025-07-04,Salida,SURCO,1,ACCORD,1,Cliente 6,AUTOS
2025-07-04,Salida,SURCO,3,ODISSEY,1,Cliente 5,AUTOS
2025-07-04,Salida,LA MOLINA,4,CRV,1,Cliente 7,AUTOS
2025-07-04,Salida,SURCO,7,CITY,1,Cliente 45,AUTOS
2025-07-04,Salida,LA MOLINA,38,ACEITE FS 5W30,2,Cliente 29,REPUESTOS
2025-07-04,Salida,SURCO,39,FILTRO COMBUST,1,Cliente 29,REPUESTOS
2025-07-04,Salida,LA MOLINA,40,AMORT DEL,1,Cliente 18,REPUESTOS
2025-07-04,Salida,SURCO,41,AMORT POS,2,Cliente 47,REPUESTOS
2025-07-04,Salida,LA MOLINA,42,"LLANTAS 18""",1,Cliente 19,REPUESTOS
2025-07-04,Salida,LA MOLINA,43,BATERÍA 18 PLC,1,Cliente 6,REPUESTOS
2025-07-05,Salida,SURCO,4,CRV,1,Cliente 45,AUTOS
2025-07-05,Salida,SURCO,38,ACEITE FS 5W30,1,Cliente 48,REPUESTOS
2025-07-05,Salida,SURCO,39,FILTRO COMBUST,1,Cliente 36,REPUESTOS
2025-07-05,Salida,SURCO,40,AMORT DEL,2,Cliente 4,REPUESTOS
2025-07-05,Salida,SURCO,41,AMORT POS,1,Cliente 9,REPUESTOS
2025-07-05,Salida,SURCO,42,"LLANTAS 18""",1,Cliente 16,REPUESTOS
2025-07-05,Salida,SURCO,43,BATERÍA 18 PLC,1,Cliente 22,REPUESTOS
2025-07-06,Salida,LA MOLINA,4,CRV,1,Cliente 17,AUTOS
2025-07-06,Salida,SURCO,38,ACEITE FS 5W30,2,Cliente 12,REPUESTOS
2025-07-06,Salida,LA MOLINA,39,FILTRO COMBUST,1,Cliente 32,REPUESTOS
2025-07-06,Salida,SURCO,40,AMORT DEL,1,Cliente 45,REPUESTOS
2025-07-06,Salida,LA MOLINA,41,AMORT POS,1,Cliente 5,REPUESTOS
2025-07-06,Salida,SURCO,42,"LLANTAS 18""",3,Cliente 48,REPUESTOS
2025-07-06,Salida,LA MOLINA,43,BATERÍA 18 PLC,1,Cliente 11,REPUESTOS
2025-07-07,Salida,SURCO,38,ACEITE FS 5W30,3,Cliente 3,REPUESTOS
2025-07-07,Salida,SURCO,39,FILTRO COMBUST,1,Cliente 50,REPUESTOS
2025-07-07,Salida,SURCO,40,AMORT DEL,3,Cliente 6,REPUESTOS
2025-07-07,Salida,SURCO,41,AMORT POS,1,Cliente 6,REPUESTOS
2025-07-07,Salida,SURCO,42,"LLANTAS 18""",2,Cliente 29,REPUESTOS
2025-07-07,Salida,LA MOLINA,43,BATERÍA 18 PLC,1,Cliente 4,REPUESTOS
2025-07-08,Salida,SURCO,38,ACEITE FS 5W30,1,Cliente 23,REPUESTOS
2025-07-08,Salida,LA MOLINA,39,FILTRO COMBUST,1,Cliente 44,REPUESTOS
2025-07-08,Salida,LA MOLINA,40,AMORT DEL,3,Cliente 49,REPUESTOS
2025-07-08,Salida,SURCO,41,AMORT POS,2,Cliente 6,REPUESTOS
2025-07-08,Salida,LA MOLINA,42,"LLANTAS 18""",1,Cliente 19,REPUESTOS
2025-07-08,Salida,SURCO,43,BATERÍA 18 PLC,1,Cliente 10,REPUESTOS
2025-07-09,Salida,SURCO,38,ACEITE FS 5W30,3,Cliente 21,REPUESTOS
2025-07-09,Salida,LA MOLINA,39,FILTRO COMBUST,1,Cliente 3,REPUESTOS
2025-07-09,Salida,LA MOLINA,40,AMORT DEL,2,Cliente 2,REPUESTOS
2025-07-09,Salida,SURCO,41,AMORT POS,3,Cliente 1,REPUESTOS
2025-07-09,Salida,LA MOLINA,42,"LLANTAS 18""",1,Cliente 23,REPUESTOS
2025-07-09,Salida,SURCO,43,BATERÍA 18 PLC,1,Cliente 24,REPUESTOS
2025-07-10,Entrada,SURCO,2,CIVIC,1,Prov Vehículos,AUTOS
2025-07-10,Entrada,SURCO,3,ODISSEY,1,Prov Vehículos,AUTOS
2025-07-10,Entrada,SURCO,4,CRV,2,Prov Vehículos,AUTOS
2025-07-10,Entrada,SURCO,5,PILOT,5,Prov Vehículos,AUTOS
2025-07-10,Entrada,SURCO,6,FIT,3,Prov Vehículos,AUTOS
2025-07-10,Entrada,SURCO,7,CITY,1,Prov Vehículos,AUTOS
2025-07-10,Entrada,LA MOLINA,1,ACCORD,1,Prov Vehículos,AUTOS
2025-07-10,Entrada,LA MOLINA,3,ODISSEY,5,Prov Vehículos,AUTOS
2025-07-10,Entrada,LA MOLINA,4,CRV,1,Prov Vehículos,AUTOS
2025-07-10,Salida,SURCO,5,PILOT,1,Cliente 34,AUTOS
2025-07-10,Salida,SURCO,7,CITY,1,Cliente 25,AUTOS
2025-07-10,Salida,SURCO,38,ACEITE FS 5W30,1,Cliente 27,REPUESTOS
2025-07-10,Salida,LA MOLINA,39,FILTRO COMBUST,1,Cliente 33,REPUESTOS
2025-07-10,Salida,LA MOLINA,40,AMORT DEL,1,Cliente 43,REPUESTOS
2025-07-10,Salida,LA MOLINA,41,AMORT POS,2,Cliente 11,REPUESTOS
2025-07-10,Salida,SURCO,42,"LLANTAS 18""",2,Cliente 36,REPUESTOS
2025-07-10,Salida,LA MOLINA,43,BATERÍA 18 PLC,1,Cliente 4,REPUESTOS
2025-07-11,Salida,SURCO,5,PILOT,1,Cliente 16,AUTOS
2025-07-11,Salida,LA MOLINA,38,ACEITE FS 5W30,4,Cliente 2,REPUESTOS
2025-07-11,Salida,SURCO,39,FILTRO COMBUST,1,Cliente 9,REPUESTOS
2025-07-11,Salida,SURCO,40,AMORT DEL,1,Cliente 4,REPUESTOS
2025-07-11,Salida,LA MOLINA,41,AMORT POS,2,Cliente 34,REPUESTOS
2025-07-11,Salida,SURCO,42,"LLANTAS 18""",2,Cliente 17,REPUESTOS
2025-07-11,Salida,SURCO,43,BATERÍA 18 PLC,1,Cliente 36,REPUESTOS
2025-07-12,Salida,SURCO,5,PILOT,1,Cliente 16,AUTOS
2025-07-12,Salida,LA MOLINA,38,ACEITE FS 5W30,2,Cliente 46,REPUESTOS
2025-07-12,Salida,SURCO,40,AMORT DEL,3,Cliente 26,REPUESTOS
2025-07-12,Salida,SURCO,41,AMORT POS,1,Cliente 44,REPUESTOS
2025-07-12,Salida,LA MOLINA,42,"LLANTAS 18""",1,Cliente 40,REPUESTOS
2025-07-12,Salida,LA MOLINA,43,BATERÍA 18 PLC,1,Cliente 34,REPUESTOS
2025-07-13,Salida,LA MOLINA,38,ACEITE FS 5W30,2,Cliente 20,REPUESTOS
2025-07-13,Salida,LA MOLINA,41,AMORT POS,1,Cliente 49,REPUESTOS
2025-07-13,Salida,LA MOLINA,42,"LLANTAS 18""",2,Cliente 14,REPUESTOS
2025-07-14,Salida,SURCO,38,ACEITE FS 5W30,2,Cliente 6,REPUESTOS
2025-07-14,Salida,LA MOLINA,41,AMORT POS,2,Cliente 41,REPUESTOS
2025-07-14,Salida,LA MOLINA,42,"LLANTAS 18""",1,Cliente 49,REPUESTOS
2025-07-14,Control,SURCO,1,ACCORD,2,,AUTOS
2025-07-14,Control,SURCO,2,CIVIC,3,,AUTOS
2025-07-14,Control,SURCO,3,ODISSEY,1,,AUTOS
2025-07-14,Control,SURCO,4,CRV,2,,AUTOS
2025-07-14,Control,SURCO,5,PILOT,2,,AUTOS
2025-07-14,Control,SURCO,6,FIT,4,,AUTOS
2025-07-14,Control,SURCO,7,CITY,0,,AUTOS
2025-07-14,Control,SURCO,8,ELEMENT,0,,CAMIONETAS
2025-07-14,Control,SURCO,9,CROSSTOUR,0,,CAMIONETAS
2025-07-14,Control,SURCO,10,CR-Z,0,,CAMIONETAS
2025-07-14,Control,SURCO,11,RID LINE,0,,CAMIONETAS
2025-07-14,Control,SURCO,38,ACEITE FS 5W30,0,,REPUESTOS
2025-07-14,Control,SURCO,39,FILTRO COMBUST,30,,REPUESTOS
2025-07-14,Control,SURCO,40,AMORT DEL,0,,REPUESTOS
2025-07-14,Control,SURCO,41,AMORT POS,0,,REPUESTOS
2025-07-14,Control,SURCO,42,"LLANTAS 18""",0,,REPUESTOS
2025-07-14,Control,SURCO,43,BATERÍA 18 PLC,0,,REPUESTOS
2025-07-14,Control,LA MOLINA,1,ACCORD,4,,AUTOS
2025-07-14,Control,LA MOLINA,2,CIVIC,4,,AUTOS
2025-07-14,Control,LA MOLINA,3,ODISSEY,5,,AUTOS
2025-07-14,Control,LA MOLINA,4,CRV,2,,AUTOS
2025-07-14,Control,LA MOLINA,5,PILOT,0,,AUTOS
2025-07-14,Control,LA MOLINA,6,FIT,0,,AUTOS
2025-07-14,Control,LA MOLINA,7,CITY,0,,AUTOS
2025-07-14,Control,LA MOLINA,8,ELEMENT,0,,CAMIONETAS
2025-07-14,Control,LA MOLINA,9,CROSSTOUR,0,,CAMIONETAS
2025-07-14,Control,LA MOLINA,10,CR-Z,0,,CAMIONETAS
2025-07-14,Control,LA MOLINA,11,RID LINE,0,,CAMIONETAS
2025-07-14,Control,LA MOLINA,38,ACEITE FS 5W30,0,,REPUESTOS
2025-07-14,Control,LA MOLINA,39,FILTRO COMBUST,162,,REPUESTOS
2025-07-14,Control,LA MOLINA,40,AMORT DEL,0,,REPUESTOS
2025-07-14,Control,LA MOLINA,41,AMORT POS,1,,REPUESTOS
2025-07-14,Control,LA MOLINA,42,"LLANTAS 18""",2,,REPUESTOS
2025-07-14,Control,LA MOLINA,43,BATERÍA 18 PLC,0,,REPUESTOS
2025-07-15,Salida,LA MOLINA,41,AMORT POS,1,Cliente 22,REPUESTOS
2025-07-15,Salida,LA MOLINA,42,"LLANTAS 18""",2,Cliente 19,REPUESTOS
2025-07-17,Entrada,SURCO,38,ACEITE FS 5W30,10,Prov Repuestos,REPUESTOS
2025-07-17,Entrada,SURCO,40,AMORT DEL,10,Prov Repuestos,REPUESTOS
2025-07-17,Entrada,SURCO,41,AMORT POS,10,Prov Repuestos,REPUESTOS
2025-07-17,Entrada,SURCO,42,"LLANTAS 18""",10,Prov Repuestos,REPUESTOS
2025-07-17,Entrada,SURCO,43,BATERÍA 18 PLC,5,Prov Repuestos,REPUESTOS
2025-07-17,Entrada,LA MOLINA,38,ACEITE FS 5W30,10,Prov Repuestos,REPUESTOS
2025-07-17,Entrada,LA MOLINA,40,AMORT DEL,10,Prov Repuestos,REPUESTOS
2025-07-17,Entrada,LA MOLINA,41,AMORT POS,9,Prov Repuestos,REPUESTOS
2025-07-17,Entrada,LA MOLINA,42,"LLANTAS 18""",8,Prov Repuestos,REPUESTOS
2025-07-17,Entrada,LA MOLINA,43,BATERÍA 18 PLC,5,Prov Repuestos,REPUESTOS
2025-07-17,Entrada,LA MOLINA,38,ACEITE FS 5W30,5,Prov Repuestos,REPUESTOS
2025-07-17,Salida,LA MOLINA,38,ACEITE FS 5W30,3,Cliente 18,REPUESTOS
2025-07-17,Salida,SURCO,40,AMORT DEL,1,Cliente 47,REPUESTOS
2025-07-17,Salida,SURCO,41,AMORT POS,3,Cliente 36,REPUESTOS
2025-07-17,Salida,LA MOLINA,42,"LLANTAS 18""",2,Cliente 22,REPUESTOS
2025-07-17,Salida,SURCO,43,BATERÍA 18 PLC,2,Cliente 44,REPUESTOS
2025-07-18,Salida,LA MOLINA,38,ACEITE FS 5W30,1,Cliente 44,REPUESTOS
2025-07-18,Salida,SURCO,40,AMORT DEL,3,Cliente 14,REPUESTOS
2025-07-18,Salida,LA MOLINA,41,AMORT POS,2,Cliente 13,REPUESTOS
2025-07-18,Salida,LA MOLINA,42,"LLANTAS 18""",3,Cliente 46,REPUESTOS
2025-07-18,Salida,SURCO,43,BATERÍA 18 PLC,2,Cliente 10,REPUESTOS
2025-07-19,Salida,SURCO,38,ACEITE FS 5W30,1,Cliente 46,REPUESTOS
2025-07-19,Salida,LA MOLINA,40,AMORT DEL,4,Cliente 47,REPUESTOS
2025-07-19,Salida,SURCO,41,AMORT POS,1,Cliente 16,REPUESTOS
2025-07-19,Salida,SURCO,42,"LLANTAS 18""",1,Cliente 32,REPUESTOS
2025-07-19,Salida,LA MOLINA,43,BATERÍA 18 PLC,1,Cliente 42,REPUESTOS
2025-07-20,Salida,SURCO,38,ACEITE FS 5W30,2,Cliente 27,REPUESTOS
2025-07-20,Salida,SURCO,40,AMORT DEL,1,Cliente 49,REPUESTOS
2025-07-20,Salida,LA MOLINA,41,AMORT POS,4,Cliente 25,REPUESTOS
2025-07-20,Salida,LA MOLINA,42,"LLANTAS 18""",3,Cliente 50,REPUESTOS
2025-07-20,Salida,SURCO,43,BATERÍA 18 PLC,1,Cliente 12,REPUESTOS
2025-07-21,Salida,SURCO,38,ACEITE FS 5W30,1,Cliente 38,REPUESTOS
2025-07-21,Salida,LA MOLINA,40,AMORT DEL,3,Cliente 8,REPUESTOS
2025-07-21,Salida,SURCO,41,AMORT POS,2,Cliente 16,REPUESTOS
2025-07-21,Salida,SURCO,42,"LLANTAS 18""",3,Cliente 41,REPUESTOS
2025-07-21,Salida,LA MOLINA,43,BATERÍA 18 PLC,2,Cliente 39,REPUESTOS
2025-07-22,Salida,LA MOLINA,38,ACEITE FS 5W30,6,Cliente 1,REPUESTOS
2025-07-22,Salida,SURCO,40,AMORT DEL,6,Cliente 26,REPUESTOS
2025-07-22,Salida,SURCO,41,AMORT POS,3,Cliente 4,REPUESTOS
2025-07-22,Salida,SURCO,42,"LLANTAS 18""",3,Cliente 8,REPUESTOS
2025-07-22,Salida,LA MOLINA,43,BATERÍA 18 PLC,2,Cliente 35,REPUESTOS
2025-07-23,Salida,SURCO,38,ACEITE FS 5W30,2,Cliente 26,REPUESTOS
2025-07-23,Salida,LA MOLINA,40,AMORT DEL,3,Cliente 2,REPUESTOS
2025-07-23,Salida,LA MOLINA,41,AMORT POS,2,Cliente 13,REPUESTOS
2025-07-23,Salida,SURCO,42,"LLANTAS 18""",2,Cliente 39,REPUESTOS
2025-07-24,Salida,SURCO,38,ACEITE FS 5W30,2,Cliente 29,REPUESTOS
2025-07-24,Salida,SURCO,40,AMORT DEL,3,Cliente 27,REPUESTOS
2025-07-24,Salida,LA MOLINA,41,AMORT POS,1,Cliente 3,REPUESTOS
2025-07-24,Salida,SURCO,42,"LLANTAS 18""",1,Cliente 48,REPUESTOS
2025-07-25,Salida,LA MOLINA,38,ACEITE FS 5W30,1,Cliente 16,REPUESTOS
2025-07-25,Salida,SURCO,40,AMORT DEL,4,Cliente 28,REPUESTOS
2025-07-25,Salida,SURCO,41,AMORT POS,1,Cliente 8,REPUESTOS
2025-07-26,Salida,SURCO,38,ACEITE FS 5W30,1,Cliente 4,REPUESTOS
2025-07-26,Salida,SURCO,40,AMORT DEL,2,Cliente 25,REPUESTOS
2025-07-27,Salida,SURCO,38,ACEITE FS 5W30,1,Cliente 44,REPUESTOS
2025-07-28,Salida,LA MOLINA,38,ACEITE FS 5W30,3,Cliente 17,REPUESTOS
2025-07-29,Salida,LA MOLINA,38,ACEITE FS 5W30,1,Cliente 28,REPUESTOS
2025-07-31,Control,SURCO,1,ACCORD,2,,AUTOS
2025-07-31,Control,SURCO,2,CIVIC,3,,AUTOS
2025-07-31,Control,SURCO,3,ODISSEY,1,,AUTOS
2025-07-31,Control,SURCO,4,CRV,2,,AUTOS
2025-07-31,Control,SURCO,5,PILOT,2,,AUTOS
2025-07-31,Control,SURCO,6,FIT,4,,AUTOS
2025-07-31,Control,SURCO,7,CITY,0,,AUTOS
2025-07-31,Control,SURCO,8,ELEMENT,0,,CAMIONETAS
2025-07-31,Control,SURCO,9,CROSSTOUR,0,,CAMIONETAS
2025-07-31,Control,SURCO,10,CR-Z,0,,CAMIONETAS
2025-07-31,Control,SURCO,11,RID LINE,0,,CAMIONETAS
2025-07-31,Control,SURCO,38,ACEITE FS 5W30,0,,REPUESTOS
2025-07-31,Control,SURCO,39,FILTRO COMBUST,30,,REPUESTOS
2025-07-31,Control,SURCO,40,AMORT DEL,0,,REPUESTOS
2025-07-31,Control,SURCO,41,AMORT POS,0,,REPUESTOS
2025-07-31,Control,SURCO,42,"LLANTAS 18""",0,,REPUESTOS
2025-07-31,Control,SURCO,43,BATERÍA 18 PLC,0,,REPUESTOS
2025-07-31,Control,LA MOLINA,1,ACCORD,4,,AUTOS
2025-07-31,Control,LA MOLINA,2,CIVIC,4,,AUTOS
2025-07-31,Control,LA MOLINA,3,ODISSEY,5,,AUTOS
2025-07-31,Control,LA MOLINA,4,CRV,2,,AUTOS
2025-07-31,Control,LA MOLINA,5,PILOT,0,,AUTOS
2025-07-31,Control,LA MOLINA,6,FIT,0,,AUTOS
2025-07-31,Control,LA MOLINA,7,CITY,0,,AUTOS
2025-07-31,Control,LA MOLINA,8,ELEMENT,0,,CAMIONETAS
2025-07-31,Control,LA MOLINA,9,CROSSTOUR,0,,CAMIONETAS
2025-07-31,Control,LA MOLINA,10,CR-Z,0,,CAMIONETAS
2025-07-31,Control,LA MOLINA,11,RID LINE,0,,CAMIONETAS
2025-07-31,Control,LA MOLINA,38,ACEITE FS 5W30,0,,REPUESTOS
2025-07-31,Control,LA MOLINA,39,FILTRO COMBUST,162,,REPUESTOS
2025-07-31,Control,LA MOLINA,40,AMORT DEL,0,,REPUESTOS
2025-07-31,Control,LA MOLINA,41,AMORT POS,0,,REPUESTOS
2025-07-31,Control,LA MOLINA,42,"LLANTAS 18""",0,,REPUESTOS
2025-07-31,Control,LA MOLINA,43,BATERÍA 18 PLC,0,,REPUESTOS
2025-08-01,Salida,LA MOLINA,1,ACCORD,1,Cliente 16,AUTOS
2025-08-01,Salida,SURCO,2,CIVIC,1,Cliente 27,AUTOS
2025-08-01,Salida,SURCO,4,CRV,1,Cliente 15,AUTOS
2025-08-01,Salida,SURCO,5,PILOT,1,Cliente 4,AUTOS
2025-08-01,Salida,SURCO,6,FIT,1,Cliente 29,AUTOS
2025-08-01,Salida,SURCO,39,FILTRO COMBUST,1,Cliente 33,REPUESTOS
2025-08-02,Salida,SURCO,1,ACCORD,1,Cliente 2,AUTOS
2025-08-02,Salida,LA MOLINA,2,CIVIC,1,Cliente 38,AUTOS
2025-08-02,Salida,LA MOLINA,4,CRV,1,Cliente 49,AUTOS
2025-08-02,Salida,SURCO,5,PILOT,1,Cliente 50,AUTOS
2025-08-02,Salida,SURCO,6,FIT,1,Cliente 50,AUTOS
2025-08-02,Salida,LA MOLINA,39,FILTRO COMBUST,1,Cliente 6,REPUESTOS
2025-08-03,Entrada,SURCO,38,ACEITE FS 5W30,10,Prov Repuestos,REPUESTOS
2025-08-03,Entrada,SURCO,40,AMORT DEL,10,Prov Repuestos,REPUESTOS
2025-08-03,Entrada,SURCO,41,AMORT POS,10,Prov Repuestos,REPUESTOS
2025-08-03,Entrada,SURCO,42,"LLANTAS 18""",10,Prov Repuestos,REPUESTOS
2025-08-03,Entrada,SURCO,43,BATERÍA 18 PLC,5,Prov Repuestos,REPUESTOS
2025-08-03,Entrada,LA MOLINA,38,ACEITE FS 5W30,10,Prov Repuestos,REPUESTOS
2025-08-03,Entrada,LA MOLINA,40,AMORT DEL,10,Prov Repuestos,REPUESTOS
2025-08-03,Entrada,LA MOLINA,41,AMORT POS,10,Prov Repuestos,REPUESTOS
2025-08-03,Entrada,LA MOLINA,42,"LLANTAS 18""",10,Prov Repuestos,REPUESTOS
2025-08-03,Entrada,LA MOLINA,43,BATERÍA 18 PLC,5,Prov Repuestos,REPUESTOS
2025-08-03,Entrada,SURCO,39,FILTRO COMBUST,10,Prov Repuestos,REPUESTOS
2025-08-03,Entrada,LA MOLINA,40,AMORT DEL,5,Prov Repuestos,REPUESTOS
2025-08-03,Salida,LA MOLINA,1,ACCORD,1,Cliente 38,AUTOS
2025-08-03,Salida,SURCO,2,CIVIC,1,Cliente 10,AUTOS
2025-08-03,Salida,SURCO,4,CRV,1,Cliente 19,AUTOS
2025-08-03,Salida,SURCO,6,FIT,1,Cliente 37,AUTOS
2025-08-03,Salida,SURCO,38,ACEITE FS 5W30,1,Cliente 13,REPUESTOS
2025-08-03,Salida,SURCO,39,FILTRO COMBUST,1,Cliente 50,REPUESTOS
2025-08-03,Salida,SURCO,40,AMORT DEL,3,Cliente 50,REPUESTOS
2025-08-03,Salida,SURCO,41,AMORT POS,2,Cliente 27,REPUESTOS
2025-08-03,Salida,SURCO,42,"LLANTAS 18""",3,Cliente 36,REPUESTOS
2025-08-03,Salida,SURCO,43,BATERÍA 18 PLC,1,Cliente 26,REPUESTOS
2025-08-04,Salida,LA MOLINA,1,ACCORD,1,Cliente 49,AUTOS
2025-08-04,Salida,SURCO,2,CIVIC,1,Cliente 42,AUTOS
2025-08-04,Salida,LA MOLINA,4,CRV,1,Cliente 48,AUTOS
2025-08-04,Salida,SURCO,6,FIT,1,Cliente 36,AUTOS
2025-08-04,Salida,SURCO,38,ACEITE FS 5W30,3,Cliente 21,REPUESTOS
2025-08-04,Salida,LA MOLINA,39,FILTRO COMBUST,1,Cliente 42,REPUESTOS
2025-08-04,Salida,SURCO,40,AMORT DEL,5,Cliente 43,REPUESTOS
2025-08-04,Salida,LA MOLINA,41,AMORT POS,1,Cliente 1,REPUESTOS
2025-08-04,Salida,SURCO,42,"LLANTAS 18""",2,Cliente 10,REPUESTOS
2025-08-04,Salida,LA MOLINA,43,BATERÍA 18 PLC,1,Cliente 22,REPUESTOS
2025-08-05,Salida,SURCO,1,ACCORD,1,Cliente 26,AUTOS
2025-08-05,Salida,SURCO,38,ACEITE FS 5W30,2,Cliente 28,REPUESTOS
2025-08-05,Salida,SURCO,39,FILTRO COMBUST,1,Cliente 36,REPUESTOS
2025-08-05,Salida,LA MOLINA,40,AMORT DEL,5,Cliente 23,REPUESTOS
2025-08-05,Salida,SURCO,41,AMORT POS,1,Cliente 1,REPUESTOS
2025-08-05,Salida,LA MOLINA,42,"LLANTAS 18""",2,Cliente 7,REPUESTOS
2025-08-05,Salida,SURCO,43,BATERÍA 18 PLC,1,Cliente 34,REPUESTOS
2025-08-06,Salida,SURCO,38,ACEITE FS 5W30,3,Cliente 17,REPUESTOS
2025-08-06,Salida,LA MOLINA,39,FILTRO COMBUST,1,Cliente 26,REPUESTOS
2025-08-06,Salida,SURCO,40,AMORT DEL,2,Cliente 38,REPUESTOS
2025-08-06,Salida,SURCO,41,AMORT POS,2,Cliente 2,REPUESTOS
2025-08-06,Salida,SURCO,42,"LLANTAS 18""",4,Cliente 1,REPUESTOS
2025-08-06,Salida,LA MOLINA,43,BATERÍA 18 PLC,1,Cliente 39,REPUESTOS
2025-08-07,Salida,SURCO,38,ACEITE FS 5W30,1,Cliente 4,REPUESTOS
2025-08-07,Salida,LA MOLINA,39,FILTRO COMBUST,1,Cliente 33,REPUESTOS
2025-08-07,Salida,LA MOLINA,40,AMORT DEL,1,Cliente 43,REPUESTOS
2025-08-07,Salida,SURCO,41,AMORT POS,2,Cliente 4,REPUESTOS
2025-08-07,Salida,SURCO,42,"LLANTAS 18""",1,Cliente 40,REPUESTOS
2025-08-07,Salida,SURCO,43,BATERÍA 18 PLC,1,Cliente 19,REPUESTOS
2025-08-08,Salida,LA MOLINA,38,ACEITE FS 5W30,1,Cliente 4,REPUESTOS
2025-08-08,Salida,LA MOLINA,39,FILTRO COMBUST,1,Cliente 50,REPUESTOS
2025-08-08,Salida,LA MOLINA,40,AMORT DEL,5,Cliente 38,REPUESTOS
2025-08-08,Salida,SURCO,41,AMORT POS,2,Cliente 4,REPUESTOS
2025-08-08,Salida,LA MOLINA,42,"LLANTAS 18""",2,Cliente 18,REPUESTOS
2025-08-08,Salida,LA MOLINA,43,BATERÍA 18 PLC,1,Cliente 29,REPUESTOS
2025-08-09,Entrada,SURCO,1,ACCORD,3,Prov Vehículos,AUTOS
2025-08-09,Entrada,SURCO,2,CIVIC,2,Prov Vehículos,AUTOS
2025-08-09,Entrada,SURCO,3,ODISSEY,4,Prov Vehículos,AUTOS
2025-08-09,Entrada,SURCO,4,CRV,3,Prov Vehículos,AUTOS
2025-08-09,Entrada,SURCO,5,PILOT,3,Prov Vehículos,AUTOS
2025-08-09,Entrada,SURCO,6,FIT,1,Prov Vehículos,AUTOS
2025-08-09,Entrada,SURCO,7,CITY,5,Prov Vehículos,AUTOS
2025-08-09,Entrada,LA MOLINA,1,ACCORD,1,Prov Vehículos,AUTOS
2025-08-09,Entrada,LA MOLINA,2,CIVIC,1,Prov Vehículos,AUTOS
2025-08-09,Entrada,LA MOLINA,4,CRV,3,Prov Vehículos,AUTOS
2025-08-09,Salida,SURCO,7,CITY,1,Cliente 26,AUTOS
2025-08-09,Salida,LA MOLINA,38,ACEITE FS 5W30,1,Cliente 9,REPUESTOS
2025-08-09,Salida,LA MOLINA,39,FILTRO COMBUST,1,Cliente 43,REPUESTOS
2025-08-09,Salida,LA MOLINA,40,AMORT DEL,4,Cliente 23,REPUESTOS
2025-08-09,Salida,LA MOLINA,41,AMORT POS,1,Cliente 47,REPUESTOS
2025-08-09,Salida,LA MOLINA,42,"LLANTAS 18""",4,Cliente 11,REPUESTOS
2025-08-09,Salida,SURCO,43,BATERÍA 18 PLC,1,Cliente 50,REPUESTOS
2025-08-10,Salida,SURCO,7,CITY,1,Cliente 26,AUTOS
2025-08-10,Salida,LA MOLINA,38,ACEITE FS 5W30,3,Cliente 13,REPUESTOS
2025-08-10,Salida,SURCO,39,FILTRO COMBUST,1,Cliente 30,REPUESTOS
2025-08-10,Salida,LA MOLINA,41,AMORT POS,1,Cliente 23,REPUESTOS
2025-08-10,Salida,LA MOLINA,42,"LLANTAS 18""",2,Cliente 26,REPUESTOS
2025-08-10,Salida,LA MOLINA,43,BATERÍA 18 PLC,1,Cliente 35,REPUESTOS
2025-08-11,Salida,SURCO,7,CITY,1,Cliente 1,AUTOS
2025-08-11,Salida,LA MOLINA,38,ACEITE FS 5W30,2,Cliente 6,REPUESTOS
2025-08-11,Salida,SURCO,39,FILTRO COMBUST,1,Cliente 1,REPUESTOS
2025-08-11,Salida,LA MOLINA,41,AMORT POS,1,Cliente 16,REPUESTOS
2025-08-11,Salida,SURCO,43,BATERÍA 18 PLC,1,Cliente 30,REPUESTOS
2025-08-12,Salida,SURCO,7,CITY,1,Cliente 25,AUTOS
2025-08-12,Salida,LA MOLINA,38,ACEITE FS 5W30,2,Cliente 29,REPUESTOS
2025-08-12,Salida,LA MOLINA,39,FILTRO COMBUST,1,Cliente 20,REPUESTOS
2025-08-12,Salida,SURCO,41,AMORT POS,1,Cliente 38,REPUESTOS
2025-08-12,Salida,LA MOLINA,43,BATERÍA 18 PLC,1,Cliente 26,REPUESTOS
2025-08-13,Salida,SURCO,7,CITY,1,Cliente 7,AUTOS
2025-08-13,Salida,LA MOLINA,38,ACEITE FS 5W30,1,Cliente 4,REPUESTOS
2025-08-13,Salida,LA MOLINA,39,FILTRO COMBUST,1,Cliente 14,REPUESTOS
2025-08-13,Salida,LA MOLINA,41,AMORT POS,2,Cliente 35,REPUESTOS
2025-08-14,Salida,LA MOLINA,41,AMORT POS,2,Cliente 12,REPUESTOS
2025-08-14,Control,SURCO,1,ACCORD,3,,AUTOS
2025-08-14,Control,SURCO,2,CIVIC,2,,AUTOS
2025-08-14,Control,SURCO,3,ODISSEY,5,,AUTOS
2025-08-14,Control,SURCO,4,CRV,3,,AUTOS
2025-08-14,Control,SURCO,5,PILOT,3,,AUTOS
2025-08-14,Control,SURCO,6,FIT,1,,AUTOS
2025-08-14,Control,SURCO,7,CITY,0,,AUTOS
2025-08-14,Control,SURCO,8,ELEMENT,0,,CAMIONETAS
2025-08-14,Control,SURCO,9,CROSSTOUR,0,,CAMIONETAS
2025-08-14,Control,SURCO,10,CR-Z,0,,CAMIONETAS
2025-08-14,Control,SURCO,11,RID LINE,0,,CAMIONETAS
2025-08-14,Control,SURCO,38,ACEITE FS 5W30,0,,REPUESTOS
2025-08-14,Control,SURCO,39,FILTRO COMBUST,35,,REPUESTOS
2025-08-14,Control,SURCO,40,AMORT DEL,0,,REPUESTOS
2025-08-14,Control,SURCO,41,AMORT POS,0,,REPUESTOS
2025-08-14,Control,SURCO,42,"LLANTAS 18""",0,,REPUESTOS
2025-08-14,Control,SURCO,43,BATERÍA 18 PLC,0,,REPUESTOS
2025-08-14,Control,LA MOLINA,1,ACCORD,2,,AUTOS
2025-08-14,Control,LA MOLINA,2,CIVIC,4,,AUTOS
2025-08-14,Control,LA MOLINA,3,ODISSEY,5,,AUTOS
2025-08-14,Control,LA MOLINA,4,CRV,3,,AUTOS
2025-08-14,Control,LA MOLINA,5,PILOT,0,,AUTOS
2025-08-14,Control,LA MOLINA,6,FIT,0,,AUTOS
2025-08-14,Control,LA MOLINA,7,CITY,0,,AUTOS
2025-08-14,Control,LA MOLINA,8,ELEMENT,0,,CAMIONETAS
2025-08-14,Control,LA MOLINA,9,CROSSTOUR,0,,CAMIONETAS
2025-08-14,Control,LA MOLINA,10,CR-Z,0,,CAMIONETAS
2025-08-14,Control,LA MOLINA,11,RID LINE,0,,CAMIONETAS
2025-08-14,Control,LA MOLINA,38,ACEITE FS 5W30,0,,REPUESTOS
2025-08-14,Control,LA MOLINA,39,FILTRO COMBUST,154,,REPUESTOS
2025-08-14,Control,LA MOLINA,40,AMORT DEL,0,,REPUESTOS
2025-08-14,Control,LA MOLINA,41,AMORT POS,2,,REPUESTOS
2025-08-14,Control,LA MOLINA,42,"LLANTAS 18""",0,,REPUESTOS
2025-08-14,Control,LA MOLINA,43,BATERÍA 18 PLC,0,,REPUESTOS
2025-08-15,Salida,LA MOLINA,41,AMORT POS,2,Cliente 7,REPUESTOS
2025-08-17,Entrada,SURCO,38,ACEITE FS 5W30,10,Prov Repuestos,REPUESTOS
2025-08-17,Entrada,SURCO,40,AMORT DEL,10,Prov Repuestos,REPUESTOS
2025-08-17,Entrada,SURCO,41,AMORT POS,10,Prov Repuestos,REPUESTOS
2025-08-17,Entrada,SURCO,42,"LLANTAS 18""",10,Prov Repuestos,REPUESTOS
2025-08-17,Entrada,SURCO,43,BATERÍA 18 PLC,5,Prov Repuestos,REPUESTOS
2025-08-17,Entrada,LA MOLINA,38,ACEITE FS 5W30,10,Prov Repuestos,REPUESTOS
2025-08-17,Entrada,LA MOLINA,40,AMORT DEL,10,Prov Repuestos,REPUESTOS
2025-08-17,Entrada,LA MOLINA,41,AMORT POS,8,Prov Repuestos,REPUESTOS
2025-08-17,Entrada,LA MOLINA,42,"LLANTAS 18""",10,Prov Repuestos,REPUESTOS
2025-08-17,Entrada,LA MOLINA,43,BATERÍA 18 PLC,5,Prov Repuestos,REPUESTOS
2025-08-17,Entrada,SURCO,39,FILTRO COMBUST,5,Prov Repuestos,REPUESTOS
2025-08-17,Entrada,LA MOLINA,43,BATERÍA 18 PLC,13,Prov Repuestos,REPUESTOS
2025-08-17,Salida,LA MOLINA,38,ACEITE FS 5W30,5,Cliente 48,REPUESTOS
2025-08-17,Salida,SURCO,40,AMORT DEL,8,Cliente 49,REPUESTOS
2025-08-17,Salida,SURCO,41,AMORT POS,1,Cliente 8,REPUESTOS
2025-08-17,Salida,LA MOLINA,42,"LLANTAS 18""",2,Cliente 27,REPUESTOS
2025-08-17,Salida,SURCO,43,BATERÍA 18 PLC,2,Cliente 37,REPUESTOS
2025-08-18,Salida,SURCO,38,ACEITE FS 5W30,6,Cliente 32,REPUESTOS
2025-08-18,Salida,LA MOLINA,40,AMORT DEL,7,Cliente 44,REPUESTOS
2025-08-18,Salida,LA MOLINA,41,AMORT POS,2,Cliente 45,REPUESTOS
2025-08-18,Salida,LA MOLINA,42,"LLANTAS 18""",4,Cliente 16,REPUESTOS
2025-08-18,Salida,SURCO,43,BATERÍA 18 PLC,1,Cliente 24,REPUESTOS
2025-08-19,Salida,SURCO,38,ACEITE FS 5W30,4,Cliente 6,REPUESTOS
2025-08-19,Salida,SURCO,40,AMORT DEL,2,Cliente 41,REPUESTOS
2025-08-19,Salida,SURCO,41,AMORT POS,2,Cliente 6,REPUESTOS
2025-08-19,Salida,LA MOLINA,42,"LLANTAS 18""",4,Cliente 1,REPUESTOS
2025-08-19,Salida,SURCO,43,BATERÍA 18 PLC,2,Cliente 44,REPUESTOS
2025-08-20,Salida,LA MOLINA,38,ACEITE FS 5W30,4,Cliente 47,REPUESTOS
2025-08-20,Salida,LA MOLINA,40,AMORT DEL,3,Cliente 5,REPUESTOS
2025-08-20,Salida,LA MOLINA,41,AMORT POS,1,Cliente 37,REPUESTOS
2025-08-20,Salida,SURCO,42,"LLANTAS 18""",4,Cliente 36,REPUESTOS
2025-08-20,Salida,LA MOLINA,43,BATERÍA 18 PLC,2,Cliente 28,REPUESTOS
2025-08-21,Salida,LA MOLINA,38,ACEITE FS 5W30,1,Cliente 35,REPUESTOS
2025-08-21,Salida,SURCO,41,AMORT POS,2,Cliente 22,REPUESTOS
2025-08-21,Salida,SURCO,42,"LLANTAS 18""",5,Cliente 43,REPUESTOS
2025-08-21,Salida,LA MOLINA,43,BATERÍA 18 PLC,2,Cliente 33,REPUESTOS
2025-08-22,Salida,LA MOLINA,41,AMORT POS,3,Cliente 48,REPUESTOS
2025-08-22,Salida,SURCO,42,"LLANTAS 18""",1,Cliente 42,REPUESTOS
2025-08-22,Salida,LA MOLINA,43,BATERÍA 18 PLC,2,Cliente 29,REPUESTOS
2025-08-23,Salida,LA MOLINA,41,AMORT POS,1,Cliente 6,REPUESTOS
2025-08-23,Salida,LA MOLINA,43,BATERÍA 18 PLC,1,Cliente 29,REPUESTOS
2025-08-24,Salida,SURCO,41,AMORT POS,5,Cliente 2,REPUESTOS
2025-08-24,Salida,LA MOLINA,43,BATERÍA 18 PLC,2,Cliente 50,REPUESTOS
2025-08-25,Salida,LA MOLINA,41,AMORT POS,1,Cliente 40,REPUESTOS
2025-08-25,Salida,LA MOLINA,43,BATERÍA 18 PLC,2,Cliente 40,REPUESTOS
2025-08-26,Salida,LA MOLINA,43,BATERÍA 18 PLC,1,Cliente 21,REPUESTOS
2025-08-27,Salida,LA MOLINA,43,BATERÍA 18 PLC,1,Cliente 44,REPUESTOS
2025-08-28,Salida,LA MOLINA,43,BATERÍA 18 PLC,2,Cliente 45,REPUESTOS
2025-08-29,Salida,LA MOLINA,43,BATERÍA 18 PLC,3,Cliente 44,REPUESTOS
2025-08-31,Control,SURCO,1,ACCORD,3,,AUTOS
2025-08-31,Control,SURCO,2,CIVIC,2,,AUTOS
2025-08-31,Control,SURCO,3,ODISSEY,5,,AUTOS
2025-08-31,Control,SURCO,4,CRV,3,,AUTOS
2025-08-31,Control,SURCO,5,PILOT,3,,AUTOS
2025-08-31,Control,SURCO,6,FIT,1,,AUTOS
2025-08-31,Control,SURCO,7,CITY,0,,AUTOS
2025-08-31,Control,SURCO,8,ELEMENT,0,,CAMIONETAS
2025-08-31,Control,SURCO,9,CROSSTOUR,0,,CAMIONETAS
2025-08-31,Control,SURCO,10,CR-Z,0,,CAMIONETAS
2025-08-31,Control,SURCO,11,RID LINE,0,,CAMIONETAS
2025-08-31,Control,SURCO,38,ACEITE FS 5W30,0,,REPUESTOS
2025-08-31,Control,SURCO,39,FILTRO COMBUST,40,,REPUESTOS
2025-08-31,Control,SURCO,40,AMORT DEL,0,,REPUESTOS
2025-08-31,Control,SURCO,41,AMORT POS,0,,REPUESTOS
2025-08-31,Control,SURCO,42,"LLANTAS 18""",0,,REPUESTOS
2025-08-31,Control,SURCO,43,BATERÍA 18 PLC,0,,REPUESTOS
2025-08-31,Control,LA MOLINA,1,ACCORD,2,,AUTOS
2025-08-31,Control,LA MOLINA,2,CIVIC,4,,AUTOS
2025-08-31,Control,LA MOLINA,3,ODISSEY,5,,AUTOS
2025-08-31,Control,LA MOLINA,4,CRV,3,,AUTOS
2025-08-31,Control,LA MOLINA,5,PILOT,0,,AUTOS
2025-08-31,Control,LA MOLINA,6,FIT,0,,AUTOS
2025-08-31,Control,LA MOLINA,7,CITY,0,,AUTOS
2025-08-31,Control,LA MOLINA,8,ELEMENT,0,,CAMIONETAS
2025-08-31,Control,LA MOLINA,9,CROSSTOUR,0,,CAMIONETAS
2025-08-31,Control,LA MOLINA,10,CR-Z,0,,CAMIONETAS
2025-08-31,Control,LA MOLINA,11,RID LINE,0,,CAMIONETAS
2025-08-31,Control,LA MOLINA,38,ACEITE FS 5W30,0,,REPUESTOS
2025-08-31,Control,LA MOLINA,39,FILTRO COMBUST,154,,REPUESTOS
2025-08-31,Control,LA MOLINA,40,AMORT DEL,0,,REPUESTOS
2025-08-31,Control,LA MOLINA,41,AMORT POS,0,,REPUESTOS
2025-08-31,Control,LA MOLINA,42,"LLANTAS 18""",0,,REPUESTOS
2025-08-31,Control,LA MOLINA,43,BATERÍA 18 PLC,0,,REPUESTOS
2025-09-01,Salida,LA MOLINA,1,ACCORD,1,Cliente 40,AUTOS
2025-09-01,Salida,SURCO,2,CIVIC,1,Cliente 41,AUTOS
2025-09-01,Salida,SURCO,3,ODISSEY,1,Cliente 44,AUTOS
2025-09-01,Salida,LA MOLINA,4,CRV,1,Cliente 26,AUTOS
2025-09-01,Salida,SURCO,5,PILOT,1,Cliente 35,AUTOS
2025-09-01,Salida,SURCO,6,FIT,1,Cliente 22,AUTOS
2025-09-01,Salida,LA MOLINA,39,FILTRO COMBUST,1,Cliente 6,REPUESTOS
2025-09-02,Salida,SURCO,1,ACCORD,1,Cliente 22,AUTOS
2025-09-02,Salida,SURCO,2,CIVIC,1,Cliente 37,AUTOS
2025-09-02,Salida,LA MOLINA,3,ODISSEY,1,Cliente 38,AUTOS
2025-09-02,Salida,SURCO,4,CRV,1,Cliente 22,AUTOS
2025-09-02,Salida,SURCO,5,PILOT,1,Cliente 7,AUTOS
2025-09-03,Entrada,SURCO,38,ACEITE FS 5W30,10,Prov Repuestos,REPUESTOS
2025-09-03,Entrada,SURCO,40,AMORT DEL,10,Prov Repuestos,REPUESTOS
2025-09-03,Entrada,SURCO,41,AMORT POS,10,Prov Repuestos,REPUESTOS
2025-09-03,Entrada,SURCO,42,"LLANTAS 18""",10,Prov Repuestos,REPUESTOS
2025-09-03,Entrada,SURCO,43,BATERÍA 18 PLC,5,Prov Repuestos,REPUESTOS
2025-09-03,Entrada,LA MOLINA,38,ACEITE FS 5W30,10,Prov Repuestos,REPUESTOS
2025-09-03,Entrada,LA MOLINA,40,AMORT DEL,10,Prov Repuestos,REPUESTOS
2025-09-03,Entrada,LA MOLINA,41,AMORT POS,10,Prov Repuestos,REPUESTOS
2025-09-03,Entrada,LA MOLINA,42,"LLANTAS 18""",10,Prov Repuestos,REPUESTOS
2025-09-03,Entrada,LA MOLINA,43,BATERÍA 18 PLC,5,Prov Repuestos,REPUESTOS
2025-09-03,Entrada,LA MOLINA,39,FILTRO COMBUST,13,Prov Repuestos,REPUESTOS
2025-09-03,Salida,LA MOLINA,2,CIVIC,1,Cliente 2,AUTOS
2025-09-03,Salida,LA MOLINA,3,ODISSEY,1,Cliente 25,AUTOS
2025-09-03,Salida,LA MOLINA,4,CRV,1,Cliente 2,AUTOS
2025-09-03,Salida,SURCO,5,PILOT,1,Cliente 49,AUTOS
2025-09-03,Salida,LA MOLINA,38,ACEITE FS 5W30,3,Cliente 17,REPUESTOS
2025-09-03,Salida,SURCO,40,AMORT DEL,1,Cliente 20,REPUESTOS
2025-09-03,Salida,SURCO,41,AMORT POS,1,Cliente 8,REPUESTOS
2025-09-03,Salida,SURCO,42,"LLANTAS 18""",2,Cliente 4,REPUESTOS
2025-09-03,Salida,LA MOLINA,43,BATERÍA 18 PLC,1,Cliente 38,REPUESTOS
2025-09-04,Salida,LA MOLINA,2,CIVIC,1,Cliente 3,AUTOS
2025-09-04,Salida,LA MOLINA,3,ODISSEY,1,Cliente 14,AUTOS
2025-09-04,Salida,SURCO,38,ACEITE FS 5W30,2,Cliente 21,REPUESTOS
2025-09-04,Salida,SURCO,40,AMORT DEL,4,Cliente 21,REPUESTOS
2025-09-04,Salida,SURCO,41,AMORT POS,1,Cliente 14,REPUESTOS
2025-09-04,Salida,SURCO,42,"LLANTAS 18""",2,Cliente 27,REPUESTOS
2025-09-04,Salida,SURCO,43,BATERÍA 18 PLC,1,Cliente 16,REPUESTOS
2025-09-05,Salida,LA MOLINA,3,ODISSEY,1,Cliente 21,AUTOS
2025-09-05,Salida,LA MOLINA,38,ACEITE FS 5W30,1,Cliente 10,REPUESTOS
2025-09-05,Salida,SURCO,40,AMORT DEL,3,Cliente 3,REPUESTOS
2025-09-05,Salida,LA MOLINA,41,AMORT POS,1,Cliente 25,REPUESTOS
2025-09-05,Salida,LA MOLINA,42,"LLANTAS 18""",1,Cliente 36,REPUESTOS
2025-09-05,Salida,SURCO,43,BATERÍA 18 PLC,1,Cliente 49,REPUESTOS
2025-09-06,Salida,SURCO,3,ODISSEY,1,Cliente 18,AUTOS
2025-09-06,Salida,SURCO,38,ACEITE FS 5W30,1,Cliente 33,REPUESTOS
2025-09-06,Salida,LA MOLINA,40,AMORT DEL,3,Cliente 11,REPUESTOS
2025-09-06,Salida,LA MOLINA,41,AMORT POS,2,Cliente 27,REPUESTOS
2025-09-06,Salida,LA MOLINA,42,"LLANTAS 18""",2,Cliente 49,REPUESTOS
2025-09-06,Salida,LA MOLINA,43,BATERÍA 18 PLC,1,Cliente 18,REPUESTOS
2025-09-07,Salida,SURCO,38,ACEITE FS 5W30,1,Cliente 32,REPUESTOS
2025-09-07,Salida,LA MOLINA,40,AMORT DEL,3,Cliente 35,REPUESTOS
2025-09-07,Salida,LA MOLINA,41,AMORT POS,3,Cliente 24,REPUESTOS
2025-09-07,Salida,SURCO,42,"LLANTAS 18""",2,Cliente 33,REPUESTOS
2025-09-07,Salida,LA MOLINA,43,BATERÍA 18 PLC,1,Cliente 40,REPUESTOS
2025-09-08,Salida,LA MOLINA,38,ACEITE FS 5W30,1,Cliente 22,REPUESTOS
2025-09-08,Salida,SURCO,40,AMORT DEL,2,Cliente 3,REPUESTOS
2025-09-08,Salida,LA MOLINA,41,AMORT POS,1,Cliente 24,REPUESTOS
2025-09-08,Salida,SURCO,42,"LLANTAS 18""",1,Cliente 16,REPUESTOS
2025-09-08,Salida,SURCO,43,BATERÍA 18 PLC,1,Cliente 21,REPUESTOS
2025-09-09,Entrada,SURCO,1,ACCORD,2,Prov Vehículos,AUTOS
2025-09-09,Entrada,SURCO,2,CIVIC,3,Prov Vehículos,AUTOS
2025-09-09,Entrada,SURCO,4,CRV,2,Prov Vehículos,AUTOS
2025-09-09,Entrada,SURCO,5,PILOT,2,Prov Vehículos,AUTOS
2025-09-09,Entrada,SURCO,6,FIT,4,Prov Vehículos,AUTOS
2025-09-09,Entrada,SURCO,7,CITY,5,Prov Vehículos,AUTOS
2025-09-09,Entrada,LA MOLINA,1,ACCORD,3,Prov Vehículos,AUTOS
2025-09-09,Entrada,LA MOLINA,2,CIVIC,1,Prov Vehículos,AUTOS
2025-09-09,Entrada,LA MOLINA,4,CRV,2,Prov Vehículos,AUTOS
2025-09-09,Salida,SURCO,5,PILOT,1,Cliente 14,AUTOS
2025-09-09,Salida,SURCO,6,FIT,1,Cliente 22,AUTOS
2025-09-09,Salida,SURCO,7,CITY,1,Cliente 34,AUTOS
2025-09-09,Salida,LA MOLINA,38,ACEITE FS 5W30,3,Cliente 36,REPUESTOS
2025-09-09,Salida,LA MOLINA,40,AMORT DEL,1,Cliente 20,REPUESTOS
2025-09-09,Salida,LA MOLINA,41,AMORT POS,3,Cliente 25,REPUESTOS
2025-09-09,Salida,SURCO,42,"LLANTAS 18""",2,Cliente 32,REPUESTOS
2025-09-09,Salida,LA MOLINA,43,BATERÍA 18 PLC,1,Cliente 29,REPUESTOS
2025-09-10,Salida,SURCO,6,FIT,1,Cliente 42,AUTOS
2025-09-10,Salida,SURCO,7,CITY,1,Cliente 48,AUTOS
2025-09-10,Salida,LA MOLINA,38,ACEITE FS 5W30,1,Cliente 33,REPUESTOS
2025-09-10,Salida,LA MOLINA,40,AMORT DEL,3,Cliente 14,REPUESTOS
2025-09-10,Salida,SURCO,41,AMORT POS,3,Cliente 12,REPUESTOS
2025-09-10,Salida,SURCO,42,"LLANTAS 18""",1,Cliente 13,REPUESTOS
2025-09-10,Salida,SURCO,43,BATERÍA 18 PLC,1,Cliente 13,REPUESTOS
2025-09-11,Salida,SURCO,6,FIT,1,Cliente 42,AUTOS
2025-09-11,Salida,SURCO,7,CITY,1,Cliente 40,AUTOS
2025-09-11,Salida,LA MOLINA,38,ACEITE FS 5W30,1,Cliente 48,REPUESTOS
2025-09-11,Salida,SURCO,41,AMORT POS,3,Cliente 27,REPUESTOS
2025-09-11,Salida,LA MOLINA,42,"LLANTAS 18""",2,Cliente 14,REPUESTOS
2025-09-11,Salida,LA MOLINA,43,BATERÍA 18 PLC,1,Cliente 23,REPUESTOS
2025-09-12,Salida,SURCO,7,CITY,1,Cliente 50,AUTOS
2025-09-12,Salida,SURCO,38,ACEITE FS 5W30,2,Cliente 43,REPUESTOS
2025-09-12,Salida,SURCO,41,AMORT POS,1,Cliente 31,REPUESTOS
2025-09-12,Salida,LA MOLINA,42,"LLANTAS 18""",2,Cliente 48,REPUESTOS
2025-09-12,Salida,SURCO,43,BATERÍA 18 PLC,1,Cliente 31,REPUESTOS
2025-09-13,Salida,SURCO,7,CITY,1,Cliente 10,AUTOS
2025-09-13,Salida,SURCO,38,ACEITE FS 5W30,1,Cliente 10,REPUESTOS
2025-09-13,Salida,SURCO,41,AMORT POS,1,Cliente 25,REPUESTOS
2025-09-13,Salida,LA MOLINA,42,"LLANTAS 18""",1,Cliente 26,REPUESTOS
2025-09-14,Salida,SURCO,38,ACEITE FS 5W30,2,Cliente 8,REPUESTOS
2025-09-14,Salida,LA MOLINA,42,"LLANTAS 18""",2,Cliente 13,REPUESTOS
2025-09-14,Control,SURCO,1,ACCORD,4,,AUTOS
2025-09-14,Control,SURCO,2,CIVIC,3,,AUTOS
2025-09-14,Control,SURCO,3,ODISSEY,3,,AUTOS
2025-09-14,Control,SURCO,4,CRV,4,,AUTOS
2025-09-14,Control,SURCO,5,PILOT,1,,AUTOS
2025-09-14,Control,SURCO,6,FIT,1,,AUTOS
2025-09-14,Control,SURCO,7,CITY,0,,AUTOS
2025-09-14,Control,SURCO,8,ELEMENT,0,,CAMIONETAS
2025-09-14,Control,SURCO,9,CROSSTOUR,0,,CAMIONETAS
2025-09-14,Control,SURCO,10,CR-Z,0,,CAMIONETAS
2025-09-14,Control,SURCO,11,RID LINE,0,,CAMIONETAS
2025-09-14,Control,SURCO,38,ACEITE FS 5W30,1,,REPUESTOS
2025-09-14,Control,SURCO,39,FILTRO COMBUST,40,,REPUESTOS
2025-09-14,Control,SURCO,40,AMORT DEL,0,,REPUESTOS
2025-09-14,Control,SURCO,41,AMORT POS,0,,REPUESTOS
2025-09-14,Control,SURCO,42,"LLANTAS 18""",0,,REPUESTOS
2025-09-14,Control,SURCO,43,BATERÍA 18 PLC,0,,REPUESTOS
2025-09-14,Control,LA MOLINA,1,ACCORD,4,,AUTOS
2025-09-14,Control,LA MOLINA,2,CIVIC,3,,AUTOS
2025-09-14,Control,LA MOLINA,3,ODISSEY,1,,AUTOS
2025-09-14,Control,LA MOLINA,4,CRV,3,,AUTOS
2025-09-14,Control,LA MOLINA,5,PILOT,0,,AUTOS
2025-09-14,Control,LA MOLINA,6,FIT,0,,AUTOS
2025-09-14,Control,LA MOLINA,7,CITY,0,,AUTOS
2025-09-14,Control,LA MOLINA,8,ELEMENT,0,,CAMIONETAS
2025-09-14,Control,LA MOLINA,9,CROSSTOUR,0,,CAMIONETAS
2025-09-14,Control,LA MOLINA,10,CR-Z,0,,CAMIONETAS
2025-09-14,Control,LA MOLINA,11,RID LINE,0,,CAMIONETAS
2025-09-14,Control,LA MOLINA,38,ACEITE FS 5W30,0,,REPUESTOS
2025-09-14,Control,LA MOLINA,39,FILTRO COMBUST,166,,REPUESTOS
2025-09-14,Control,LA MOLINA,40,AMORT DEL,0,,REPUESTOS
2025-09-14,Control,LA MOLINA,41,AMORT POS,0,,REPUESTOS
2025-09-14,Control,LA MOLINA,42,"LLANTAS 18""",0,,REPUESTOS
2025-09-14,Control,LA MOLINA,43,BATERÍA 18 PLC,0,,REPUESTOS
2025-09-15,Salida,SURCO,38,ACEITE FS 5W30,1,Cliente 21,REPUESTOS
2025-09-17,Entrada,SURCO,38,ACEITE FS 5W30,9,Prov Repuestos,REPUESTOS
2025-09-17,Entrada,SURCO,40,AMORT DEL,10,Prov Repuestos,REPUESTOS
2025-09-17,Entrada,SURCO,41,AMORT POS,10,Prov Repuestos,REPUESTOS
2025-09-17,Entrada,SURCO,42,"LLANTAS 18""",10,Prov Repuestos,REPUESTOS
2025-09-17,Entrada,SURCO,43,BATERÍA 18 PLC,5,Prov Repuestos,REPUESTOS
2025-09-17,Entrada,LA MOLINA,38,ACEITE FS 5W30,10,Prov Repuestos,REPUESTOS
2025-09-17,Entrada,LA MOLINA,40,AMORT DEL,10,Prov Repuestos,REPUESTOS
2025-09-17,Entrada,LA MOLINA,41,AMORT POS,10,Prov Repuestos,REPUESTOS
2025-09-17,Entrada,LA MOLINA,42,"LLANTAS 18""",10,Prov Repuestos,REPUESTOS
2025-09-17,Entrada,LA MOLINA,43,BATERÍA 18 PLC,5,Prov Repuestos,REPUESTOS
2025-09-17,Entrada,LA MOLINA,42,"LLANTAS 18""",1,Prov Repuestos,REPUESTOS
2025-09-17,Salida,SURCO,38,ACEITE FS 5W30,3,Cliente 41,REPUESTOS
2025-09-17,Salida,SURCO,40,AMORT DEL,2,Cliente 16,REPUESTOS
2025-09-17,Salida,LA MOLINA,41,AMORT POS,3,Cliente 45,REPUESTOS
2025-09-17,Salida,SURCO,42,"LLANTAS 18""",3,Cliente 21,REPUESTOS
2025-09-17,Salida,LA MOLINA,43,BATERÍA 18 PLC,2,Cliente 27,REPUESTOS
2025-09-18,Salida,LA MOLINA,38,ACEITE FS 5W30,4,Cliente 48,REPUESTOS
2025-09-18,Salida,SURCO,40,AMORT DEL,2,Cliente 26,REPUESTOS
2025-09-18,Salida,SURCO,41,AMORT POS,2,Cliente 37,REPUESTOS
2025-09-18,Salida,LA MOLINA,42,"LLANTAS 18""",2,Cliente 37,REPUESTOS
2025-09-18,Salida,SURCO,43,BATERÍA 18 PLC,1,Cliente 29,REPUESTOS
2025-09-19,Salida,LA MOLINA,38,ACEITE FS 5W30,5,Cliente 1,REPUESTOS
2025-09-19,Salida,SURCO,40,AMORT DEL,5,Cliente 29,REPUESTOS
2025-09-19,Salida,SURCO,41,AMORT POS,2,Cliente 22,REPUESTOS
2025-09-19,Salida,LA MOLINA,42,"LLANTAS 18""",3,Cliente 49,REPUESTOS
2025-09-19,Salida,SURCO,43,BATERÍA 18 PLC,2,Cliente 14,REPUESTOS
2025-09-20,Salida,SURCO,38,ACEITE FS 5W30,3,Cliente 38,REPUESTOS
2025-09-20,Salida,SURCO,40,AMORT DEL,1,Cliente 9,REPUESTOS
2025-09-20,Salida,SURCO,41,AMORT POS,1,Cliente 9,REPUESTOS
2025-09-20,Salida,SURCO,42,"LLANTAS 18""",2,Cliente 36,REPUESTOS
2025-09-20,Salida,SURCO,43,BATERÍA 18 PLC,1,Cliente 3,REPUESTOS
2025-09-21,Salida,LA MOLINA,38,ACEITE FS 5W30,1,Cliente 39,REPUESTOS
2025-09-21,Salida,LA MOLINA,40,AMORT DEL,8,Cliente 44,REPUESTOS
2025-09-21,Salida,LA MOLINA,41,AMORT POS,3,Cliente 12,REPUESTOS
2025-09-21,Salida,SURCO,42,"LLANTAS 18""",4,Cliente 49,REPUESTOS
2025-09-21,Salida,SURCO,43,BATERÍA 18 PLC,1,Cliente 18,REPUESTOS
2025-09-22,Salida,SURCO,38,ACEITE FS 5W30,2,Cliente 42,REPUESTOS
2025-09-22,Salida,LA MOLINA,40,AMORT DEL,2,Cliente 30,REPUESTOS
2025-09-22,Salida,SURCO,41,AMORT POS,3,Cliente 14,REPUESTOS
2025-09-22,Salida,SURCO,42,"LLANTAS 18""",1,Cliente 50,REPUESTOS
2025-09-22,Salida,LA MOLINA,43,BATERÍA 18 PLC,3,Cliente 50,REPUESTOS
2025-09-23,Salida,SURCO,38,ACEITE FS 5W30,1,Cliente 43,REPUESTOS
2025-09-23,Salida,SURCO,41,AMORT POS,2,Cliente 31,REPUESTOS
2025-09-23,Salida,LA MOLINA,42,"LLANTAS 18""",2,Cliente 40,REPUESTOS
2025-09-24,Salida,LA MOLINA,41,AMORT POS,4,Cliente 14,REPUESTOS
2025-09-24,Salida,LA MOLINA,42,"LLANTAS 18""",4,Cliente 39,REPUESTOS
2025-09-30,Control,SURCO,1,ACCORD,4,,AUTOS
2025-09-30,Control,SURCO,2,CIVIC,3,,AUTOS
2025-09-30,Control,SURCO,3,ODISSEY,3,,AUTOS
2025-09-30,Control,SURCO,4,CRV,4,,AUTOS
2025-09-30,Control,SURCO,5,PILOT,1,,AUTOS
2025-09-30,Control,SURCO,6,FIT,1,,AUTOS
2025-09-30,Control,SURCO,7,CITY,0,,AUTOS
2025-09-30,Control,SURCO,8,ELEMENT,0,,CAMIONETAS
2025-09-30,Control,SURCO,9,CROSSTOUR,0,,CAMIONETAS
2025-09-30,Control,SURCO,10,CR-Z,0,,CAMIONETAS
2025-09-30,Control,SURCO,11,RID LINE,0,,CAMIONETAS
2025-09-30,Control,SURCO,38,ACEITE FS 5W30,0,,REPUESTOS
2025-09-30,Control,SURCO,39,FILTRO COMBUST,40,,REPUESTOS
2025-09-30,Control,SURCO,40,AMORT DEL,0,,REPUESTOS
2025-09-30,Control,SURCO,41,AMORT POS,0,,REPUESTOS
2025-09-30,Control,SURCO,42,"LLANTAS 18""",0,,REPUESTOS
2025-09-30,Control,SURCO,43,BATERÍA 18 PLC,0,,REPUESTOS
2025-09-30,Control,LA MOLINA,1,ACCORD,4,,AUTOS
2025-09-30,Control,LA MOLINA,2,CIVIC,3,,AUTOS
2025-09-30,Control,LA MOLINA,3,ODISSEY,1,,AUTOS
2025-09-30,Control,LA MOLINA,4,CRV,3,,AUTOS
2025-09-30,Control,LA MOLINA,5,PILOT,0,,AUTOS
2025-09-30,Control,LA MOLINA,6,FIT,0,,AUTOS
2025-09-30,Control,LA MOLINA,7,CITY,0,,AUTOS
2025-09-30,Control,LA MOLINA,8,ELEMENT,0,,CAMIONETAS
2025-09-30,Control,LA MOLINA,9,CROSSTOUR,0,,CAMIONETAS
2025-09-30,Control,LA MOLINA,10,CR-Z,0,,CAMIONETAS
2025-09-30,Control,LA MOLINA,11,RID LINE,0,,CAMIONETAS
2025-09-30,Control,LA MOLINA,38,ACEITE FS 5W30,0,,REPUESTOS
2025-09-30,Control,LA MOLINA,39,FILTRO COMBUST,166,,REPUESTOS
2025-09-30,Control,LA MOLINA,40,AMORT DEL,0,,REPUESTOS
2025-09-30,Control,LA MOLINA,41,AMORT POS,0,,REPUESTOS
2025-09-30,Control,LA MOLINA,42,"LLANTAS 18""",0,,REPUESTOS
2025-09-30,Control,LA MOLINA,43,BATERÍA 18 PLC,0,,REPUESTOS
2025-10-01,Salida,LA MOLINA,1,ACCORD,1,Cliente 16,AUTOS
2025-10-01,Salida,SURCO,2,CIVIC,1,Cliente 3,AUTOS
2025-10-01,Salida,SURCO,3,ODISSEY,1,Cliente 28,AUTOS
2025-10-01,Salida,LA MOLINA,4,CRV,1,Cliente 14,AUTOS
2025-10-01,Salida,SURCO,5,PILOT,1,Cliente 43,AUTOS
2025-10-01,Salida,SURCO,6,FIT,1,Cliente 42,AUTOS
2025-10-01,Salida,SURCO,39,FILTRO COMBUST,1,Cliente 10,REPUESTOS
2025-10-02,Salida,LA MOLINA,2,CIVIC,1,Cliente 2,AUTOS
2025-10-02,Salida,LA MOLINA,3,ODISSEY,1,Cliente 41,AUTOS
2025-10-02,Salida,SURCO,4,CRV,1,Cliente 22,AUTOS
2025-10-02,Salida,LA MOLINA,39,FILTRO COMBUST,1,Cliente 9,REPUESTOS
2025-10-03,Entrada,SURCO,38,ACEITE FS 5W30,10,Prov Repuestos,REPUESTOS
2025-10-03,Entrada,SURCO,40,AMORT DEL,10,Prov Repuestos,REPUESTOS
2025-10-03,Entrada,SURCO,41,AMORT POS,10,Prov Repuestos,REPUESTOS
2025-10-03,Entrada,SURCO,42,"LLANTAS 18""",10,Prov Repuestos,REPUESTOS
2025-10-03,Entrada,SURCO,43,BATERÍA 18 PLC,5,Prov Repuestos,REPUESTOS
2025-10-03,Entrada,LA MOLINA,38,ACEITE FS 5W30,10,Prov Repuestos,REPUESTOS
2025-10-03,Entrada,LA MOLINA,40,AMORT DEL,10,Prov Repuestos,REPUESTOS
2025-10-03,Entrada,LA MOLINA,41,AMORT POS,10,Prov Repuestos,REPUESTOS
2025-10-03,Entrada,LA MOLINA,42,"LLANTAS 18""",10,Prov Repuestos,REPUESTOS
2025-10-03,Entrada,LA MOLINA,43,BATERÍA 18 PLC,5,Prov Repuestos,REPUESTOS
2025-10-03,Entrada,LA MOLINA,42,"LLANTAS 18""",1,Prov Repuestos,REPUESTOS
2025-10-03,Salida,SURCO,2,CIVIC,1,Cliente 2,AUTOS
2025-10-03,Salida,SURCO,4,CRV,1,Cliente 45,AUTOS
2025-10-03,Salida,LA MOLINA,38,ACEITE FS 5W30,2,Cliente 5,REPUESTOS
2025-10-03,Salida,LA MOLINA,40,AMORT DEL,1,Cliente 9,REPUESTOS
2025-10-03,Salida,SURCO,41,AMORT POS,2,Cliente 50,REPUESTOS
2025-10-03,Salida,LA MOLINA,42,"LLANTAS 18""",2,Cliente 8,REPUESTOS
2025-10-03,Salida,LA MOLINA,43,BATERÍA 18 PLC,1,Cliente 13,REPUESTOS
2025-10-04,Salida,LA MOLINA,2,CIVIC,1,Cliente 36,AUTOS
2025-10-04,Salida,LA MOLINA,4,CRV,1,Cliente 25,AUTOS
2025-10-04,Salida,SURCO,38,ACEITE FS 5W30,1,Cliente 2,REPUESTOS
2025-10-04,Salida,SURCO,40,AMORT DEL,1,Cliente 2,REPUESTOS
2025-10-04,Salida,SURCO,41,AMORT POS,2,Cliente 28,REPUESTOS
2025-10-04,Salida,SURCO,42,"LLANTAS 18""",3,Cliente 31,REPUESTOS
2025-10-04,Salida,LA MOLINA,43,BATERÍA 18 PLC,1,Cliente 18,REPUESTOS
2025-10-05,Salida,SURCO,2,CIVIC,1,Cliente 39,AUTOS
2025-10-05,Salida,SURCO,4,CRV,1,Cliente 29,AUTOS
2025-10-05,Salida,LA MOLINA,38,ACEITE FS 5W30,2,Cliente 38,REPUESTOS
2025-10-05,Salida,SURCO,40,AMORT DEL,2,Cliente 9,REPUESTOS
2025-10-05,Salida,SURCO,41,AMORT POS,2,Cliente 22,REPUESTOS
2025-10-05,Salida,SURCO,42,"LLANTAS 18""",3,Cliente 44,REPUESTOS
2025-10-05,Salida,SURCO,43,BATERÍA 18 PLC,1,Cliente 45,REPUESTOS
2025-10-06,Salida,LA MOLINA,2,CIVIC,1,Cliente 16,AUTOS
2025-10-06,Salida,SURCO,38,ACEITE FS 5W30,1,Cliente 40,REPUESTOS
2025-10-06,Salida,LA MOLINA,40,AMORT DEL,2,Cliente 37,REPUESTOS
2025-10-06,Salida,LA MOLINA,41,AMORT POS,2,Cliente 20,REPUESTOS
2025-10-06,Salida,LA MOLINA,42,"LLANTAS 18""",1,Cliente 29,REPUESTOS
2025-10-06,Salida,LA MOLINA,43,BATERÍA 18 PLC,1,Cliente 24,REPUESTOS
2025-10-07,Salida,SURCO,38,ACEITE FS 5W30,4,Cliente 16,REPUESTOS
2025-10-07,Salida,SURCO,40,AMORT DEL,2,Cliente 9,REPUESTOS
2025-10-07,Salida,LA MOLINA,41,AMORT POS,2,Cliente 1,REPUESTOS
2025-10-07,Salida,SURCO,42,"LLANTAS 18""",1,Cliente 50,REPUESTOS
2025-10-07,Salida,SURCO,43,BATERÍA 18 PLC,1,Cliente 3,REPUESTOS
2025-10-08,Salida,LA MOLINA,38,ACEITE FS 5W30,1,Cliente 36,REPUESTOS
2025-10-08,Salida,LA MOLINA,40,AMORT DEL,1,Cliente 26,REPUESTOS
2025-10-08,Salida,LA MOLINA,41,AMORT POS,1,Cliente 11,REPUESTOS
2025-10-08,Salida,SURCO,42,"LLANTAS 18""",1,Cliente 34,REPUESTOS
2025-10-08,Salida,LA MOLINA,43,BATERÍA 18 PLC,1,Cliente 29,REPUESTOS
2025-10-09,Salida,SURCO,38,ACEITE FS 5W30,2,Cliente 47,REPUESTOS
2025-10-09,Salida,SURCO,40,AMORT DEL,3,Cliente 30,REPUESTOS
2025-10-09,Salida,SURCO,41,AMORT POS,1,Cliente 27,REPUESTOS
2025-10-09,Salida,SURCO,42,"LLANTAS 18""",1,Cliente 4,REPUESTOS
2025-10-09,Salida,SURCO,43,BATERÍA 18 PLC,1,Cliente 22,REPUESTOS
2025-10-10,Entrada,SURCO,1,ACCORD,1,Prov Vehículos,AUTOS
2025-10-10,Entrada,SURCO,2,CIVIC,2,Prov Vehículos,AUTOS
2025-10-10,Entrada,SURCO,3,ODISSEY,2,Prov Vehículos,AUTOS
2025-10-10,Entrada,SURCO,4,CRV,1,Prov Vehículos,AUTOS
2025-10-10,Entrada,SURCO,5,PILOT,4,Prov Vehículos,AUTOS
2025-10-10,Entrada,SURCO,6,FIT,4,Prov Vehículos,AUTOS
2025-10-10,Entrada,SURCO,7,CITY,5,Prov Vehículos,AUTOS
2025-10-10,Entrada,LA MOLINA,1,ACCORD,1,Prov Vehículos,AUTOS
2025-10-10,Entrada,LA MOLINA,2,CIVIC,2,Prov Vehículos,AUTOS
2025-10-10,Entrada,LA MOLINA,3,ODISSEY,4,Prov Vehículos,AUTOS
2025-10-10,Entrada,LA MOLINA,4,CRV,2,Prov Vehículos,AUTOS
2025-10-10,Salida,SURCO,5,PILOT,1,Cliente 19,AUTOS
2025-10-10,Salida,SURCO,6,FIT,1,Cliente 32,AUTOS
2025-10-10,Salida,SURCO,7,CITY,1,Cliente 26,AUTOS
2025-10-10,Salida,SURCO,38,ACEITE FS 5W30,1,Cliente 2,REPUESTOS
2025-10-10,Salida,SURCO,40,AMORT DEL,2,Cliente 23,REPUESTOS
2025-10-10,Salida,LA MOLINA,41,AMORT POS,3,Cliente 29,REPUESTOS
2025-10-10,Salida,LA MOLINA,42,"LLANTAS 18""",4,Cliente 32,REPUESTOS
2025-10-10,Salida,SURCO,43,BATERÍA 18 PLC,1,Cliente 8,REPUESTOS
2025-10-11,Salida,SURCO,5,PILOT,1,Cliente 22,AUTOS
2025-10-11,Salida,SURCO,6,FIT,1,Cliente 39,AUTOS
2025-10-11,Salida,SURCO,7,CITY,1,Cliente 29,AUTOS
2025-10-11,Salida,LA MOLINA,38,ACEITE FS 5W30,4,Cliente 28,REPUESTOS
2025-10-11,Salida,LA MOLINA,40,AMORT DEL,1,Cliente 38,REPUESTOS
2025-10-11,Salida,SURCO,41,AMORT POS,3,Cliente 9,REPUESTOS
2025-10-11,Salida,SURCO,42,"LLANTAS 18""",1,Cliente 4,REPUESTOS
2025-10-11,Salida,LA MOLINA,43,BATERÍA 18 PLC,1,Cliente 27,REPUESTOS
2025-10-12,Salida,SURCO,5,PILOT,1,Cliente 20,AUTOS
2025-10-12,Salida,SURCO,7,CITY,1,Cliente 49,AUTOS
2025-10-12,Salida,SURCO,38,ACEITE FS 5W30,1,Cliente 29,REPUESTOS
2025-10-12,Salida,LA MOLINA,40,AMORT DEL,4,Cliente 8,REPUESTOS
2025-10-12,Salida,LA MOLINA,41,AMORT POS,1,Cliente 48,REPUESTOS
2025-10-12,Salida,LA MOLINA,42,"LLANTAS 18""",4,Cliente 35,REPUESTOS
2025-10-12,Salida,SURCO,43,BATERÍA 18 PLC,1,Cliente 46,REPUESTOS
2025-10-13,Salida,SURCO,5,PILOT,1,Cliente 37,AUTOS
2025-10-13,Salida,SURCO,7,CITY,1,Cliente 16,AUTOS
2025-10-13,Salida,LA MOLINA,38,ACEITE FS 5W30,1,Cliente 3,REPUESTOS
2025-10-13,Salida,LA MOLINA,40,AMORT DEL,1,Cliente 42,REPUESTOS
2025-10-13,Salida,LA MOLINA,41,AMORT POS,1,Cliente 39,REPUESTOS
2025-10-14,Salida,SURCO,7,CITY,1,Cliente 42,AUTOS
2025-10-14,Control,SURCO,1,ACCORD,5,,AUTOS
2025-10-14,Control,SURCO,2,CIVIC,2,,AUTOS
2025-10-14,Control,SURCO,3,ODISSEY,4,,AUTOS
2025-10-14,Control,SURCO,4,CRV,2,,AUTOS
2025-10-14,Control,SURCO,5,PILOT,0,,AUTOS
2025-10-14,Control,SURCO,6,FIT,2,,AUTOS
2025-10-14,Control,SURCO,7,CITY,0,,AUTOS
2025-10-14,Control,SURCO,8,ELEMENT,0,,CAMIONETAS
2025-10-14,Control,SURCO,9,CROSSTOUR,0,,CAMIONETAS
2025-10-14,Control,SURCO,10,CR-Z,0,,CAMIONETAS
2025-10-14,Control,SURCO,11,RID LINE,0,,CAMIONETAS
2025-10-14,Control,SURCO,38,ACEITE FS 5W30,0,,REPUESTOS
2025-10-14,Control,SURCO,39,FILTRO COMBUST,39,,REPUESTOS
2025-10-14,Control,SURCO,40,AMORT DEL,0,,REPUESTOS
2025-10-14,Control,SURCO,41,AMORT POS,0,,REPUESTOS
2025-10-14,Control,SURCO,42,"LLANTAS 18""",0,,REPUESTOS
2025-10-14,Control,SURCO,43,BATERÍA 18 PLC,0,,REPUESTOS
2025-10-14,Control,LA MOLINA,1,ACCORD,4,,AUTOS
2025-10-14,Control,LA MOLINA,2,CIVIC,2,,AUTOS
2025-10-14,Control,LA MOLINA,3,ODISSEY,4,,AUTOS
2025-10-14,Control,LA MOLINA,4,CRV,3,,AUTOS
2025-10-14,Control,LA MOLINA,5,PILOT,0,,AUTOS
2025-10-14,Control,LA MOLINA,6,FIT,0,,AUTOS
2025-10-14,Control,LA MOLINA,7,CITY,0,,AUTOS
2025-10-14,Control,LA MOLINA,8,ELEMENT,0,,CAMIONETAS
2025-10-14,Control,LA MOLINA,9,CROSSTOUR,0,,CAMIONETAS
2025-10-14,Control,LA MOLINA,10,CR-Z,0,,CAMIONETAS
2025-10-14,Control,LA MOLINA,11,RID LINE,0,,CAMIONETAS
2025-10-14,Control,LA MOLINA,38,ACEITE FS 5W30,0,,REPUESTOS
2025-10-14,Control,LA MOLINA,39,FILTRO COMBUST,165,,REPUESTOS
2025-10-14,Control,LA MOLINA,40,AMORT DEL,0,,REPUESTOS
2025-10-14,Control,LA MOLINA,41,AMORT POS,0,,REPUESTOS
2025-10-14,Control,LA MOLINA,42,"LLANTAS 18""",0,,REPUESTOS
2025-10-14,Control,LA MOLINA,43,BATERÍA 18 PLC,0,,REPUESTOS
2025-10-17,Entrada,SURCO,38,ACEITE FS 5W30,10,Prov Repuestos,REPUESTOS
2025-10-17,Entrada,SURCO,40,AMORT DEL,10,Prov Repuestos,REPUESTOS
2025-10-17,Entrada,SURCO,41,AMORT POS,10,Prov Repuestos,REPUESTOS
2025-10-17,Entrada,SURCO,42,"LLANTAS 18""",10,Prov Repuestos,REPUESTOS
2025-10-17,Entrada,SURCO,43,BATERÍA 18 PLC,5,Prov Repuestos,REPUESTOS
2025-10-17,Entrada,LA MOLINA,38,ACEITE FS 5W30,10,Prov Repuestos,REPUESTOS
2025-10-17,Entrada,LA MOLINA,40,AMORT DEL,10,Prov Repuestos,REPUESTOS
2025-10-17,Entrada,LA MOLINA,41,AMORT POS,10,Prov Repuestos,REPUESTOS
2025-10-17,Entrada,LA MOLINA,42,"LLANTAS 18""",10,Prov Repuestos,REPUESTOS
2025-10-17,Entrada,LA MOLINA,43,BATERÍA 18 PLC,5,Prov Repuestos,REPUESTOS
2025-10-17,Entrada,SURCO,41,AMORT POS,1,Prov Repuestos,REPUESTOS
2025-10-17,Entrada,LA MOLINA,42,"LLANTAS 18""",2,Prov Repuestos,REPUESTOS
2025-10-17,Salida,LA MOLINA,38,ACEITE FS 5W30,1,Cliente 31,REPUESTOS
2025-10-17,Salida,SURCO,40,AMORT DEL,3,Cliente 15,REPUESTOS
2025-10-17,Salida,LA MOLINA,41,AMORT POS,3,Cliente 12,REPUESTOS
2025-10-17,Salida,LA MOLINA,42,"LLANTAS 18""",6,Cliente 38,REPUESTOS
2025-10-17,Salida,LA MOLINA,43,BATERÍA 18 PLC,1,Cliente 1,REPUESTOS
2025-10-18,Salida,LA MOLINA,38,ACEITE FS 5W30,6,Cliente 11,REPUESTOS
2025-10-18,Salida,SURCO,40,AMORT DEL,2,Cliente 14,REPUESTOS
2025-10-18,Salida,LA MOLINA,41,AMORT POS,1,Cliente 35,REPUESTOS
2025-10-18,Salida,SURCO,42,"LLANTAS 18""",1,Cliente 27,REPUESTOS
2025-10-18,Salida,SURCO,43,BATERÍA 18 PLC,1,Cliente 41,REPUESTOS
2025-10-19,Salida,SURCO,38,ACEITE FS 5W30,1,Cliente 16,REPUESTOS
2025-10-19,Salida,LA MOLINA,40,AMORT DEL,5,Cliente 10,REPUESTOS
2025-10-19,Salida,LA MOLINA,41,AMORT POS,1,Cliente 2,REPUESTOS
2025-10-19,Salida,LA MOLINA,42,"LLANTAS 18""",5,Cliente 43,REPUESTOS
2025-10-19,Salida,SURCO,43,BATERÍA 18 PLC,1,Cliente 35,REPUESTOS
2025-10-20,Salida,LA MOLINA,38,ACEITE FS 5W30,3,Cliente 35,REPUESTOS
2025-10-20,Salida,SURCO,40,AMORT DEL,2,Cliente 29,REPUESTOS
2025-10-20,Salida,SURCO,41,AMORT POS,5,Cliente 37,REPUESTOS
2025-10-20,Salida,LA MOLINA,42,"LLANTAS 18""",1,Cliente 29,REPUESTOS
2025-10-20,Salida,SURCO,43,BATERÍA 18 PLC,1,Cliente 2,REPUESTOS
2025-10-21,Salida,SURCO,38,ACEITE FS 5W30,5,Cliente 27,REPUESTOS
2025-10-21,Salida,LA MOLINA,40,AMORT DEL,3,Cliente 43,REPUESTOS
2025-10-21,Salida,SURCO,41,AMORT POS,2,Cliente 25,REPUESTOS
2025-10-21,Salida,SURCO,42,"LLANTAS 18""",1,Cliente 39,REPUESTOS
2025-10-21,Salida,SURCO,43,BATERÍA 18 PLC,1,Cliente 11,REPUESTOS
2025-10-22,Salida,SURCO,38,ACEITE FS 5W30,4,Cliente 11,REPUESTOS
2025-10-22,Salida,LA MOLINA,40,AMORT DEL,2,Cliente 36,REPUESTOS
2025-10-22,Salida,LA MOLINA,41,AMORT POS,2,Cliente 47,REPUESTOS
2025-10-22,Salida,SURCO,42,"LLANTAS 18""",8,Cliente 18,REPUESTOS
2025-10-22,Salida,LA MOLINA,43,BATERÍA 18 PLC,3,Cliente 15,REPUESTOS
2025-10-23,Salida,SURCO,40,AMORT DEL,3,Cliente 38,REPUESTOS
2025-10-23,Salida,LA MOLINA,41,AMORT POS,1,Cliente 28,REPUESTOS
2025-10-23,Salida,SURCO,43,BATERÍA 18 PLC,1,Cliente 12,REPUESTOS
2025-10-24,Salida,SURCO,41,AMORT POS,4,Cliente 22,REPUESTOS
2025-10-24,Salida,LA MOLINA,43,BATERÍA 18 PLC,1,Cliente 38,REPUESTOS
2025-10-25,Salida,LA MOLINA,41,AMORT POS,2,Cliente 39,REPUESTOS
2025-10-31,Control,SURCO,1,ACCORD,5,,AUTOS
2025-10-31,Control,SURCO,2,CIVIC,2,,AUTOS
2025-10-31,Control,SURCO,3,ODISSEY,4,,AUTOS
2025-10-31,Control,SURCO,4,CRV,2,,AUTOS
2025-10-31,Control,SURCO,5,PILOT,0,,AUTOS
2025-10-31,Control,SURCO,6,FIT,2,,AUTOS
2025-10-31,Control,SURCO,7,CITY,0,,AUTOS
2025-10-31,Control,SURCO,8,ELEMENT,0,,CAMIONETAS
2025-10-31,Control,SURCO,9,CROSSTOUR,0,,CAMIONETAS
2025-10-31,Control,SURCO,10,CR-Z,0,,CAMIONETAS
2025-10-31,Control,SURCO,11,RID LINE,0,,CAMIONETAS
2025-10-31,Control,SURCO,38,ACEITE FS 5W30,0,,REPUESTOS
2025-10-31,Control,SURCO,39,FILTRO COMBUST,39,,REPUESTOS
2025-10-31,Control,SURCO,40,AMORT DEL,0,,REPUESTOS
2025-10-31,Control,SURCO,41,AMORT POS,0,,REPUESTOS
2025-10-31,Control,SURCO,42,"LLANTAS 18""",0,,REPUESTOS
2025-10-31,Control,SURCO,43,BATERÍA 18 PLC,0,,REPUESTOS
2025-10-31,Control,LA MOLINA,1,ACCORD,4,,AUTOS
2025-10-31,Control,LA MOLINA,2,CIVIC,2,,AUTOS
2025-10-31,Control,LA MOLINA,3,ODISSEY,4,,AUTOS
2025-10-31,Control,LA MOLINA,4,CRV,3,,AUTOS
2025-10-31,Control,LA MOLINA,5,PILOT,0,,AUTOS
2025-10-31,Control,LA MOLINA,6,FIT,0,,AUTOS
2025-10-31,Control,LA MOLINA,7,CITY,0,,AUTOS
2025-10-31,Control,LA MOLINA,8,ELEMENT,0,,CAMIONETAS
2025-10-31,Control,LA MOLINA,9,CROSSTOUR,0,,CAMIONETAS
2025-10-31,Control,LA MOLINA,10,CR-Z,0,,CAMIONETAS
2025-10-31,Control,LA MOLINA,11,RID LINE,0,,CAMIONETAS
2025-10-31,Control,LA MOLINA,38,ACEITE FS 5W30,0,,REPUESTOS
2025-10-31,Control,LA MOLINA,39,FILTRO COMBUST,165,,REPUESTOS
2025-10-31,Control,LA MOLINA,40,AMORT DEL,0,,REPUESTOS
2025-10-31,Control,LA MOLINA,41,AMORT POS,0,,REPUESTOS
2025-10-31,Control,LA MOLINA,42,"LLANTAS 18""",0,,REPUESTOS
2025-10-31,Control,LA MOLINA,43,BATERÍA 18 PLC,0,,REPUESTOS
2025-11-01,Salida,SURCO,1,ACCORD,1,Cliente 40,AUTOS
2025-11-01,Salida,LA MOLINA,2,CIVIC,1,Cliente 9,AUTOS
2025-11-01,Salida,LA MOLINA,3,ODISSEY,1,Cliente 31,AUTOS
2025-11-01,Salida,LA MOLINA,4,CRV,1,Cliente 39,AUTOS
2025-11-01,Salida,SURCO,6,FIT,1,Cliente 28,AUTOS
2025-11-01,Salida,SURCO,39,FILTRO COMBUST,1,Cliente 6,REPUESTOS
2025-11-02,Salida,SURCO,1,ACCORD,1,Cliente 23,AUTOS
2025-11-02,Salida,SURCO,2,CIVIC,1,Cliente 14,AUTOS
2025-11-02,Salida,SURCO,3,ODISSEY,1,Cliente 15,AUTOS
2025-11-02,Salida,LA MOLINA,4,CRV,1,Cliente 47,AUTOS
2025-11-02,Salida,SURCO,6,FIT,1,Cliente 22,AUTOS
2025-11-02,Salida,SURCO,39,FILTRO COMBUST,1,Cliente 17,REPUESTOS
2025-11-03,Entrada,SURCO,38,ACEITE FS 5W30,10,Prov Repuestos,REPUESTOS
2025-11-03,Entrada,SURCO,40,AMORT DEL,10,Prov Repuestos,REPUESTOS
2025-11-03,Entrada,SURCO,41,AMORT POS,10,Prov Repuestos,REPUESTOS
2025-11-03,Entrada,SURCO,42,"LLANTAS 18""",10,Prov Repuestos,REPUESTOS
2025-11-03,Entrada,SURCO,43,BATERÍA 18 PLC,5,Prov Repuestos,REPUESTOS
2025-11-03,Entrada,LA MOLINA,38,ACEITE FS 5W30,10,Prov Repuestos,REPUESTOS
2025-11-03,Entrada,LA MOLINA,40,AMORT DEL,10,Prov Repuestos,REPUESTOS
2025-11-03,Entrada,LA MOLINA,41,AMORT POS,10,Prov Repuestos,REPUESTOS
2025-11-03,Entrada,LA MOLINA,42,"LLANTAS 18""",10,Prov Repuestos,REPUESTOS
2025-11-03,Entrada,LA MOLINA,43,BATERÍA 18 PLC,5,Prov Repuestos,REPUESTOS
2025-11-03,Entrada,SURCO,42,"LLANTAS 18""",1,Prov Repuestos,REPUESTOS
2025-11-03,Entrada,LA MOLINA,41,AMORT POS,2,Prov Repuestos,REPUESTOS
2025-11-03,Salida,SURCO,1,ACCORD,1,Cliente 11,AUTOS
2025-11-03,Salida,LA MOLINA,2,CIVIC,1,Cliente 49,AUTOS
2025-11-03,Salida,LA MOLINA,3,ODISSEY,1,Cliente 10,AUTOS
2025-11-03,Salida,SURCO,4,CRV,1,Cliente 40,AUTOS
2025-11-03,Salida,LA MOLINA,38,ACEITE FS 5W30,2,Cliente 42,REPUESTOS
2025-11-03,Salida,SURCO,39,FILTRO COMBUST,1,Cliente 45,REPUESTOS
2025-11-03,Salida,SURCO,40,AMORT DEL,3,Cliente 37,REPUESTOS
2025-11-03,Salida,SURCO,41,AMORT POS,2,Cliente 31,REPUESTOS
2025-11-03,Salida,SURCO,42,"LLANTAS 18""",3,Cliente 50,REPUESTOS
2025-11-03,Salida,SURCO,43,BATERÍA 18 PLC,1,Cliente 45,REPUESTOS
2025-11-04,Salida,SURCO,1,ACCORD,1,Cliente 35,AUTOS
2025-11-04,Salida,SURCO,2,CIVIC,1,Cliente 26,AUTOS
2025-11-04,Salida,SURCO,3,ODISSEY,1,Cliente 7,AUTOS
2025-11-04,Salida,SURCO,4,CRV,1,Cliente 29,AUTOS
2025-11-04,Salida,SURCO,38,ACEITE FS 5W30,2,Cliente 15,REPUESTOS
2025-11-04,Salida,SURCO,39,FILTRO COMBUST,1,Cliente 26,REPUESTOS
2025-11-04,Salida,LA MOLINA,40,AMORT DEL,3,Cliente 40,REPUESTOS
2025-11-04,Salida,SURCO,41,AMORT POS,3,Cliente 45,REPUESTOS
2025-11-04,Salida,LA MOLINA,42,"LLANTAS 18""",2,Cliente 20,REPUESTOS
2025-11-04,Salida,LA MOLINA,43,BATERÍA 18 PLC,1,Cliente 37,REPUESTOS
2025-11-05,Salida,SURCO,1,ACCORD,1,Cliente 21,AUTOS
2025-11-05,Salida,LA MOLINA,3,ODISSEY,1,Cliente 21,AUTOS
2025-11-05,Salida,LA MOLINA,4,CRV,1,Cliente 8,AUTOS
2025-11-05,Salida,SURCO,38,ACEITE FS 5W30,1,Cliente 4,REPUESTOS
2025-11-05,Salida,LA MOLINA,39,FILTRO COMBUST,1,Cliente 16,REPUESTOS
2025-11-05,Salida,LA MOLINA,40,AMORT DEL,1,Cliente 8,REPUESTOS
2025-11-05,Salida,SURCO,41,AMORT POS,2,Cliente 28,REPUESTOS
2025-11-05,Salida,LA MOLINA,42,"LLANTAS 18""",1,Cliente 14,REPUESTOS
2025-11-05,Salida,LA MOLINA,43,BATERÍA 18 PLC,1,Cliente 16,REPUESTOS
2025-11-06,Salida,LA MOLINA,1,ACCORD,1,Cliente 7,AUTOS
2025-11-06,Salida,LA MOLINA,38,ACEITE FS 5W30,3,Cliente 21,REPUESTOS
2025-11-06,Salida,SURCO,39,FILTRO COMBUST,1,Cliente 25,REPUESTOS
2025-11-06,Salida,SURCO,40,AMORT DEL,1,Cliente 2,REPUESTOS
2025-11-06,Salida,LA MOLINA,41,AMORT POS,3,Cliente 9,REPUESTOS
2025-11-06,Salida,LA MOLINA,42,"LLANTAS 18""",3,Cliente 12,REPUESTOS
2025-11-06,Salida,LA MOLINA,43,BATERÍA 18 PLC,1,Cliente 25,REPUESTOS
2025-11-07,Salida,LA MOLINA,1,ACCORD,1,Cliente 48,AUTOS
2025-11-07,Salida,LA MOLINA,38,ACEITE FS 5W30,3,Cliente 28,REPUESTOS
2025-11-07,Salida,LA MOLINA,39,FILTRO COMBUST,1,Cliente 4,REPUESTOS
2025-11-07,Salida,LA MOLINA,40,AMORT DEL,4,Cliente 11,REPUESTOS
2025-11-07,Salida,LA MOLINA,41,AMORT POS,2,Cliente 28,REPUESTOS
2025-11-07,Salida,LA MOLINA,42,"LLANTAS 18""",2,Cliente 22,REPUESTOS
2025-11-07,Salida,SURCO,43,BATERÍA 18 PLC,1,Cliente 37,REPUESTOS
2025-11-08,Salida,LA MOLINA,38,ACEITE FS 5W30,2,Cliente 15,REPUESTOS
2025-11-08,Salida,SURCO,39,FILTRO COMBUST,1,Cliente 28,REPUESTOS
2025-11-08,Salida,LA MOLINA,40,AMORT DEL,2,Cliente 17,REPUESTOS
2025-11-08,Salida,SURCO,41,AMORT POS,2,Cliente 41,REPUESTOS
2025-11-08,Salida,LA MOLINA,42,"LLANTAS 18""",2,Cliente 45,REPUESTOS
2025-11-08,Salida,SURCO,43,BATERÍA 18 PLC,1,Cliente 7,REPUESTOS
2025-11-09,Entrada,SURCO,2,CIVIC,3,Prov Vehículos,AUTOS
2025-11-09,Entrada,SURCO,3,ODISSEY,1,Prov Vehículos,AUTOS
2025-11-09,Entrada,SURCO,4,CRV,3,Prov Vehículos,AUTOS
2025-11-09,Entrada,SURCO,5,PILOT,5,Prov Vehículos,AUTOS
2025-11-09,Entrada,SURCO,6,FIT,3,Prov Vehículos,AUTOS
2025-11-09,Entrada,SURCO,7,CITY,5,Prov Vehículos,AUTOS
2025-11-09,Entrada,LA MOLINA,1,ACCORD,1,Prov Vehículos,AUTOS
2025-11-09,Entrada,LA MOLINA,2,CIVIC,3,Prov Vehículos,AUTOS
2025-11-09,Entrada,LA MOLINA,3,ODISSEY,1,Prov Vehículos,AUTOS
2025-11-09,Entrada,LA MOLINA,4,CRV,2,Prov Vehículos,AUTOS
2025-11-09,Salida,LA MOLINA,2,CIVIC,1,Cliente 39,AUTOS
2025-11-09,Salida,SURCO,5,PILOT,1,Cliente 15,AUTOS
2025-11-09,Salida,SURCO,6,FIT,1,Cliente 45,AUTOS
2025-11-09,Salida,SURCO,38,ACEITE FS 5W30,1,Cliente 8,REPUESTOS
2025-11-09,Salida,SURCO,39,FILTRO COMBUST,1,Cliente 19,REPUESTOS
2025-11-09,Salida,SURCO,40,AMORT DEL,4,Cliente 31,REPUESTOS
2025-11-09,Salida,LA MOLINA,41,AMORT POS,2,Cliente 9,REPUESTOS
2025-11-09,Salida,SURCO,42,"LLANTAS 18""",3,Cliente 25,REPUESTOS
2025-11-09,Salida,SURCO,43,BATERÍA 18 PLC,1,Cliente 6,REPUESTOS
2025-11-10,Salida,LA MOLINA,2,CIVIC,1,Cliente 46,AUTOS
2025-11-10,Salida,SURCO,5,PILOT,1,Cliente 24,AUTOS
2025-11-10,Salida,SURCO,6,FIT,1,Cliente 35,AUTOS
2025-11-10,Salida,SURCO,38,ACEITE FS 5W30,3,Cliente 4,REPUESTOS
2025-11-10,Salida,SURCO,39,FILTRO COMBUST,1,Cliente 7,REPUESTOS
2025-11-10,Salida,SURCO,40,AMORT DEL,2,Cliente 31,REPUESTOS
2025-11-10,Salida,SURCO,41,AMORT POS,1,Cliente 13,REPUESTOS
2025-11-10,Salida,SURCO,42,"LLANTAS 18""",1,Cliente 29,REPUESTOS
2025-11-10,Salida,LA MOLINA,43,BATERÍA 18 PLC,2,Cliente 9,REPUESTOS
2025-11-11,Salida,SURCO,5,PILOT,1,Cliente 11,AUTOS
2025-11-11,Salida,SURCO,6,FIT,1,Cliente 10,AUTOS
2025-11-11,Salida,SURCO,38,ACEITE FS 5W30,1,Cliente 14,REPUESTOS
2025-11-11,Salida,LA MOLINA,39,FILTRO COMBUST,1,Cliente 15,REPUESTOS
2025-11-11,Salida,LA MOLINA,41,AMORT POS,1,Cliente 23,REPUESTOS
2025-11-11,Salida,SURCO,42,"LLANTAS 18""",3,Cliente 49,REPUESTOS
2025-11-11,Salida,SURCO,43,BATERÍA 18 PLC,1,Cliente 36,REPUESTOS
2025-11-12,Salida,SURCO,5,PILOT,1,Cliente 24,AUTOS
2025-11-12,Salida,SURCO,38,ACEITE FS 5W30,2,Cliente 9,REPUESTOS
2025-11-12,Salida,SURCO,39,FILTRO COMBUST,1,Cliente 33,REPUESTOS
2025-11-12,Salida,LA MOLINA,41,AMORT POS,2,Cliente 4,REPUESTOS
2025-11-12,Salida,SURCO,42,"LLANTAS 18""",1,Cliente 20,REPUESTOS
2025-11-13,Salida,LA MOLINA,39,FILTRO COMBUST,1,Cliente 48,REPUESTOS
2025-11-13,Salida,LA MOLINA,41,AMORT POS,1,Cliente 9,REPUESTOS
2025-11-14,Salida,LA MOLINA,39,FILTRO COMBUST,1,Cliente 44,REPUESTOS
2025-11-14,Salida,LA MOLINA,41,AMORT POS,1,Cliente 29,REPUESTOS
2025-11-14,Control,SURCO,1,ACCORD,0,,AUTOS
2025-11-14,Control,SURCO,2,CIVIC,3,,AUTOS
2025-11-14,Control,SURCO,3,ODISSEY,3,,AUTOS
2025-11-14,Control,SURCO,4,CRV,3,,AUTOS
2025-11-14,Control,SURCO,5,PILOT,1,,AUTOS
2025-11-14,Control,SURCO,6,FIT,0,,AUTOS
2025-11-14,Control,SURCO,7,CITY,5,,AUTOS
2025-11-14,Control,SURCO,8,ELEMENT,0,,CAMIONETAS
2025-11-14,Control,SURCO,9,CROSSTOUR,0,,CAMIONETAS
2025-11-14,Control,SURCO,10,CR-Z,0,,CAMIONETAS
2025-11-14,Control,SURCO,11,RID LINE,0,,CAMIONETAS
2025-11-14,Control,SURCO,38,ACEITE FS 5W30,0,,REPUESTOS
2025-11-14,Control,SURCO,39,FILTRO COMBUST,30,,REPUESTOS
2025-11-14,Control,SURCO,40,AMORT DEL,0,,REPUESTOS
2025-11-14,Control,SURCO,41,AMORT POS,0,,REPUESTOS
2025-11-14,Control,SURCO,42,"LLANTAS 18""",0,,REPUESTOS
2025-11-14,Control,SURCO,43,BATERÍA 18 PLC,0,,REPUESTOS
2025-11-14,Control,LA MOLINA,1,ACCORD,3,,AUTOS
2025-11-14,Control,LA MOLINA,2,CIVIC,1,,AUTOS
2025-11-14,Control,LA MOLINA,3,ODISSEY,2,,AUTOS
2025-11-14,Control,LA MOLINA,4,CRV,2,,AUTOS
2025-11-14,Control,LA MOLINA,5,PILOT,0,,AUTOS
2025-11-14,Control,LA MOLINA,6,FIT,0,,AUTOS
2025-11-14,Control,LA MOLINA,7,CITY,0,,AUTOS
2025-11-14,Control,LA MOLINA,8,ELEMENT,0,,CAMIONETAS
2025-11-14,Control,LA MOLINA,9,CROSSTOUR,0,,CAMIONETAS
2025-11-14,Control,LA MOLINA,10,CR-Z,0,,CAMIONETAS
2025-11-14,Control,LA MOLINA,11,RID LINE,0,,CAMIONETAS
2025-11-14,Control,LA MOLINA,38,ACEITE FS 5W30,0,,REPUESTOS
2025-11-14,Control,LA MOLINA,39,FILTRO COMBUST,160,,REPUESTOS
2025-11-14,Control,LA MOLINA,40,AMORT DEL,0,,REPUESTOS
2025-11-14,Control,LA MOLINA,41,AMORT POS,0,,REPUESTOS
2025-11-14,Control,LA MOLINA,42,"LLANTAS 18""",0,,REPUESTOS
2025-11-14,Control,LA MOLINA,43,BATERÍA 18 PLC,0,,REPUESTOS
2025-11-15,Salida,LA MOLINA,39,FILTRO COMBUST,1,Cliente 11,REPUESTOS
2025-11-16,Salida,LA MOLINA,39,FILTRO COMBUST,1,Cliente 46,REPUESTOS
2025-11-17,Entrada,SURCO,38,ACEITE FS 5W30,10,Prov Repuestos,REPUESTOS
2025-11-17,Entrada,SURCO,40,AMORT DEL,10,Prov Repuestos,REPUESTOS
2025-11-17,Entrada,SURCO,41,AMORT POS,10,Prov Repuestos,REPUESTOS
2025-11-17,Entrada,SURCO,42,"LLANTAS 18""",10,Prov Repuestos,REPUESTOS
2025-11-17,Entrada,SURCO,43,BATERÍA 18 PLC,5,Prov Repuestos,REPUESTOS
2025-11-17,Entrada,LA MOLINA,38,ACEITE FS 5W30,10,Prov Repuestos,REPUESTOS
2025-11-17,Entrada,LA MOLINA,40,AMORT DEL,10,Prov Repuestos,REPUESTOS
2025-11-17,Entrada,LA MOLINA,41,AMORT POS,10,Prov Repuestos,REPUESTOS
2025-11-17,Entrada,LA MOLINA,42,"LLANTAS 18""",10,Prov Repuestos,REPUESTOS
2025-11-17,Entrada,LA MOLINA,43,BATERÍA 18 PLC,5,Prov Repuestos,REPUESTOS
2025-11-17,Entrada,SURCO,43,BATERÍA 18 PLC,10,Prov Repuestos,REPUESTOS
2025-11-17,Entrada,LA MOLINA,40,AMORT DEL,7,Prov Repuestos,REPUESTOS
2025-11-17,Salida,SURCO,38,ACEITE FS 5W30,2,Cliente 17,REPUESTOS
2025-11-17,Salida,SURCO,39,FILTRO COMBUST,1,Cliente 3,REPUESTOS
2025-11-17,Salida,LA MOLINA,40,AMORT DEL,4,Cliente 47,REPUESTOS
2025-11-17,Salida,LA MOLINA,41,AMORT POS,2,Cliente 40,REPUESTOS
2025-11-17,Salida,SURCO,42,"LLANTAS 18""",3,Cliente 20,REPUESTOS
2025-11-17,Salida,SURCO,43,BATERÍA 18 PLC,1,Cliente 33,REPUESTOS
2025-11-18,Salida,LA MOLINA,38,ACEITE FS 5W30,4,Cliente 31,REPUESTOS
2025-11-18,Salida,LA MOLINA,39,FILTRO COMBUST,1,Cliente 33,REPUESTOS
2025-11-18,Salida,LA MOLINA,40,AMORT DEL,7,Cliente 12,REPUESTOS
2025-11-18,Salida,LA MOLINA,41,AMORT POS,3,Cliente 43,REPUESTOS
2025-11-18,Salida,LA MOLINA,42,"LLANTAS 18""",3,Cliente 28,REPUESTOS
2025-11-18,Salida,LA MOLINA,43,BATERÍA 18 PLC,1,Cliente 45,REPUESTOS
2025-11-19,Salida,SURCO,38,ACEITE FS 5W30,4,Cliente 29,REPUESTOS
2025-11-19,Salida,SURCO,39,FILTRO COMBUST,1,Cliente 1,REPUESTOS
2025-11-19,Salida,SURCO,40,AMORT DEL,4,Cliente 10,REPUESTOS
2025-11-19,Salida,LA MOLINA,41,AMORT POS,4,Cliente 35,REPUESTOS
2025-11-19,Salida,LA MOLINA,42,"LLANTAS 18""",5,Cliente 38,REPUESTOS
2025-11-19,Salida,SURCO,43,BATERÍA 18 PLC,3,Cliente 49,REPUESTOS
2025-11-20,Salida,LA MOLINA,38,ACEITE FS 5W30,1,Cliente 21,REPUESTOS
2025-11-20,Salida,LA MOLINA,40,AMORT DEL,3,Cliente 7,REPUESTOS
2025-11-20,Salida,SURCO,41,AMORT POS,4,Cliente 17,REPUESTOS
2025-11-20,Salida,SURCO,42,"LLANTAS 18""",2,Cliente 6,REPUESTOS
2025-11-20,Salida,LA MOLINA,43,BATERÍA 18 PLC,3,Cliente 46,REPUESTOS
2025-11-21,Salida,LA MOLINA,38,ACEITE FS 5W30,2,Cliente 9,REPUESTOS
2025-11-21,Salida,SURCO,40,AMORT DEL,6,Cliente 38,REPUESTOS
2025-11-21,Salida,SURCO,41,AMORT POS,2,Cliente 16,REPUESTOS
2025-11-21,Salida,SURCO,42,"LLANTAS 18""",1,Cliente 8,REPUESTOS
2025-11-21,Salida,SURCO,43,BATERÍA 18 PLC,2,Cliente 26,REPUESTOS
2025-11-22,Salida,SURCO,38,ACEITE FS 5W30,4,Cliente 12,REPUESTOS
2025-11-22,Salida,LA MOLINA,40,AMORT DEL,3,Cliente 46,REPUESTOS
2025-11-22,Salida,SURCO,41,AMORT POS,4,Cliente 11,REPUESTOS
2025-11-22,Salida,SURCO,42,"LLANTAS 18""",1,Cliente 8,REPUESTOS
2025-11-22,Salida,SURCO,43,BATERÍA 18 PLC,1,Cliente 12,REPUESTOS
2025-11-23,Salida,LA MOLINA,38,ACEITE FS 5W30,1,Cliente 45,REPUESTOS
2025-11-23,Salida,LA MOLINA,41,AMORT POS,1,Cliente 25,REPUESTOS
2025-11-23,Salida,SURCO,42,"LLANTAS 18""",1,Cliente 33,REPUESTOS
2025-11-23,Salida,LA MOLINA,43,BATERÍA 18 PLC,1,Cliente 46,REPUESTOS
2025-11-24,Salida,LA MOLINA,38,ACEITE FS 5W30,2,Cliente 36,REPUESTOS
2025-11-24,Salida,LA MOLINA,42,"LLANTAS 18""",2,Cliente 6,REPUESTOS
2025-11-24,Salida,SURCO,43,BATERÍA 18 PLC,1,Cliente 36,REPUESTOS
2025-11-25,Salida,SURCO,42,"LLANTAS 18""",2,Cliente 31,REPUESTOS
2025-11-25,Salida,SURCO,43,BATERÍA 18 PLC,4,Cliente 13,REPUESTOS
2025-11-26,Salida,SURCO,43,BATERÍA 18 PLC,1,Cliente 1,REPUESTOS
2025-11-27,Salida,SURCO,43,BATERÍA 18 PLC,2,Cliente 1,REPUESTOS
2025-11-30,Control,SURCO,1,ACCORD,0,,AUTOS
2025-11-30,Control,SURCO,2,CIVIC,3,,AUTOS
2025-11-30,Control,SURCO,3,ODISSEY,3,,AUTOS
2025-11-30,Control,SURCO,4,CRV,3,,AUTOS
2025-11-30,Control,SURCO,5,PILOT,1,,AUTOS
2025-11-30,Control,SURCO,6,FIT,0,,AUTOS
2025-11-30,Control,SURCO,7,CITY,5,,AUTOS
2025-11-30,Control,SURCO,8,ELEMENT,0,,CAMIONETAS
2025-11-30,Control,SURCO,9,CROSSTOUR,0,,CAMIONETAS
2025-11-30,Control,SURCO,10,CR-Z,0,,CAMIONETAS
2025-11-30,Control,SURCO,11,RID LINE,0,,CAMIONETAS
2025-11-30,Control,SURCO,38,ACEITE FS 5W30,0,,REPUESTOS
2025-11-30,Control,SURCO,39,FILTRO COMBUST,28,,REPUESTOS
2025-11-30,Control,SURCO,40,AMORT DEL,0,,REPUESTOS
2025-11-30,Control,SURCO,41,AMORT POS,0,,REPUESTOS
2025-11-30,Control,SURCO,42,"LLANTAS 18""",0,,REPUESTOS
2025-11-30,Control,SURCO,43,BATERÍA 18 PLC,0,,REPUESTOS
2025-11-30,Control,LA MOLINA,1,ACCORD,3,,AUTOS
2025-11-30,Control,LA MOLINA,2,CIVIC,1,,AUTOS
2025-11-30,Control,LA MOLINA,3,ODISSEY,2,,AUTOS
2025-11-30,Control,LA MOLINA,4,CRV,2,,AUTOS
2025-11-30,Control,LA MOLINA,5,PILOT,0,,AUTOS
2025-11-30,Control,LA MOLINA,6,FIT,0,,AUTOS
2025-11-30,Control,LA MOLINA,7,CITY,0,,AUTOS
2025-11-30,Control,LA MOLINA,8,ELEMENT,0,,CAMIONETAS
2025-11-30,Control,LA MOLINA,9,CROSSTOUR,0,,CAMIONETAS
2025-11-30,Control,LA MOLINA,10,CR-Z,0,,CAMIONETAS
2025-11-30,Control,LA MOLINA,11,RID LINE,0,,CAMIONETAS
2025-11-30,Control,LA MOLINA,38,ACEITE FS 5W30,0,,REPUESTOS
2025-11-30,Control,LA MOLINA,39,FILTRO COMBUST,157,,REPUESTOS
2025-11-30,Control,LA MOLINA,40,AMORT DEL,0,,REPUESTOS
2025-11-30,Control,LA MOLINA,41,AMORT POS,0,,REPUESTOS
2025-11-30,Control,LA MOLINA,42,"LLANTAS 18""",0,,REPUESTOS
2025-11-30,Control,LA MOLINA,43,BATERÍA 18 PLC,0,,REPUESTOS
2025-12-01,Salida,LA MOLINA,1,ACCORD,1,Cliente 46,AUTOS
2025-12-01,Salida,SURCO,2,CIVIC,1,Cliente 19,AUTOS
2025-12-01,Salida,LA MOLINA,3,ODISSEY,1,Cliente 35,AUTOS
2025-12-01,Salida,SURCO,4,CRV,1,Cliente 26,AUTOS
2025-12-01,Salida,SURCO,7,CITY,1,Cliente 50,AUTOS
2025-12-01,Salida,SURCO,39,FILTRO COMBUST,1,Cliente 34,REPUESTOS
2025-12-02,Salida,LA MOLINA,1,ACCORD,1,Cliente 28,AUTOS
2025-12-02,Salida,SURCO,2,CIVIC,1,Cliente 19,AUTOS
2025-12-02,Salida,SURCO,3,ODISSEY,1,Cliente 25,AUTOS
2025-12-02,Salida,LA MOLINA,4,CRV,1,Cliente 11,AUTOS
2025-12-02,Salida,SURCO,7,CITY,1,Cliente 1,AUTOS
2025-12-02,Salida,LA MOLINA,39,FILTRO COMBUST,1,Cliente 36,REPUESTOS
2025-12-03,Entrada,SURCO,38,ACEITE FS 5W30,10,Prov Repuestos,REPUESTOS
2025-12-03,Entrada,SURCO,40,AMORT DEL,10,Prov Repuestos,REPUESTOS
2025-12-03,Entrada,SURCO,41,AMORT POS,10,Prov Repuestos,REPUESTOS
2025-12-03,Entrada,SURCO,42,"LLANTAS 18""",10,Prov Repuestos,REPUESTOS
2025-12-03,Entrada,SURCO,43,BATERÍA 18 PLC,5,Prov Repuestos,REPUESTOS
2025-12-03,Entrada,LA MOLINA,38,ACEITE FS 5W30,10,Prov Repuestos,REPUESTOS
2025-12-03,Entrada,LA MOLINA,40,AMORT DEL,10,Prov Repuestos,REPUESTOS
2025-12-03,Entrada,LA MOLINA,41,AMORT POS,10,Prov Repuestos,REPUESTOS
2025-12-03,Entrada,LA MOLINA,42,"LLANTAS 18""",10,Prov Repuestos,REPUESTOS
2025-12-03,Entrada,LA MOLINA,43,BATERÍA 18 PLC,5,Prov Repuestos,REPUESTOS
2025-12-03,Entrada,SURCO,40,AMORT DEL,12,Prov Repuestos,REPUESTOS
2025-12-03,Salida,LA MOLINA,1,ACCORD,1,Cliente 40,AUTOS
2025-12-03,Salida,LA MOLINA,2,CIVIC,1,Cliente 2,AUTOS
2025-12-03,Salida,LA MOLINA,3,ODISSEY,1,Cliente 12,AUTOS
2025-12-03,Salida,LA MOLINA,4,CRV,1,Cliente 5,AUTOS
2025-12-03,Salida,SURCO,7,CITY,1,Cliente 25,AUTOS
2025-12-03,Salida,SURCO,38,ACEITE FS 5W30,2,Cliente 2,REPUESTOS
2025-12-03,Salida,SURCO,39,FILTRO COMBUST,1,Cliente 28,REPUESTOS
2025-12-03,Salida,SURCO,40,AMORT DEL,4,Cliente 25,REPUESTOS
2025-12-03,Salida,SURCO,41,AMORT POS,2,Cliente 36,REPUESTOS
2025-12-03,Salida,LA MOLINA,42,"LLANTAS 18""",1,Cliente 9,REPUESTOS
2025-12-03,Salida,LA MOLINA,43,BATERÍA 18 PLC,1,Cliente 24,REPUESTOS
2025-12-04,Salida,SURCO,2,CIVIC,1,Cliente 8,AUTOS
2025-12-04,Salida,SURCO,3,ODISSEY,1,Cliente 30,AUTOS
2025-12-04,Salida,SURCO,4,CRV,1,Cliente 43,AUTOS
2025-12-04,Salida,SURCO,7,CITY,1,Cliente 19,AUTOS
2025-12-04,Salida,SURCO,38,ACEITE FS 5W30,2,Cliente 7,REPUESTOS
2025-12-04,Salida,SURCO,39,FILTRO COMBUST,1,Cliente 18,REPUESTOS
2025-12-04,Salida,SURCO,40,AMORT DEL,4,Cliente 28,REPUESTOS
2025-12-04,Salida,SURCO,41,AMORT POS,1,Cliente 10,REPUESTOS
2025-12-04,Salida,LA MOLINA,42,"LLANTAS 18""",2,Cliente 33,REPUESTOS
2025-12-04,Salida,SURCO,43,BATERÍA 18 PLC,1,Cliente 29,REPUESTOS
2025-12-05,Salida,SURCO,3,ODISSEY,1,Cliente 47,AUTOS
2025-12-05,Salida,SURCO,4,CRV,1,Cliente 9,AUTOS
2025-12-05,Salida,SURCO,7,CITY,1,Cliente 44,AUTOS
2025-12-05,Salida,LA MOLINA,38,ACEITE FS 5W30,3,Cliente 3,REPUESTOS
2025-12-05,Salida,LA MOLINA,39,FILTRO COMBUST,1,Cliente 50,REPUESTOS
2025-12-05,Salida,SURCO,40,AMORT DEL,2,Cliente 37,REPUESTOS
2025-12-05,Salida,LA MOLINA,41,AMORT POS,1,Cliente 32,REPUESTOS
2025-12-05,Salida,SURCO,42,"LLANTAS 18""",1,Cliente 5,REPUESTOS
2025-12-05,Salida,SURCO,43,BATERÍA 18 PLC,1,Cliente 46,REPUESTOS
2025-12-06,Salida,LA MOLINA,38,ACEITE FS 5W30,4,Cliente 4,REPUESTOS
2025-12-06,Salida,SURCO,39,FILTRO COMBUST,1,Cliente 14,REPUESTOS
2025-12-06,Salida,LA MOLINA,40,AMORT DEL,3,Cliente 12,REPUESTOS
2025-12-06,Salida,LA MOLINA,41,AMORT POS,1,Cliente 47,REPUESTOS
2025-12-06,Salida,SURCO,42,"LLANTAS 18""",1,Cliente 6,REPUESTOS
2025-12-06,Salida,SURCO,43,BATERÍA 18 PLC,1,Cliente 11,REPUESTOS
2025-12-07,Salida,SURCO,38,ACEITE FS 5W30,4,Cliente 6,REPUESTOS
2025-12-07,Salida,LA MOLINA,39,FILTRO COMBUST,1,Cliente 5,REPUESTOS
2025-12-07,Salida,SURCO,40,AMORT DEL,3,Cliente 31,REPUESTOS
2025-12-07,Salida,LA MOLINA,41,AMORT POS,1,Cliente 36,REPUESTOS
2025-12-07,Salida,SURCO,42,"LLANTAS 18""",1,Cliente 37,REPUESTOS
2025-12-07,Salida,SURCO,43,BATERÍA 18 PLC,1,Cliente 40,REPUESTOS
2025-12-08,Salida,SURCO,38,ACEITE FS 5W30,2,Cliente 43,REPUESTOS
2025-12-08,Salida,LA MOLINA,39,FILTRO COMBUST,1,Cliente 12,REPUESTOS
2025-12-08,Salida,SURCO,40,AMORT DEL,1,Cliente 48,REPUESTOS
2025-12-08,Salida,LA MOLINA,41,AMORT POS,1,Cliente 4,REPUESTOS
2025-12-08,Salida,SURCO,42,"LLANTAS 18""",1,Cliente 3,REPUESTOS
2025-12-08,Salida,LA MOLINA,43,BATERÍA 18 PLC,1,Cliente 5,REPUESTOS
2025-12-09,Salida,LA MOLINA,38,ACEITE FS 5W30,3,Cliente 1,REPUESTOS
2025-12-09,Salida,LA MOLINA,39,FILTRO COMBUST,1,Cliente 45,REPUESTOS
2025-12-09,Salida,LA MOLINA,40,AMORT DEL,3,Cliente 45,REPUESTOS
2025-12-09,Salida,SURCO,41,AMORT POS,1,Cliente 37,REPUESTOS
2025-12-09,Salida,LA MOLINA,42,"LLANTAS 18""",2,Cliente 38,REPUESTOS
2025-12-09,Salida,SURCO,43,BATERÍA 18 PLC,1,Cliente 27,REPUESTOS
2025-12-10,Entrada,SURCO,1,ACCORD,5,Prov Vehículos,AUTOS
2025-12-10,Entrada,SURCO,2,CIVIC,2,Prov Vehículos,AUTOS
2025-12-10,Entrada,SURCO,3,ODISSEY,2,Prov Vehículos,AUTOS
2025-12-10,Entrada,SURCO,4,CRV,2,Prov Vehículos,AUTOS
2025-12-10,Entrada,SURCO,5,PILOT,4,Prov Vehículos,AUTOS
2025-12-10,Entrada,SURCO,6,FIT,5,Prov Vehículos,AUTOS
2025-12-10,Entrada,LA MOLINA,1,ACCORD,2,Prov Vehículos,AUTOS
2025-12-10,Entrada,LA MOLINA,2,CIVIC,4,Prov Vehículos,AUTOS
2025-12-10,Entrada,LA MOLINA,3,ODISSEY,3,Prov Vehículos,AUTOS
2025-12-10,Entrada,LA MOLINA,4,CRV,3,Prov Vehículos,AUTOS
2025-12-10,Salida,SURCO,1,ACCORD,1,Cliente 39,AUTOS
2025-12-10,Salida,LA MOLINA,2,CIVIC,1,Cliente 31,AUTOS
2025-12-10,Salida,SURCO,6,FIT,1,Cliente 47,AUTOS
2025-12-10,Salida,SURCO,39,FILTRO COMBUST,1,Cliente 31,REPUESTOS
2025-12-10,Salida,SURCO,40,AMORT DEL,3,Cliente 14,REPUESTOS
2025-12-10,Salida,LA MOLINA,41,AMORT POS,1,Cliente 22,REPUESTOS
2025-12-10,Salida,LA MOLINA,42,"LLANTAS 18""",1,Cliente 50,REPUESTOS
2025-12-10,Salida,LA MOLINA,43,BATERÍA 18 PLC,1,Cliente 15,REPUESTOS
2025-12-11,Salida,SURCO,1,ACCORD,1,Cliente 30,AUTOS
2025-12-11,Salida,SURCO,6,FIT,1,Cliente 47,AUTOS
2025-12-11,Salida,SURCO,40,AMORT DEL,3,Cliente 22,REPUESTOS
2025-12-11,Salida,SURCO,41,AMORT POS,2,Cliente 26,REPUESTOS
2025-12-11,Salida,SURCO,42,"LLANTAS 18""",2,Cliente 48,REPUESTOS
2025-12-11,Salida,LA MOLINA,43,BATERÍA 18 PLC,1,Cliente 13,REPUESTOS
2025-12-12,Salida,SURCO,1,ACCORD,1,Cliente 46,AUTOS
2025-12-12,Salida,SURCO,6,FIT,1,Cliente 35,AUTOS
2025-12-12,Salida,SURCO,40,AMORT DEL,2,Cliente 21,REPUESTOS
2025-12-12,Salida,LA MOLINA,41,AMORT POS,4,Cliente 26,REPUESTOS
2025-12-12,Salida,LA MOLINA,42,"LLANTAS 18""",1,Cliente 22,REPUESTOS
2025-12-12,Salida,LA MOLINA,43,BATERÍA 18 PLC,1,Cliente 29,REPUESTOS
2025-12-13,Salida,LA MOLINA,40,AMORT DEL,4,Cliente 29,REPUESTOS
2025-12-13,Salida,LA MOLINA,41,AMORT POS,1,Cliente 6,REPUESTOS
2025-12-13,Salida,SURCO,42,"LLANTAS 18""",2,Cliente 14,REPUESTOS
2025-12-14,Salida,LA MOLINA,40,AMORT DEL,1,Cliente 35,REPUESTOS
2025-12-14,Salida,SURCO,41,AMORT POS,3,Cliente 3,REPUESTOS
2025-12-14,Salida,SURCO,42,"LLANTAS 18""",2,Cliente 43,REPUESTOS
2025-12-14,Control,SURCO,1,ACCORD,2,,AUTOS
2025-12-14,Control,SURCO,2,CIVIC,2,,AUTOS
2025-12-14,Control,SURCO,3,ODISSEY,2,,AUTOS
2025-12-14,Control,SURCO,4,CRV,2,,AUTOS
2025-12-14,Control,SURCO,5,PILOT,5,,AUTOS
2025-12-14,Control,SURCO,6,FIT,2,,AUTOS
2025-12-14,Control,SURCO,7,CITY,0,,AUTOS
2025-12-14,Control,SURCO,8,ELEMENT,0,,CAMIONETAS
2025-12-14,Control,SURCO,9,CROSSTOUR,0,,CAMIONETAS
2025-12-14,Control,SURCO,10,CR-Z,0,,CAMIONETAS
2025-12-14,Control,SURCO,11,RID LINE,0,,CAMIONETAS
2025-12-14,Control,SURCO,38,ACEITE FS 5W30,0,,REPUESTOS
2025-12-14,Control,SURCO,39,FILTRO COMBUST,23,,REPUESTOS
2025-12-14,Control,SURCO,40,AMORT DEL,0,,REPUESTOS
2025-12-14,Control,SURCO,41,AMORT POS,1,,REPUESTOS
2025-12-14,Control,SURCO,42,"LLANTAS 18""",0,,REPUESTOS
2025-12-14,Control,SURCO,43,BATERÍA 18 PLC,0,,REPUESTOS
2025-12-14,Control,LA MOLINA,1,ACCORD,2,,AUTOS
2025-12-14,Control,LA MOLINA,2,CIVIC,3,,AUTOS
2025-12-14,Control,LA MOLINA,3,ODISSEY,3,,AUTOS
2025-12-14,Control,LA MOLINA,4,CRV,3,,AUTOS
2025-12-14,Control,LA MOLINA,5,PILOT,0,,AUTOS
2025-12-14,Control,LA MOLINA,6,FIT,0,,AUTOS
2025-12-14,Control,LA MOLINA,7,CITY,0,,AUTOS
2025-12-14,Control,LA MOLINA,8,ELEMENT,0,,CAMIONETAS
2025-12-14,Control,LA MOLINA,9,CROSSTOUR,0,,CAMIONETAS
2025-12-14,Control,LA MOLINA,10,CR-Z,0,,CAMIONETAS
2025-12-14,Control,LA MOLINA,11,RID LINE,0,,CAMIONETAS
2025-12-14,Control,LA MOLINA,38,ACEITE FS 5W30,0,,REPUESTOS
2025-12-14,Control,LA MOLINA,39,FILTRO COMBUST,152,,REPUESTOS
2025-12-14,Control,LA MOLINA,40,AMORT DEL,9,,REPUESTOS
2025-12-14,Control,LA MOLINA,41,AMORT POS,0,,REPUESTOS
2025-12-14,Control,LA MOLINA,42,"LLANTAS 18""",3,,REPUESTOS
2025-12-14,Control,LA MOLINA,43,BATERÍA 18 PLC,0,,REPUESTOS
2025-12-15,Salida,LA MOLINA,40,AMORT DEL,1,Cliente 30,REPUESTOS
2025-12-15,Salida,SURCO,41,AMORT POS,1,Cliente 39,REPUESTOS
2025-12-15,Salida,LA MOLINA,42,"LLANTAS 18""",1,Cliente 19,REPUESTOS
2025-12-16,Salida,LA MOLINA,40,AMORT DEL,4,Cliente 44,REPUESTOS
2025-12-16,Salida,LA MOLINA,42,"LLANTAS 18""",1,Cliente 46,REPUESTOS
2025-12-17,Entrada,SURCO,38,ACEITE FS 5W30,10,Prov Repuestos,REPUESTOS
2025-12-17,Entrada,SURCO,40,AMORT DEL,10,Prov Repuestos,REPUESTOS
2025-12-17,Entrada,SURCO,41,AMORT POS,9,Prov Repuestos,REPUESTOS
2025-12-17,Entrada,SURCO,42,"LLANTAS 18""",10,Prov Repuestos,REPUESTOS
2025-12-17,Entrada,SURCO,43,BATERÍA 18 PLC,5,Prov Repuestos,REPUESTOS
2025-12-17,Entrada,LA MOLINA,38,ACEITE FS 5W30,10,Prov Repuestos,REPUESTOS
2025-12-17,Entrada,LA MOLINA,40,AMORT DEL,1,Prov Repuestos,REPUESTOS
2025-12-17,Entrada,LA MOLINA,41,AMORT POS,10,Prov Repuestos,REPUESTOS
2025-12-17,Entrada,LA MOLINA,42,"LLANTAS 18""",7,Prov Repuestos,REPUESTOS
2025-12-17,Entrada,LA MOLINA,43,BATERÍA 18 PLC,5,Prov Repuestos,REPUESTOS
2025-12-17,Entrada,SURCO,38,ACEITE FS 5W30,17,Prov Repuestos,REPUESTOS
2025-12-17,Entrada,LA MOLINA,39,FILTRO COMBUST,15,Prov Repuestos,REPUESTOS
2025-12-17,Salida,SURCO,38,ACEITE FS 5W30,3,Cliente 21,REPUESTOS
2025-12-17,Salida,SURCO,40,AMORT DEL,1,Cliente 1,REPUESTOS
2025-12-17,Salida,SURCO,41,AMORT POS,2,Cliente 29,REPUESTOS
2025-12-17,Salida,SURCO,42,"LLANTAS 18""",2,Cliente 1,REPUESTOS
2025-12-17,Salida,SURCO,43,BATERÍA 18 PLC,2,Cliente 6,REPUESTOS
2025-12-18,Salida,LA MOLINA,38,ACEITE FS 5W30,1,Cliente 14,REPUESTOS
2025-12-18,Salida,LA MOLINA,40,AMORT DEL,3,Cliente 29,REPUESTOS
2025-12-18,Salida,SURCO,41,AMORT POS,3,Cliente 29,REPUESTOS
2025-12-18,Salida,LA MOLINA,42,"LLANTAS 18""",1,Cliente 7,REPUESTOS
2025-12-18,Salida,SURCO,43,BATERÍA 18 PLC,1,Cliente 30,REPUESTOS
2025-12-19,Salida,LA MOLINA,38,ACEITE FS 5W30,1,Cliente 46,REPUESTOS
2025-12-19,Salida,LA MOLINA,40,AMORT DEL,2,Cliente 42,REPUESTOS
2025-12-19,Salida,SURCO,41,AMORT POS,2,Cliente 4,REPUESTOS
2025-12-19,Salida,LA MOLINA,42,"LLANTAS 18""",2,Cliente 44,REPUESTOS
2025-12-19,Salida,LA MOLINA,43,BATERÍA 18 PLC,1,Cliente 50,REPUESTOS
2025-12-20,Salida,SURCO,38,ACEITE FS 5W30,4,Cliente 1,REPUESTOS
2025-12-20,Salida,SURCO,40,AMORT DEL,3,Cliente 3,REPUESTOS
2025-12-20,Salida,SURCO,41,AMORT POS,2,Cliente 33,REPUESTOS
2025-12-20,Salida,SURCO,42,"LLANTAS 18""",2,Cliente 5,REPUESTOS
2025-12-20,Salida,SURCO,43,BATERÍA 18 PLC,2,Cliente 15,REPUESTOS
2025-12-21,Salida,LA MOLINA,38,ACEITE FS 5W30,3,Cliente 23,REPUESTOS
2025-12-21,Salida,SURCO,40,AMORT DEL,3,Cliente 10,REPUESTOS
2025-12-21,Salida,LA MOLINA,41,AMORT POS,3,Cliente 5,REPUESTOS
2025-12-21,Salida,LA MOLINA,42,"LLANTAS 18""",1,Cliente 32,REPUESTOS
2025-12-21,Salida,LA MOLINA,43,BATERÍA 18 PLC,1,Cliente 26,REPUESTOS
2025-12-22,Salida,SURCO,38,ACEITE FS 5W30,7,Cliente 5,REPUESTOS
2025-12-22,Salida,SURCO,40,AMORT DEL,3,Cliente 31,REPUESTOS
2025-12-22,Salida,LA MOLINA,41,AMORT POS,1,Cliente 31,REPUESTOS
2025-12-22,Salida,SURCO,42,"LLANTAS 18""",2,Cliente 46,REPUESTOS
2025-12-22,Salida,LA MOLINA,43,BATERÍA 18 PLC,1,Cliente 20,REPUESTOS
2025-12-23,Salida,SURCO,38,ACEITE FS 5W30,6,Cliente 2,REPUESTOS
2025-12-23,Salida,LA MOLINA,41,AMORT POS,4,Cliente 25,REPUESTOS
2025-12-23,Salida,LA MOLINA,42,"LLANTAS 18""",2,Cliente 1,REPUESTOS
2025-12-23,Salida,LA MOLINA,43,BATERÍA 18 PLC,1,Cliente 1,REPUESTOS
2025-12-24,Salida,SURCO,38,ACEITE FS 5W30,7,Cliente 25,REPUESTOS
2025-12-24,Salida,LA MOLINA,41,AMORT POS,2,Cliente 12,REPUESTOS
2025-12-24,Salida,LA MOLINA,42,"LLANTAS 18""",1,Cliente 35,REPUESTOS
2025-12-24,Salida,LA MOLINA,43,BATERÍA 18 PLC,1,Cliente 41,REPUESTOS
2025-12-25,Salida,LA MOLINA,38,ACEITE FS 5W30,5,Cliente 15,REPUESTOS
2025-12-25,Salida,SURCO,42,"LLANTAS 18""",1,Cliente 1,REPUESTOS
2025-12-26,Salida,LA MOLINA,42,"LLANTAS 18""",1,Cliente 16,REPUESTOS
2025-12-27,Salida,SURCO,42,"LLANTAS 18""",3,Cliente 16,REPUESTOS
2025-12-31,Control,SURCO,1,ACCORD,2,,AUTOS
2025-12-31,Control,SURCO,2,CIVIC,2,,AUTOS
2025-12-31,Control,SURCO,3,ODISSEY,2,,AUTOS
2025-12-31,Control,SURCO,4,CRV,2,,AUTOS
2025-12-31,Control,SURCO,5,PILOT,5,,AUTOS
2025-12-31,Control,SURCO,6,FIT,2,,AUTOS
2025-12-31,Control,SURCO,7,CITY,0,,AUTOS
2025-12-31,Control,SURCO,8,ELEMENT,0,,CAMIONETAS
2025-12-31,Control,SURCO,9,CROSSTOUR,0,,CAMIONETAS
2025-12-31,Control,SURCO,10,CR-Z,0,,CAMIONETAS
2025-12-31,Control,SURCO,11,RID LINE,0,,CAMIONETAS
2025-12-31,Control,SURCO,38,ACEITE FS 5W30,0,,REPUESTOS
2025-12-31,Control,SURCO,39,FILTRO COMBUST,23,,REPUESTOS
2025-12-31,Control,SURCO,40,AMORT DEL,0,,REPUESTOS
2025-12-31,Control,SURCO,41,AMORT POS,0,,REPUESTOS
2025-12-31,Control,SURCO,42,"LLANTAS 18""",0,,REPUESTOS
2025-12-31,Control,SURCO,43,BATERÍA 18 PLC,0,,REPUESTOS
2025-12-31,Control,LA MOLINA,1,ACCORD,2,,AUTOS
2025-12-31,Control,LA MOLINA,2,CIVIC,3,,AUTOS
2025-12-31,Control,LA MOLINA,3,ODISSEY,3,,AUTOS
2025-12-31,Control,LA MOLINA,4,CRV,3,,AUTOS
2025-12-31,Control,LA MOLINA,5,PILOT,0,,AUTOS
2025-12-31,Control,LA MOLINA,6,FIT,0,,AUTOS
2025-12-31,Control,LA MOLINA,7,CITY,0,,AUTOS
2025-12-31,Control,LA MOLINA,8,ELEMENT,0,,CAMIONETAS
2025-12-31,Control,LA MOLINA,9,CROSSTOUR,0,,CAMIONETAS
2025-12-31,Control,LA MOLINA,10,CR-Z,0,,CAMIONETAS
2025-12-31,Control,LA MOLINA,11,RID LINE,0,,CAMIONETAS
2025-12-31,Control,LA MOLINA,38,ACEITE FS 5W30,0,,REPUESTOS
2025-12-31,Control,LA MOLINA,39,FILTRO COMBUST,167,,REPUESTOS
2025-12-31,Control,LA MOLINA,40,AMORT DEL,0,,REPUESTOS
2025-12-31,Control,LA MOLINA,41,AMORT POS,0,,REPUESTOS
2025-12-31,Control,LA MOLINA,42,"LLANTAS 18""",0,,REPUESTOS
2025-12-31,Control,LA MOLINA,43,BATERÍA 18 PLC,0,,REPUESTOS
