id_venta,Fecha,Cliente,Almacen,Producto,Cantidad_Vendida,Precio_Venta,Monto_Venta,Vendedor
1,2023-01-01,Cliente 12,SURCO,AUTO HONDA ACCORD 2014,1,29500.0,29500.0,Vendedor 2
2,2023-01-01,Cliente 44,SURCO,AUTO HONDA CIVIC 2014,1,30000.0,30000.0,Vendedor 4
3,2023-01-01,Cliente 8,LA MOLINA,AUTO HONDA ODISSEY 2013,1,27500.0,27500.0,Vendedor 10
4,2023-01-01,Cliente 38,SURCO,AUTO HONDA CRV 2014,1,27500.0,27500.0,Vendedor 10
5,2023-01-01,Cliente 40,SURCO,AUTO HONDA PILOT 2013,1,16500.0,16500.0,Vendedor 2
6,2023-01-01,Cliente 43,LA MOLINA,AUTO HONDA FIT 2016,1,26000.0,26000.0,Vendedor 10
7,2023-01-01,Cliente 17,LA MOLINA,AUTO HONDA CITY 2016,1,29500.0,29500.0,Vendedor 4
8,2023-01-01,Cliente 16,LA MOLINA,CAMIONETA HONDA ELEMENT 2013,1,36000.0,36000.0,Vendedor 5
9,2023-01-01,Cliente 9,LA MOLINA,CAMIONETA HONDA CROSSTOUR 2013,1,34000.0,34000.0,Vendedor 5
10,2023-01-01,Cliente 21,LA MOLINA,CAMIONETA HONDA CR-Z 2015,1,31500.0,31500.0,Vendedor 2
11,2023-01-01,Cliente 30,SURCO,CAMIONETA HONDA RID LINE PICK UP 2014,1,37500.0,37500.0,Vendedor 10
12,2023-01-01,Cliente 35,SURCO,ACEITE DE MOTOR 5W30 FULL SINTÉTICO,1,100.3,100.3,Vendedor 4
13,2023-01-01,Cliente 9,LA MOLINA,FILTRO DE COMBUSTIBLE,1,136.1,136.1,Vendedor 6
14,2023-01-01,Cliente 24,SURCO,AMORTIGUADORES DELANTEROS,1,225.8,225.8,Vendedor 5
15,2023-01-01,Cliente 35,LA MOLINA,AMORTIGUADORES POSTERIORES,1,107.4,107.4,Vendedor 5
16,2023-01-01,Cliente 43,LA MOLINA,"LLANTAS 18""",1,78.9,78.9,Vendedor 2
17,2023-01-01,Cliente 17,SURCO,BATERÍA DE 18 PLACAS,1,131.3,131.3,Vendedor 2
18,2023-01-02,Cliente 48,SURCO,AUTO HONDA ACCORD 2014,1,29500.0,29500.0,Vendedor 9
19,2023-01-02,Cliente 18,SURCO,AUTO HONDA CIVIC 2014,1,30000.0,30000.0,Vendedor 5
20,2023-01-02,Cliente 46,SURCO,AUTO HONDA ODISSEY 2013,1,27500.0,27500.0,Vendedor 6
21,2023-01-02,Cliente 44,SURCO,AUTO HONDA CRV 2014,1,27500.0,27500.0,Vendedor 5
22,2023-01-02,Cliente 17,LA MOLINA,AUTO HONDA PILOT 2013,1,16500.0,16500.0,Vendedor 1
23,2023-01-02,Cliente 41,SURCO,CAMIONETA HONDA ELEMENT 2013,1,36000.0,36000.0,Vendedor 7
24,2023-01-02,Cliente 3,LA MOLINA,CAMIONETA HONDA CROSSTOUR 2013,1,34000.0,34000.0,Vendedor 1
25,2023-01-02,Cliente 50,LA MOLINA,CAMIONETA HONDA CR-Z 2015,1,31500.0,31500.0,Vendedor 3
26,2023-01-02,Cliente 11,LA MOLINA,CAMIONETA HONDA RID LINE PICK UP 2014,1,37500.0,37500.0,Vendedor 8
27,2023-01-02,Cliente 8,SURCO,ACEITE DE MOTOR 5W30 FULL SINTÉTICO,4,100.3,401.2,Vendedor 2
28,2023-01-02,Cliente 35,SURCO,FILTRO DE COMBUSTIBLE,1,136.1,136.1,Vendedor 1
29,2023-01-02,Cliente 28,SURCO,AMORTIGUADORES DELANTEROS,2,225.8,451.6,Vendedor 3
30,2023-01-02,Cliente 24,LA MOLINA,AMORTIGUADORES POSTERIORES,1,107.4,107.4,Vendedor 1
31,2023-01-02,Cliente 44,SURCO,"LLANTAS 18""",2,78.9,157.8,Vendedor 4
32,2023-01-02,Cliente 23,SURCO,BATERÍA DE 18 PLACAS,1,131.3,131.3,Vendedor 9
33,2023-01-03,Cliente 40,SURCO,AUTO HONDA ACCORD 2014,1,29500.0,29500.0,Vendedor 3
34,2023-01-03,Cliente 11,SURCO,AUTO HONDA CIVIC 2014,1,30000.0,30000.0,Vendedor 3
35,2023-01-03,Cliente 2,LA MOLINA,AUTO HONDA CRV 2014,1,27500.0,27500.0,Vendedor 3
36,2023-01-03,Cliente 27,LA MOLINA,AUTO HONDA PILOT 2013,1,16500.0,16500.0,Vendedor 4
37,2023-01-03,Cliente 11,LA MOLINA,CAMIONETA HONDA ELEMENT 2013,1,36000.0,36000.0,Vendedor 2
38,2023-01-03,Cliente 3,SURCO,CAMIONETA HONDA CR-Z 2015,1,31500.0,31500.0,Vendedor 8
39,2023-01-03,Cliente 30,SURCO,ACEITE DE MOTOR 5W30 FULL SINTÉTICO,2,100.3,200.6,Vendedor 6
40,2023-01-03,Cliente 15,LA MOLINA,FILTRO DE COMBUSTIBLE,1,136.1,136.1,Vendedor 4
41,2023-01-03,Cliente 26,SURCO,AMORTIGUADORES DELANTEROS,1,225.8,225.8,Vendedor 6
42,2023-01-03,Cliente 50,SURCO,AMORTIGUADORES POSTERIORES,3,107.4,322.2,Vendedor 5
43,2023-01-03,Cliente 44,LA MOLINA,"LLANTAS 18""",2,78.9,157.8,Vendedor 9
44,2023-01-03,Cliente 2,LA MOLINA,BATERÍA DE 18 PLACAS,1,131.3,131.3,Vendedor 2
45,2023-01-04,Cliente 12,SURCO,AUTO HONDA ACCORD 2014,1,29500.0,29500.0,Vendedor 10
46,2023-01-04,Cliente 3,SURCO,AUTO HONDA CIVIC 2014,1,30000.0,30000.0,Vendedor 2
47,2023-01-04,Cliente 47,LA MOLINA,ACEITE DE MOTOR 5W30 FULL SINTÉTICO,4,100.3,401.2,Vendedor 6
48,2023-01-04,Cliente 39,LA MOLINA,FILTRO DE COMBUSTIBLE,1,136.1,136.1,Vendedor 9
49,2023-01-04,Cliente 37,LA MOLINA,AMORTIGUADORES DELANTEROS,1,225.8,225.8,Vendedor 4
50,2023-01-04,Cliente 46,SURCO,AMORTIGUADORES POSTERIORES,3,107.4,322.2,Vendedor 7
51,2023-01-04,Cliente 24,SURCO,"LLANTAS 18""",1,78.9,78.9,Vendedor 7
52,2023-01-04,Cliente 43,SURCO,BATERÍA DE 18 PLACAS,1,131.3,131.3,Vendedor 6
53,2023-01-05,Cliente 47,SURCO,ACEITE DE MOTOR 5W30 FULL SINTÉTICO,3,100.3,300.9,Vendedor 5
54,2023-01-05,Cliente 43,LA MOLINA,FILTRO DE COMBUSTIBLE,1,136.1,136.1,Vendedor 7
55,2023-01-05,Cliente 45,LA MOLINA,AMORTIGUADORES DELANTEROS,2,225.8,451.6,Vendedor 5
56,2023-01-05,Cliente 27,SURCO,AMORTIGUADORES POSTERIORES,2,107.4,214.8,Vendedor 7
57,2023-01-05,Cliente 26,LA MOLINA,"LLANTAS 18""",1,78.9,78.9,Vendedor 9
58,2023-01-05,Cliente 20,SURCO,BATERÍA DE 18 PLACAS,1,131.3,131.3,Vendedor 5
59,2023-01-06,Cliente 38,LA MOLINA,ACEITE DE MOTOR 5W30 FULL SINTÉTICO,2,100.3,200.6,Vendedor 10
60,2023-01-06,Cliente 30,LA MOLINA,FILTRO DE COMBUSTIBLE,1,136.1,136.1,Vendedor 8
61,2023-01-06,Cliente 33,SURCO,AMORTIGUADORES DELANTEROS,2,225.8,451.6,Vendedor 8
62,2023-01-06,Cliente 19,SURCO,AMORTIGUADORES POSTERIORES,1,107.4,107.4,Vendedor 9
63,2023-01-06,Cliente 49,SURCO,"LLANTAS 18""",2,78.9,157.8,Vendedor 4
64,2023-01-06,Cliente 15,LA MOLINA,BATERÍA DE 18 PLACAS,1,131.3,131.3,Vendedor 4
65,2023-01-07,Cliente 3,SURCO,ACEITE DE MOTOR 5W30 FULL SINTÉTICO,2,100.3,200.6,Vendedor 4
66,2023-01-07,Cliente 30,SURCO,AMORTIGUADORES DELANTEROS,2,225.8,451.6,Vendedor 7
67,2023-01-07,Cliente 32,LA MOLINA,AMORTIGUADORES POSTERIORES,2,107.4,214.8,Vendedor 7
68,2023-01-07,Cliente 42,SURCO,"LLANTAS 18""",1,78.9,78.9,Vendedor 1
69,2023-01-07,Cliente 50,SURCO,BATERÍA DE 18 PLACAS,1,131.3,131.3,Vendedor 7
70,2023-01-08,Cliente 45,SURCO,ACEITE DE MOTOR 5W30 FULL SINTÉTICO,2,100.3,200.6,Vendedor 9
71,2023-01-08,Cliente 36,SURCO,AMORTIGUADORES DELANTEROS,2,225.8,451.6,Vendedor 4
72,2023-01-08,Cliente 9,LA MOLINA,AMORTIGUADORES POSTERIORES,1,107.4,107.4,Vendedor 8
73,2023-01-08,Cliente 40,LA MOLINA,"LLANTAS 18""",2,78.9,157.8,Vendedor 9
74,2023-01-08,Cliente 36,LA MOLINA,BATERÍA DE 18 PLACAS,1,131.3,131.3,Vendedor 8
75,2023-01-09,Cliente 29,LA MOLINA,ACEITE DE MOTOR 5W30 FULL SINTÉTICO,2,100.3,200.6,Vendedor 5
76,2023-01-09,Cliente 50,LA MOLINA,AMORTIGUADORES DELANTEROS,1,225.8,225.8,Vendedor 9
77,2023-01-09,Cliente 18,LA MOLINA,AMORTIGUADORES POSTERIORES,4,107.4,429.6,Vendedor 8
78,2023-01-09,Cliente 16,LA MOLINA,"LLANTAS 18""",1,78.9,78.9,Vendedor 5
79,2023-01-09,Cliente 21,LA MOLINA,BATERÍA DE 18 PLACAS,1,131.3,131.3,Vendedor 9
80,2023-01-10,Cliente 10,SURCO,ACEITE DE MOTOR 5W30 FULL SINTÉTICO,1,100.3,100.3,Vendedor 4
81,2023-01-10,Cliente 46,SURCO,AMORTIGUADORES DELANTEROS,2,225.8,451.6,Vendedor 4
82,2023-01-10,Cliente 27,LA MOLINA,AMORTIGUADORES POSTERIORES,1,107.4,107.4,Vendedor 6
83,2023-01-10,Cliente 4,LA MOLINA,"LLANTAS 18""",2,78.9,157.8,Vendedor 4
84,2023-01-10,Cliente 25,LA MOLINA,BATERÍA DE 18 PLACAS,1,131.3,131.3,Vendedor 10
85,2023-01-11,Cliente 31,LA MOLINA,ACEITE DE MOTOR 5W30 FULL SINTÉTICO,1,100.3,100.3,Vendedor 1
86,2023-01-11,Cliente 49,LA MOLINA,AMORTIGUADORES DELANTEROS,2,225.8,451.6,Vendedor 7
87,2023-01-11,Cliente 32,LA MOLINA,AMORTIGUADORES POSTERIORES,4,107.4,429.6,Vendedor 4
88,2023-01-11,Cliente 32,LA MOLINA,"LLANTAS 18""",2,78.9,157.8,Vendedor 1
89,2023-01-11,Cliente 43,LA MOLINA,BATERÍA DE 18 PLACAS,2,131.3,262.6,Vendedor 7
90,2023-01-12,Cliente 9,LA MOLINA,ACEITE DE MOTOR 5W30 FULL SINTÉTICO,2,100.3,200.6,Vendedor 10
91,2023-01-12,Cliente 26,SURCO,AMORTIGUADORES DELANTEROS,3,225.8,677.4,Vendedor 10
92,2023-01-12,Cliente 42,LA MOLINA,AMORTIGUADORES POSTERIORES,1,107.4,107.4,Vendedor 7
93,2023-01-12,Cliente 12,LA MOLINA,"LLANTAS 18""",1,78.9,78.9,Vendedor 1
94,2023-01-12,Cliente 21,LA MOLINA,BATERÍA DE 18 PLACAS,2,131.3,262.6,Vendedor 4
95,2023-01-13,Cliente 22,LA MOLINA,ACEITE DE MOTOR 5W30 FULL SINTÉTICO,4,100.3,401.2,Vendedor 7
96,2023-01-13,Cliente 17,LA MOLINA,AMORTIGUADORES DELANTEROS,2,225.8,451.6,Vendedor 2
97,2023-01-13,Cliente 48,LA MOLINA,AMORTIGUADORES POSTERIORES,4,107.4,429.6,Vendedor 9
98,2023-01-13,Cliente 15,LA MOLINA,"LLANTAS 18""",1,78.9,78.9,Vendedor 2
99,2023-01-13,Cliente 16,SURCO,BATERÍA DE 18 PLACAS,1,131.3,131.3,Vendedor 4
100,2023-01-14,Cliente 16,LA MOLINA,ACEITE DE MOTOR 5W30 FULL SINTÉTICO,1,100.3,100.3,Vendedor 3
101,2023-01-14,Cliente 37,SURCO,AMORTIGUADORES DELANTEROS,2,225.8,451.6,Vendedor 4
102,2023-01-14,Cliente 50,LA MOLINA,AMORTIGUADORES POSTERIORES,4,107.4,429.6,Vendedor 6
103,2023-01-14,Cliente 50,SURCO,"LLANTAS 18""",1,78.9,78.9,Vendedor 3
104,2023-01-14,Cliente 38,SURCO,BATERÍA DE 18 PLACAS,2,131.3,262.6,Vendedor 1
105,2023-01-15,Cliente 26,LA MOLINA,ACEITE DE MOTOR 5W30 FULL SINTÉTICO,6,100.3,601.8,Vendedor 4
106,2023-01-15,Cliente 7,SURCO,AMORTIGUADORES DELANTEROS,1,225.8,225.8,Vendedor 5
107,2023-01-15,Cliente 37,LA MOLINA,AMORTIGUADORES POSTERIORES,5,107.4,537.0,Vendedor 1
108,2023-01-15,Cliente 43,LA MOLINA,"LLANTAS 18""",2,78.9,157.8,Vendedor 6
109,2023-01-15,Cliente 1,LA MOLINA,BATERÍA DE 18 PLACAS,1,131.3,131.3,Vendedor 7
110,2023-01-16,Cliente 28,LA MOLINA,ACEITE DE MOTOR 5W30 FULL SINTÉTICO,4,100.3,401.2,Vendedor 6
111,2023-01-16,Cliente 28,SURCO,AMORTIGUADORES DELANTEROS,2,225.8,451.6,Vendedor 3
112,2023-01-16,Cliente 40,LA MOLINA,AMORTIGUADORES POSTERIORES,5,107.4,537.0,Vendedor 9
113,2023-01-16,Cliente 28,LA MOLINA,"LLANTAS 18""",2,78.9,157.8,Vendedor 10
114,2023-01-16,Cliente 16,LA MOLINA,BATERÍA DE 18 PLACAS,2,131.3,262.6,Vendedor 2
115,2023-01-17,Cliente 16,LA MOLINA,ACEITE DE MOTOR 5W30 FULL SINTÉTICO,3,100.3,300.9,Vendedor 8
116,2023-01-17,Cliente 2,LA MOLINA,AMORTIGUADORES DELANTEROS,4,225.8,903.2,Vendedor 8
117,2023-01-17,Cliente 32,SURCO,AMORTIGUADORES POSTERIORES,3,107.4,322.2,Vendedor 4
118,2023-01-17,Cliente 22,LA MOLINA,"LLANTAS 18""",2,78.9,157.8,Vendedor 5
119,2023-01-17,Cliente 34,SURCO,BATERÍA DE 18 PLACAS,2,131.3,262.6,Vendedor 4
120,2023-01-18,Cliente 47,SURCO,ACEITE DE MOTOR 5W30 FULL SINTÉTICO,1,100.3,100.3,Vendedor 7
121,2023-01-18,Cliente 45,SURCO,AMORTIGUADORES DELANTEROS,4,225.8,903.2,Vendedor 8
122,2023-01-18,Cliente 2,LA MOLINA,AMORTIGUADORES POSTERIORES,4,107.4,429.6,Vendedor 2
123,2023-01-18,Cliente 26,SURCO,"LLANTAS 18""",2,78.9,157.8,Vendedor 4
124,2023-01-18,Cliente 31,LA MOLINA,BATERÍA DE 18 PLACAS,2,131.3,262.6,Vendedor 9
125,2023-01-19,Cliente 28,LA MOLINA,ACEITE DE MOTOR 5W30 FULL SINTÉTICO,5,100.3,501.5,Vendedor 9
126,2023-01-19,Cliente 45,LA MOLINA,AMORTIGUADORES DELANTEROS,3,225.8,677.4,Vendedor 8
127,2023-01-19,Cliente 17,SURCO,AMORTIGUADORES POSTERIORES,3,107.4,322.2,Vendedor 4
128,2023-01-19,Cliente 21,SURCO,"LLANTAS 18""",1,78.9,78.9,Vendedor 2
129,2023-01-19,Cliente 14,SURCO,BATERÍA DE 18 PLACAS,1,131.3,131.3,Vendedor 8
130,2023-01-20,Cliente 7,LA MOLINA,ACEITE DE MOTOR 5W30 FULL SINTÉTICO,3,100.3,300.9,Vendedor 4
131,2023-01-20,Cliente 24,SURCO,AMORTIGUADORES DELANTEROS,3,225.8,677.4,Vendedor 3
132,2023-01-20,Cliente 46,SURCO,AMORTIGUADORES POSTERIORES,3,107.4,322.2,Vendedor 9
133,2023-01-20,Cliente 3,LA MOLINA,"LLANTAS 18""",1,78.9,78.9,Vendedor 1
134,2023-01-20,Cliente 41,SURCO,BATERÍA DE 18 PLACAS,2,131.3,262.6,Vendedor 8
135,2023-01-21,Cliente 37,SURCO,ACEITE DE MOTOR 5W30 FULL SINTÉTICO,1,100.3,100.3,Vendedor 5
136,2023-01-21,Cliente 29,LA MOLINA,AMORTIGUADORES DELANTEROS,4,225.8,903.2,Vendedor 6
137,2023-01-21,Cliente 17,SURCO,AMORTIGUADORES POSTERIORES,1,107.4,107.4,Vendedor 8
138,2023-01-21,Cliente 26,SURCO,"LLANTAS 18""",1,78.9,78.9,Vendedor 8
139,2023-01-21,Cliente 10,SURCO,BATERÍA DE 18 PLACAS,1,131.3,131.3,Vendedor 3
140,2023-01-22,Cliente 16,SURCO,ACEITE DE MOTOR 5W30 FULL SINTÉTICO,5,100.3,501.5,Vendedor 2
141,2023-01-22,Cliente 50,SURCO,AMORTIGUADORES DELANTEROS,4,225.8,903.2,Vendedor 9
142,2023-01-22,Cliente 20,LA MOLINA,"LLANTAS 18""",2,78.9,157.8,Vendedor 10
143,2023-01-22,Cliente 37,LA MOLINA,BATERÍA DE 18 PLACAS,2,131.3,262.6,Vendedor 10
144,2023-01-23,Cliente 49,SURCO,ACEITE DE MOTOR 5W30 FULL SINTÉTICO,1,100.3,100.3,Vendedor 4
145,2023-01-23,Cliente 43,LA MOLINA,AMORTIGUADORES DELANTEROS,2,225.8,451.6,Vendedor 2
146,2023-01-23,Cliente 36,SURCO,"LLANTAS 18""",2,78.9,157.8,Vendedor 2
147,2023-01-23,Cliente 27,SURCO,BATERÍA DE 18 PLACAS,1,131.3,131.3,Vendedor 8
148,2023-01-24,Cliente 3,LA MOLINA,ACEITE DE MOTOR 5W30 FULL SINTÉTICO,6,100.3,601.8,Vendedor 4
149,2023-01-24,Cliente 45,LA MOLINA,AMORTIGUADORES DELANTEROS,2,225.8,451.6,Vendedor 8
150,2023-01-24,Cliente 41,LA MOLINA,"LLANTAS 18""",2,78.9,157.8,Vendedor 10
151,2023-01-24,Cliente 8,LA MOLINA,BATERÍA DE 18 PLACAS,1,131.3,131.3,Vendedor 9
152,2023-01-25,Cliente 18,SURCO,ACEITE DE MOTOR 5W30 FULL SINTÉTICO,2,100.3,200.6,Vendedor 3
153,2023-01-25,Cliente 11,SURCO,AMORTIGUADORES DELANTEROS,1,225.8,225.8,Vendedor 5
154,2023-01-25,Cliente 30,SURCO,"LLANTAS 18""",4,78.9,315.6,Vendedor 5
155,2023-01-25,Cliente 33,LA MOLINA,BATERÍA DE 18 PLACAS,2,131.3,262.6,Vendedor 9
156,2023-01-26,Cliente 39,SURCO,AMORTIGUADORES DELANTEROS,4,225.8,903.2,Vendedor 1
157,2023-01-26,Cliente 2,LA MOLINA,"LLANTAS 18""",3,78.9,236.7,Vendedor 2
158,2023-01-26,Cliente 49,SURCO,BATERÍA DE 18 PLACAS,1,131.3,131.3,Vendedor 5
159,2023-01-27,Cliente 31,SURCO,AMORTIGUADORES DELANTEROS,1,225.8,225.8,Vendedor 9
160,2023-01-27,Cliente 12,LA MOLINA,"LLANTAS 18""",4,78.9,315.6,Vendedor 10
161,2023-01-27,Cliente 6,LA MOLINA,BATERÍA DE 18 PLACAS,2,131.3,262.6,Vendedor 8
162,2023-01-28,Cliente 21,SURCO,AMORTIGUADORES DELANTEROS,7,225.8,1580.6,Vendedor 2
163,2023-01-28,Cliente 45,LA MOLINA,"LLANTAS 18""",3,78.9,236.7,Vendedor 8
164,2023-01-28,Cliente 49,LA MOLINA,BATERÍA DE 18 PLACAS,2,131.3,262.6,Vendedor 9
165,2023-01-29,Cliente 21,SURCO,AMORTIGUADORES DELANTEROS,5,225.8,1129.0,Vendedor 5
166,2023-01-29,Cliente 33,LA MOLINA,"LLANTAS 18""",1,78.9,78.9,Vendedor 1
167,2023-01-29,Cliente 4,LA MOLINA,BATERÍA DE 18 PLACAS,4,131.3,525.2,Vendedor 4
168,2023-01-30,Cliente 36,LA MOLINA,"LLANTAS 18""",4,78.9,315.6,Vendedor 3
169,2023-01-30,Cliente 45,LA MOLINA,BATERÍA DE 18 PLACAS,3,131.3,393.9,Vendedor 8
170,2023-01-31,Cliente 36,LA MOLINA,"LLANTAS 18""",9,78.9,710.1,Vendedor 7
171,2023-01-31,Cliente 8,SURCO,BATERÍA DE 18 PLACAS,1,131.3,131.3,Vendedor 8
172,2023-02-01,Cliente 32,LA MOLINA,AUTO HONDA ODISSEY 2013,1,27500.0,27500.0,Vendedor 5
173,2023-02-01,Cliente 27,LA MOLINA,AUTO HONDA CRV 2014,1,27500.0,27500.0,Vendedor 8
174,2023-02-01,Cliente 16,LA MOLINA,AUTO HONDA CITY 2016,1,22500.0,22500.0,Vendedor 8
175,2023-02-01,Cliente 25,SURCO,CAMIONETA HONDA CROSSTOUR 2013,1,34000.0,34000.0,Vendedor 4
176,2023-02-01,Cliente 5,SURCO,CAMIONETA HONDA CR-Z 2015,1,35500.0,35500.0,Vendedor 5
177,2023-02-01,Cliente 22,SURCO,CAMIONETA HONDA RID LINE PICK UP 2014,1,47000.0,47000.0,Vendedor 9
178,2023-02-01,Cliente 19,SURCO,FILTRO DE COMBUSTIBLE,1,132.1,132.1,Vendedor 5
179,2023-02-01,Cliente 23,LA MOLINA,"LLANTAS 18""",4,79.9,319.6,Vendedor 6
180,2023-02-01,Cliente 21,LA MOLINA,BATERÍA DE 18 PLACAS,2,96.4,192.8,Vendedor 4
181,2023-02-02,Cliente 37,SURCO,AUTO HONDA CRV 2014,1,27500.0,27500.0,Vendedor 7
182,2023-02-02,Cliente 50,SURCO,AUTO HONDA CITY 2016,1,22500.0,22500.0,Vendedor 7
183,2023-02-02,Cliente 21,SURCO,CAMIONETA HONDA CROSSTOUR 2013,1,34000.0,34000.0,Vendedor 8
184,2023-02-02,Cliente 25,SURCO,CAMIONETA HONDA CR-Z 2015,1,35500.0,35500.0,Vendedor 3
185,2023-02-02,Cliente 3,SURCO,CAMIONETA HONDA RID LINE PICK UP 2014,1,47000.0,47000.0,Vendedor 3
186,2023-02-02,Cliente 29,SURCO,FILTRO DE COMBUSTIBLE,1,132.1,132.1,Vendedor 2
187,2023-02-02,Cliente 42,LA MOLINA,"LLANTAS 18""",2,79.9,159.8,Vendedor 3
188,2023-02-02,Cliente 17,LA MOLINA,BATERÍA DE 18 PLACAS,1,96.4,96.4,Vendedor 6
189,2023-02-03,Cliente 42,SURCO,AUTO HONDA CRV 2014,1,27500.0,27500.0,Vendedor 2
190,2023-02-03,Cliente 44,LA MOLINA,AUTO HONDA CITY 2016,1,22500.0,22500.0,Vendedor 9
191,2023-02-03,Cliente 41,LA MOLINA,ACEITE DE MOTOR 5W30 FULL SINTÉTICO,4,102.9,411.6,Vendedor 8
192,2023-02-03,Cliente 40,SURCO,FILTRO DE COMBUSTIBLE,1,132.1,132.1,Vendedor 2
193,2023-02-03,Cliente 15,LA MOLINA,AMORTIGUADORES DELANTEROS,2,356.2,712.4,Vendedor 2
194,2023-02-03,Cliente 49,SURCO,AMORTIGUADORES POSTERIORES,4,101.1,404.4,Vendedor 2
195,2023-02-03,Cliente 45,SURCO,"LLANTAS 18""",4,79.9,319.6,Vendedor 5
196,2023-02-03,Cliente 21,SURCO,BATERÍA DE 18 PLACAS,1,96.4,96.4,Vendedor 1
197,2023-02-04,Cliente 23,SURCO,AUTO HONDA CRV 2014,1,27500.0,27500.0,Vendedor 6
198,2023-02-04,Cliente 10,SURCO,AUTO HONDA CITY 2016,1,22500.0,22500.0,Vendedor 4
199,2023-02-04,Cliente 11,SURCO,ACEITE DE MOTOR 5W30 FULL SINTÉTICO,4,102.9,411.6,Vendedor 3
200,2023-02-04,Cliente 40,SURCO,FILTRO DE COMBUSTIBLE,1,132.1,132.1,Vendedor 7
201,2023-02-04,Cliente 38,LA MOLINA,AMORTIGUADORES DELANTEROS,2,356.2,712.4,Vendedor 3
202,2023-02-04,Cliente 41,LA MOLINA,AMORTIGUADORES POSTERIORES,2,101.1,202.2,Vendedor 5
203,2023-02-04,Cliente 43,LA MOLINA,"LLANTAS 18""",4,79.9,319.6,Vendedor 1
204,2023-02-04,Cliente 44,LA MOLINA,BATERÍA DE 18 PLACAS,2,96.4,192.8,Vendedor 9
205,2023-02-05,Cliente 5,SURCO,AUTO HONDA CRV 2014,1,27500.0,27500.0,Vendedor 8
206,2023-02-05,Cliente 41,LA MOLINA,ACEITE DE MOTOR 5W30 FULL SINTÉTICO,3,102.9,308.7,Vendedor 7
207,2023-02-05,Cliente 30,LA MOLINA,FILTRO DE COMBUSTIBLE,1,132.1,132.1,Vendedor 5
208,2023-02-05,Cliente 31,LA MOLINA,AMORTIGUADORES DELANTEROS,2,356.2,712.4,Vendedor 2
209,2023-02-05,Cliente 37,LA MOLINA,AMORTIGUADORES POSTERIORES,2,101.1,202.2,Vendedor 6
210,2023-02-05,Cliente 2,LA MOLINA,"LLANTAS 18""",3,79.9,239.7,Vendedor 7
211,2023-02-05,Cliente 37,SURCO,BATERÍA DE 18 PLACAS,2,96.4,192.8,Vendedor 1
212,2023-02-06,Cliente 50,LA MOLINA,ACEITE DE MOTOR 5W30 FULL SINTÉTICO,3,102.9,308.7,Vendedor 4
213,2023-02-06,Cliente 15,LA MOLINA,FILTRO DE COMBUSTIBLE,1,132.1,132.1,Vendedor 4
214,2023-02-06,Cliente 41,SURCO,AMORTIGUADORES DELANTEROS,3,356.2,1068.6,Vendedor 2
215,2023-02-06,Cliente 29,LA MOLINA,AMORTIGUADORES POSTERIORES,1,101.1,101.1,Vendedor 1
216,2023-02-06,Cliente 6,SURCO,"LLANTAS 18""",3,79.9,239.7,Vendedor 5
217,2023-02-06,Cliente 12,LA MOLINA,BATERÍA DE 18 PLACAS,2,96.4,192.8,Vendedor 4
218,2023-02-07,Cliente 34,SURCO,ACEITE DE MOTOR 5W30 FULL SINTÉTICO,2,102.9,205.8,Vendedor 9
219,2023-02-07,Cliente 11,LA MOLINA,FILTRO DE COMBUSTIBLE,1,132.1,132.1,Vendedor 5
220,2023-02-07,Cliente 48,LA MOLINA,AMORTIGUADORES DELANTEROS,4,356.2,1424.8,Vendedor 6
221,2023-02-07,Cliente 5,LA MOLINA,AMORTIGUADORES POSTERIORES,1,101.1,101.1,Vendedor 3
222,2023-02-07,Cliente 36,LA MOLINA,"LLANTAS 18""",2,79.9,159.8,Vendedor 6
223,2023-02-07,Cliente 1,LA MOLINA,BATERÍA DE 18 PLACAS,1,96.4,96.4,Vendedor 5
224,2023-02-08,Cliente 24,SURCO,ACEITE DE MOTOR 5W30 FULL SINTÉTICO,1,102.9,102.9,Vendedor 5
225,2023-02-08,Cliente 41,LA MOLINA,FILTRO DE COMBUSTIBLE,1,132.1,132.1,Vendedor 6
226,2023-02-08,Cliente 31,SURCO,AMORTIGUADORES DELANTEROS,1,356.2,356.2,Vendedor 1
227,2023-02-08,Cliente 40,LA MOLINA,AMORTIGUADORES POSTERIORES,4,101.1,404.4,Vendedor 4
228,2023-02-08,Cliente 45,LA MOLINA,"LLANTAS 18""",1,79.9,79.9,Vendedor 5
229,2023-02-08,Cliente 9,SURCO,BATERÍA DE 18 PLACAS,2,96.4,192.8,Vendedor 1
230,2023-02-09,Cliente 20,SURCO,AUTO HONDA ACCORD 2014,1,32000.0,32000.0,Vendedor 8
231,2023-02-09,Cliente 7,SURCO,AUTO HONDA CIVIC 2014,1,33500.0,33500.0,Vendedor 4
232,2023-02-09,Cliente 25,SURCO,AUTO HONDA ODISSEY 2013,1,27500.0,27500.0,Vendedor 8
233,2023-02-09,Cliente 43,SURCO,AUTO HONDA PILOT 2013,1,16500.0,16500.0,Vendedor 9
234,2023-02-09,Cliente 27,SURCO,ACEITE DE MOTOR 5W30 FULL SINTÉTICO,4,102.9,411.6,Vendedor 2
235,2023-02-09,Cliente 40,LA MOLINA,FILTRO DE COMBUSTIBLE,1,132.1,132.1,Vendedor 7
236,2023-02-09,Cliente 45,SURCO,AMORTIGUADORES DELANTEROS,3,356.2,1068.6,Vendedor 6
237,2023-02-09,Cliente 29,SURCO,AMORTIGUADORES POSTERIORES,2,101.1,202.2,Vendedor 4
238,2023-02-09,Cliente 44,SURCO,"LLANTAS 18""",3,79.9,239.7,Vendedor 6
239,2023-02-09,Cliente 26,LA MOLINA,BATERÍA DE 18 PLACAS,2,96.4,192.8,Vendedor 5
240,2023-02-10,Cliente 8,SURCO,AUTO HONDA ACCORD 2014,1,32000.0,32000.0,Vendedor 8
241,2023-02-10,Cliente 43,SURCO,AUTO HONDA CIVIC 2014,1,33500.0,33500.0,Vendedor 4
242,2023-02-10,Cliente 4,SURCO,AUTO HONDA PILOT 2013,1,16500.0,16500.0,Vendedor 6
243,2023-02-10,Cliente 37,SURCO,ACEITE DE MOTOR 5W30 FULL SINTÉTICO,2,102.9,205.8,Vendedor 4
244,2023-02-10,Cliente 49,SURCO,FILTRO DE COMBUSTIBLE,1,132.1,132.1,Vendedor 9
245,2023-02-10,Cliente 15,SURCO,AMORTIGUADORES DELANTEROS,2,356.2,712.4,Vendedor 6
246,2023-02-10,Cliente 18,SURCO,AMORTIGUADORES POSTERIORES,2,101.1,202.2,Vendedor 3
247,2023-02-10,Cliente 12,LA MOLINA,"LLANTAS 18""",2,79.9,159.8,Vendedor 2
248,2023-02-10,Cliente 1,LA MOLINA,BATERÍA DE 18 PLACAS,1,96.4,96.4,Vendedor 6
249,2023-02-11,Cliente 38,SURCO,AUTO HONDA ACCORD 2014,1,32000.0,32000.0,Vendedor 6
250,2023-02-11,Cliente 12,SURCO,AUTO HONDA CIVIC 2014,1,33500.0,33500.0,Vendedor 5
251,2023-02-11,Cliente 9,SURCO,AUTO HONDA PILOT 2013,1,16500.0,16500.0,Vendedor 7
252,2023-02-11,Cliente 48,SURCO,ACEITE DE MOTOR 5W30 FULL SINTÉTICO,5,102.9,514.5,Vendedor 2
253,2023-02-11,Cliente 29,LA MOLINA,FILTRO DE COMBUSTIBLE,1,132.1,132.1,Vendedor 6
254,2023-02-11,Cliente 29,SURCO,AMORTIGUADORES DELANTEROS,1,356.2,356.2,Vendedor 9
255,2023-02-11,Cliente 47,SURCO,AMORTIGUADORES POSTERIORES,2,101.1,202.2,Vendedor 9
256,2023-02-11,Cliente 42,LA MOLINA,"LLANTAS 18""",3,79.9,239.7,Vendedor 1
257,2023-02-11,Cliente 26,LA MOLINA,BATERÍA DE 18 PLACAS,1,96.4,96.4,Vendedor 7
258,2023-02-12,Cliente 32,SURCO,AUTO HONDA ACCORD 2014,1,32000.0,32000.0,Vendedor 8
259,2023-02-12,Cliente 6,SURCO,AUTO HONDA CIVIC 2014,1,33500.0,33500.0,Vendedor 6
260,2023-02-12,Cliente 5,SURCO,AUTO HONDA PILOT 2013,1,16500.0,16500.0,Vendedor 3
261,2023-02-12,Cliente 25,SURCO,ACEITE DE MOTOR 5W30 FULL SINTÉTICO,3,102.9,308.7,Vendedor 10
262,2023-02-12,Cliente 30,LA MOLINA,FILTRO DE COMBUSTIBLE,1,132.1,132.1,Vendedor 9
263,2023-02-12,Cliente 42,LA MOLINA,"LLANTAS 18""",1,79.9,79.9,Vendedor 9
264,2023-02-12,Cliente 29,LA MOLINA,BATERÍA DE 18 PLACAS,1,96.4,96.4,Vendedor 4
265,2023-02-13,Cliente 22,SURCO,AUTO HONDA PILOT 2013,1,16500.0,16500.0,Vendedor 8
266,2023-02-13,Cliente 47,SURCO,ACEITE DE MOTOR 5W30 FULL SINTÉTICO,4,102.9,411.6,Vendedor 2
267,2023-02-13,Cliente 28,LA MOLINA,FILTRO DE COMBUSTIBLE,1,132.1,132.1,Vendedor 6
268,2023-02-13,Cliente 5,LA MOLINA,"LLANTAS 18""",2,79.9,159.8,Vendedor 2
269,2023-02-13,Cliente 28,LA MOLINA,BATERÍA DE 18 PLACAS,1,96.4,96.4,Vendedor 2
270,2023-02-14,Cliente 36,SURCO,ACEITE DE MOTOR 5W30 FULL SINTÉTICO,3,102.9,308.7,Vendedor 1
271,2023-02-14,Cliente 43,LA MOLINA,FILTRO DE COMBUSTIBLE,1,132.1,132.1,Vendedor 2
272,2023-02-14,Cliente 47,LA MOLINA,"LLANTAS 18""",6,79.9,479.4,Vendedor 1
273,2023-02-14,Cliente 23,LA MOLINA,BATERÍA DE 18 PLACAS,2,96.4,192.8,Vendedor 2
274,2023-02-15,Cliente 43,SURCO,ACEITE DE MOTOR 5W30 FULL SINTÉTICO,2,102.9,205.8,Vendedor 8
275,2023-02-15,Cliente 7,SURCO,FILTRO DE COMBUSTIBLE,1,132.1,132.1,Vendedor 6
276,2023-02-15,Cliente 37,LA MOLINA,"LLANTAS 18""",1,79.9,79.9,Vendedor 4
277,2023-02-15,Cliente 39,LA MOLINA,BATERÍA DE 18 PLACAS,2,96.4,192.8,Vendedor 5
278,2023-02-16,Cliente 18,SURCO,ACEITE DE MOTOR 5W30 FULL SINTÉTICO,1,102.9,102.9,Vendedor 5
279,2023-02-16,Cliente 23,LA MOLINA,FILTRO DE COMBUSTIBLE,1,132.1,132.1,Vendedor 1
280,2023-02-16,Cliente 5,LA MOLINA,"LLANTAS 18""",5,79.9,399.5,Vendedor 3
281,2023-02-16,Cliente 48,LA MOLINA,BATERÍA DE 18 PLACAS,1,96.4,96.4,Vendedor 9
282,2023-02-17,Cliente 27,LA MOLINA,ACEITE DE MOTOR 5W30 FULL SINTÉTICO,2,102.9,205.8,Vendedor 8
283,2023-02-17,Cliente 11,LA MOLINA,FILTRO DE COMBUSTIBLE,1,132.1,132.1,Vendedor 6
284,2023-02-17,Cliente 50,LA MOLINA,AMORTIGUADORES DELANTEROS,3,356.2,1068.6,Vendedor 10
285,2023-02-17,Cliente 10,SURCO,AMORTIGUADORES POSTERIORES,2,101.1,202.2,Vendedor 3
286,2023-02-17,Cliente 44,SURCO,"LLANTAS 18""",5,79.9,399.5,Vendedor 2
287,2023-02-17,Cliente 43,LA MOLINA,BATERÍA DE 18 PLACAS,2,96.4,192.8,Vendedor 7
288,2023-02-18,Cliente 27,LA MOLINA,ACEITE DE MOTOR 5W30 FULL SINTÉTICO,4,102.9,411.6,Vendedor 5
289,2023-02-18,Cliente 49,SURCO,FILTRO DE COMBUSTIBLE,1,132.1,132.1,Vendedor 9
290,2023-02-18,Cliente 28,LA MOLINA,AMORTIGUADORES DELANTEROS,2,356.2,712.4,Vendedor 2
291,2023-02-18,Cliente 34,LA MOLINA,AMORTIGUADORES POSTERIORES,5,101.1,505.5,Vendedor 5
292,2023-02-18,Cliente 26,SURCO,"LLANTAS 18""",1,79.9,79.9,Vendedor 10
293,2023-02-18,Cliente 14,SURCO,BATERÍA DE 18 PLACAS,1,96.4,96.4,Vendedor 5
294,2023-02-19,Cliente 49,SURCO,ACEITE DE MOTOR 5W30 FULL SINTÉTICO,2,102.9,205.8,Vendedor 5
295,2023-02-19,Cliente 21,LA MOLINA,FILTRO DE COMBUSTIBLE,1,132.1,132.1,Vendedor 2
296,2023-02-19,Cliente 48,LA MOLINA,AMORTIGUADORES DELANTEROS,1,356.2,356.2,Vendedor 7
297,2023-02-19,Cliente 25,SURCO,AMORTIGUADORES POSTERIORES,3,101.1,303.3,Vendedor 9
298,2023-02-19,Cliente 33,SURCO,"LLANTAS 18""",6,79.9,479.4,Vendedor 9
299,2023-02-19,Cliente 5,LA MOLINA,BATERÍA DE 18 PLACAS,3,96.4,289.2,Vendedor 7
300,2023-02-20,Cliente 28,SURCO,ACEITE DE MOTOR 5W30 FULL SINTÉTICO,5,102.9,514.5,Vendedor 1
301,2023-02-20,Cliente 5,LA MOLINA,FILTRO DE COMBUSTIBLE,1,132.1,132.1,Vendedor 6
302,2023-02-20,Cliente 46,LA MOLINA,AMORTIGUADORES DELANTEROS,4,356.2,1424.8,Vendedor 7
303,2023-02-20,Cliente 26,SURCO,AMORTIGUADORES POSTERIORES,5,101.1,505.5,Vendedor 1
304,2023-02-20,Cliente 40,SURCO,"LLANTAS 18""",3,79.9,239.7,Vendedor 8
305,2023-02-20,Cliente 6,LA MOLINA,BATERÍA DE 18 PLACAS,3,96.4,289.2,Vendedor 7
306,2023-02-21,Cliente 16,LA MOLINA,ACEITE DE MOTOR 5W30 FULL SINTÉTICO,4,102.9,411.6,Vendedor 7
307,2023-02-21,Cliente 34,LA MOLINA,FILTRO DE COMBUSTIBLE,1,132.1,132.1,Vendedor 2
308,2023-02-21,Cliente 48,SURCO,AMORTIGUADORES DELANTEROS,7,356.2,2493.4,Vendedor 6
309,2023-02-21,Cliente 50,LA MOLINA,AMORTIGUADORES POSTERIORES,4,101.1,404.4,Vendedor 3
310,2023-02-21,Cliente 34,SURCO,"LLANTAS 18""",1,79.9,79.9,Vendedor 9
311,2023-02-21,Cliente 23,LA MOLINA,BATERÍA DE 18 PLACAS,1,96.4,96.4,Vendedor 3
312,2023-02-22,Cliente 10,SURCO,FILTRO DE COMBUSTIBLE,1,132.1,132.1,Vendedor 5
313,2023-02-22,Cliente 39,SURCO,AMORTIGUADORES DELANTEROS,3,356.2,1068.6,Vendedor 3
314,2023-02-22,Cliente 12,LA MOLINA,AMORTIGUADORES POSTERIORES,1,101.1,101.1,Vendedor 8
315,2023-02-22,Cliente 44,LA MOLINA,"LLANTAS 18""",8,79.9,639.2,Vendedor 10
316,2023-02-22,Cliente 41,LA MOLINA,BATERÍA DE 18 PLACAS,3,96.4,289.2,Vendedor 6
317,2023-02-23,Cliente 5,LA MOLINA,FILTRO DE COMBUSTIBLE,1,132.1,132.1,Vendedor 8
318,2023-02-23,Cliente 38,LA MOLINA,"LLANTAS 18""",5,79.9,399.5,Vendedor 1
319,2023-02-23,Cliente 20,SURCO,BATERÍA DE 18 PLACAS,2,96.4,192.8,Vendedor 8
320,2023-02-24,Cliente 4,SURCO,FILTRO DE COMBUSTIBLE,1,132.1,132.1,Vendedor 6
321,2023-02-24,Cliente 40,SURCO,"LLANTAS 18""",2,79.9,159.8,Vendedor 10
322,2023-02-24,Cliente 30,LA MOLINA,BATERÍA DE 18 PLACAS,3,96.4,289.2,Vendedor 10
323,2023-02-25,Cliente 29,SURCO,FILTRO DE COMBUSTIBLE,1,132.1,132.1,Vendedor 10
324,2023-02-25,Cliente 33,LA MOLINA,"LLANTAS 18""",10,79.9,799.0,Vendedor 3
325,2023-02-25,Cliente 7,LA MOLINA,BATERÍA DE 18 PLACAS,1,96.4,96.4,Vendedor 6
326,2023-02-26,Cliente 3,SURCO,FILTRO DE COMBUSTIBLE,1,132.1,132.1,Vendedor 4
327,2023-02-26,Cliente 24,SURCO,"LLANTAS 18""",8,79.9,639.2,Vendedor 6
328,2023-02-26,Cliente 27,LA MOLINA,BATERÍA DE 18 PLACAS,3,96.4,289.2,Vendedor 6
329,2023-02-27,Cliente 41,SURCO,FILTRO DE COMBUSTIBLE,1,132.1,132.1,Vendedor 6
330,2023-02-27,Cliente 19,LA MOLINA,"LLANTAS 18""",2,79.9,159.8,Vendedor 5
331,2023-02-27,Cliente 22,SURCO,BATERÍA DE 18 PLACAS,2,96.4,192.8,Vendedor 2
332,2023-02-28,Cliente 36,LA MOLINA,FILTRO DE COMBUSTIBLE,1,132.1,132.1,Vendedor 7
333,2023-02-28,Cliente 42,SURCO,"LLANTAS 18""",10,79.9,799.0,Vendedor 7
334,2023-02-28,Cliente 2,LA MOLINA,BATERÍA DE 18 PLACAS,9,96.4,867.6,Vendedor 6
335,2023-03-01,Cliente 22,SURCO,AUTO HONDA ACCORD 2014,1,27000.0,27000.0,Vendedor 8
336,2023-03-01,Cliente 15,SURCO,AUTO HONDA CIVIC 2014,1,31500.0,31500.0,Vendedor 3
337,2023-03-01,Cliente 5,SURCO,AUTO HONDA ODISSEY 2013,1,27500.0,27500.0,Vendedor 5
338,2023-03-01,Cliente 33,SURCO,AUTO HONDA CRV 2014,1,27500.0,27500.0,Vendedor 9
339,2023-03-01,Cliente 43,SURCO,CAMIONETA HONDA CROSSTOUR 2013,1,33500.0,33500.0,Vendedor 6
340,2023-03-01,Cliente 39,SURCO,FILTRO DE COMBUSTIBLE,1,130.8,130.8,Vendedor 7
341,2023-03-01,Cliente 45,SURCO,"LLANTAS 18""",1,70.9,70.9,Vendedor 10
342,2023-03-01,Cliente 47,LA MOLINA,BATERÍA DE 18 PLACAS,1,68.1,68.1,Vendedor 8
343,2023-03-02,Cliente 27,LA MOLINA,AUTO HONDA ACCORD 2014,1,27000.0,27000.0,Vendedor 6
344,2023-03-02,Cliente 29,SURCO,AUTO HONDA ODISSEY 2013,1,27500.0,27500.0,Vendedor 10
345,2023-03-02,Cliente 49,LA MOLINA,AUTO HONDA CRV 2014,1,27500.0,27500.0,Vendedor 8
346,2023-03-02,Cliente 35,SURCO,CAMIONETA HONDA CROSSTOUR 2013,1,33500.0,33500.0,Vendedor 4
347,2023-03-02,Cliente 13,LA MOLINA,FILTRO DE COMBUSTIBLE,1,130.8,130.8,Vendedor 6
348,2023-03-02,Cliente 50,LA MOLINA,"LLANTAS 18""",1,70.9,70.9,Vendedor 7
349,2023-03-02,Cliente 11,LA MOLINA,BATERÍA DE 18 PLACAS,1,68.1,68.1,Vendedor 4
350,2023-03-03,Cliente 17,LA MOLINA,AUTO HONDA ACCORD 2014,1,27000.0,27000.0,Vendedor 1
351,2023-03-03,Cliente 24,LA MOLINA,AUTO HONDA ODISSEY 2013,1,27500.0,27500.0,Vendedor 9
352,2023-03-03,Cliente 46,LA MOLINA,AUTO HONDA CRV 2014,1,27500.0,27500.0,Vendedor 9
353,2023-03-03,Cliente 6,LA MOLINA,ACEITE DE MOTOR 5W30 FULL SINTÉTICO,1,113.4,113.4,Vendedor 3
354,2023-03-03,Cliente 29,LA MOLINA,FILTRO DE COMBUSTIBLE,1,130.8,130.8,Vendedor 9
355,2023-03-03,Cliente 6,LA MOLINA,AMORTIGUADORES DELANTEROS,1,283.9,283.9,Vendedor 4
356,2023-03-03,Cliente 2,LA MOLINA,AMORTIGUADORES POSTERIORES,4,99.5,398.0,Vendedor 7
357,2023-03-03,Cliente 26,SURCO,"LLANTAS 18""",1,70.9,70.9,Vendedor 9
358,2023-03-03,Cliente 16,LA MOLINA,BATERÍA DE 18 PLACAS,1,68.1,68.1,Vendedor 7
359,2023-03-04,Cliente 24,LA MOLINA,AUTO HONDA ACCORD 2014,1,27000.0,27000.0,Vendedor 4
360,2023-03-04,Cliente 21,SURCO,AUTO HONDA ODISSEY 2013,1,27500.0,27500.0,Vendedor 2
361,2023-03-04,Cliente 9,SURCO,ACEITE DE MOTOR 5W30 FULL SINTÉTICO,3,113.4,340.2,Vendedor 1
362,2023-03-04,Cliente 31,LA MOLINA,FILTRO DE COMBUSTIBLE,1,130.8,130.8,Vendedor 3
363,2023-03-04,Cliente 40,LA MOLINA,AMORTIGUADORES DELANTEROS,2,283.9,567.8,Vendedor 1
364,2023-03-04,Cliente 17,SURCO,AMORTIGUADORES POSTERIORES,1,99.5,99.5,Vendedor 4
365,2023-03-04,Cliente 36,SURCO,"LLANTAS 18""",1,70.9,70.9,Vendedor 10
366,2023-03-04,Cliente 8,LA MOLINA,BATERÍA DE 18 PLACAS,1,68.1,68.1,Vendedor 5
367,2023-03-05,Cliente 20,LA MOLINA,AUTO HONDA ACCORD 2014,1,27000.0,27000.0,Vendedor 2
368,2023-03-05,Cliente 16,SURCO,AUTO HONDA ODISSEY 2013,1,27500.0,27500.0,Vendedor 7
369,2023-03-05,Cliente 8,SURCO,ACEITE DE MOTOR 5W30 FULL SINTÉTICO,4,113.4,453.6,Vendedor 8
370,2023-03-05,Cliente 41,SURCO,FILTRO DE COMBUSTIBLE,1,130.8,130.8,Vendedor 9
371,2023-03-05,Cliente 19,SURCO,AMORTIGUADORES DELANTEROS,1,283.9,283.9,Vendedor 7
372,2023-03-05,Cliente 16,LA MOLINA,AMORTIGUADORES POSTERIORES,1,99.5,99.5,Vendedor 10
373,2023-03-05,Cliente 12,LA MOLINA,"LLANTAS 18""",1,70.9,70.9,Vendedor 2
374,2023-03-05,Cliente 5,LA MOLINA,BATERÍA DE 18 PLACAS,1,68.1,68.1,Vendedor 9
375,2023-03-06,Cliente 25,LA MOLINA,AUTO HONDA ACCORD 2014,1,27000.0,27000.0,Vendedor 8
376,2023-03-06,Cliente 41,LA MOLINA,AUTO HONDA ODISSEY 2013,1,27500.0,27500.0,Vendedor 7
377,2023-03-06,Cliente 48,LA MOLINA,ACEITE DE MOTOR 5W30 FULL SINTÉTICO,3,113.4,340.2,Vendedor 1
378,2023-03-06,Cliente 5,LA MOLINA,FILTRO DE COMBUSTIBLE,1,130.8,130.8,Vendedor 6
379,2023-03-06,Cliente 50,SURCO,AMORTIGUADORES DELANTEROS,1,283.9,283.9,Vendedor 10
380,2023-03-06,Cliente 3,SURCO,AMORTIGUADORES POSTERIORES,3,99.5,298.5,Vendedor 6
381,2023-03-06,Cliente 42,LA MOLINA,"LLANTAS 18""",1,70.9,70.9,Vendedor 3
382,2023-03-06,Cliente 45,LA MOLINA,BATERÍA DE 18 PLACAS,1,68.1,68.1,Vendedor 8
383,2023-03-07,Cliente 5,SURCO,ACEITE DE MOTOR 5W30 FULL SINTÉTICO,2,113.4,226.8,Vendedor 8
384,2023-03-07,Cliente 19,LA MOLINA,FILTRO DE COMBUSTIBLE,1,130.8,130.8,Vendedor 4
385,2023-03-07,Cliente 3,SURCO,AMORTIGUADORES DELANTEROS,1,283.9,283.9,Vendedor 6
386,2023-03-07,Cliente 35,LA MOLINA,AMORTIGUADORES POSTERIORES,3,99.5,298.5,Vendedor 8
387,2023-03-07,Cliente 3,LA MOLINA,"LLANTAS 18""",1,70.9,70.9,Vendedor 4
388,2023-03-07,Cliente 23,LA MOLINA,BATERÍA DE 18 PLACAS,1,68.1,68.1,Vendedor 1
389,2023-03-08,Cliente 8,LA MOLINA,ACEITE DE MOTOR 5W30 FULL SINTÉTICO,3,113.4,340.2,Vendedor 6
390,2023-03-08,Cliente 26,LA MOLINA,FILTRO DE COMBUSTIBLE,1,130.8,130.8,Vendedor 8
391,2023-03-08,Cliente 12,LA MOLINA,AMORTIGUADORES DELANTEROS,2,283.9,567.8,Vendedor 8
392,2023-03-08,Cliente 34,LA MOLINA,AMORTIGUADORES POSTERIORES,2,99.5,199.0,Vendedor 5
393,2023-03-08,Cliente 47,SURCO,"LLANTAS 18""",1,70.9,70.9,Vendedor 7
394,2023-03-08,Cliente 28,SURCO,BATERÍA DE 18 PLACAS,1,68.1,68.1,Vendedor 10
395,2023-03-09,Cliente 21,LA MOLINA,ACEITE DE MOTOR 5W30 FULL SINTÉTICO,2,113.4,226.8,Vendedor 2
396,2023-03-09,Cliente 21,LA MOLINA,FILTRO DE COMBUSTIBLE,1,130.8,130.8,Vendedor 5
397,2023-03-09,Cliente 39,LA MOLINA,AMORTIGUADORES DELANTEROS,2,283.9,567.8,Vendedor 7
398,2023-03-09,Cliente 23,SURCO,AMORTIGUADORES POSTERIORES,2,99.5,199.0,Vendedor 8
399,2023-03-09,Cliente 47,SURCO,"LLANTAS 18""",1,70.9,70.9,Vendedor 6
400,2023-03-09,Cliente 18,LA MOLINA,BATERÍA DE 18 PLACAS,1,68.1,68.1,Vendedor 1
401,2023-03-10,Cliente 24,LA MOLINA,ACEITE DE MOTOR 5W30 FULL SINTÉTICO,1,113.4,113.4,Vendedor 9
402,2023-03-10,Cliente 2,LA MOLINA,FILTRO DE COMBUSTIBLE,1,130.8,130.8,Vendedor 3
403,2023-03-10,Cliente 9,SURCO,AMORTIGUADORES DELANTEROS,2,283.9,567.8,Vendedor 2
404,2023-03-10,Cliente 24,SURCO,AMORTIGUADORES POSTERIORES,2,99.5,199.0,Vendedor 7
405,2023-03-10,Cliente 39,SURCO,"LLANTAS 18""",1,70.9,70.9,Vendedor 3
406,2023-03-10,Cliente 24,LA MOLINA,BATERÍA DE 18 PLACAS,1,68.1,68.1,Vendedor 6
407,2023-03-11,Cliente 37,SURCO,ACEITE DE MOTOR 5W30 FULL SINTÉTICO,1,113.4,113.4,Vendedor 3
408,2023-03-11,Cliente 26,LA MOLINA,FILTRO DE COMBUSTIBLE,1,130.8,130.8,Vendedor 6
409,2023-03-11,Cliente 8,SURCO,AMORTIGUADORES DELANTEROS,2,283.9,567.8,Vendedor 1
410,2023-03-11,Cliente 32,SURCO,AMORTIGUADORES POSTERIORES,2,99.5,199.0,Vendedor 9
411,2023-03-11,Cliente 36,LA MOLINA,"LLANTAS 18""",1,70.9,70.9,Vendedor 2
412,2023-03-11,Cliente 50,LA MOLINA,BATERÍA DE 18 PLACAS,1,68.1,68.1,Vendedor 5
413,2023-03-12,Cliente 14,SURCO,AUTO HONDA ACCORD 2014,1,27000.0,27000.0,Vendedor 10
414,2023-03-12,Cliente 45,LA MOLINA,AUTO HONDA CRV 2014,1,27500.0,27500.0,Vendedor 8
415,2023-03-12,Cliente 8,SURCO,AUTO HONDA PILOT 2013,1,24000.0,24000.0,Vendedor 3
416,2023-03-12,Cliente 29,SURCO,AUTO HONDA FIT 2016,1,20500.0,20500.0,Vendedor 3
417,2023-03-12,Cliente 6,SURCO,AUTO HONDA CITY 2016,1,23000.0,23000.0,Vendedor 6
418,2023-03-12,Cliente 36,LA MOLINA,FILTRO DE COMBUSTIBLE,1,130.8,130.8,Vendedor 9
419,2023-03-12,Cliente 11,LA MOLINA,AMORTIGUADORES DELANTEROS,2,283.9,567.8,Vendedor 3
420,2023-03-12,Cliente 13,SURCO,"LLANTAS 18""",1,70.9,70.9,Vendedor 3
421,2023-03-12,Cliente 32,SURCO,BATERÍA DE 18 PLACAS,1,68.1,68.1,Vendedor 1
422,2023-03-13,Cliente 36,SURCO,AUTO HONDA PILOT 2013,1,24000.0,24000.0,Vendedor 10
423,2023-03-13,Cliente 30,SURCO,AUTO HONDA FIT 2016,1,20500.0,20500.0,Vendedor 9
424,2023-03-13,Cliente 40,SURCO,AUTO HONDA CITY 2016,1,23000.0,23000.0,Vendedor 2
425,2023-03-13,Cliente 26,LA MOLINA,FILTRO DE COMBUSTIBLE,1,130.8,130.8,Vendedor 8
426,2023-03-13,Cliente 37,LA MOLINA,AMORTIGUADORES DELANTEROS,1,283.9,283.9,Vendedor 2
427,2023-03-13,Cliente 29,SURCO,"LLANTAS 18""",2,70.9,141.8,Vendedor 8
428,2023-03-13,Cliente 9,LA MOLINA,BATERÍA DE 18 PLACAS,1,68.1,68.1,Vendedor 9
429,2023-03-14,Cliente 50,SURCO,AUTO HONDA FIT 2016,1,20500.0,20500.0,Vendedor 3
430,2023-03-14,Cliente 33,SURCO,AUTO HONDA CITY 2016,1,23000.0,23000.0,Vendedor 1
431,2023-03-14,Cliente 20,LA MOLINA,FILTRO DE COMBUSTIBLE,1,130.8,130.8,Vendedor 3
432,2023-03-14,Cliente 46,SURCO,AMORTIGUADORES DELANTEROS,1,283.9,283.9,Vendedor 4
433,2023-03-14,Cliente 17,SURCO,"LLANTAS 18""",1,70.9,70.9,Vendedor 4
434,2023-03-14,Cliente 9,LA MOLINA,BATERÍA DE 18 PLACAS,1,68.1,68.1,Vendedor 5
435,2023-03-15,Cliente 33,SURCO,AUTO HONDA FIT 2016,1,20500.0,20500.0,Vendedor 3
436,2023-03-15,Cliente 11,LA MOLINA,FILTRO DE COMBUSTIBLE,1,130.8,130.8,Vendedor 10
437,2023-03-15,Cliente 37,SURCO,AMORTIGUADORES DELANTEROS,3,283.9,851.7,Vendedor 1
438,2023-03-15,Cliente 3,LA MOLINA,"LLANTAS 18""",1,70.9,70.9,Vendedor 10
439,2023-03-15,Cliente 50,SURCO,BATERÍA DE 18 PLACAS,2,68.1,136.2,Vendedor 10
440,2023-03-16,Cliente 40,SURCO,AUTO HONDA FIT 2016,1,20500.0,20500.0,Vendedor 1
441,2023-03-16,Cliente 42,LA MOLINA,FILTRO DE COMBUSTIBLE,1,130.8,130.8,Vendedor 5
442,2023-03-16,Cliente 44,SURCO,AMORTIGUADORES DELANTEROS,2,283.9,567.8,Vendedor 7
443,2023-03-16,Cliente 45,LA MOLINA,"LLANTAS 18""",2,70.9,141.8,Vendedor 1
444,2023-03-16,Cliente 27,LA MOLINA,BATERÍA DE 18 PLACAS,1,68.1,68.1,Vendedor 8
445,2023-03-17,Cliente 22,SURCO,ACEITE DE MOTOR 5W30 FULL SINTÉTICO,4,113.4,453.6,Vendedor 10
446,2023-03-17,Cliente 21,SURCO,FILTRO DE COMBUSTIBLE,1,130.8,130.8,Vendedor 6
447,2023-03-17,Cliente 26,LA MOLINA,AMORTIGUADORES DELANTEROS,3,283.9,851.7,Vendedor 3
448,2023-03-17,Cliente 21,SURCO,AMORTIGUADORES POSTERIORES,6,99.5,597.0,Vendedor 4
449,2023-03-17,Cliente 18,SURCO,"LLANTAS 18""",2,70.9,141.8,Vendedor 8
450,2023-03-17,Cliente 7,SURCO,BATERÍA DE 18 PLACAS,1,68.1,68.1,Vendedor 1
451,2023-03-18,Cliente 40,LA MOLINA,ACEITE DE MOTOR 5W30 FULL SINTÉTICO,3,113.4,340.2,Vendedor 7
452,2023-03-18,Cliente 11,LA MOLINA,FILTRO DE COMBUSTIBLE,1,130.8,130.8,Vendedor 6
453,2023-03-18,Cliente 13,LA MOLINA,AMORTIGUADORES DELANTEROS,3,283.9,851.7,Vendedor 3
454,2023-03-18,Cliente 32,LA MOLINA,AMORTIGUADORES POSTERIORES,8,99.5,796.0,Vendedor 5
455,2023-03-18,Cliente 6,SURCO,"LLANTAS 18""",2,70.9,141.8,Vendedor 7
456,2023-03-18,Cliente 14,SURCO,BATERÍA DE 18 PLACAS,2,68.1,136.2,Vendedor 10
457,2023-03-19,Cliente 4,SURCO,ACEITE DE MOTOR 5W30 FULL SINTÉTICO,3,113.4,340.2,Vendedor 5
458,2023-03-19,Cliente 19,LA MOLINA,AMORTIGUADORES DELANTEROS,2,283.9,567.8,Vendedor 9
459,2023-03-19,Cliente 28,SURCO,AMORTIGUADORES POSTERIORES,1,99.5,99.5,Vendedor 3
460,2023-03-19,Cliente 49,LA MOLINA,"LLANTAS 18""",2,70.9,141.8,Vendedor 7
461,2023-03-19,Cliente 26,LA MOLINA,BATERÍA DE 18 PLACAS,2,68.1,136.2,Vendedor 1
462,2023-03-20,Cliente 24,SURCO,ACEITE DE MOTOR 5W30 FULL SINTÉTICO,3,113.4,340.2,Vendedor 9
463,2023-03-20,Cliente 25,SURCO,AMORTIGUADORES DELANTEROS,2,283.9,567.8,Vendedor 9
464,2023-03-20,Cliente 40,LA MOLINA,AMORTIGUADORES POSTERIORES,2,99.5,199.0,Vendedor 10
465,2023-03-20,Cliente 7,SURCO,"LLANTAS 18""",1,70.9,70.9,Vendedor 7
466,2023-03-20,Cliente 36,LA MOLINA,BATERÍA DE 18 PLACAS,2,68.1,136.2,Vendedor 6
467,2023-03-21,Cliente 13,LA MOLINA,ACEITE DE MOTOR 5W30 FULL SINTÉTICO,7,113.4,793.8,Vendedor 10
468,2023-03-21,Cliente 33,LA MOLINA,AMORTIGUADORES DELANTEROS,2,283.9,567.8,Vendedor 1
469,2023-03-21,Cliente 9,SURCO,AMORTIGUADORES POSTERIORES,1,99.5,99.5,Vendedor 6
470,2023-03-21,Cliente 10,LA MOLINA,"LLANTAS 18""",2,70.9,141.8,Vendedor 10
471,2023-03-21,Cliente 40,LA MOLINA,BATERÍA DE 18 PLACAS,1,68.1,68.1,Vendedor 6
472,2023-03-22,Cliente 38,SURCO,AMORTIGUADORES DELANTEROS,2,283.9,567.8,Vendedor 6
473,2023-03-22,Cliente 46,SURCO,AMORTIGUADORES POSTERIORES,2,99.5,199.0,Vendedor 10
474,2023-03-22,Cliente 2,LA MOLINA,"LLANTAS 18""",2,70.9,141.8,Vendedor 6
475,2023-03-22,Cliente 27,LA MOLINA,BATERÍA DE 18 PLACAS,2,68.1,136.2,Vendedor 10
476,2023-03-23,Cliente 39,SURCO,AMORTIGUADORES DELANTEROS,3,283.9,851.7,Vendedor 8
477,2023-03-23,Cliente 38,SURCO,"LLANTAS 18""",1,70.9,70.9,Vendedor 8
478,2023-03-23,Cliente 10,LA MOLINA,BATERÍA DE 18 PLACAS,1,68.1,68.1,Vendedor 4
479,2023-03-24,Cliente 13,SURCO,AMORTIGUADORES DELANTEROS,3,283.9,851.7,Vendedor 1
480,2023-03-24,Cliente 10,LA MOLINA,"LLANTAS 18""",2,70.9,141.8,Vendedor 7
481,2023-03-24,Cliente 33,LA MOLINA,BATERÍA DE 18 PLACAS,1,68.1,68.1,Vendedor 10
482,2023-03-25,Cliente 46,SURCO,AMORTIGUADORES DELANTEROS,3,283.9,851.7,Vendedor 3
483,2023-03-25,Cliente 34,LA MOLINA,"LLANTAS 18""",2,70.9,141.8,Vendedor 7
484,2023-03-25,Cliente 30,LA MOLINA,BATERÍA DE 18 PLACAS,2,68.1,136.2,Vendedor 9
485,2023-03-26,Cliente 44,SURCO,AMORTIGUADORES DELANTEROS,3,283.9,851.7,Vendedor 5
486,2023-03-26,Cliente 18,SURCO,"LLANTAS 18""",1,70.9,70.9,Vendedor 9
487,2023-03-26,Cliente 20,LA MOLINA,BATERÍA DE 18 PLACAS,2,68.1,136.2,Vendedor 5
488,2023-03-27,Cliente 21,SURCO,AMORTIGUADORES DELANTEROS,2,283.9,567.8,Vendedor 8
489,2023-03-27,Cliente 19,LA MOLINA,"LLANTAS 18""",3,70.9,212.7,Vendedor 2
490,2023-03-27,Cliente 26,LA MOLINA,BATERÍA DE 18 PLACAS,3,68.1,204.3,Vendedor 6
491,2023-03-28,Cliente 19,SURCO,AMORTIGUADORES DELANTEROS,3,283.9,851.7,Vendedor 2
492,2023-03-28,Cliente 48,LA MOLINA,"LLANTAS 18""",2,70.9,141.8,Vendedor 8
493,2023-03-28,Cliente 35,LA MOLINA,BATERÍA DE 18 PLACAS,1,68.1,68.1,Vendedor 5
494,2023-03-29,Cliente 7,SURCO,AMORTIGUADORES DELANTEROS,3,283.9,851.7,Vendedor 10
495,2023-03-29,Cliente 43,SURCO,"LLANTAS 18""",1,70.9,70.9,Vendedor 9
496,2023-03-29,Cliente 4,LA MOLINA,BATERÍA DE 18 PLACAS,1,68.1,68.1,Vendedor 2
497,2023-03-30,Cliente 7,SURCO,AMORTIGUADORES DELANTEROS,3,283.9,851.7,Vendedor 3
498,2023-03-30,Cliente 27,SURCO,"LLANTAS 18""",5,70.9,354.5,Vendedor 8
499,2023-03-30,Cliente 49,LA MOLINA,BATERÍA DE 18 PLACAS,4,68.1,272.4,Vendedor 5
500,2023-03-31,Cliente 35,SURCO,AMORTIGUADORES DELANTEROS,2,283.9,567.8,Vendedor 1
501,2023-03-31,Cliente 3,SURCO,"LLANTAS 18""",4,70.9,283.6,Vendedor 7
502,2023-03-31,Cliente 48,LA MOLINA,BATERÍA DE 18 PLACAS,4,68.1,272.4,Vendedor 5
503,2023-04-01,Cliente 37,SURCO,AUTO HONDA ACCORD 2014,1,22500.0,22500.0,Vendedor 10
504,2023-04-01,Cliente 22,SURCO,AUTO HONDA CIVIC 2014,1,26500.0,26500.0,Vendedor 5
505,2023-04-01,Cliente 42,LA MOLINA,AUTO HONDA ODISSEY 2013,1,24000.0,24000.0,Vendedor 9
506,2023-04-01,Cliente 9,LA MOLINA,AUTO HONDA CRV 2014,1,25500.0,25500.0,Vendedor 9
507,2023-04-01,Cliente 18,SURCO,AUTO HONDA PILOT 2013,1,25500.0,25500.0,Vendedor 4
508,2023-04-01,Cliente 11,LA MOLINA,FILTRO DE COMBUSTIBLE,1,136.4,136.4,Vendedor 8
509,2023-04-01,Cliente 46,SURCO,AMORTIGUADORES DELANTEROS,3,234.4,703.2,Vendedor 3
510,2023-04-01,Cliente 19,LA MOLINA,"LLANTAS 18""",3,66.1,198.3,Vendedor 10
511,2023-04-02,Cliente 12,SURCO,AUTO HONDA ACCORD 2014,1,22500.0,22500.0,Vendedor 10
512,2023-04-02,Cliente 28,LA MOLINA,AUTO HONDA CIVIC 2014,1,26500.0,26500.0,Vendedor 9
513,2023-04-02,Cliente 6,LA MOLINA,AUTO HONDA ODISSEY 2013,1,24000.0,24000.0,Vendedor 7
514,2023-04-02,Cliente 12,SURCO,AUTO HONDA CRV 2014,1,25500.0,25500.0,Vendedor 3
515,2023-04-02,Cliente 21,SURCO,AUTO HONDA PILOT 2013,1,25500.0,25500.0,Vendedor 4
516,2023-04-02,Cliente 25,LA MOLINA,FILTRO DE COMBUSTIBLE,1,136.4,136.4,Vendedor 4
517,2023-04-02,Cliente 22,SURCO,AMORTIGUADORES DELANTEROS,2,234.4,468.8,Vendedor 5
518,2023-04-02,Cliente 17,SURCO,"LLANTAS 18""",2,66.1,132.2,Vendedor 6
519,2023-04-03,Cliente 4,SURCO,AUTO HONDA ACCORD 2014,1,22500.0,22500.0,Vendedor 2
520,2023-04-03,Cliente 20,LA MOLINA,AUTO HONDA CIVIC 2014,1,26500.0,26500.0,Vendedor 3
521,2023-04-03,Cliente 44,LA MOLINA,AUTO HONDA ODISSEY 2013,1,24000.0,24000.0,Vendedor 9
522,2023-04-03,Cliente 45,LA MOLINA,AUTO HONDA CRV 2014,1,25500.0,25500.0,Vendedor 2
523,2023-04-03,Cliente 24,LA MOLINA,ACEITE DE MOTOR 5W30 FULL SINTÉTICO,3,130.5,391.5,Vendedor 10
524,2023-04-03,Cliente 15,SURCO,FILTRO DE COMBUSTIBLE,1,136.4,136.4,Vendedor 3
525,2023-04-03,Cliente 30,SURCO,AMORTIGUADORES DELANTEROS,4,234.4,937.6,Vendedor 10
526,2023-04-03,Cliente 45,LA MOLINA,AMORTIGUADORES POSTERIORES,2,103.9,207.8,Vendedor 9
527,2023-04-03,Cliente 49,SURCO,"LLANTAS 18""",2,66.1,132.2,Vendedor 4
528,2023-04-03,Cliente 34,SURCO,BATERÍA DE 18 PLACAS,1,104.0,104.0,Vendedor 8
529,2023-04-04,Cliente 5,LA MOLINA,AUTO HONDA CIVIC 2014,1,26500.0,26500.0,Vendedor 10
530,2023-04-04,Cliente 4,SURCO,AUTO HONDA ODISSEY 2013,1,24000.0,24000.0,Vendedor 9
531,2023-04-04,Cliente 37,SURCO,AUTO HONDA CRV 2014,1,25500.0,25500.0,Vendedor 9
532,2023-04-04,Cliente 21,SURCO,ACEITE DE MOTOR 5W30 FULL SINTÉTICO,1,130.5,130.5,Vendedor 9
533,2023-04-04,Cliente 8,LA MOLINA,FILTRO DE COMBUSTIBLE,1,136.4,136.4,Vendedor 4
534,2023-04-04,Cliente 33,SURCO,AMORTIGUADORES DELANTEROS,1,234.4,234.4,Vendedor 8
535,2023-04-04,Cliente 9,LA MOLINA,AMORTIGUADORES POSTERIORES,1,103.9,103.9,Vendedor 9
536,2023-04-04,Cliente 37,LA MOLINA,"LLANTAS 18""",2,66.1,132.2,Vendedor 1
537,2023-04-04,Cliente 44,LA MOLINA,BATERÍA DE 18 PLACAS,1,104.0,104.0,Vendedor 5
538,2023-04-05,Cliente 26,SURCO,AUTO HONDA CIVIC 2014,1,26500.0,26500.0,Vendedor 5
539,2023-04-05,Cliente 38,SURCO,ACEITE DE MOTOR 5W30 FULL SINTÉTICO,1,130.5,130.5,Vendedor 2
540,2023-04-05,Cliente 28,LA MOLINA,FILTRO DE COMBUSTIBLE,1,136.4,136.4,Vendedor 6
541,2023-04-05,Cliente 5,LA MOLINA,AMORTIGUADORES DELANTEROS,1,234.4,234.4,Vendedor 8
542,2023-04-05,Cliente 27,LA MOLINA,AMORTIGUADORES POSTERIORES,1,103.9,103.9,Vendedor 3
543,2023-04-05,Cliente 24,LA MOLINA,"LLANTAS 18""",1,66.1,66.1,Vendedor 7
544,2023-04-05,Cliente 25,LA MOLINA,BATERÍA DE 18 PLACAS,1,104.0,104.0,Vendedor 7
545,2023-04-06,Cliente 44,SURCO,AUTO HONDA CIVIC 2014,1,26500.0,26500.0,Vendedor 9
546,2023-04-06,Cliente 8,LA MOLINA,ACEITE DE MOTOR 5W30 FULL SINTÉTICO,1,130.5,130.5,Vendedor 3
547,2023-04-06,Cliente 34,LA MOLINA,FILTRO DE COMBUSTIBLE,1,136.4,136.4,Vendedor 3
548,2023-04-06,Cliente 49,LA MOLINA,AMORTIGUADORES DELANTEROS,2,234.4,468.8,Vendedor 1
549,2023-04-06,Cliente 44,LA MOLINA,AMORTIGUADORES POSTERIORES,2,103.9,207.8,Vendedor 9
550,2023-04-06,Cliente 15,LA MOLINA,"LLANTAS 18""",2,66.1,132.2,Vendedor 4
551,2023-04-06,Cliente 23,LA MOLINA,BATERÍA DE 18 PLACAS,1,104.0,104.0,Vendedor 3
552,2023-04-07,Cliente 47,SURCO,ACEITE DE MOTOR 5W30 FULL SINTÉTICO,2,130.5,261.0,Vendedor 2
553,2023-04-07,Cliente 43,LA MOLINA,FILTRO DE COMBUSTIBLE,1,136.4,136.4,Vendedor 7
554,2023-04-07,Cliente 14,LA MOLINA,AMORTIGUADORES DELANTEROS,1,234.4,234.4,Vendedor 2
555,2023-04-07,Cliente 29,SURCO,AMORTIGUADORES POSTERIORES,1,103.9,103.9,Vendedor 10
556,2023-04-07,Cliente 16,SURCO,"LLANTAS 18""",3,66.1,198.3,Vendedor 1
557,2023-04-07,Cliente 29,LA MOLINA,BATERÍA DE 18 PLACAS,1,104.0,104.0,Vendedor 4
558,2023-04-08,Cliente 49,SURCO,ACEITE DE MOTOR 5W30 FULL SINTÉTICO,3,130.5,391.5,Vendedor 1
559,2023-04-08,Cliente 33,LA MOLINA,FILTRO DE COMBUSTIBLE,1,136.4,136.4,Vendedor 5
560,2023-04-08,Cliente 37,LA MOLINA,AMORTIGUADORES DELANTEROS,2,234.4,468.8,Vendedor 10
561,2023-04-08,Cliente 16,LA MOLINA,AMORTIGUADORES POSTERIORES,3,103.9,311.7,Vendedor 5
562,2023-04-08,Cliente 27,SURCO,"LLANTAS 18""",1,66.1,66.1,Vendedor 5
563,2023-04-08,Cliente 4,LA MOLINA,BATERÍA DE 18 PLACAS,1,104.0,104.0,Vendedor 9
564,2023-04-09,Cliente 41,SURCO,AUTO HONDA ACCORD 2014,1,22500.0,22500.0,Vendedor 7
565,2023-04-09,Cliente 4,SURCO,AUTO HONDA FIT 2016,1,20000.0,20000.0,Vendedor 6
566,2023-04-09,Cliente 34,SURCO,AUTO HONDA CITY 2016,1,21500.0,21500.0,Vendedor 6
567,2023-04-09,Cliente 27,LA MOLINA,ACEITE DE MOTOR 5W30 FULL SINTÉTICO,3,130.5,391.5,Vendedor 3
568,2023-04-09,Cliente 25,LA MOLINA,FILTRO DE COMBUSTIBLE,1,136.4,136.4,Vendedor 3
569,2023-04-09,Cliente 15,LA MOLINA,AMORTIGUADORES DELANTEROS,4,234.4,937.6,Vendedor 5
570,2023-04-09,Cliente 30,SURCO,AMORTIGUADORES POSTERIORES,3,103.9,311.7,Vendedor 1
571,2023-04-09,Cliente 36,LA MOLINA,"LLANTAS 18""",4,66.1,264.4,Vendedor 9
572,2023-04-09,Cliente 16,SURCO,BATERÍA DE 18 PLACAS,1,104.0,104.0,Vendedor 5
573,2023-04-10,Cliente 22,SURCO,AUTO HONDA ACCORD 2014,1,22500.0,22500.0,Vendedor 2
574,2023-04-10,Cliente 24,SURCO,AUTO HONDA FIT 2016,1,20000.0,20000.0,Vendedor 2
575,2023-04-10,Cliente 4,SURCO,AUTO HONDA CITY 2016,1,21500.0,21500.0,Vendedor 5
576,2023-04-10,Cliente 5,SURCO,ACEITE DE MOTOR 5W30 FULL SINTÉTICO,2,130.5,261.0,Vendedor 4
577,2023-04-10,Cliente 31,LA MOLINA,FILTRO DE COMBUSTIBLE,1,136.4,136.4,Vendedor 4
578,2023-04-10,Cliente 14,SURCO,AMORTIGUADORES POSTERIORES,2,103.9,207.8,Vendedor 4
579,2023-04-10,Cliente 16,LA MOLINA,"LLANTAS 18""",1,66.1,66.1,Vendedor 10
580,2023-04-10,Cliente 16,SURCO,BATERÍA DE 18 PLACAS,1,104.0,104.0,Vendedor 9
581,2023-04-11,Cliente 50,LA MOLINA,AUTO HONDA ACCORD 2014,1,22500.0,22500.0,Vendedor 5
582,2023-04-11,Cliente 30,SURCO,AUTO HONDA FIT 2016,1,20000.0,20000.0,Vendedor 9
583,2023-04-11,Cliente 20,SURCO,AUTO HONDA CITY 2016,1,21500.0,21500.0,Vendedor 5
584,2023-04-11,Cliente 30,LA MOLINA,ACEITE DE MOTOR 5W30 FULL SINTÉTICO,3,130.5,391.5,Vendedor 2
585,2023-04-11,Cliente 49,LA MOLINA,FILTRO DE COMBUSTIBLE,1,136.4,136.4,Vendedor 6
586,2023-04-11,Cliente 27,LA MOLINA,AMORTIGUADORES POSTERIORES,1,103.9,103.9,Vendedor 1
587,2023-04-11,Cliente 2,SURCO,"LLANTAS 18""",2,66.1,132.2,Vendedor 5
588,2023-04-11,Cliente 10,SURCO,BATERÍA DE 18 PLACAS,2,104.0,208.0,Vendedor 4
589,2023-04-12,Cliente 15,LA MOLINA,AUTO HONDA ACCORD 2014,1,22500.0,22500.0,Vendedor 7
590,2023-04-12,Cliente 36,LA MOLINA,ACEITE DE MOTOR 5W30 FULL SINTÉTICO,2,130.5,261.0,Vendedor 6
591,2023-04-12,Cliente 49,LA MOLINA,FILTRO DE COMBUSTIBLE,1,136.4,136.4,Vendedor 8
592,2023-04-12,Cliente 47,SURCO,AMORTIGUADORES POSTERIORES,2,103.9,207.8,Vendedor 6
593,2023-04-12,Cliente 47,LA MOLINA,"LLANTAS 18""",2,66.1,132.2,Vendedor 9
594,2023-04-13,Cliente 34,SURCO,ACEITE DE MOTOR 5W30 FULL SINTÉTICO,2,130.5,261.0,Vendedor 1
595,2023-04-13,Cliente 27,SURCO,AMORTIGUADORES POSTERIORES,1,103.9,103.9,Vendedor 3
596,2023-04-13,Cliente 46,LA MOLINA,"LLANTAS 18""",2,66.1,132.2,Vendedor 3
597,2023-04-14,Cliente 24,LA MOLINA,ACEITE DE MOTOR 5W30 FULL SINTÉTICO,2,130.5,261.0,Vendedor 1
598,2023-04-14,Cliente 2,SURCO,AMORTIGUADORES POSTERIORES,1,103.9,103.9,Vendedor 1
599,2023-04-14,Cliente 2,LA MOLINA,"LLANTAS 18""",4,66.1,264.4,Vendedor 9
600,2023-04-15,Cliente 12,LA MOLINA,ACEITE DE MOTOR 5W30 FULL SINTÉTICO,1,130.5,130.5,Vendedor 2
601,2023-04-15,Cliente 40,LA MOLINA,"LLANTAS 18""",2,66.1,132.2,Vendedor 9
602,2023-04-16,Cliente 26,LA MOLINA,ACEITE DE MOTOR 5W30 FULL SINTÉTICO,3,130.5,391.5,Vendedor 2
603,2023-04-16,Cliente 45,LA MOLINA,"LLANTAS 18""",4,66.1,264.4,Vendedor 4
604,2023-04-17,Cliente 6,SURCO,ACEITE DE MOTOR 5W30 FULL SINTÉTICO,1,130.5,130.5,Vendedor 7
605,2023-04-17,Cliente 36,LA MOLINA,AMORTIGUADORES DELANTEROS,4,234.4,937.6,Vendedor 8
606,2023-04-17,Cliente 45,SURCO,AMORTIGUADORES POSTERIORES,1,103.9,103.9,Vendedor 3
607,2023-04-17,Cliente 28,LA MOLINA,"LLANTAS 18""",1,66.1,66.1,Vendedor 6
608,2023-04-17,Cliente 15,SURCO,BATERÍA DE 18 PLACAS,1,104.0,104.0,Vendedor 4
609,2023-04-18,Cliente 18,LA MOLINA,ACEITE DE MOTOR 5W30 FULL SINTÉTICO,5,130.5,652.5,Vendedor 1
610,2023-04-18,Cliente 35,LA MOLINA,AMORTIGUADORES DELANTEROS,1,234.4,234.4,Vendedor 10
611,2023-04-18,Cliente 21,SURCO,AMORTIGUADORES POSTERIORES,1,103.9,103.9,Vendedor 1
612,2023-04-18,Cliente 49,SURCO,"LLANTAS 18""",2,66.1,132.2,Vendedor 7
613,2023-04-18,Cliente 11,LA MOLINA,BATERÍA DE 18 PLACAS,1,104.0,104.0,Vendedor 10
614,2023-04-19,Cliente 44,LA MOLINA,ACEITE DE MOTOR 5W30 FULL SINTÉTICO,2,130.5,261.0,Vendedor 9
615,2023-04-19,Cliente 49,LA MOLINA,AMORTIGUADORES DELANTEROS,3,234.4,703.2,Vendedor 3
616,2023-04-19,Cliente 4,LA MOLINA,AMORTIGUADORES POSTERIORES,1,103.9,103.9,Vendedor 2
617,2023-04-19,Cliente 5,SURCO,"LLANTAS 18""",4,66.1,264.4,Vendedor 6
618,2023-04-19,Cliente 50,LA MOLINA,BATERÍA DE 18 PLACAS,3,104.0,312.0,Vendedor 6
619,2023-04-20,Cliente 29,LA MOLINA,ACEITE DE MOTOR 5W30 FULL SINTÉTICO,1,130.5,130.5,Vendedor 8
620,2023-04-20,Cliente 36,LA MOLINA,AMORTIGUADORES DELANTEROS,4,234.4,937.6,Vendedor 7
621,2023-04-20,Cliente 44,SURCO,AMORTIGUADORES POSTERIORES,4,103.9,415.6,Vendedor 10
622,2023-04-20,Cliente 50,SURCO,"LLANTAS 18""",4,66.1,264.4,Vendedor 10
623,2023-04-20,Cliente 46,SURCO,BATERÍA DE 18 PLACAS,2,104.0,208.0,Vendedor 2
624,2023-04-21,Cliente 10,LA MOLINA,ACEITE DE MOTOR 5W30 FULL SINTÉTICO,1,130.5,130.5,Vendedor 7
625,2023-04-21,Cliente 21,LA MOLINA,AMORTIGUADORES DELANTEROS,3,234.4,703.2,Vendedor 6
626,2023-04-21,Cliente 1,SURCO,AMORTIGUADORES POSTERIORES,1,103.9,103.9,Vendedor 5
627,2023-04-21,Cliente 49,LA MOLINA,"LLANTAS 18""",4,66.1,264.4,Vendedor 5
628,2023-04-21,Cliente 6,SURCO,BATERÍA DE 18 PLACAS,1,104.0,104.0,Vendedor 3
629,2023-04-22,Cliente 36,LA MOLINA,ACEITE DE MOTOR 5W30 FULL SINTÉTICO,4,130.5,522.0,Vendedor 9
630,2023-04-22,Cliente 7,LA MOLINA,AMORTIGUADORES DELANTEROS,9,234.4,2109.6,Vendedor 1
631,2023-04-22,Cliente 36,LA MOLINA,AMORTIGUADORES POSTERIORES,1,103.9,103.9,Vendedor 2
632,2023-04-22,Cliente 25,LA MOLINA,"LLANTAS 18""",5,66.1,330.5,Vendedor 1
633,2023-04-22,Cliente 25,LA MOLINA,BATERÍA DE 18 PLACAS,1,104.0,104.0,Vendedor 2
634,2023-04-23,Cliente 37,SURCO,ACEITE DE MOTOR 5W30 FULL SINTÉTICO,6,130.5,783.0,Vendedor 9
635,2023-04-23,Cliente 11,LA MOLINA,AMORTIGUADORES DELANTEROS,3,234.4,703.2,Vendedor 3
636,2023-04-23,Cliente 18,LA MOLINA,AMORTIGUADORES POSTERIORES,3,103.9,311.7,Vendedor 8
637,2023-04-23,Cliente 11,SURCO,"LLANTAS 18""",2,66.1,132.2,Vendedor 7
638,2023-04-23,Cliente 20,SURCO,BATERÍA DE 18 PLACAS,1,104.0,104.0,Vendedor 8
639,2023-04-24,Cliente 17,LA MOLINA,ACEITE DE MOTOR 5W30 FULL SINTÉTICO,1,130.5,130.5,Vendedor 4
640,2023-04-24,Cliente 30,SURCO,AMORTIGUADORES DELANTEROS,8,234.4,1875.2,Vendedor 2
641,2023-04-24,Cliente 1,LA MOLINA,AMORTIGUADORES POSTERIORES,3,103.9,311.7,Vendedor 7
642,2023-04-24,Cliente 22,LA MOLINA,"LLANTAS 18""",3,66.1,198.3,Vendedor 8
643,2023-04-25,Cliente 20,SURCO,ACEITE DE MOTOR 5W30 FULL SINTÉTICO,4,130.5,522.0,Vendedor 6
644,2023-04-25,Cliente 31,SURCO,AMORTIGUADORES DELANTEROS,2,234.4,468.8,Vendedor 6
645,2023-04-25,Cliente 21,LA MOLINA,AMORTIGUADORES POSTERIORES,2,103.9,207.8,Vendedor 5
646,2023-04-25,Cliente 37,LA MOLINA,"LLANTAS 18""",6,66.1,396.6,Vendedor 4
647,2023-04-26,Cliente 26,LA MOLINA,ACEITE DE MOTOR 5W30 FULL SINTÉTICO,7,130.5,913.5,Vendedor 6
648,2023-04-26,Cliente 38,LA MOLINA,AMORTIGUADORES DELANTEROS,2,234.4,468.8,Vendedor 9
649,2023-04-26,Cliente 47,SURCO,AMORTIGUADORES POSTERIORES,3,103.9,311.7,Vendedor 8
650,2023-04-26,Cliente 29,SURCO,"LLANTAS 18""",6,66.1,396.6,Vendedor 5
651,2023-04-27,Cliente 44,LA MOLINA,ACEITE DE MOTOR 5W30 FULL SINTÉTICO,2,130.5,261.0,Vendedor 8
652,2023-04-27,Cliente 16,LA MOLINA,AMORTIGUADORES DELANTEROS,3,234.4,703.2,Vendedor 5
653,2023-04-27,Cliente 25,LA MOLINA,"LLANTAS 18""",3,66.1,198.3,Vendedor 2
654,2023-04-28,Cliente 38,LA MOLINA,ACEITE DE MOTOR 5W30 FULL SINTÉTICO,10,130.5,1305.0,Vendedor 7
655,2023-04-28,Cliente 35,LA MOLINA,AMORTIGUADORES DELANTEROS,10,234.4,2344.0,Vendedor 1
656,2023-04-28,Cliente 7,SURCO,"LLANTAS 18""",3,66.1,198.3,Vendedor 4
657,2023-04-29,Cliente 49,LA MOLINA,ACEITE DE MOTOR 5W30 FULL SINTÉTICO,2,130.5,261.0,Vendedor 6
658,2023-04-29,Cliente 1,LA MOLINA,AMORTIGUADORES DELANTEROS,10,234.4,2344.0,Vendedor 2
659,2023-04-29,Cliente 29,LA MOLINA,"LLANTAS 18""",4,66.1,264.4,Vendedor 6
660,2023-04-30,Cliente 19,SURCO,ACEITE DE MOTOR 5W30 FULL SINTÉTICO,10,130.5,1305.0,Vendedor 7
661,2023-04-30,Cliente 47,LA MOLINA,AMORTIGUADORES DELANTEROS,4,234.4,937.6,Vendedor 3
662,2023-04-30,Cliente 30,LA MOLINA,"LLANTAS 18""",9,66.1,594.9,Vendedor 4
663,2023-05-01,Cliente 7,LA MOLINA,AUTO HONDA ACCORD 2014,1,25500.0,25500.0,Vendedor 8
664,2023-05-01,Cliente 21,LA MOLINA,AUTO HONDA CIVIC 2014,1,33500.0,33500.0,Vendedor 2
665,2023-05-01,Cliente 3,LA MOLINA,AUTO HONDA ODISSEY 2013,1,24000.0,24000.0,Vendedor 2
666,2023-05-01,Cliente 22,SURCO,AUTO HONDA CRV 2014,1,25500.0,25500.0,Vendedor 2
667,2023-05-01,Cliente 48,SURCO,AUTO HONDA PILOT 2013,1,22000.0,22000.0,Vendedor 4
668,2023-05-01,Cliente 36,SURCO,AUTO HONDA CITY 2016,1,25000.0,25000.0,Vendedor 3
669,2023-05-01,Cliente 30,SURCO,ACEITE DE MOTOR 5W30 FULL SINTÉTICO,2,103.9,207.8,Vendedor 4
670,2023-05-01,Cliente 41,LA MOLINA,FILTRO DE COMBUSTIBLE,1,128.4,128.4,Vendedor 3
671,2023-05-02,Cliente 2,LA MOLINA,AUTO HONDA ACCORD 2014,1,25500.0,25500.0,Vendedor 10
672,2023-05-02,Cliente 29,SURCO,AUTO HONDA CIVIC 2014,1,33500.0,33500.0,Vendedor 10
673,2023-05-02,Cliente 25,LA MOLINA,AUTO HONDA ODISSEY 2013,1,24000.0,24000.0,Vendedor 1
674,2023-05-02,Cliente 14,SURCO,AUTO HONDA CRV 2014,1,25500.0,25500.0,Vendedor 5
675,2023-05-02,Cliente 37,SURCO,AUTO HONDA PILOT 2013,1,22000.0,22000.0,Vendedor 2
676,2023-05-02,Cliente 24,SURCO,ACEITE DE MOTOR 5W30 FULL SINTÉTICO,3,103.9,311.7,Vendedor 6
677,2023-05-02,Cliente 30,SURCO,FILTRO DE COMBUSTIBLE,1,128.4,128.4,Vendedor 2
678,2023-05-03,Cliente 39,LA MOLINA,AUTO HONDA ACCORD 2014,1,25500.0,25500.0,Vendedor 7
679,2023-05-03,Cliente 38,LA MOLINA,AUTO HONDA CIVIC 2014,1,33500.0,33500.0,Vendedor 2
680,2023-05-03,Cliente 23,SURCO,AUTO HONDA ODISSEY 2013,1,24000.0,24000.0,Vendedor 8
681,2023-05-03,Cliente 44,SURCO,AUTO HONDA CRV 2014,1,25500.0,25500.0,Vendedor 5
682,2023-05-03,Cliente 44,SURCO,AUTO HONDA PILOT 2013,1,22000.0,22000.0,Vendedor 3
683,2023-05-03,Cliente 16,SURCO,ACEITE DE MOTOR 5W30 FULL SINTÉTICO,2,103.9,207.8,Vendedor 5
684,2023-05-03,Cliente 12,LA MOLINA,FILTRO DE COMBUSTIBLE,1,128.4,128.4,Vendedor 6
685,2023-05-03,Cliente 27,LA MOLINA,AMORTIGUADORES DELANTEROS,2,242.9,485.8,Vendedor 10
686,2023-05-03,Cliente 28,LA MOLINA,AMORTIGUADORES POSTERIORES,1,139.7,139.7,Vendedor 3
687,2023-05-03,Cliente 36,SURCO,"LLANTAS 18""",2,95.2,190.4,Vendedor 3
688,2023-05-03,Cliente 19,LA MOLINA,BATERÍA DE 18 PLACAS,1,105.9,105.9,Vendedor 3
689,2023-05-04,Cliente 21,SURCO,AUTO HONDA CIVIC 2014,1,33500.0,33500.0,Vendedor 8
690,2023-05-04,Cliente 23,SURCO,AUTO HONDA ODISSEY 2013,1,24000.0,24000.0,Vendedor 1
691,2023-05-04,Cliente 9,LA MOLINA,AUTO HONDA CRV 2014,1,25500.0,25500.0,Vendedor 4
692,2023-05-04,Cliente 27,LA MOLINA,ACEITE DE MOTOR 5W30 FULL SINTÉTICO,2,103.9,207.8,Vendedor 8
693,2023-05-04,Cliente 32,LA MOLINA,AMORTIGUADORES DELANTEROS,4,242.9,971.6,Vendedor 3
694,2023-05-04,Cliente 49,SURCO,AMORTIGUADORES POSTERIORES,1,139.7,139.7,Vendedor 4
695,2023-05-04,Cliente 18,SURCO,"LLANTAS 18""",2,95.2,190.4,Vendedor 4
696,2023-05-04,Cliente 11,LA MOLINA,BATERÍA DE 18 PLACAS,1,105.9,105.9,Vendedor 8
697,2023-05-05,Cliente 36,SURCO,AUTO HONDA ODISSEY 2013,1,24000.0,24000.0,Vendedor 9
698,2023-05-05,Cliente 18,SURCO,ACEITE DE MOTOR 5W30 FULL SINTÉTICO,1,103.9,103.9,Vendedor 9
699,2023-05-05,Cliente 49,SURCO,AMORTIGUADORES DELANTEROS,3,242.9,728.7,Vendedor 8
700,2023-05-05,Cliente 28,SURCO,AMORTIGUADORES POSTERIORES,3,139.7,419.1,Vendedor 2
701,2023-05-05,Cliente 3,LA MOLINA,"LLANTAS 18""",1,95.2,95.2,Vendedor 8
702,2023-05-05,Cliente 23,LA MOLINA,BATERÍA DE 18 PLACAS,1,105.9,105.9,Vendedor 2
703,2023-05-06,Cliente 8,SURCO,AUTO HONDA ODISSEY 2013,1,24000.0,24000.0,Vendedor 4
704,2023-05-06,Cliente 46,LA MOLINA,ACEITE DE MOTOR 5W30 FULL SINTÉTICO,1,103.9,103.9,Vendedor 10
705,2023-05-06,Cliente 40,SURCO,AMORTIGUADORES DELANTEROS,4,242.9,971.6,Vendedor 3
706,2023-05-06,Cliente 4,SURCO,AMORTIGUADORES POSTERIORES,2,139.7,279.4,Vendedor 10
707,2023-05-06,Cliente 39,LA MOLINA,"LLANTAS 18""",2,95.2,190.4,Vendedor 9
708,2023-05-06,Cliente 21,SURCO,BATERÍA DE 18 PLACAS,1,105.9,105.9,Vendedor 5
709,2023-05-07,Cliente 33,LA MOLINA,ACEITE DE MOTOR 5W30 FULL SINTÉTICO,2,103.9,207.8,Vendedor 2
710,2023-05-07,Cliente 4,LA MOLINA,AMORTIGUADORES DELANTEROS,2,242.9,485.8,Vendedor 5
711,2023-05-07,Cliente 16,SURCO,AMORTIGUADORES POSTERIORES,2,139.7,279.4,Vendedor 3
712,2023-05-07,Cliente 49,SURCO,"LLANTAS 18""",2,95.2,190.4,Vendedor 7
713,2023-05-07,Cliente 10,LA MOLINA,BATERÍA DE 18 PLACAS,1,105.9,105.9,Vendedor 10
714,2023-05-08,Cliente 41,LA MOLINA,ACEITE DE MOTOR 5W30 FULL SINTÉTICO,3,103.9,311.7,Vendedor 7
715,2023-05-08,Cliente 5,LA MOLINA,AMORTIGUADORES DELANTEROS,4,242.9,971.6,Vendedor 2
716,2023-05-08,Cliente 45,LA MOLINA,AMORTIGUADORES POSTERIORES,4,139.7,558.8,Vendedor 6
717,2023-05-08,Cliente 21,LA MOLINA,"LLANTAS 18""",2,95.2,190.4,Vendedor 10
718,2023-05-08,Cliente 50,SURCO,BATERÍA DE 18 PLACAS,1,105.9,105.9,Vendedor 2
719,2023-05-09,Cliente 41,LA MOLINA,ACEITE DE MOTOR 5W30 FULL SINTÉTICO,2,103.9,207.8,Vendedor 6
720,2023-05-09,Cliente 14,LA MOLINA,AMORTIGUADORES DELANTEROS,1,242.9,242.9,Vendedor 7
721,2023-05-09,Cliente 18,LA MOLINA,AMORTIGUADORES POSTERIORES,2,139.7,279.4,Vendedor 6
722,2023-05-09,Cliente 36,LA MOLINA,"LLANTAS 18""",2,95.2,190.4,Vendedor 10
723,2023-05-09,Cliente 37,SURCO,BATERÍA DE 18 PLACAS,1,105.9,105.9,Vendedor 8
724,2023-05-10,Cliente 44,LA MOLINA,AUTO HONDA CIVIC 2014,1,33500.0,33500.0,Vendedor 1
725,2023-05-10,Cliente 7,SURCO,AUTO HONDA ODISSEY 2013,1,24000.0,24000.0,Vendedor 8
726,2023-05-10,Cliente 8,SURCO,AUTO HONDA PILOT 2013,1,22000.0,22000.0,Vendedor 3
727,2023-05-10,Cliente 30,SURCO,AUTO HONDA FIT 2016,1,24000.0,24000.0,Vendedor 1
728,2023-05-10,Cliente 45,SURCO,ACEITE DE MOTOR 5W30 FULL SINTÉTICO,2,103.9,207.8,Vendedor 3
729,2023-05-10,Cliente 18,SURCO,AMORTIGUADORES DELANTEROS,3,242.9,728.7,Vendedor 2
730,2023-05-10,Cliente 6,LA MOLINA,AMORTIGUADORES POSTERIORES,3,139.7,419.1,Vendedor 6
731,2023-05-10,Cliente 26,SURCO,"LLANTAS 18""",1,95.2,95.2,Vendedor 5
732,2023-05-10,Cliente 28,SURCO,BATERÍA DE 18 PLACAS,1,105.9,105.9,Vendedor 2
733,2023-05-11,Cliente 1,SURCO,AUTO HONDA PILOT 2013,1,22000.0,22000.0,Vendedor 4
734,2023-05-11,Cliente 9,SURCO,ACEITE DE MOTOR 5W30 FULL SINTÉTICO,2,103.9,207.8,Vendedor 10
735,2023-05-11,Cliente 1,LA MOLINA,AMORTIGUADORES DELANTEROS,2,242.9,485.8,Vendedor 1
736,2023-05-11,Cliente 28,SURCO,AMORTIGUADORES POSTERIORES,3,139.7,419.1,Vendedor 3
737,2023-05-11,Cliente 15,SURCO,"LLANTAS 18""",2,95.2,190.4,Vendedor 7
738,2023-05-11,Cliente 47,SURCO,BATERÍA DE 18 PLACAS,1,105.9,105.9,Vendedor 2
739,2023-05-12,Cliente 24,SURCO,ACEITE DE MOTOR 5W30 FULL SINTÉTICO,1,103.9,103.9,Vendedor 5
740,2023-05-12,Cliente 50,LA MOLINA,AMORTIGUADORES DELANTEROS,2,242.9,485.8,Vendedor 3
741,2023-05-12,Cliente 34,SURCO,AMORTIGUADORES POSTERIORES,2,139.7,279.4,Vendedor 10
742,2023-05-12,Cliente 29,SURCO,"LLANTAS 18""",1,95.2,95.2,Vendedor 6
743,2023-05-12,Cliente 41,LA MOLINA,BATERÍA DE 18 PLACAS,1,105.9,105.9,Vendedor 3
744,2023-05-13,Cliente 14,SURCO,ACEITE DE MOTOR 5W30 FULL SINTÉTICO,2,103.9,207.8,Vendedor 2
745,2023-05-13,Cliente 49,LA MOLINA,AMORTIGUADORES DELANTEROS,1,242.9,242.9,Vendedor 2
746,2023-05-13,Cliente 28,SURCO,AMORTIGUADORES POSTERIORES,4,139.7,558.8,Vendedor 6
747,2023-05-13,Cliente 18,LA MOLINA,"LLANTAS 18""",1,95.2,95.2,Vendedor 2
748,2023-05-14,Cliente 50,SURCO,ACEITE DE MOTOR 5W30 FULL SINTÉTICO,2,103.9,207.8,Vendedor 1
749,2023-05-14,Cliente 34,LA MOLINA,AMORTIGUADORES DELANTEROS,3,242.9,728.7,Vendedor 10
750,2023-05-14,Cliente 19,SURCO,AMORTIGUADORES POSTERIORES,2,139.7,279.4,Vendedor 1
751,2023-05-14,Cliente 25,LA MOLINA,"LLANTAS 18""",1,95.2,95.2,Vendedor 2
752,2023-05-15,Cliente 24,LA MOLINA,AMORTIGUADORES DELANTEROS,5,242.9,1214.5,Vendedor 6
753,2023-05-15,Cliente 37,SURCO,AMORTIGUADORES POSTERIORES,2,139.7,279.4,Vendedor 7
754,2023-05-15,Cliente 49,LA MOLINA,"LLANTAS 18""",1,95.2,95.2,Vendedor 8
755,2023-05-16,Cliente 1,LA MOLINA,AMORTIGUADORES DELANTEROS,5,242.9,1214.5,Vendedor 5
756,2023-05-16,Cliente 4,SURCO,AMORTIGUADORES POSTERIORES,2,139.7,279.4,Vendedor 7
757,2023-05-17,Cliente 45,LA MOLINA,ACEITE DE MOTOR 5W30 FULL SINTÉTICO,4,103.9,415.6,Vendedor 7
758,2023-05-17,Cliente 18,SURCO,AMORTIGUADORES DELANTEROS,1,242.9,242.9,Vendedor 2
759,2023-05-17,Cliente 33,SURCO,AMORTIGUADORES POSTERIORES,3,139.7,419.1,Vendedor 4
760,2023-05-17,Cliente 26,LA MOLINA,"LLANTAS 18""",1,95.2,95.2,Vendedor 10
761,2023-05-17,Cliente 45,LA MOLINA,BATERÍA DE 18 PLACAS,1,105.9,105.9,Vendedor 7
762,2023-05-18,Cliente 16,SURCO,ACEITE DE MOTOR 5W30 FULL SINTÉTICO,2,103.9,207.8,Vendedor 2
763,2023-05-18,Cliente 30,SURCO,AMORTIGUADORES DELANTEROS,4,242.9,971.6,Vendedor 10
764,2023-05-18,Cliente 20,SURCO,AMORTIGUADORES POSTERIORES,5,139.7,698.5,Vendedor 3
765,2023-05-18,Cliente 46,SURCO,"LLANTAS 18""",1,95.2,95.2,Vendedor 3
766,2023-05-18,Cliente 32,SURCO,BATERÍA DE 18 PLACAS,1,105.9,105.9,Vendedor 6
767,2023-05-19,Cliente 11,LA MOLINA,ACEITE DE MOTOR 5W30 FULL SINTÉTICO,5,103.9,519.5,Vendedor 6
768,2023-05-19,Cliente 47,LA MOLINA,AMORTIGUADORES DELANTEROS,2,242.9,485.8,Vendedor 2
769,2023-05-19,Cliente 28,LA MOLINA,AMORTIGUADORES POSTERIORES,1,139.7,139.7,Vendedor 5
770,2023-05-19,Cliente 46,LA MOLINA,"LLANTAS 18""",1,95.2,95.2,Vendedor 10
771,2023-05-19,Cliente 30,LA MOLINA,BATERÍA DE 18 PLACAS,1,105.9,105.9,Vendedor 9
772,2023-05-20,Cliente 32,SURCO,ACEITE DE MOTOR 5W30 FULL SINTÉTICO,3,103.9,311.7,Vendedor 10
773,2023-05-20,Cliente 11,LA MOLINA,AMORTIGUADORES DELANTEROS,2,242.9,485.8,Vendedor 5
774,2023-05-20,Cliente 15,SURCO,AMORTIGUADORES POSTERIORES,1,139.7,139.7,Vendedor 9
775,2023-05-20,Cliente 1,SURCO,"LLANTAS 18""",1,95.2,95.2,Vendedor 4
776,2023-05-20,Cliente 24,LA MOLINA,BATERÍA DE 18 PLACAS,1,105.9,105.9,Vendedor 7
777,2023-05-21,Cliente 3,SURCO,ACEITE DE MOTOR 5W30 FULL SINTÉTICO,2,103.9,207.8,Vendedor 9
778,2023-05-21,Cliente 15,LA MOLINA,AMORTIGUADORES DELANTEROS,6,242.9,1457.4,Vendedor 6
779,2023-05-21,Cliente 47,LA MOLINA,AMORTIGUADORES POSTERIORES,2,139.7,279.4,Vendedor 6
780,2023-05-21,Cliente 37,SURCO,"LLANTAS 18""",3,95.2,285.6,Vendedor 6
781,2023-05-21,Cliente 12,SURCO,BATERÍA DE 18 PLACAS,1,105.9,105.9,Vendedor 4
782,2023-05-22,Cliente 26,SURCO,ACEITE DE MOTOR 5W30 FULL SINTÉTICO,3,103.9,311.7,Vendedor 2
783,2023-05-22,Cliente 50,LA MOLINA,AMORTIGUADORES DELANTEROS,4,242.9,971.6,Vendedor 5
784,2023-05-22,Cliente 36,SURCO,AMORTIGUADORES POSTERIORES,3,139.7,419.1,Vendedor 8
785,2023-05-22,Cliente 13,LA MOLINA,"LLANTAS 18""",1,95.2,95.2,Vendedor 5
786,2023-05-22,Cliente 48,LA MOLINA,BATERÍA DE 18 PLACAS,2,105.9,211.8,Vendedor 10
787,2023-05-23,Cliente 24,LA MOLINA,ACEITE DE MOTOR 5W30 FULL SINTÉTICO,1,103.9,103.9,Vendedor 10
788,2023-05-23,Cliente 47,SURCO,AMORTIGUADORES DELANTEROS,4,242.9,971.6,Vendedor 9
789,2023-05-23,Cliente 1,SURCO,AMORTIGUADORES POSTERIORES,2,139.7,279.4,Vendedor 7
790,2023-05-23,Cliente 35,SURCO,"LLANTAS 18""",1,95.2,95.2,Vendedor 6
791,2023-05-23,Cliente 22,SURCO,BATERÍA DE 18 PLACAS,3,105.9,317.7,Vendedor 1
792,2023-05-24,Cliente 7,LA MOLINA,AMORTIGUADORES DELANTEROS,4,242.9,971.6,Vendedor 4
793,2023-05-24,Cliente 27,SURCO,AMORTIGUADORES POSTERIORES,5,139.7,698.5,Vendedor 8
794,2023-05-24,Cliente 46,SURCO,"LLANTAS 18""",1,95.2,95.2,Vendedor 5
795,2023-05-25,Cliente 45,LA MOLINA,AMORTIGUADORES DELANTEROS,2,242.9,485.8,Vendedor 6
796,2023-05-25,Cliente 38,LA MOLINA,AMORTIGUADORES POSTERIORES,4,139.7,558.8,Vendedor 2
797,2023-05-25,Cliente 41,SURCO,"LLANTAS 18""",3,95.2,285.6,Vendedor 7
798,2023-05-26,Cliente 16,SURCO,AMORTIGUADORES DELANTEROS,1,242.9,242.9,Vendedor 5
799,2023-05-26,Cliente 26,LA MOLINA,AMORTIGUADORES POSTERIORES,5,139.7,698.5,Vendedor 6
800,2023-05-26,Cliente 18,LA MOLINA,"LLANTAS 18""",3,95.2,285.6,Vendedor 4
801,2023-05-27,Cliente 10,LA MOLINA,AMORTIGUADORES DELANTEROS,3,242.9,728.7,Vendedor 2
802,2023-05-27,Cliente 30,LA MOLINA,AMORTIGUADORES POSTERIORES,3,139.7,419.1,Vendedor 6
803,2023-05-27,Cliente 35,LA MOLINA,"LLANTAS 18""",3,95.2,285.6,Vendedor 6
804,2023-05-28,Cliente 17,LA MOLINA,AMORTIGUADORES DELANTEROS,5,242.9,1214.5,Vendedor 2
805,2023-05-28,Cliente 44,LA MOLINA,AMORTIGUADORES POSTERIORES,2,139.7,279.4,Vendedor 5
806,2023-05-29,Cliente 46,LA MOLINA,AMORTIGUADORES DELANTEROS,3,242.9,728.7,Vendedor 4
807,2023-05-29,Cliente 33,LA MOLINA,AMORTIGUADORES POSTERIORES,6,139.7,838.2,Vendedor 1
808,2023-05-30,Cliente 26,LA MOLINA,AMORTIGUADORES DELANTEROS,6,242.9,1457.4,Vendedor 8
809,2023-05-30,Cliente 30,LA MOLINA,AMORTIGUADORES POSTERIORES,8,139.7,1117.6,Vendedor 2
810,2023-05-31,Cliente 24,LA MOLINA,AMORTIGUADORES DELANTEROS,10,242.9,2429.0,Vendedor 2
811,2023-05-31,Cliente 5,LA MOLINA,AMORTIGUADORES POSTERIORES,2,139.7,279.4,Vendedor 1
812,2023-06-01,Cliente 6,SURCO,AUTO HONDA ACCORD 2014,1,22500.0,22500.0,Vendedor 6
813,2023-06-01,Cliente 3,SURCO,AUTO HONDA CIVIC 2014,1,27000.0,27000.0,Vendedor 8
814,2023-06-01,Cliente 11,LA MOLINA,AUTO HONDA ODISSEY 2013,1,19000.0,19000.0,Vendedor 10
815,2023-06-01,Cliente 47,LA MOLINA,AUTO HONDA CRV 2014,1,28500.0,28500.0,Vendedor 7
816,2023-06-01,Cliente 2,SURCO,AUTO HONDA FIT 2016,1,25000.0,25000.0,Vendedor 7
817,2023-06-01,Cliente 12,SURCO,AUTO HONDA CITY 2016,1,25000.0,25000.0,Vendedor 6
818,2023-06-01,Cliente 18,SURCO,FILTRO DE COMBUSTIBLE,1,114.1,114.1,Vendedor 5
819,2023-06-01,Cliente 3,LA MOLINA,AMORTIGUADORES DELANTEROS,2,230.4,460.8,Vendedor 10
820,2023-06-02,Cliente 42,SURCO,AUTO HONDA ACCORD 2014,1,22500.0,22500.0,Vendedor 5
821,2023-06-02,Cliente 27,LA MOLINA,AUTO HONDA CIVIC 2014,1,27000.0,27000.0,Vendedor 9
822,2023-06-02,Cliente 4,LA MOLINA,AUTO HONDA ODISSEY 2013,1,19000.0,19000.0,Vendedor 2
823,2023-06-02,Cliente 25,SURCO,AUTO HONDA FIT 2016,1,25000.0,25000.0,Vendedor 3
824,2023-06-02,Cliente 13,SURCO,AUTO HONDA CITY 2016,1,25000.0,25000.0,Vendedor 9
825,2023-06-02,Cliente 25,SURCO,FILTRO DE COMBUSTIBLE,1,114.1,114.1,Vendedor 6
826,2023-06-02,Cliente 23,LA MOLINA,AMORTIGUADORES DELANTEROS,2,230.4,460.8,Vendedor 10
827,2023-06-03,Cliente 12,LA MOLINA,AUTO HONDA CIVIC 2014,1,27000.0,27000.0,Vendedor 1
828,2023-06-03,Cliente 39,LA MOLINA,AUTO HONDA ODISSEY 2013,1,19000.0,19000.0,Vendedor 4
829,2023-06-03,Cliente 50,SURCO,AUTO HONDA FIT 2016,1,25000.0,25000.0,Vendedor 5
830,2023-06-03,Cliente 34,LA MOLINA,ACEITE DE MOTOR 5W30 FULL SINTÉTICO,1,146.9,146.9,Vendedor 6
831,2023-06-03,Cliente 11,SURCO,FILTRO DE COMBUSTIBLE,1,114.1,114.1,Vendedor 2
832,2023-06-03,Cliente 18,SURCO,AMORTIGUADORES DELANTEROS,2,230.4,460.8,Vendedor 9
833,2023-06-03,Cliente 37,SURCO,AMORTIGUADORES POSTERIORES,1,136.9,136.9,Vendedor 7
834,2023-06-03,Cliente 12,SURCO,"LLANTAS 18""",2,61.2,122.4,Vendedor 4
835,2023-06-03,Cliente 48,LA MOLINA,BATERÍA DE 18 PLACAS,1,98.0,98.0,Vendedor 6
836,2023-06-04,Cliente 46,SURCO,AUTO HONDA CIVIC 2014,1,27000.0,27000.0,Vendedor 6
837,2023-06-04,Cliente 37,SURCO,ACEITE DE MOTOR 5W30 FULL SINTÉTICO,3,146.9,440.7,Vendedor 4
838,2023-06-04,Cliente 35,LA MOLINA,FILTRO DE COMBUSTIBLE,1,114.1,114.1,Vendedor 5
839,2023-06-04,Cliente 3,LA MOLINA,AMORTIGUADORES DELANTEROS,2,230.4,460.8,Vendedor 2
840,2023-06-04,Cliente 39,SURCO,AMORTIGUADORES POSTERIORES,1,136.9,136.9,Vendedor 4
841,2023-06-04,Cliente 1,LA MOLINA,"LLANTAS 18""",1,61.2,61.2,Vendedor 6
842,2023-06-04,Cliente 9,SURCO,BATERÍA DE 18 PLACAS,1,98.0,98.0,Vendedor 6
843,2023-06-05,Cliente 21,SURCO,ACEITE DE MOTOR 5W30 FULL SINTÉTICO,3,146.9,440.7,Vendedor 1
844,2023-06-05,Cliente 10,SURCO,FILTRO DE COMBUSTIBLE,1,114.1,114.1,Vendedor 10
845,2023-06-05,Cliente 34,SURCO,AMORTIGUADORES DELANTEROS,2,230.4,460.8,Vendedor 6
846,2023-06-05,Cliente 46,LA MOLINA,AMORTIGUADORES POSTERIORES,1,136.9,136.9,Vendedor 7
847,2023-06-05,Cliente 22,SURCO,"LLANTAS 18""",3,61.2,183.6,Vendedor 5
848,2023-06-05,Cliente 9,LA MOLINA,BATERÍA DE 18 PLACAS,1,98.0,98.0,Vendedor 3
849,2023-06-06,Cliente 41,LA MOLINA,ACEITE DE MOTOR 5W30 FULL SINTÉTICO,3,146.9,440.7,Vendedor 8
850,2023-06-06,Cliente 46,SURCO,AMORTIGUADORES DELANTEROS,3,230.4,691.2,Vendedor 9
851,2023-06-06,Cliente 43,SURCO,AMORTIGUADORES POSTERIORES,2,136.9,273.8,Vendedor 10
852,2023-06-06,Cliente 20,LA MOLINA,"LLANTAS 18""",1,61.2,61.2,Vendedor 5
853,2023-06-06,Cliente 12,SURCO,BATERÍA DE 18 PLACAS,1,98.0,98.0,Vendedor 1
854,2023-06-07,Cliente 12,SURCO,ACEITE DE MOTOR 5W30 FULL SINTÉTICO,4,146.9,587.6,Vendedor 10
855,2023-06-07,Cliente 41,SURCO,AMORTIGUADORES DELANTEROS,3,230.4,691.2,Vendedor 10
856,2023-06-07,Cliente 10,LA MOLINA,AMORTIGUADORES POSTERIORES,1,136.9,136.9,Vendedor 6
857,2023-06-07,Cliente 16,SURCO,"LLANTAS 18""",3,61.2,183.6,Vendedor 6
858,2023-06-07,Cliente 11,LA MOLINA,BATERÍA DE 18 PLACAS,1,98.0,98.0,Vendedor 2
859,2023-06-08,Cliente 1,LA MOLINA,ACEITE DE MOTOR 5W30 FULL SINTÉTICO,3,146.9,440.7,Vendedor 5
860,2023-06-08,Cliente 45,LA MOLINA,AMORTIGUADORES DELANTEROS,2,230.4,460.8,Vendedor 2
861,2023-06-08,Cliente 7,LA MOLINA,AMORTIGUADORES POSTERIORES,2,136.9,273.8,Vendedor 1
862,2023-06-08,Cliente 29,LA MOLINA,"LLANTAS 18""",1,61.2,61.2,Vendedor 7
863,2023-06-08,Cliente 27,SURCO,BATERÍA DE 18 PLACAS,1,98.0,98.0,Vendedor 8
864,2023-06-09,Cliente 23,LA MOLINA,AUTO HONDA ODISSEY 2013,1,19000.0,19000.0,Vendedor 9
865,2023-06-09,Cliente 7,SURCO,AUTO HONDA PILOT 2013,1,27000.0,27000.0,Vendedor 8
866,2023-06-09,Cliente 11,SURCO,AUTO HONDA CITY 2016,1,25000.0,25000.0,Vendedor 8
867,2023-06-09,Cliente 19,LA MOLINA,ACEITE DE MOTOR 5W30 FULL SINTÉTICO,1,146.9,146.9,Vendedor 1
868,2023-06-09,Cliente 7,LA MOLINA,AMORTIGUADORES DELANTEROS,3,230.4,691.2,Vendedor 2
869,2023-06-09,Cliente 25,SURCO,AMORTIGUADORES POSTERIORES,2,136.9,273.8,Vendedor 3
870,2023-06-09,Cliente 36,SURCO,"LLANTAS 18""",2,61.2,122.4,Vendedor 2
871,2023-06-09,Cliente 39,LA MOLINA,BATERÍA DE 18 PLACAS,1,98.0,98.0,Vendedor 10
872,2023-06-10,Cliente 46,LA MOLINA,AUTO HONDA ODISSEY 2013,1,19000.0,19000.0,Vendedor 1
873,2023-06-10,Cliente 42,SURCO,AUTO HONDA PILOT 2013,1,27000.0,27000.0,Vendedor 3
874,2023-06-10,Cliente 4,LA MOLINA,ACEITE DE MOTOR 5W30 FULL SINTÉTICO,2,146.9,293.8,Vendedor 2
875,2023-06-10,Cliente 13,LA MOLINA,AMORTIGUADORES DELANTEROS,3,230.4,691.2,Vendedor 7
876,2023-06-10,Cliente 20,LA MOLINA,AMORTIGUADORES POSTERIORES,2,136.9,273.8,Vendedor 4
877,2023-06-10,Cliente 26,LA MOLINA,"LLANTAS 18""",1,61.2,61.2,Vendedor 10
878,2023-06-10,Cliente 10,LA MOLINA,BATERÍA DE 18 PLACAS,1,98.0,98.0,Vendedor 1
879,2023-06-11,Cliente 1,SURCO,AUTO HONDA ODISSEY 2013,1,19000.0,19000.0,Vendedor 7
880,2023-06-11,Cliente 19,SURCO,AUTO HONDA PILOT 2013,1,27000.0,27000.0,Vendedor 10
881,2023-06-11,Cliente 2,LA MOLINA,AMORTIGUADORES DELANTEROS,2,230.4,460.8,Vendedor 4
882,2023-06-11,Cliente 6,LA MOLINA,AMORTIGUADORES POSTERIORES,1,136.9,136.9,Vendedor 8
883,2023-06-11,Cliente 26,LA MOLINA,"LLANTAS 18""",1,61.2,61.2,Vendedor 8
884,2023-06-11,Cliente 43,SURCO,BATERÍA DE 18 PLACAS,1,98.0,98.0,Vendedor 5
885,2023-06-12,Cliente 42,SURCO,AUTO HONDA PILOT 2013,1,27000.0,27000.0,Vendedor 9
886,2023-06-12,Cliente 25,LA MOLINA,AMORTIGUADORES DELANTEROS,2,230.4,460.8,Vendedor 6
887,2023-06-12,Cliente 3,LA MOLINA,AMORTIGUADORES POSTERIORES,1,136.9,136.9,Vendedor 5
888,2023-06-12,Cliente 17,LA MOLINA,"LLANTAS 18""",4,61.2,244.8,Vendedor 4
889,2023-06-12,Cliente 37,SURCO,BATERÍA DE 18 PLACAS,1,98.0,98.0,Vendedor 1
890,2023-06-13,Cliente 49,SURCO,AUTO HONDA PILOT 2013,1,27000.0,27000.0,Vendedor 2
891,2023-06-13,Cliente 49,LA MOLINA,AMORTIGUADORES DELANTEROS,3,230.4,691.2,Vendedor 10
892,2023-06-13,Cliente 25,SURCO,AMORTIGUADORES POSTERIORES,1,136.9,136.9,Vendedor 9
893,2023-06-13,Cliente 37,LA MOLINA,"LLANTAS 18""",1,61.2,61.2,Vendedor 4
894,2023-06-13,Cliente 20,SURCO,BATERÍA DE 18 PLACAS,1,98.0,98.0,Vendedor 2
895,2023-06-14,Cliente 8,LA MOLINA,AMORTIGUADORES DELANTEROS,1,230.4,230.4,Vendedor 8
896,2023-06-14,Cliente 14,SURCO,AMORTIGUADORES POSTERIORES,1,136.9,136.9,Vendedor 4
897,2023-06-14,Cliente 28,SURCO,BATERÍA DE 18 PLACAS,1,98.0,98.0,Vendedor 2
898,2023-06-15,Cliente 21,LA MOLINA,AMORTIGUADORES DELANTEROS,2,230.4,460.8,Vendedor 2
899,2023-06-15,Cliente 36,LA MOLINA,AMORTIGUADORES POSTERIORES,1,136.9,136.9,Vendedor 7
900,2023-06-15,Cliente 34,SURCO,BATERÍA DE 18 PLACAS,1,98.0,98.0,Vendedor 8
901,2023-06-16,Cliente 8,LA MOLINA,AMORTIGUADORES DELANTEROS,5,230.4,1152.0,Vendedor 7
902,2023-06-16,Cliente 37,SURCO,AMORTIGUADORES POSTERIORES,1,136.9,136.9,Vendedor 10
903,2023-06-16,Cliente 7,SURCO,BATERÍA DE 18 PLACAS,1,98.0,98.0,Vendedor 10
904,2023-06-17,Cliente 35,LA MOLINA,ACEITE DE MOTOR 5W30 FULL SINTÉTICO,1,146.9,146.9,Vendedor 6
905,2023-06-17,Cliente 25,LA MOLINA,AMORTIGUADORES DELANTEROS,4,230.4,921.6,Vendedor 8
906,2023-06-17,Cliente 12,SURCO,AMORTIGUADORES POSTERIORES,2,136.9,273.8,Vendedor 5
907,2023-06-17,Cliente 40,SURCO,"LLANTAS 18""",4,61.2,244.8,Vendedor 10
908,2023-06-17,Cliente 3,LA MOLINA,BATERÍA DE 18 PLACAS,1,98.0,98.0,Vendedor 7
909,2023-06-18,Cliente 4,SURCO,ACEITE DE MOTOR 5W30 FULL SINTÉTICO,3,146.9,440.7,Vendedor 8
910,2023-06-18,Cliente 2,LA MOLINA,AMORTIGUADORES DELANTEROS,3,230.4,691.2,Vendedor 6
911,2023-06-18,Cliente 18,LA MOLINA,AMORTIGUADORES POSTERIORES,2,136.9,273.8,Vendedor 8
912,2023-06-18,Cliente 9,SURCO,"LLANTAS 18""",1,61.2,61.2,Vendedor 5
913,2023-06-18,Cliente 50,LA MOLINA,BATERÍA DE 18 PLACAS,1,98.0,98.0,Vendedor 6
914,2023-06-19,Cliente 39,LA MOLINA,ACEITE DE MOTOR 5W30 FULL SINTÉTICO,3,146.9,440.7,Vendedor 2
915,2023-06-19,Cliente 14,LA MOLINA,AMORTIGUADORES DELANTEROS,2,230.4,460.8,Vendedor 7
916,2023-06-19,Cliente 49,LA MOLINA,AMORTIGUADORES POSTERIORES,3,136.9,410.7,Vendedor 9
917,2023-06-19,Cliente 33,SURCO,"LLANTAS 18""",3,61.2,183.6,Vendedor 3
918,2023-06-19,Cliente 20,SURCO,BATERÍA DE 18 PLACAS,1,98.0,98.0,Vendedor 9
919,2023-06-20,Cliente 50,SURCO,ACEITE DE MOTOR 5W30 FULL SINTÉTICO,4,146.9,587.6,Vendedor 9
920,2023-06-20,Cliente 12,SURCO,AMORTIGUADORES DELANTEROS,5,230.4,1152.0,Vendedor 4
921,2023-06-20,Cliente 16,SURCO,AMORTIGUADORES POSTERIORES,1,136.9,136.9,Vendedor 1
922,2023-06-20,Cliente 24,SURCO,"LLANTAS 18""",2,61.2,122.4,Vendedor 4
923,2023-06-20,Cliente 24,LA MOLINA,BATERÍA DE 18 PLACAS,1,98.0,98.0,Vendedor 8
924,2023-06-21,Cliente 41,LA MOLINA,ACEITE DE MOTOR 5W30 FULL SINTÉTICO,5,146.9,734.5,Vendedor 2
925,2023-06-21,Cliente 16,SURCO,AMORTIGUADORES DELANTEROS,5,230.4,1152.0,Vendedor 6
926,2023-06-21,Cliente 12,LA MOLINA,AMORTIGUADORES POSTERIORES,2,136.9,273.8,Vendedor 8
927,2023-06-21,Cliente 23,LA MOLINA,"LLANTAS 18""",5,61.2,306.0,Vendedor 3
928,2023-06-21,Cliente 19,SURCO,BATERÍA DE 18 PLACAS,2,98.0,196.0,Vendedor 1
929,2023-06-22,Cliente 11,SURCO,ACEITE DE MOTOR 5W30 FULL SINTÉTICO,3,146.9,440.7,Vendedor 10
930,2023-06-22,Cliente 44,SURCO,AMORTIGUADORES POSTERIORES,1,136.9,136.9,Vendedor 4
931,2023-06-22,Cliente 33,LA MOLINA,"LLANTAS 18""",3,61.2,183.6,Vendedor 1
932,2023-06-22,Cliente 9,LA MOLINA,BATERÍA DE 18 PLACAS,1,98.0,98.0,Vendedor 3
933,2023-06-23,Cliente 17,LA MOLINA,ACEITE DE MOTOR 5W30 FULL SINTÉTICO,1,146.9,146.9,Vendedor 10
934,2023-06-23,Cliente 28,LA MOLINA,AMORTIGUADORES POSTERIORES,2,136.9,273.8,Vendedor 7
935,2023-06-23,Cliente 30,LA MOLINA,"LLANTAS 18""",2,61.2,122.4,Vendedor 5
936,2023-06-23,Cliente 20,LA MOLINA,BATERÍA DE 18 PLACAS,1,98.0,98.0,Vendedor 9
937,2023-06-24,Cliente 36,LA MOLINA,AMORTIGUADORES POSTERIORES,1,136.9,136.9,Vendedor 10
938,2023-06-24,Cliente 31,SURCO,BATERÍA DE 18 PLACAS,2,98.0,196.0,Vendedor 2
939,2023-06-25,Cliente 17,LA MOLINA,AMORTIGUADORES POSTERIORES,3,136.9,410.7,Vendedor 5
940,2023-06-25,Cliente 4,SURCO,BATERÍA DE 18 PLACAS,1,98.0,98.0,Vendedor 10
941,2023-06-26,Cliente 47,SURCO,AMORTIGUADORES POSTERIORES,3,136.9,410.7,Vendedor 1
942,2023-06-26,Cliente 17,SURCO,BATERÍA DE 18 PLACAS,2,98.0,196.0,Vendedor 7
943,2023-06-27,Cliente 22,SURCO,AMORTIGUADORES POSTERIORES,1,136.9,136.9,Vendedor 4
944,2023-06-27,Cliente 33,SURCO,BATERÍA DE 18 PLACAS,2,98.0,196.0,Vendedor 5
945,2023-06-28,Cliente 7,LA MOLINA,AMORTIGUADORES POSTERIORES,2,136.9,273.8,Vendedor 8
946,2023-06-28,Cliente 47,SURCO,BATERÍA DE 18 PLACAS,3,98.0,294.0,Vendedor 9
947,2023-06-29,Cliente 15,SURCO,AMORTIGUADORES POSTERIORES,1,136.9,136.9,Vendedor 6
948,2023-06-29,Cliente 27,SURCO,BATERÍA DE 18 PLACAS,3,98.0,294.0,Vendedor 6
949,2023-06-30,Cliente 4,LA MOLINA,AMORTIGUADORES POSTERIORES,4,136.9,547.6,Vendedor 10
950,2023-06-30,Cliente 31,SURCO,BATERÍA DE 18 PLACAS,3,98.0,294.0,Vendedor 4
951,2023-07-01,Cliente 34,LA MOLINA,AUTO HONDA ACCORD 2014,1,20500.0,20500.0,Vendedor 5
952,2023-07-01,Cliente 4,LA MOLINA,AUTO HONDA CIVIC 2014,1,31500.0,31500.0,Vendedor 3
953,2023-07-01,Cliente 13,SURCO,AUTO HONDA ODISSEY 2013,1,22500.0,22500.0,Vendedor 6
954,2023-07-01,Cliente 37,LA MOLINA,AUTO HONDA CRV 2014,1,28500.0,28500.0,Vendedor 8
955,2023-07-01,Cliente 21,SURCO,AUTO HONDA FIT 2016,1,26500.0,26500.0,Vendedor 3
956,2023-07-01,Cliente 22,LA MOLINA,FILTRO DE COMBUSTIBLE,1,104.9,104.9,Vendedor 3
957,2023-07-01,Cliente 1,LA MOLINA,AMORTIGUADORES POSTERIORES,3,109.1,327.3,Vendedor 8
958,2023-07-01,Cliente 49,SURCO,BATERÍA DE 18 PLACAS,1,117.3,117.3,Vendedor 3
959,2023-07-02,Cliente 32,SURCO,AUTO HONDA ACCORD 2014,1,20500.0,20500.0,Vendedor 2
960,2023-07-02,Cliente 40,SURCO,AUTO HONDA CIVIC 2014,1,31500.0,31500.0,Vendedor 7
961,2023-07-02,Cliente 26,SURCO,AUTO HONDA ODISSEY 2013,1,22500.0,22500.0,Vendedor 7
962,2023-07-02,Cliente 25,LA MOLINA,AUTO HONDA CRV 2014,1,28500.0,28500.0,Vendedor 1
963,2023-07-02,Cliente 35,SURCO,AUTO HONDA FIT 2016,1,26500.0,26500.0,Vendedor 4
964,2023-07-02,Cliente 21,SURCO,FILTRO DE COMBUSTIBLE,1,104.9,104.9,Vendedor 9
965,2023-07-02,Cliente 41,LA MOLINA,AMORTIGUADORES POSTERIORES,1,109.1,109.1,Vendedor 4
966,2023-07-03,Cliente 20,LA MOLINA,AUTO HONDA ACCORD 2014,1,20500.0,20500.0,Vendedor 3
967,2023-07-03,Cliente 25,SURCO,AUTO HONDA CIVIC 2014,1,31500.0,31500.0,Vendedor 9
968,2023-07-03,Cliente 11,SURCO,AUTO HONDA ODISSEY 2013,1,22500.0,22500.0,Vendedor 2
969,2023-07-03,Cliente 20,SURCO,AUTO HONDA CRV 2014,1,28500.0,28500.0,Vendedor 5
970,2023-07-03,Cliente 28,LA MOLINA,ACEITE DE MOTOR 5W30 FULL SINTÉTICO,2,132.1,264.2,Vendedor 3
971,2023-07-03,Cliente 32,LA MOLINA,FILTRO DE COMBUSTIBLE,1,104.9,104.9,Vendedor 6
972,2023-07-03,Cliente 26,SURCO,AMORTIGUADORES DELANTEROS,1,279.0,279.0,Vendedor 1
973,2023-07-03,Cliente 47,SURCO,AMORTIGUADORES POSTERIORES,1,109.1,109.1,Vendedor 3
974,2023-07-03,Cliente 38,SURCO,"LLANTAS 18""",2,76.1,152.2,Vendedor 9
975,2023-07-03,Cliente 8,SURCO,BATERÍA DE 18 PLACAS,1,117.3,117.3,Vendedor 6
976,2023-07-04,Cliente 25,SURCO,AUTO HONDA ACCORD 2014,1,20500.0,20500.0,Vendedor 5
977,2023-07-04,Cliente 39,SURCO,AUTO HONDA CIVIC 2014,1,31500.0,31500.0,Vendedor 1
978,2023-07-04,Cliente 42,SURCO,AUTO HONDA ODISSEY 2013,1,22500.0,22500.0,Vendedor 1
979,2023-07-04,Cliente 45,SURCO,AUTO HONDA CRV 2014,1,28500.0,28500.0,Vendedor 2
980,2023-07-04,Cliente 25,LA MOLINA,ACEITE DE MOTOR 5W30 FULL SINTÉTICO,2,132.1,264.2,Vendedor 2
981,2023-07-04,Cliente 31,LA MOLINA,FILTRO DE COMBUSTIBLE,1,104.9,104.9,Vendedor 3
982,2023-07-04,Cliente 20,SURCO,AMORTIGUADORES DELANTEROS,1,279.0,279.0,Vendedor 7
983,2023-07-04,Cliente 43,SURCO,AMORTIGUADORES POSTERIORES,3,109.1,327.3,Vendedor 9
984,2023-07-04,Cliente 27,SURCO,"LLANTAS 18""",3,76.1,228.3,Vendedor 2
985,2023-07-04,Cliente 19,SURCO,BATERÍA DE 18 PLACAS,1,117.3,117.3,Vendedor 2
986,2023-07-05,Cliente 32,SURCO,AUTO HONDA ACCORD 2014,1,20500.0,20500.0,Vendedor 4
987,2023-07-05,Cliente 50,LA MOLINA,AUTO HONDA CIVIC 2014,1,31500.0,31500.0,Vendedor 5
988,2023-07-05,Cliente 23,SURCO,AUTO HONDA CRV 2014,1,28500.0,28500.0,Vendedor 7
989,2023-07-05,Cliente 3,SURCO,ACEITE DE MOTOR 5W30 FULL SINTÉTICO,2,132.1,264.2,Vendedor 9
990,2023-07-05,Cliente 14,LA MOLINA,FILTRO DE COMBUSTIBLE,1,104.9,104.9,Vendedor 8
991,2023-07-05,Cliente 1,SURCO,AMORTIGUADORES DELANTEROS,2,279.0,558.0,Vendedor 1
992,2023-07-05,Cliente 8,SURCO,AMORTIGUADORES POSTERIORES,3,109.1,327.3,Vendedor 10
993,2023-07-05,Cliente 6,SURCO,"LLANTAS 18""",4,76.1,304.4,Vendedor 9
994,2023-07-05,Cliente 47,SURCO,BATERÍA DE 18 PLACAS,1,117.3,117.3,Vendedor 2
995,2023-07-06,Cliente 42,LA MOLINA,AUTO HONDA ACCORD 2014,1,20500.0,20500.0,Vendedor 4
996,2023-07-06,Cliente 19,LA MOLINA,AUTO HONDA CIVIC 2014,1,31500.0,31500.0,Vendedor 5
997,2023-07-06,Cliente 4,LA MOLINA,AUTO HONDA CRV 2014,1,28500.0,28500.0,Vendedor 2
998,2023-07-06,Cliente 19,SURCO,ACEITE DE MOTOR 5W30 FULL SINTÉTICO,1,132.1,132.1,Vendedor 6
999,2023-07-06,Cliente 28,LA MOLINA,FILTRO DE COMBUSTIBLE,1,104.9,104.9,Vendedor 2
1000,2023-07-06,Cliente 1,SURCO,AMORTIGUADORES DELANTEROS,1,279.0,279.0,Vendedor 3
1001,2023-07-06,Cliente 22,SURCO,AMORTIGUADORES POSTERIORES,3,109.1,327.3,Vendedor 6
1002,2023-07-06,Cliente 47,LA MOLINA,"LLANTAS 18""",4,76.1,304.4,Vendedor 2
1003,2023-07-06,Cliente 22,LA MOLINA,BATERÍA DE 18 PLACAS,1,117.3,117.3,Vendedor 3
1004,2023-07-07,Cliente 26,SURCO,AUTO HONDA CRV 2014,1,28500.0,28500.0,Vendedor 7
1005,2023-07-07,Cliente 25,LA MOLINA,ACEITE DE MOTOR 5W30 FULL SINTÉTICO,2,132.1,264.2,Vendedor 8
1006,2023-07-07,Cliente 42,LA MOLINA,FILTRO DE COMBUSTIBLE,1,104.9,104.9,Vendedor 3
1007,2023-07-07,Cliente 45,SURCO,AMORTIGUADORES DELANTEROS,1,279.0,279.0,Vendedor 1
1008,2023-07-07,Cliente 27,LA MOLINA,AMORTIGUADORES POSTERIORES,1,109.1,109.1,Vendedor 10
1009,2023-07-07,Cliente 12,LA MOLINA,"LLANTAS 18""",4,76.1,304.4,Vendedor 10
1010,2023-07-07,Cliente 40,LA MOLINA,BATERÍA DE 18 PLACAS,2,117.3,234.6,Vendedor 1
1011,2023-07-08,Cliente 31,SURCO,AUTO HONDA CRV 2014,1,28500.0,28500.0,Vendedor 8
1012,2023-07-08,Cliente 29,LA MOLINA,ACEITE DE MOTOR 5W30 FULL SINTÉTICO,1,132.1,132.1,Vendedor 1
1013,2023-07-08,Cliente 17,SURCO,FILTRO DE COMBUSTIBLE,1,104.9,104.9,Vendedor 6
1014,2023-07-08,Cliente 43,SURCO,AMORTIGUADORES DELANTEROS,1,279.0,279.0,Vendedor 6
1015,2023-07-08,Cliente 28,LA MOLINA,AMORTIGUADORES POSTERIORES,3,109.1,327.3,Vendedor 4
1016,2023-07-08,Cliente 43,LA MOLINA,"LLANTAS 18""",2,76.1,152.2,Vendedor 7
1017,2023-07-08,Cliente 1,SURCO,BATERÍA DE 18 PLACAS,1,117.3,117.3,Vendedor 3
1018,2023-07-09,Cliente 11,LA MOLINA,ACEITE DE MOTOR 5W30 FULL SINTÉTICO,2,132.1,264.2,Vendedor 2
1019,2023-07-09,Cliente 21,LA MOLINA,FILTRO DE COMBUSTIBLE,1,104.9,104.9,Vendedor 4
1020,2023-07-09,Cliente 4,LA MOLINA,AMORTIGUADORES DELANTEROS,3,279.0,837.0,Vendedor 9
1021,2023-07-09,Cliente 26,LA MOLINA,AMORTIGUADORES POSTERIORES,1,109.1,109.1,Vendedor 4
1022,2023-07-09,Cliente 29,SURCO,"LLANTAS 18""",1,76.1,76.1,Vendedor 10
1023,2023-07-09,Cliente 32,LA MOLINA,BATERÍA DE 18 PLACAS,2,117.3,234.6,Vendedor 8
1024,2023-07-10,Cliente 8,LA MOLINA,AUTO HONDA CIVIC 2014,1,31500.0,31500.0,Vendedor 8
1025,2023-07-10,Cliente 7,SURCO,AUTO HONDA ODISSEY 2013,1,22500.0,22500.0,Vendedor 7
1026,2023-07-10,Cliente 3,SURCO,AUTO HONDA PILOT 2013,1,28500.0,28500.0,Vendedor 9
1027,2023-07-10,Cliente 39,SURCO,ACEITE DE MOTOR 5W30 FULL SINTÉTICO,1,132.1,132.1,Vendedor 10
1028,2023-07-10,Cliente 33,LA MOLINA,FILTRO DE COMBUSTIBLE,1,104.9,104.9,Vendedor 9
1029,2023-07-10,Cliente 22,LA MOLINA,AMORTIGUADORES DELANTEROS,2,279.0,558.0,Vendedor 6
1030,2023-07-10,Cliente 30,LA MOLINA,AMORTIGUADORES POSTERIORES,1,109.1,109.1,Vendedor 6
1031,2023-07-10,Cliente 46,SURCO,"LLANTAS 18""",4,76.1,304.4,Vendedor 8
1032,2023-07-11,Cliente 49,SURCO,AUTO HONDA PILOT 2013,1,28500.0,28500.0,Vendedor 4
1033,2023-07-11,Cliente 23,LA MOLINA,ACEITE DE MOTOR 5W30 FULL SINTÉTICO,1,132.1,132.1,Vendedor 5
1034,2023-07-11,Cliente 45,LA MOLINA,FILTRO DE COMBUSTIBLE,1,104.9,104.9,Vendedor 2
1035,2023-07-11,Cliente 32,SURCO,AMORTIGUADORES DELANTEROS,1,279.0,279.0,Vendedor 3
1036,2023-07-11,Cliente 7,LA MOLINA,AMORTIGUADORES POSTERIORES,3,109.1,327.3,Vendedor 5
1037,2023-07-11,Cliente 8,SURCO,"LLANTAS 18""",2,76.1,152.2,Vendedor 7
1038,2023-07-12,Cliente 46,SURCO,ACEITE DE MOTOR 5W30 FULL SINTÉTICO,2,132.1,264.2,Vendedor 6
1039,2023-07-12,Cliente 49,SURCO,FILTRO DE COMBUSTIBLE,1,104.9,104.9,Vendedor 7
1040,2023-07-12,Cliente 50,SURCO,AMORTIGUADORES DELANTEROS,1,279.0,279.0,Vendedor 8
1041,2023-07-12,Cliente 32,LA MOLINA,AMORTIGUADORES POSTERIORES,4,109.1,436.4,Vendedor 1
1042,2023-07-12,Cliente 38,SURCO,"LLANTAS 18""",1,76.1,76.1,Vendedor 8
1043,2023-07-13,Cliente 7,SURCO,ACEITE DE MOTOR 5W30 FULL SINTÉTICO,1,132.1,132.1,Vendedor 7
1044,2023-07-13,Cliente 33,LA MOLINA,FILTRO DE COMBUSTIBLE,1,104.9,104.9,Vendedor 7
1045,2023-07-13,Cliente 18,SURCO,AMORTIGUADORES DELANTEROS,1,279.0,279.0,Vendedor 7
1046,2023-07-13,Cliente 29,LA MOLINA,AMORTIGUADORES POSTERIORES,3,109.1,327.3,Vendedor 3
1047,2023-07-13,Cliente 39,SURCO,"LLANTAS 18""",2,76.1,152.2,Vendedor 9
1048,2023-07-14,Cliente 46,LA MOLINA,ACEITE DE MOTOR 5W30 FULL SINTÉTICO,3,132.1,396.3,Vendedor 9
1049,2023-07-14,Cliente 13,SURCO,FILTRO DE COMBUSTIBLE,1,104.9,104.9,Vendedor 4
1050,2023-07-14,Cliente 44,LA MOLINA,AMORTIGUADORES DELANTEROS,3,279.0,837.0,Vendedor 3
1051,2023-07-14,Cliente 46,LA MOLINA,AMORTIGUADORES POSTERIORES,2,109.1,218.2,Vendedor 2
1052,2023-07-14,Cliente 38,SURCO,"LLANTAS 18""",3,76.1,228.3,Vendedor 10
1053,2023-07-15,Cliente 28,LA MOLINA,ACEITE DE MOTOR 5W30 FULL SINTÉTICO,3,132.1,396.3,Vendedor 1
1054,2023-07-15,Cliente 2,SURCO,FILTRO DE COMBUSTIBLE,1,104.9,104.9,Vendedor 7
1055,2023-07-15,Cliente 43,LA MOLINA,AMORTIGUADORES DELANTEROS,2,279.0,558.0,Vendedor 1
1056,2023-07-15,Cliente 49,LA MOLINA,AMORTIGUADORES POSTERIORES,2,109.1,218.2,Vendedor 3
1057,2023-07-15,Cliente 10,SURCO,"LLANTAS 18""",3,76.1,228.3,Vendedor 1
1058,2023-07-16,Cliente 23,SURCO,ACEITE DE MOTOR 5W30 FULL SINTÉTICO,1,132.1,132.1,Vendedor 8
1059,2023-07-16,Cliente 40,SURCO,FILTRO DE COMBUSTIBLE,1,104.9,104.9,Vendedor 9
1060,2023-07-16,Cliente 33,LA MOLINA,AMORTIGUADORES POSTERIORES,4,109.1,436.4,Vendedor 5
1061,2023-07-16,Cliente 25,SURCO,"LLANTAS 18""",1,76.1,76.1,Vendedor 7
1062,2023-07-17,Cliente 1,SURCO,ACEITE DE MOTOR 5W30 FULL SINTÉTICO,3,132.1,396.3,Vendedor 5
1063,2023-07-17,Cliente 40,SURCO,FILTRO DE COMBUSTIBLE,1,104.9,104.9,Vendedor 8
1064,2023-07-17,Cliente 49,LA MOLINA,AMORTIGUADORES DELANTEROS,2,279.0,558.0,Vendedor 10
1065,2023-07-17,Cliente 19,SURCO,AMORTIGUADORES POSTERIORES,2,109.1,218.2,Vendedor 8
1066,2023-07-17,Cliente 12,SURCO,"LLANTAS 18""",2,76.1,152.2,Vendedor 3
1067,2023-07-17,Cliente 25,SURCO,BATERÍA DE 18 PLACAS,3,117.3,351.9,Vendedor 1
1068,2023-07-18,Cliente 36,LA MOLINA,ACEITE DE MOTOR 5W30 FULL SINTÉTICO,2,132.1,264.2,Vendedor 5
1069,2023-07-18,Cliente 11,SURCO,FILTRO DE COMBUSTIBLE,1,104.9,104.9,Vendedor 10
1070,2023-07-18,Cliente 22,SURCO,AMORTIGUADORES DELANTEROS,3,279.0,837.0,Vendedor 8
1071,2023-07-18,Cliente 10,SURCO,AMORTIGUADORES POSTERIORES,2,109.1,218.2,Vendedor 6
1072,2023-07-18,Cliente 50,SURCO,"LLANTAS 18""",4,76.1,304.4,Vendedor 10
1073,2023-07-18,Cliente 32,LA MOLINA,BATERÍA DE 18 PLACAS,3,117.3,351.9,Vendedor 10
1074,2023-07-19,Cliente 5,LA MOLINA,ACEITE DE MOTOR 5W30 FULL SINTÉTICO,3,132.1,396.3,Vendedor 6
1075,2023-07-19,Cliente 12,SURCO,FILTRO DE COMBUSTIBLE,1,104.9,104.9,Vendedor 9
1076,2023-07-19,Cliente 27,SURCO,AMORTIGUADORES DELANTEROS,1,279.0,279.0,Vendedor 9
1077,2023-07-19,Cliente 23,SURCO,AMORTIGUADORES POSTERIORES,4,109.1,436.4,Vendedor 4
1078,2023-07-19,Cliente 22,LA MOLINA,"LLANTAS 18""",2,76.1,152.2,Vendedor 6
1079,2023-07-19,Cliente 49,SURCO,BATERÍA DE 18 PLACAS,2,117.3,234.6,Vendedor 10
1080,2023-07-20,Cliente 36,LA MOLINA,ACEITE DE MOTOR 5W30 FULL SINTÉTICO,3,132.1,396.3,Vendedor 1
1081,2023-07-20,Cliente 43,SURCO,FILTRO DE COMBUSTIBLE,1,104.9,104.9,Vendedor 6
1082,2023-07-20,Cliente 42,SURCO,AMORTIGUADORES DELANTEROS,4,279.0,1116.0,Vendedor 10
1083,2023-07-20,Cliente 44,SURCO,AMORTIGUADORES POSTERIORES,2,109.1,218.2,Vendedor 6
1084,2023-07-20,Cliente 25,LA MOLINA,"LLANTAS 18""",4,76.1,304.4,Vendedor 5
1085,2023-07-20,Cliente 2,LA MOLINA,BATERÍA DE 18 PLACAS,3,117.3,351.9,Vendedor 9
1086,2023-07-21,Cliente 32,LA MOLINA,ACEITE DE MOTOR 5W30 FULL SINTÉTICO,2,132.1,264.2,Vendedor 1
1087,2023-07-21,Cliente 42,LA MOLINA,FILTRO DE COMBUSTIBLE,1,104.9,104.9,Vendedor 4
1088,2023-07-21,Cliente 7,SURCO,AMORTIGUADORES DELANTEROS,2,279.0,558.0,Vendedor 3
1089,2023-07-21,Cliente 41,LA MOLINA,AMORTIGUADORES POSTERIORES,5,109.1,545.5,Vendedor 2
1090,2023-07-21,Cliente 44,LA MOLINA,"LLANTAS 18""",2,76.1,152.2,Vendedor 7
1091,2023-07-21,Cliente 35,SURCO,BATERÍA DE 18 PLACAS,1,117.3,117.3,Vendedor 7
1092,2023-07-22,Cliente 48,SURCO,ACEITE DE MOTOR 5W30 FULL SINTÉTICO,3,132.1,396.3,Vendedor 3
1093,2023-07-22,Cliente 30,SURCO,FILTRO DE COMBUSTIBLE,1,104.9,104.9,Vendedor 6
1094,2023-07-22,Cliente 5,LA MOLINA,AMORTIGUADORES DELANTEROS,1,279.0,279.0,Vendedor 1
1095,2023-07-22,Cliente 36,LA MOLINA,AMORTIGUADORES POSTERIORES,2,109.1,218.2,Vendedor 2
1096,2023-07-22,Cliente 17,LA MOLINA,"LLANTAS 18""",2,76.1,152.2,Vendedor 7
1097,2023-07-22,Cliente 41,LA MOLINA,BATERÍA DE 18 PLACAS,2,117.3,234.6,Vendedor 7
1098,2023-07-23,Cliente 2,LA MOLINA,ACEITE DE MOTOR 5W30 FULL SINTÉTICO,2,132.1,264.2,Vendedor 7
1099,2023-07-23,Cliente 35,LA MOLINA,AMORTIGUADORES DELANTEROS,5,279.0,1395.0,Vendedor 1
1100,2023-07-23,Cliente 49,LA MOLINA,AMORTIGUADORES POSTERIORES,5,109.1,545.5,Vendedor 10
1101,2023-07-23,Cliente 23,SURCO,BATERÍA DE 18 PLACAS,3,117.3,351.9,Vendedor 9
1102,2023-07-24,Cliente 44,LA MOLINA,ACEITE DE MOTOR 5W30 FULL SINTÉTICO,1,132.1,132.1,Vendedor 5
1103,2023-07-24,Cliente 25,LA MOLINA,AMORTIGUADORES POSTERIORES,3,109.1,327.3,Vendedor 7
1104,2023-07-24,Cliente 35,SURCO,BATERÍA DE 18 PLACAS,2,117.3,234.6,Vendedor 4
1105,2023-07-25,Cliente 35,LA MOLINA,ACEITE DE MOTOR 5W30 FULL SINTÉTICO,2,132.1,264.2,Vendedor 5
1106,2023-07-25,Cliente 1,LA MOLINA,AMORTIGUADORES POSTERIORES,3,109.1,327.3,Vendedor 9
1107,2023-07-25,Cliente 3,SURCO,BATERÍA DE 18 PLACAS,1,117.3,117.3,Vendedor 1
1108,2023-07-26,Cliente 20,SURCO,ACEITE DE MOTOR 5W30 FULL SINTÉTICO,3,132.1,396.3,Vendedor 4
1109,2023-07-26,Cliente 42,LA MOLINA,AMORTIGUADORES POSTERIORES,2,109.1,218.2,Vendedor 9
1110,2023-07-26,Cliente 15,SURCO,BATERÍA DE 18 PLACAS,2,117.3,234.6,Vendedor 10
1111,2023-07-27,Cliente 8,LA MOLINA,ACEITE DE MOTOR 5W30 FULL SINTÉTICO,3,132.1,396.3,Vendedor 3
1112,2023-07-27,Cliente 49,LA MOLINA,AMORTIGUADORES POSTERIORES,7,109.1,763.7,Vendedor 9
1113,2023-07-27,Cliente 43,LA MOLINA,BATERÍA DE 18 PLACAS,1,117.3,117.3,Vendedor 2
1114,2023-07-28,Cliente 13,LA MOLINA,ACEITE DE MOTOR 5W30 FULL SINTÉTICO,2,132.1,264.2,Vendedor 10
1115,2023-07-28,Cliente 9,LA MOLINA,AMORTIGUADORES POSTERIORES,3,109.1,327.3,Vendedor 4
1116,2023-07-28,Cliente 13,SURCO,BATERÍA DE 18 PLACAS,3,117.3,351.9,Vendedor 6
1117,2023-07-29,Cliente 45,LA MOLINA,AMORTIGUADORES POSTERIORES,6,109.1,654.6,Vendedor 10
1118,2023-07-29,Cliente 21,LA MOLINA,BATERÍA DE 18 PLACAS,5,117.3,586.5,Vendedor 7
1119,2023-07-30,Cliente 18,LA MOLINA,AMORTIGUADORES POSTERIORES,4,109.1,436.4,Vendedor 6
1120,2023-07-30,Cliente 31,LA MOLINA,BATERÍA DE 18 PLACAS,6,117.3,703.8,Vendedor 8
1121,2023-07-31,Cliente 18,LA MOLINA,AMORTIGUADORES POSTERIORES,3,109.1,327.3,Vendedor 3
1122,2023-07-31,Cliente 47,SURCO,BATERÍA DE 18 PLACAS,5,117.3,586.5,Vendedor 2
1123,2023-08-01,Cliente 38,SURCO,AUTO HONDA ACCORD 2014,1,24500.0,24500.0,Vendedor 10
1124,2023-08-01,Cliente 50,LA MOLINA,AUTO HONDA CIVIC 2014,1,27500.0,27500.0,Vendedor 10
1125,2023-08-01,Cliente 3,LA MOLINA,AUTO HONDA ODISSEY 2013,1,22500.0,22500.0,Vendedor 9
1126,2023-08-01,Cliente 35,LA MOLINA,AUTO HONDA CRV 2014,1,28500.0,28500.0,Vendedor 9
1127,2023-08-01,Cliente 42,SURCO,AUTO HONDA PILOT 2013,1,34500.0,34500.0,Vendedor 3
1128,2023-08-01,Cliente 26,SURCO,AUTO HONDA FIT 2016,1,29500.0,29500.0,Vendedor 4
1129,2023-08-01,Cliente 9,SURCO,AUTO HONDA CITY 2016,1,20500.0,20500.0,Vendedor 8
1130,2023-08-01,Cliente 24,LA MOLINA,FILTRO DE COMBUSTIBLE,1,121.0,121.0,Vendedor 9
1131,2023-08-01,Cliente 40,LA MOLINA,AMORTIGUADORES POSTERIORES,3,102.9,308.7,Vendedor 3
1132,2023-08-01,Cliente 29,SURCO,BATERÍA DE 18 PLACAS,1,80.2,80.2,Vendedor 3
1133,2023-08-02,Cliente 37,SURCO,AUTO HONDA ACCORD 2014,1,24500.0,24500.0,Vendedor 10
1134,2023-08-02,Cliente 48,SURCO,AUTO HONDA CIVIC 2014,1,27500.0,27500.0,Vendedor 8
1135,2023-08-02,Cliente 3,LA MOLINA,AUTO HONDA ODISSEY 2013,1,22500.0,22500.0,Vendedor 4
1136,2023-08-02,Cliente 15,LA MOLINA,AUTO HONDA CRV 2014,1,28500.0,28500.0,Vendedor 2
1137,2023-08-02,Cliente 24,SURCO,AUTO HONDA PILOT 2013,1,34500.0,34500.0,Vendedor 4
1138,2023-08-02,Cliente 43,SURCO,AUTO HONDA FIT 2016,1,29500.0,29500.0,Vendedor 4
1139,2023-08-02,Cliente 25,SURCO,AUTO HONDA CITY 2016,1,20500.0,20500.0,Vendedor 8
1140,2023-08-02,Cliente 3,SURCO,FILTRO DE COMBUSTIBLE,1,121.0,121.0,Vendedor 6
1141,2023-08-02,Cliente 48,LA MOLINA,AMORTIGUADORES POSTERIORES,3,102.9,308.7,Vendedor 5
1142,2023-08-02,Cliente 25,SURCO,BATERÍA DE 18 PLACAS,1,80.2,80.2,Vendedor 7
1143,2023-08-03,Cliente 38,LA MOLINA,AUTO HONDA ACCORD 2014,1,24500.0,24500.0,Vendedor 2
1144,2023-08-03,Cliente 25,SURCO,AUTO HONDA CIVIC 2014,1,27500.0,27500.0,Vendedor 4
1145,2023-08-03,Cliente 23,SURCO,AUTO HONDA PILOT 2013,1,34500.0,34500.0,Vendedor 6
1146,2023-08-03,Cliente 31,SURCO,AUTO HONDA CITY 2016,1,20500.0,20500.0,Vendedor 10
1147,2023-08-03,Cliente 29,SURCO,ACEITE DE MOTOR 5W30 FULL SINTÉTICO,1,120.9,120.9,Vendedor 3
1148,2023-08-03,Cliente 5,SURCO,FILTRO DE COMBUSTIBLE,1,121.0,121.0,Vendedor 9
1149,2023-08-03,Cliente 10,SURCO,AMORTIGUADORES DELANTEROS,2,249.7,499.4,Vendedor 3
1150,2023-08-03,Cliente 39,LA MOLINA,AMORTIGUADORES POSTERIORES,1,102.9,102.9,Vendedor 2
1151,2023-08-03,Cliente 27,SURCO,"LLANTAS 18""",3,98.2,294.6,Vendedor 6
1152,2023-08-03,Cliente 31,SURCO,BATERÍA DE 18 PLACAS,1,80.2,80.2,Vendedor 8
1153,2023-08-04,Cliente 14,LA MOLINA,AUTO HONDA ACCORD 2014,1,24500.0,24500.0,Vendedor 10
1154,2023-08-04,Cliente 42,SURCO,AUTO HONDA CITY 2016,1,20500.0,20500.0,Vendedor 7
1155,2023-08-04,Cliente 3,SURCO,ACEITE DE MOTOR 5W30 FULL SINTÉTICO,1,120.9,120.9,Vendedor 3
1156,2023-08-04,Cliente 9,SURCO,FILTRO DE COMBUSTIBLE,1,121.0,121.0,Vendedor 9
1157,2023-08-04,Cliente 4,SURCO,AMORTIGUADORES DELANTEROS,1,249.7,249.7,Vendedor 3
1158,2023-08-04,Cliente 34,SURCO,AMORTIGUADORES POSTERIORES,2,102.9,205.8,Vendedor 7
1159,2023-08-04,Cliente 6,LA MOLINA,"LLANTAS 18""",1,98.2,98.2,Vendedor 4
1160,2023-08-04,Cliente 39,LA MOLINA,BATERÍA DE 18 PLACAS,1,80.2,80.2,Vendedor 8
1161,2023-08-05,Cliente 11,SURCO,AUTO HONDA CITY 2016,1,20500.0,20500.0,Vendedor 4
1162,2023-08-05,Cliente 38,SURCO,ACEITE DE MOTOR 5W30 FULL SINTÉTICO,2,120.9,241.8,Vendedor 3
1163,2023-08-05,Cliente 11,LA MOLINA,FILTRO DE COMBUSTIBLE,1,121.0,121.0,Vendedor 6
1164,2023-08-05,Cliente 15,SURCO,AMORTIGUADORES DELANTEROS,2,249.7,499.4,Vendedor 7
1165,2023-08-05,Cliente 7,SURCO,AMORTIGUADORES POSTERIORES,2,102.9,205.8,Vendedor 1
1166,2023-08-05,Cliente 10,LA MOLINA,"LLANTAS 18""",2,98.2,196.4,Vendedor 10
1167,2023-08-05,Cliente 12,SURCO,BATERÍA DE 18 PLACAS,1,80.2,80.2,Vendedor 8
1168,2023-08-06,Cliente 35,SURCO,ACEITE DE MOTOR 5W30 FULL SINTÉTICO,3,120.9,362.7,Vendedor 9
1169,2023-08-06,Cliente 6,SURCO,FILTRO DE COMBUSTIBLE,1,121.0,121.0,Vendedor 8
1170,2023-08-06,Cliente 50,SURCO,AMORTIGUADORES DELANTEROS,1,249.7,249.7,Vendedor 7
1171,2023-08-06,Cliente 3,LA MOLINA,AMORTIGUADORES POSTERIORES,4,102.9,411.6,Vendedor 9
1172,2023-08-06,Cliente 31,SURCO,"LLANTAS 18""",4,98.2,392.8,Vendedor 7
1173,2023-08-06,Cliente 38,LA MOLINA,BATERÍA DE 18 PLACAS,1,80.2,80.2,Vendedor 10
1174,2023-08-07,Cliente 9,LA MOLINA,ACEITE DE MOTOR 5W30 FULL SINTÉTICO,1,120.9,120.9,Vendedor 5
1175,2023-08-07,Cliente 50,LA MOLINA,FILTRO DE COMBUSTIBLE,1,121.0,121.0,Vendedor 4
1176,2023-08-07,Cliente 39,LA MOLINA,AMORTIGUADORES DELANTEROS,1,249.7,249.7,Vendedor 9
1177,2023-08-07,Cliente 13,LA MOLINA,AMORTIGUADORES POSTERIORES,4,102.9,411.6,Vendedor 1
1178,2023-08-07,Cliente 34,SURCO,"LLANTAS 18""",1,98.2,98.2,Vendedor 1
1179,2023-08-07,Cliente 42,LA MOLINA,BATERÍA DE 18 PLACAS,1,80.2,80.2,Vendedor 4
1180,2023-08-08,Cliente 27,LA MOLINA,ACEITE DE MOTOR 5W30 FULL SINTÉTICO,3,120.9,362.7,Vendedor 6
1181,2023-08-08,Cliente 10,SURCO,FILTRO DE COMBUSTIBLE,1,121.0,121.0,Vendedor 7
1182,2023-08-08,Cliente 35,LA MOLINA,AMORTIGUADORES DELANTEROS,2,249.7,499.4,Vendedor 7
1183,2023-08-08,Cliente 44,LA MOLINA,AMORTIGUADORES POSTERIORES,3,102.9,308.7,Vendedor 7
1184,2023-08-08,Cliente 36,LA MOLINA,"LLANTAS 18""",2,98.2,196.4,Vendedor 9
1185,2023-08-08,Cliente 12,LA MOLINA,BATERÍA DE 18 PLACAS,1,80.2,80.2,Vendedor 6
1186,2023-08-09,Cliente 17,LA MOLINA,AUTO HONDA ACCORD 2014,1,24500.0,24500.0,Vendedor 5
1187,2023-08-09,Cliente 50,LA MOLINA,AUTO HONDA CIVIC 2014,1,27500.0,27500.0,Vendedor 7
1188,2023-08-09,Cliente 43,SURCO,AUTO HONDA CRV 2014,1,28500.0,28500.0,Vendedor 2
1189,2023-08-09,Cliente 29,SURCO,AUTO HONDA PILOT 2013,1,34500.0,34500.0,Vendedor 3
1190,2023-08-09,Cliente 33,SURCO,ACEITE DE MOTOR 5W30 FULL SINTÉTICO,1,120.9,120.9,Vendedor 7
1191,2023-08-09,Cliente 36,LA MOLINA,FILTRO DE COMBUSTIBLE,1,121.0,121.0,Vendedor 10
1192,2023-08-09,Cliente 25,SURCO,AMORTIGUADORES DELANTEROS,1,249.7,249.7,Vendedor 1
1193,2023-08-09,Cliente 31,SURCO,AMORTIGUADORES POSTERIORES,1,102.9,102.9,Vendedor 10
1194,2023-08-09,Cliente 5,SURCO,"LLANTAS 18""",2,98.2,196.4,Vendedor 5
1195,2023-08-09,Cliente 24,SURCO,BATERÍA DE 18 PLACAS,1,80.2,80.2,Vendedor 2
1196,2023-08-10,Cliente 47,SURCO,AUTO HONDA ACCORD 2014,1,24500.0,24500.0,Vendedor 7
1197,2023-08-10,Cliente 40,LA MOLINA,AUTO HONDA CIVIC 2014,1,27500.0,27500.0,Vendedor 9
1198,2023-08-10,Cliente 46,SURCO,AUTO HONDA PILOT 2013,1,34500.0,34500.0,Vendedor 10
1199,2023-08-10,Cliente 41,SURCO,ACEITE DE MOTOR 5W30 FULL SINTÉTICO,1,120.9,120.9,Vendedor 8
1200,2023-08-10,Cliente 1,LA MOLINA,FILTRO DE COMBUSTIBLE,1,121.0,121.0,Vendedor 4
1201,2023-08-10,Cliente 3,SURCO,AMORTIGUADORES DELANTEROS,2,249.7,499.4,Vendedor 10
1202,2023-08-10,Cliente 44,SURCO,AMORTIGUADORES POSTERIORES,2,102.9,205.8,Vendedor 1
1203,2023-08-10,Cliente 42,LA MOLINA,"LLANTAS 18""",3,98.2,294.6,Vendedor 1
1204,2023-08-10,Cliente 6,LA MOLINA,BATERÍA DE 18 PLACAS,1,80.2,80.2,Vendedor 5
1205,2023-08-11,Cliente 23,LA MOLINA,AUTO HONDA ACCORD 2014,1,24500.0,24500.0,Vendedor 7
1206,2023-08-11,Cliente 34,SURCO,ACEITE DE MOTOR 5W30 FULL SINTÉTICO,2,120.9,241.8,Vendedor 1
1207,2023-08-11,Cliente 6,SURCO,FILTRO DE COMBUSTIBLE,1,121.0,121.0,Vendedor 9
1208,2023-08-11,Cliente 23,LA MOLINA,AMORTIGUADORES DELANTEROS,2,249.7,499.4,Vendedor 5
1209,2023-08-11,Cliente 30,SURCO,AMORTIGUADORES POSTERIORES,2,102.9,205.8,Vendedor 7
1210,2023-08-11,Cliente 12,LA MOLINA,"LLANTAS 18""",1,98.2,98.2,Vendedor 7
1211,2023-08-11,Cliente 36,LA MOLINA,BATERÍA DE 18 PLACAS,1,80.2,80.2,Vendedor 2
1212,2023-08-12,Cliente 22,LA MOLINA,ACEITE DE MOTOR 5W30 FULL SINTÉTICO,3,120.9,362.7,Vendedor 2
1213,2023-08-12,Cliente 35,LA MOLINA,FILTRO DE COMBUSTIBLE,1,121.0,121.0,Vendedor 10
1214,2023-08-12,Cliente 25,LA MOLINA,AMORTIGUADORES DELANTEROS,2,249.7,499.4,Vendedor 10
1215,2023-08-12,Cliente 49,SURCO,AMORTIGUADORES POSTERIORES,1,102.9,102.9,Vendedor 6
1216,2023-08-12,Cliente 38,LA MOLINA,"LLANTAS 18""",4,98.2,392.8,Vendedor 1
1217,2023-08-12,Cliente 8,LA MOLINA,BATERÍA DE 18 PLACAS,1,80.2,80.2,Vendedor 5
1218,2023-08-13,Cliente 41,LA MOLINA,ACEITE DE MOTOR 5W30 FULL SINTÉTICO,1,120.9,120.9,Vendedor 4
1219,2023-08-13,Cliente 21,SURCO,FILTRO DE COMBUSTIBLE,1,121.0,121.0,Vendedor 7
1220,2023-08-13,Cliente 45,SURCO,AMORTIGUADORES DELANTEROS,1,249.7,249.7,Vendedor 5
1221,2023-08-13,Cliente 6,LA MOLINA,AMORTIGUADORES POSTERIORES,2,102.9,205.8,Vendedor 7
1222,2023-08-13,Cliente 36,LA MOLINA,"LLANTAS 18""",3,98.2,294.6,Vendedor 3
1223,2023-08-13,Cliente 21,LA MOLINA,BATERÍA DE 18 PLACAS,1,80.2,80.2,Vendedor 6
1224,2023-08-14,Cliente 12,LA MOLINA,ACEITE DE MOTOR 5W30 FULL SINTÉTICO,2,120.9,241.8,Vendedor 4
1225,2023-08-14,Cliente 48,LA MOLINA,FILTRO DE COMBUSTIBLE,1,121.0,121.0,Vendedor 4
1226,2023-08-14,Cliente 17,LA MOLINA,AMORTIGUADORES DELANTEROS,1,249.7,249.7,Vendedor 4
1227,2023-08-14,Cliente 16,LA MOLINA,AMORTIGUADORES POSTERIORES,2,102.9,205.8,Vendedor 10
1228,2023-08-14,Cliente 50,LA MOLINA,"LLANTAS 18""",3,98.2,294.6,Vendedor 2
1229,2023-08-14,Cliente 6,LA MOLINA,BATERÍA DE 18 PLACAS,1,80.2,80.2,Vendedor 8
1230,2023-08-15,Cliente 24,SURCO,ACEITE DE MOTOR 5W30 FULL SINTÉTICO,1,120.9,120.9,Vendedor 10
1231,2023-08-15,Cliente 32,LA MOLINA,FILTRO DE COMBUSTIBLE,1,121.0,121.0,Vendedor 10
1232,2023-08-15,Cliente 12,LA MOLINA,AMORTIGUADORES DELANTEROS,2,249.7,499.4,Vendedor 9
1233,2023-08-15,Cliente 49,LA MOLINA,"LLANTAS 18""",4,98.2,392.8,Vendedor 10
1234,2023-08-15,Cliente 4,LA MOLINA,BATERÍA DE 18 PLACAS,1,80.2,80.2,Vendedor 9
1235,2023-08-16,Cliente 35,SURCO,ACEITE DE MOTOR 5W30 FULL SINTÉTICO,4,120.9,483.6,Vendedor 1
1236,2023-08-16,Cliente 26,LA MOLINA,FILTRO DE COMBUSTIBLE,1,121.0,121.0,Vendedor 3
1237,2023-08-16,Cliente 21,LA MOLINA,"LLANTAS 18""",5,98.2,491.0,Vendedor 1
1238,2023-08-16,Cliente 25,LA MOLINA,BATERÍA DE 18 PLACAS,1,80.2,80.2,Vendedor 10
1239,2023-08-17,Cliente 24,LA MOLINA,ACEITE DE MOTOR 5W30 FULL SINTÉTICO,1,120.9,120.9,Vendedor 10
1240,2023-08-17,Cliente 36,SURCO,AMORTIGUADORES DELANTEROS,2,249.7,499.4,Vendedor 5
1241,2023-08-17,Cliente 31,LA MOLINA,AMORTIGUADORES POSTERIORES,2,102.9,205.8,Vendedor 10
1242,2023-08-17,Cliente 12,LA MOLINA,"LLANTAS 18""",3,98.2,294.6,Vendedor 8
1243,2023-08-17,Cliente 27,SURCO,BATERÍA DE 18 PLACAS,2,80.2,160.4,Vendedor 6
1244,2023-08-18,Cliente 18,LA MOLINA,ACEITE DE MOTOR 5W30 FULL SINTÉTICO,3,120.9,362.7,Vendedor 8
1245,2023-08-18,Cliente 37,SURCO,AMORTIGUADORES DELANTEROS,1,249.7,249.7,Vendedor 4
1246,2023-08-18,Cliente 16,LA MOLINA,AMORTIGUADORES POSTERIORES,1,102.9,102.9,Vendedor 9
1247,2023-08-18,Cliente 13,LA MOLINA,"LLANTAS 18""",4,98.2,392.8,Vendedor 3
1248,2023-08-18,Cliente 1,LA MOLINA,BATERÍA DE 18 PLACAS,1,80.2,80.2,Vendedor 3
1249,2023-08-19,Cliente 9,LA MOLINA,ACEITE DE MOTOR 5W30 FULL SINTÉTICO,4,120.9,483.6,Vendedor 9
1250,2023-08-19,Cliente 32,LA MOLINA,AMORTIGUADORES DELANTEROS,3,249.7,749.1,Vendedor 5
1251,2023-08-19,Cliente 26,SURCO,AMORTIGUADORES POSTERIORES,3,102.9,308.7,Vendedor 2
1252,2023-08-19,Cliente 14,SURCO,"LLANTAS 18""",2,98.2,196.4,Vendedor 5
1253,2023-08-19,Cliente 29,SURCO,BATERÍA DE 18 PLACAS,2,80.2,160.4,Vendedor 6
1254,2023-08-20,Cliente 24,LA MOLINA,ACEITE DE MOTOR 5W30 FULL SINTÉTICO,3,120.9,362.7,Vendedor 9
1255,2023-08-20,Cliente 23,LA MOLINA,AMORTIGUADORES DELANTEROS,3,249.7,749.1,Vendedor 1
1256,2023-08-20,Cliente 23,SURCO,AMORTIGUADORES POSTERIORES,4,102.9,411.6,Vendedor 10
1257,2023-08-20,Cliente 50,SURCO,"LLANTAS 18""",2,98.2,196.4,Vendedor 5
1258,2023-08-20,Cliente 44,LA MOLINA,BATERÍA DE 18 PLACAS,2,80.2,160.4,Vendedor 9
1259,2023-08-21,Cliente 6,LA MOLINA,ACEITE DE MOTOR 5W30 FULL SINTÉTICO,4,120.9,483.6,Vendedor 7
1260,2023-08-21,Cliente 41,LA MOLINA,AMORTIGUADORES DELANTEROS,2,249.7,499.4,Vendedor 3
1261,2023-08-21,Cliente 27,LA MOLINA,AMORTIGUADORES POSTERIORES,2,102.9,205.8,Vendedor 10
1262,2023-08-21,Cliente 5,LA MOLINA,"LLANTAS 18""",5,98.2,491.0,Vendedor 2
1263,2023-08-21,Cliente 15,LA MOLINA,BATERÍA DE 18 PLACAS,1,80.2,80.2,Vendedor 6
1264,2023-08-22,Cliente 46,LA MOLINA,ACEITE DE MOTOR 5W30 FULL SINTÉTICO,3,120.9,362.7,Vendedor 5
1265,2023-08-22,Cliente 29,SURCO,AMORTIGUADORES DELANTEROS,4,249.7,998.8,Vendedor 6
1266,2023-08-22,Cliente 27,LA MOLINA,AMORTIGUADORES POSTERIORES,5,102.9,514.5,Vendedor 3
1267,2023-08-22,Cliente 9,SURCO,"LLANTAS 18""",2,98.2,196.4,Vendedor 4
1268,2023-08-22,Cliente 14,SURCO,BATERÍA DE 18 PLACAS,1,80.2,80.2,Vendedor 3
1269,2023-08-23,Cliente 7,SURCO,ACEITE DE MOTOR 5W30 FULL SINTÉTICO,4,120.9,483.6,Vendedor 2
1270,2023-08-23,Cliente 2,SURCO,AMORTIGUADORES DELANTEROS,3,249.7,749.1,Vendedor 7
1271,2023-08-23,Cliente 7,SURCO,AMORTIGUADORES POSTERIORES,3,102.9,308.7,Vendedor 5
1272,2023-08-23,Cliente 6,SURCO,"LLANTAS 18""",5,98.2,491.0,Vendedor 7
1273,2023-08-23,Cliente 16,LA MOLINA,BATERÍA DE 18 PLACAS,2,80.2,160.4,Vendedor 5
1274,2023-08-24,Cliente 9,SURCO,ACEITE DE MOTOR 5W30 FULL SINTÉTICO,4,120.9,483.6,Vendedor 9
1275,2023-08-24,Cliente 21,LA MOLINA,"LLANTAS 18""",1,98.2,98.2,Vendedor 8
1276,2023-08-24,Cliente 36,LA MOLINA,BATERÍA DE 18 PLACAS,2,80.2,160.4,Vendedor 8
1277,2023-08-25,Cliente 38,SURCO,ACEITE DE MOTOR 5W30 FULL SINTÉTICO,2,120.9,241.8,Vendedor 10
1278,2023-08-25,Cliente 23,LA MOLINA,"LLANTAS 18""",5,98.2,491.0,Vendedor 8
1279,2023-08-25,Cliente 29,LA MOLINA,BATERÍA DE 18 PLACAS,1,80.2,80.2,Vendedor 5
1280,2023-08-26,Cliente 17,LA MOLINA,ACEITE DE MOTOR 5W30 FULL SINTÉTICO,3,120.9,362.7,Vendedor 3
1281,2023-08-26,Cliente 23,SURCO,"LLANTAS 18""",1,98.2,98.2,Vendedor 5
1282,2023-08-26,Cliente 45,LA MOLINA,BATERÍA DE 18 PLACAS,2,80.2,160.4,Vendedor 8
1283,2023-08-27,Cliente 1,LA MOLINA,ACEITE DE MOTOR 5W30 FULL SINTÉTICO,4,120.9,483.6,Vendedor 7
1284,2023-08-27,Cliente 36,SURCO,"LLANTAS 18""",4,98.2,392.8,Vendedor 6
1285,2023-08-27,Cliente 36,LA MOLINA,BATERÍA DE 18 PLACAS,1,80.2,80.2,Vendedor 7
1286,2023-08-28,Cliente 11,SURCO,ACEITE DE MOTOR 5W30 FULL SINTÉTICO,4,120.9,483.6,Vendedor 7
1287,2023-08-28,Cliente 28,SURCO,"LLANTAS 18""",5,98.2,491.0,Vendedor 4
1288,2023-08-28,Cliente 19,LA MOLINA,BATERÍA DE 18 PLACAS,3,80.2,240.6,Vendedor 9
1289,2023-08-29,Cliente 13,LA MOLINA,ACEITE DE MOTOR 5W30 FULL SINTÉTICO,5,120.9,604.5,Vendedor 2
1290,2023-08-29,Cliente 41,SURCO,"LLANTAS 18""",5,98.2,491.0,Vendedor 8
1291,2023-08-29,Cliente 18,LA MOLINA,BATERÍA DE 18 PLACAS,3,80.2,240.6,Vendedor 10
1292,2023-08-30,Cliente 2,LA MOLINA,ACEITE DE MOTOR 5W30 FULL SINTÉTICO,4,120.9,483.6,Vendedor 3
1293,2023-08-30,Cliente 7,SURCO,"LLANTAS 18""",1,98.2,98.2,Vendedor 5
1294,2023-08-30,Cliente 46,LA MOLINA,BATERÍA DE 18 PLACAS,1,80.2,80.2,Vendedor 8
1295,2023-08-31,Cliente 32,SURCO,ACEITE DE MOTOR 5W30 FULL SINTÉTICO,5,120.9,604.5,Vendedor 4
1296,2023-08-31,Cliente 24,LA MOLINA,"LLANTAS 18""",10,98.2,982.0,Vendedor 8
1297,2023-09-01,Cliente 49,SURCO,AUTO HONDA ACCORD 2014,1,28000.0,28000.0,Vendedor 3
1298,2023-09-01,Cliente 18,SURCO,AUTO HONDA CIVIC 2014,1,26500.0,26500.0,Vendedor 7
1299,2023-09-01,Cliente 35,SURCO,AUTO HONDA ODISSEY 2013,1,22500.0,22500.0,Vendedor 8
1300,2023-09-01,Cliente 13,SURCO,AUTO HONDA CRV 2014,1,25500.0,25500.0,Vendedor 5
1301,2023-09-01,Cliente 1,SURCO,AUTO HONDA FIT 2016,1,33500.0,33500.0,Vendedor 2
1302,2023-09-01,Cliente 50,LA MOLINA,ACEITE DE MOTOR 5W30 FULL SINTÉTICO,1,135.5,135.5,Vendedor 8
1303,2023-09-01,Cliente 48,SURCO,FILTRO DE COMBUSTIBLE,1,140.8,140.8,Vendedor 1
1304,2023-09-01,Cliente 31,SURCO,"LLANTAS 18""",1,59.8,59.8,Vendedor 7
1305,2023-09-02,Cliente 21,LA MOLINA,AUTO HONDA ACCORD 2014,1,28000.0,28000.0,Vendedor 3
1306,2023-09-02,Cliente 48,SURCO,AUTO HONDA CIVIC 2014,1,26500.0,26500.0,Vendedor 9
1307,2023-09-02,Cliente 17,SURCO,AUTO HONDA ODISSEY 2013,1,22500.0,22500.0,Vendedor 8
1308,2023-09-02,Cliente 13,LA MOLINA,AUTO HONDA CRV 2014,1,25500.0,25500.0,Vendedor 6
1309,2023-09-02,Cliente 43,SURCO,AUTO HONDA FIT 2016,1,33500.0,33500.0,Vendedor 4
1310,2023-09-02,Cliente 41,SURCO,ACEITE DE MOTOR 5W30 FULL SINTÉTICO,1,135.5,135.5,Vendedor 7
1311,2023-09-02,Cliente 1,LA MOLINA,FILTRO DE COMBUSTIBLE,1,140.8,140.8,Vendedor 3
1312,2023-09-02,Cliente 1,LA MOLINA,"LLANTAS 18""",2,59.8,119.6,Vendedor 1
1313,2023-09-03,Cliente 45,SURCO,AUTO HONDA ACCORD 2014,1,28000.0,28000.0,Vendedor 10
1314,2023-09-03,Cliente 24,SURCO,AUTO HONDA CIVIC 2014,1,26500.0,26500.0,Vendedor 2
1315,2023-09-03,Cliente 11,SURCO,AUTO HONDA ODISSEY 2013,1,22500.0,22500.0,Vendedor 8
1316,2023-09-03,Cliente 44,SURCO,AUTO HONDA CRV 2014,1,25500.0,25500.0,Vendedor 10
1317,2023-09-03,Cliente 49,SURCO,AUTO HONDA FIT 2016,1,33500.0,33500.0,Vendedor 1
1318,2023-09-03,Cliente 42,LA MOLINA,ACEITE DE MOTOR 5W30 FULL SINTÉTICO,1,135.5,135.5,Vendedor 3
1319,2023-09-03,Cliente 9,SURCO,FILTRO DE COMBUSTIBLE,1,140.8,140.8,Vendedor 8
1320,2023-09-03,Cliente 36,LA MOLINA,AMORTIGUADORES DELANTEROS,2,218.4,436.8,Vendedor 6
1321,2023-09-03,Cliente 2,SURCO,AMORTIGUADORES POSTERIORES,4,115.8,463.2,Vendedor 7
1322,2023-09-03,Cliente 17,SURCO,"LLANTAS 18""",2,59.8,119.6,Vendedor 1
1323,2023-09-03,Cliente 46,LA MOLINA,BATERÍA DE 18 PLACAS,1,88.4,88.4,Vendedor 8
1324,2023-09-04,Cliente 35,LA MOLINA,AUTO HONDA CIVIC 2014,1,26500.0,26500.0,Vendedor 8
1325,2023-09-04,Cliente 37,SURCO,AUTO HONDA ODISSEY 2013,1,22500.0,22500.0,Vendedor 3
1326,2023-09-04,Cliente 21,LA MOLINA,AUTO HONDA CRV 2014,1,25500.0,25500.0,Vendedor 8
1327,2023-09-04,Cliente 5,SURCO,ACEITE DE MOTOR 5W30 FULL SINTÉTICO,2,135.5,271.0,Vendedor 9
1328,2023-09-04,Cliente 29,SURCO,FILTRO DE COMBUSTIBLE,1,140.8,140.8,Vendedor 5
1329,2023-09-04,Cliente 30,LA MOLINA,AMORTIGUADORES DELANTEROS,3,218.4,655.2,Vendedor 1
1330,2023-09-04,Cliente 2,SURCO,AMORTIGUADORES POSTERIORES,4,115.8,463.2,Vendedor 10
1331,2023-09-04,Cliente 21,SURCO,"LLANTAS 18""",2,59.8,119.6,Vendedor 2
1332,2023-09-04,Cliente 13,LA MOLINA,BATERÍA DE 18 PLACAS,1,88.4,88.4,Vendedor 9
1333,2023-09-05,Cliente 50,LA MOLINA,AUTO HONDA ODISSEY 2013,1,22500.0,22500.0,Vendedor 9
1334,2023-09-05,Cliente 21,LA MOLINA,ACEITE DE MOTOR 5W30 FULL SINTÉTICO,1,135.5,135.5,Vendedor 7
1335,2023-09-05,Cliente 8,LA MOLINA,FILTRO DE COMBUSTIBLE,1,140.8,140.8,Vendedor 2
1336,2023-09-05,Cliente 9,SURCO,AMORTIGUADORES DELANTEROS,1,218.4,218.4,Vendedor 3
1337,2023-09-05,Cliente 7,SURCO,AMORTIGUADORES POSTERIORES,1,115.8,115.8,Vendedor 8
1338,2023-09-05,Cliente 3,SURCO,"LLANTAS 18""",1,59.8,59.8,Vendedor 10
1339,2023-09-05,Cliente 43,LA MOLINA,BATERÍA DE 18 PLACAS,1,88.4,88.4,Vendedor 8
1340,2023-09-06,Cliente 4,LA MOLINA,AUTO HONDA ODISSEY 2013,1,22500.0,22500.0,Vendedor 6
1341,2023-09-06,Cliente 1,SURCO,ACEITE DE MOTOR 5W30 FULL SINTÉTICO,1,135.5,135.5,Vendedor 4
1342,2023-09-06,Cliente 6,LA MOLINA,FILTRO DE COMBUSTIBLE,1,140.8,140.8,Vendedor 8
1343,2023-09-06,Cliente 36,LA MOLINA,AMORTIGUADORES DELANTEROS,1,218.4,218.4,Vendedor 7
1344,2023-09-06,Cliente 40,SURCO,AMORTIGUADORES POSTERIORES,1,115.8,115.8,Vendedor 5
1345,2023-09-06,Cliente 20,SURCO,"LLANTAS 18""",1,59.8,59.8,Vendedor 2
1346,2023-09-06,Cliente 34,SURCO,BATERÍA DE 18 PLACAS,1,88.4,88.4,Vendedor 2
1347,2023-09-07,Cliente 47,SURCO,AUTO HONDA ODISSEY 2013,1,22500.0,22500.0,Vendedor 4
1348,2023-09-07,Cliente 13,LA MOLINA,ACEITE DE MOTOR 5W30 FULL SINTÉTICO,3,135.5,406.5,Vendedor 4
1349,2023-09-07,Cliente 37,SURCO,FILTRO DE COMBUSTIBLE,1,140.8,140.8,Vendedor 3
1350,2023-09-07,Cliente 50,SURCO,AMORTIGUADORES DELANTEROS,4,218.4,873.6,Vendedor 10
1351,2023-09-07,Cliente 45,LA MOLINA,AMORTIGUADORES POSTERIORES,3,115.8,347.4,Vendedor 7
1352,2023-09-07,Cliente 12,SURCO,"LLANTAS 18""",1,59.8,59.8,Vendedor 9
1353,2023-09-07,Cliente 33,LA MOLINA,BATERÍA DE 18 PLACAS,1,88.4,88.4,Vendedor 6
1354,2023-09-08,Cliente 35,LA MOLINA,AUTO HONDA ODISSEY 2013,1,22500.0,22500.0,Vendedor 10
1355,2023-09-08,Cliente 21,LA MOLINA,ACEITE DE MOTOR 5W30 FULL SINTÉTICO,2,135.5,271.0,Vendedor 9
1356,2023-09-08,Cliente 24,LA MOLINA,FILTRO DE COMBUSTIBLE,1,140.8,140.8,Vendedor 7
1357,2023-09-08,Cliente 39,LA MOLINA,AMORTIGUADORES DELANTEROS,4,218.4,873.6,Vendedor 4
1358,2023-09-08,Cliente 50,LA MOLINA,AMORTIGUADORES POSTERIORES,2,115.8,231.6,Vendedor 9
1359,2023-09-08,Cliente 29,LA MOLINA,"LLANTAS 18""",2,59.8,119.6,Vendedor 8
1360,2023-09-08,Cliente 1,LA MOLINA,BATERÍA DE 18 PLACAS,1,88.4,88.4,Vendedor 1
1361,2023-09-09,Cliente 39,LA MOLINA,AUTO HONDA ODISSEY 2013,1,22500.0,22500.0,Vendedor 1
1362,2023-09-09,Cliente 20,SURCO,AUTO HONDA PILOT 2013,1,24000.0,24000.0,Vendedor 1
1363,2023-09-09,Cliente 15,SURCO,AUTO HONDA CITY 2016,1,19500.0,19500.0,Vendedor 4
1364,2023-09-09,Cliente 50,SURCO,ACEITE DE MOTOR 5W30 FULL SINTÉTICO,2,135.5,271.0,Vendedor 5
1365,2023-09-09,Cliente 7,SURCO,FILTRO DE COMBUSTIBLE,1,140.8,140.8,Vendedor 1
1366,2023-09-09,Cliente 10,LA MOLINA,AMORTIGUADORES DELANTEROS,4,218.4,873.6,Vendedor 3
1367,2023-09-09,Cliente 38,LA MOLINA,AMORTIGUADORES POSTERIORES,3,115.8,347.4,Vendedor 4
1368,2023-09-09,Cliente 20,LA MOLINA,"LLANTAS 18""",1,59.8,59.8,Vendedor 2
1369,2023-09-09,Cliente 37,SURCO,BATERÍA DE 18 PLACAS,1,88.4,88.4,Vendedor 4
1370,2023-09-10,Cliente 47,SURCO,AUTO HONDA PILOT 2013,1,24000.0,24000.0,Vendedor 6
1371,2023-09-10,Cliente 12,SURCO,AUTO HONDA CITY 2016,1,19500.0,19500.0,Vendedor 8
1372,2023-09-10,Cliente 39,SURCO,ACEITE DE MOTOR 5W30 FULL SINTÉTICO,3,135.5,406.5,Vendedor 5
1373,2023-09-10,Cliente 47,LA MOLINA,FILTRO DE COMBUSTIBLE,1,140.8,140.8,Vendedor 10
1374,2023-09-10,Cliente 50,SURCO,AMORTIGUADORES DELANTEROS,4,218.4,873.6,Vendedor 1
1375,2023-09-10,Cliente 28,LA MOLINA,AMORTIGUADORES POSTERIORES,2,115.8,231.6,Vendedor 7
1376,2023-09-10,Cliente 48,SURCO,"LLANTAS 18""",1,59.8,59.8,Vendedor 10
1377,2023-09-10,Cliente 41,SURCO,BATERÍA DE 18 PLACAS,1,88.4,88.4,Vendedor 7
1378,2023-09-11,Cliente 20,SURCO,AUTO HONDA PILOT 2013,1,24000.0,24000.0,Vendedor 9
1379,2023-09-11,Cliente 21,SURCO,AUTO HONDA CITY 2016,1,19500.0,19500.0,Vendedor 9
1380,2023-09-11,Cliente 21,SURCO,ACEITE DE MOTOR 5W30 FULL SINTÉTICO,3,135.5,406.5,Vendedor 9
1381,2023-09-11,Cliente 10,LA MOLINA,FILTRO DE COMBUSTIBLE,1,140.8,140.8,Vendedor 1
1382,2023-09-11,Cliente 49,LA MOLINA,AMORTIGUADORES DELANTEROS,4,218.4,873.6,Vendedor 10
1383,2023-09-11,Cliente 19,LA MOLINA,"LLANTAS 18""",1,59.8,59.8,Vendedor 7
1384,2023-09-11,Cliente 9,SURCO,BATERÍA DE 18 PLACAS,1,88.4,88.4,Vendedor 6
1385,2023-09-12,Cliente 31,SURCO,AUTO HONDA PILOT 2013,1,24000.0,24000.0,Vendedor 10
1386,2023-09-12,Cliente 36,SURCO,AUTO HONDA CITY 2016,1,19500.0,19500.0,Vendedor 7
1387,2023-09-12,Cliente 26,SURCO,ACEITE DE MOTOR 5W30 FULL SINTÉTICO,2,135.5,271.0,Vendedor 9
1388,2023-09-12,Cliente 50,LA MOLINA,FILTRO DE COMBUSTIBLE,1,140.8,140.8,Vendedor 3
1389,2023-09-12,Cliente 36,LA MOLINA,AMORTIGUADORES DELANTEROS,2,218.4,436.8,Vendedor 4
1390,2023-09-12,Cliente 36,SURCO,"LLANTAS 18""",1,59.8,59.8,Vendedor 10
1391,2023-09-12,Cliente 16,SURCO,BATERÍA DE 18 PLACAS,1,88.4,88.4,Vendedor 2
1392,2023-09-13,Cliente 50,SURCO,AUTO HONDA PILOT 2013,1,24000.0,24000.0,Vendedor 7
1393,2023-09-13,Cliente 8,SURCO,ACEITE DE MOTOR 5W30 FULL SINTÉTICO,2,135.5,271.0,Vendedor 7
1394,2023-09-13,Cliente 24,LA MOLINA,FILTRO DE COMBUSTIBLE,1,140.8,140.8,Vendedor 6
1395,2023-09-13,Cliente 23,LA MOLINA,AMORTIGUADORES DELANTEROS,2,218.4,436.8,Vendedor 10
1396,2023-09-13,Cliente 23,LA MOLINA,"LLANTAS 18""",2,59.8,119.6,Vendedor 10
1397,2023-09-14,Cliente 29,SURCO,ACEITE DE MOTOR 5W30 FULL SINTÉTICO,2,135.5,271.0,Vendedor 1
1398,2023-09-14,Cliente 44,SURCO,AMORTIGUADORES DELANTEROS,1,218.4,218.4,Vendedor 6
1399,2023-09-14,Cliente 48,LA MOLINA,"LLANTAS 18""",1,59.8,59.8,Vendedor 1
1400,2023-09-15,Cliente 1,LA MOLINA,ACEITE DE MOTOR 5W30 FULL SINTÉTICO,1,135.5,135.5,Vendedor 6
1401,2023-09-15,Cliente 29,LA MOLINA,AMORTIGUADORES DELANTEROS,1,218.4,218.4,Vendedor 8
1402,2023-09-15,Cliente 48,LA MOLINA,"LLANTAS 18""",2,59.8,119.6,Vendedor 9
1403,2023-09-16,Cliente 36,LA MOLINA,ACEITE DE MOTOR 5W30 FULL SINTÉTICO,1,135.5,135.5,Vendedor 8
1404,2023-09-16,Cliente 45,LA MOLINA,AMORTIGUADORES DELANTEROS,5,218.4,1092.0,Vendedor 1
1405,2023-09-16,Cliente 11,LA MOLINA,"LLANTAS 18""",1,59.8,59.8,Vendedor 1
1406,2023-09-17,Cliente 4,LA MOLINA,ACEITE DE MOTOR 5W30 FULL SINTÉTICO,2,135.5,271.0,Vendedor 8
1407,2023-09-17,Cliente 5,SURCO,AMORTIGUADORES DELANTEROS,6,218.4,1310.4,Vendedor 7
1408,2023-09-17,Cliente 43,LA MOLINA,AMORTIGUADORES POSTERIORES,6,115.8,694.8,Vendedor 6
1409,2023-09-17,Cliente 19,SURCO,"LLANTAS 18""",1,59.8,59.8,Vendedor 7
1410,2023-09-17,Cliente 33,LA MOLINA,BATERÍA DE 18 PLACAS,1,88.4,88.4,Vendedor 2
1411,2023-09-18,Cliente 39,LA MOLINA,ACEITE DE MOTOR 5W30 FULL SINTÉTICO,3,135.5,406.5,Vendedor 9
1412,2023-09-18,Cliente 13,SURCO,AMORTIGUADORES DELANTEROS,1,218.4,218.4,Vendedor 9
1413,2023-09-18,Cliente 3,SURCO,AMORTIGUADORES POSTERIORES,4,115.8,463.2,Vendedor 4
1414,2023-09-18,Cliente 32,LA MOLINA,"LLANTAS 18""",2,59.8,119.6,Vendedor 7
1415,2023-09-18,Cliente 23,SURCO,BATERÍA DE 18 PLACAS,1,88.4,88.4,Vendedor 6
1416,2023-09-19,Cliente 16,LA MOLINA,ACEITE DE MOTOR 5W30 FULL SINTÉTICO,3,135.5,406.5,Vendedor 9
1417,2023-09-19,Cliente 41,SURCO,AMORTIGUADORES DELANTEROS,3,218.4,655.2,Vendedor 5
1418,2023-09-19,Cliente 36,SURCO,AMORTIGUADORES POSTERIORES,4,115.8,463.2,Vendedor 5
1419,2023-09-19,Cliente 22,SURCO,"LLANTAS 18""",1,59.8,59.8,Vendedor 7
1420,2023-09-19,Cliente 47,SURCO,BATERÍA DE 18 PLACAS,1,88.4,88.4,Vendedor 7
1421,2023-09-20,Cliente 16,LA MOLINA,ACEITE DE MOTOR 5W30 FULL SINTÉTICO,2,135.5,271.0,Vendedor 10
1422,2023-09-20,Cliente 20,LA MOLINA,AMORTIGUADORES DELANTEROS,2,218.4,436.8,Vendedor 10
1423,2023-09-20,Cliente 35,LA MOLINA,AMORTIGUADORES POSTERIORES,3,115.8,347.4,Vendedor 3
1424,2023-09-20,Cliente 38,SURCO,"LLANTAS 18""",1,59.8,59.8,Vendedor 9
1425,2023-09-20,Cliente 20,SURCO,BATERÍA DE 18 PLACAS,1,88.4,88.4,Vendedor 9
1426,2023-09-21,Cliente 50,LA MOLINA,ACEITE DE MOTOR 5W30 FULL SINTÉTICO,2,135.5,271.0,Vendedor 3
1427,2023-09-21,Cliente 21,LA MOLINA,AMORTIGUADORES DELANTEROS,6,218.4,1310.4,Vendedor 2
1428,2023-09-21,Cliente 12,SURCO,AMORTIGUADORES POSTERIORES,2,115.8,231.6,Vendedor 6
1429,2023-09-21,Cliente 49,SURCO,"LLANTAS 18""",1,59.8,59.8,Vendedor 6
1430,2023-09-21,Cliente 20,LA MOLINA,BATERÍA DE 18 PLACAS,2,88.4,176.8,Vendedor 8
1431,2023-09-22,Cliente 50,SURCO,ACEITE DE MOTOR 5W30 FULL SINTÉTICO,3,135.5,406.5,Vendedor 4
1432,2023-09-22,Cliente 12,LA MOLINA,AMORTIGUADORES DELANTEROS,1,218.4,218.4,Vendedor 1
1433,2023-09-22,Cliente 39,LA MOLINA,AMORTIGUADORES POSTERIORES,1,115.8,115.8,Vendedor 4
1434,2023-09-22,Cliente 23,SURCO,"LLANTAS 18""",1,59.8,59.8,Vendedor 2
1435,2023-09-22,Cliente 9,LA MOLINA,BATERÍA DE 18 PLACAS,2,88.4,176.8,Vendedor 9
1436,2023-09-23,Cliente 46,LA MOLINA,ACEITE DE MOTOR 5W30 FULL SINTÉTICO,1,135.5,135.5,Vendedor 6
1437,2023-09-23,Cliente 32,LA MOLINA,AMORTIGUADORES DELANTEROS,3,218.4,655.2,Vendedor 8
1438,2023-09-23,Cliente 15,SURCO,"LLANTAS 18""",2,59.8,119.6,Vendedor 1
1439,2023-09-23,Cliente 18,SURCO,BATERÍA DE 18 PLACAS,2,88.4,176.8,Vendedor 7
1440,2023-09-24,Cliente 49,SURCO,ACEITE DE MOTOR 5W30 FULL SINTÉTICO,2,135.5,271.0,Vendedor 4
1441,2023-09-24,Cliente 29,LA MOLINA,AMORTIGUADORES DELANTEROS,2,218.4,436.8,Vendedor 10
1442,2023-09-24,Cliente 16,LA MOLINA,"LLANTAS 18""",3,59.8,179.4,Vendedor 7
1443,2023-09-25,Cliente 47,SURCO,ACEITE DE MOTOR 5W30 FULL SINTÉTICO,1,135.5,135.5,Vendedor 6
1444,2023-09-25,Cliente 34,LA MOLINA,AMORTIGUADORES DELANTEROS,7,218.4,1528.8,Vendedor 2
1445,2023-09-25,Cliente 16,SURCO,"LLANTAS 18""",3,59.8,179.4,Vendedor 9
1446,2023-09-26,Cliente 36,SURCO,ACEITE DE MOTOR 5W30 FULL SINTÉTICO,4,135.5,542.0,Vendedor 7
1447,2023-09-26,Cliente 13,LA MOLINA,AMORTIGUADORES DELANTEROS,9,218.4,1965.6,Vendedor 5
1448,2023-09-26,Cliente 50,LA MOLINA,"LLANTAS 18""",4,59.8,239.2,Vendedor 5
1449,2023-09-27,Cliente 19,SURCO,ACEITE DE MOTOR 5W30 FULL SINTÉTICO,3,135.5,406.5,Vendedor 10
1450,2023-09-27,Cliente 30,LA MOLINA,AMORTIGUADORES DELANTEROS,1,218.4,218.4,Vendedor 8
1451,2023-09-27,Cliente 12,LA MOLINA,"LLANTAS 18""",5,59.8,299.0,Vendedor 10
1452,2023-09-28,Cliente 27,SURCO,ACEITE DE MOTOR 5W30 FULL SINTÉTICO,3,135.5,406.5,Vendedor 6
1453,2023-09-28,Cliente 12,LA MOLINA,AMORTIGUADORES DELANTEROS,8,218.4,1747.2,Vendedor 8
1454,2023-09-28,Cliente 6,LA MOLINA,"LLANTAS 18""",2,59.8,119.6,Vendedor 5
1455,2023-09-29,Cliente 41,SURCO,ACEITE DE MOTOR 5W30 FULL SINTÉTICO,2,135.5,271.0,Vendedor 6
1456,2023-09-29,Cliente 47,LA MOLINA,AMORTIGUADORES DELANTEROS,3,218.4,655.2,Vendedor 9
1457,2023-09-29,Cliente 3,LA MOLINA,"LLANTAS 18""",4,59.8,239.2,Vendedor 3
1458,2023-09-30,Cliente 27,SURCO,ACEITE DE MOTOR 5W30 FULL SINTÉTICO,6,135.5,813.0,Vendedor 5
1459,2023-09-30,Cliente 19,LA MOLINA,AMORTIGUADORES DELANTEROS,10,218.4,2184.0,Vendedor 3
1460,2023-09-30,Cliente 1,LA MOLINA,"LLANTAS 18""",3,59.8,179.4,Vendedor 10
1461,2023-10-01,Cliente 32,LA MOLINA,AUTO HONDA ACCORD 2014,1,26500.0,26500.0,Vendedor 9
1462,2023-10-01,Cliente 39,SURCO,AUTO HONDA CIVIC 2014,1,31500.0,31500.0,Vendedor 8
1463,2023-10-01,Cliente 14,LA MOLINA,AUTO HONDA ODISSEY 2013,1,23500.0,23500.0,Vendedor 10
1464,2023-10-01,Cliente 30,LA MOLINA,AUTO HONDA CRV 2014,1,21000.0,21000.0,Vendedor 7
1465,2023-10-01,Cliente 6,SURCO,AUTO HONDA FIT 2016,1,26000.0,26000.0,Vendedor 10
1466,2023-10-01,Cliente 16,SURCO,AUTO HONDA CITY 2016,1,25000.0,25000.0,Vendedor 9
1467,2023-10-01,Cliente 4,SURCO,ACEITE DE MOTOR 5W30 FULL SINTÉTICO,2,107.2,214.4,Vendedor 3
1468,2023-10-01,Cliente 4,SURCO,FILTRO DE COMBUSTIBLE,1,142.4,142.4,Vendedor 6
1469,2023-10-01,Cliente 3,LA MOLINA,AMORTIGUADORES DELANTEROS,1,280.5,280.5,Vendedor 10
1470,2023-10-01,Cliente 4,LA MOLINA,"LLANTAS 18""",2,63.2,126.4,Vendedor 2
1471,2023-10-02,Cliente 12,LA MOLINA,AUTO HONDA ACCORD 2014,1,26500.0,26500.0,Vendedor 3
1472,2023-10-02,Cliente 40,LA MOLINA,AUTO HONDA CIVIC 2014,1,31500.0,31500.0,Vendedor 10
1473,2023-10-02,Cliente 30,SURCO,AUTO HONDA CRV 2014,1,21000.0,21000.0,Vendedor 10
1474,2023-10-02,Cliente 3,SURCO,AUTO HONDA FIT 2016,1,26000.0,26000.0,Vendedor 2
1475,2023-10-02,Cliente 24,SURCO,ACEITE DE MOTOR 5W30 FULL SINTÉTICO,1,107.2,107.2,Vendedor 7
1476,2023-10-02,Cliente 49,SURCO,FILTRO DE COMBUSTIBLE,1,142.4,142.4,Vendedor 7
1477,2023-10-02,Cliente 31,LA MOLINA,AMORTIGUADORES DELANTEROS,1,280.5,280.5,Vendedor 3
1478,2023-10-02,Cliente 34,LA MOLINA,"LLANTAS 18""",2,63.2,126.4,Vendedor 7
1479,2023-10-03,Cliente 45,SURCO,AUTO HONDA ACCORD 2014,1,26500.0,26500.0,Vendedor 4
1480,2023-10-03,Cliente 7,SURCO,AUTO HONDA CRV 2014,1,21000.0,21000.0,Vendedor 10
1481,2023-10-03,Cliente 47,LA MOLINA,ACEITE DE MOTOR 5W30 FULL SINTÉTICO,1,107.2,107.2,Vendedor 10
1482,2023-10-03,Cliente 28,LA MOLINA,FILTRO DE COMBUSTIBLE,1,142.4,142.4,Vendedor 10
1483,2023-10-03,Cliente 34,LA MOLINA,AMORTIGUADORES DELANTEROS,3,280.5,841.5,Vendedor 10
1484,2023-10-03,Cliente 40,SURCO,AMORTIGUADORES POSTERIORES,2,120.5,241.0,Vendedor 10
1485,2023-10-03,Cliente 32,LA MOLINA,"LLANTAS 18""",2,63.2,126.4,Vendedor 3
1486,2023-10-03,Cliente 46,SURCO,BATERÍA DE 18 PLACAS,1,100.3,100.3,Vendedor 5
1487,2023-10-04,Cliente 1,SURCO,AUTO HONDA ACCORD 2014,1,26500.0,26500.0,Vendedor 2
1488,2023-10-04,Cliente 30,SURCO,AUTO HONDA CRV 2014,1,21000.0,21000.0,Vendedor 2
1489,2023-10-04,Cliente 27,LA MOLINA,ACEITE DE MOTOR 5W30 FULL SINTÉTICO,1,107.2,107.2,Vendedor 1
1490,2023-10-04,Cliente 23,LA MOLINA,FILTRO DE COMBUSTIBLE,1,142.4,142.4,Vendedor 9
1491,2023-10-04,Cliente 41,SURCO,AMORTIGUADORES DELANTEROS,2,280.5,561.0,Vendedor 4
1492,2023-10-04,Cliente 17,LA MOLINA,AMORTIGUADORES POSTERIORES,3,120.5,361.5,Vendedor 2
1493,2023-10-04,Cliente 33,LA MOLINA,"LLANTAS 18""",2,63.2,126.4,Vendedor 9
1494,2023-10-04,Cliente 50,LA MOLINA,BATERÍA DE 18 PLACAS,1,100.3,100.3,Vendedor 1
1495,2023-10-05,Cliente 44,SURCO,AUTO HONDA ACCORD 2014,1,26500.0,26500.0,Vendedor 6
1496,2023-10-05,Cliente 47,LA MOLINA,ACEITE DE MOTOR 5W30 FULL SINTÉTICO,2,107.2,214.4,Vendedor 10
1497,2023-10-05,Cliente 12,SURCO,FILTRO DE COMBUSTIBLE,1,142.4,142.4,Vendedor 4
1498,2023-10-05,Cliente 44,LA MOLINA,AMORTIGUADORES DELANTEROS,3,280.5,841.5,Vendedor 8
1499,2023-10-05,Cliente 42,SURCO,AMORTIGUADORES POSTERIORES,2,120.5,241.0,Vendedor 3
1500,2023-10-05,Cliente 41,SURCO,"LLANTAS 18""",2,63.2,126.4,Vendedor 8
1501,2023-10-05,Cliente 30,LA MOLINA,BATERÍA DE 18 PLACAS,1,100.3,100.3,Vendedor 7
1502,2023-10-06,Cliente 37,LA MOLINA,ACEITE DE MOTOR 5W30 FULL SINTÉTICO,1,107.2,107.2,Vendedor 6
1503,2023-10-06,Cliente 14,SURCO,FILTRO DE COMBUSTIBLE,1,142.4,142.4,Vendedor 10
1504,2023-10-06,Cliente 5,LA MOLINA,AMORTIGUADORES DELANTEROS,3,280.5,841.5,Vendedor 3
1505,2023-10-06,Cliente 22,SURCO,AMORTIGUADORES POSTERIORES,2,120.5,241.0,Vendedor 7
1506,2023-10-06,Cliente 12,LA MOLINA,"LLANTAS 18""",1,63.2,63.2,Vendedor 10
1507,2023-10-06,Cliente 46,LA MOLINA,BATERÍA DE 18 PLACAS,1,100.3,100.3,Vendedor 6
1508,2023-10-07,Cliente 18,SURCO,ACEITE DE MOTOR 5W30 FULL SINTÉTICO,3,107.2,321.6,Vendedor 7
1509,2023-10-07,Cliente 32,SURCO,FILTRO DE COMBUSTIBLE,1,142.4,142.4,Vendedor 4
1510,2023-10-07,Cliente 20,LA MOLINA,AMORTIGUADORES DELANTEROS,3,280.5,841.5,Vendedor 4
1511,2023-10-07,Cliente 12,LA MOLINA,AMORTIGUADORES POSTERIORES,3,120.5,361.5,Vendedor 2
1512,2023-10-07,Cliente 50,SURCO,"LLANTAS 18""",2,63.2,126.4,Vendedor 4
1513,2023-10-07,Cliente 33,LA MOLINA,BATERÍA DE 18 PLACAS,1,100.3,100.3,Vendedor 1
1514,2023-10-08,Cliente 13,SURCO,ACEITE DE MOTOR 5W30 FULL SINTÉTICO,2,107.2,214.4,Vendedor 6
1515,2023-10-08,Cliente 47,LA MOLINA,FILTRO DE COMBUSTIBLE,1,142.4,142.4,Vendedor 9
1516,2023-10-08,Cliente 10,LA MOLINA,AMORTIGUADORES DELANTEROS,3,280.5,841.5,Vendedor 2
1517,2023-10-08,Cliente 14,SURCO,AMORTIGUADORES POSTERIORES,3,120.5,361.5,Vendedor 1
1518,2023-10-08,Cliente 46,LA MOLINA,"LLANTAS 18""",2,63.2,126.4,Vendedor 9
1519,2023-10-08,Cliente 20,SURCO,BATERÍA DE 18 PLACAS,1,100.3,100.3,Vendedor 1
1520,2023-10-09,Cliente 22,SURCO,ACEITE DE MOTOR 5W30 FULL SINTÉTICO,3,107.2,321.6,Vendedor 8
1521,2023-10-09,Cliente 7,SURCO,FILTRO DE COMBUSTIBLE,1,142.4,142.4,Vendedor 9
1522,2023-10-09,Cliente 37,SURCO,AMORTIGUADORES DELANTEROS,3,280.5,841.5,Vendedor 5
1523,2023-10-09,Cliente 21,SURCO,AMORTIGUADORES POSTERIORES,1,120.5,120.5,Vendedor 4
1524,2023-10-09,Cliente 18,LA MOLINA,"LLANTAS 18""",1,63.2,63.2,Vendedor 9
1525,2023-10-09,Cliente 43,LA MOLINA,BATERÍA DE 18 PLACAS,1,100.3,100.3,Vendedor 2
1526,2023-10-10,Cliente 10,LA MOLINA,AUTO HONDA ODISSEY 2013,1,23500.0,23500.0,Vendedor 3
1527,2023-10-10,Cliente 8,SURCO,AUTO HONDA PILOT 2013,1,24000.0,24000.0,Vendedor 1
1528,2023-10-10,Cliente 14,SURCO,AUTO HONDA FIT 2016,1,26000.0,26000.0,Vendedor 9
1529,2023-10-10,Cliente 36,SURCO,AUTO HONDA CITY 2016,1,25000.0,25000.0,Vendedor 6
1530,2023-10-10,Cliente 46,SURCO,ACEITE DE MOTOR 5W30 FULL SINTÉTICO,2,107.2,214.4,Vendedor 5
1531,2023-10-10,Cliente 11,SURCO,FILTRO DE COMBUSTIBLE,1,142.4,142.4,Vendedor 2
1532,2023-10-10,Cliente 35,LA MOLINA,AMORTIGUADORES DELANTEROS,2,280.5,561.0,Vendedor 8
1533,2023-10-10,Cliente 2,LA MOLINA,AMORTIGUADORES POSTERIORES,1,120.5,120.5,Vendedor 8
1534,2023-10-10,Cliente 25,SURCO,"LLANTAS 18""",1,63.2,63.2,Vendedor 1
1535,2023-10-10,Cliente 26,SURCO,BATERÍA DE 18 PLACAS,1,100.3,100.3,Vendedor 3
1536,2023-10-11,Cliente 40,LA MOLINA,AUTO HONDA ODISSEY 2013,1,23500.0,23500.0,Vendedor 6
1537,2023-10-11,Cliente 22,SURCO,AUTO HONDA PILOT 2013,1,24000.0,24000.0,Vendedor 4
1538,2023-10-11,Cliente 49,SURCO,AUTO HONDA FIT 2016,1,26000.0,26000.0,Vendedor 8
1539,2023-10-11,Cliente 6,SURCO,AUTO HONDA CITY 2016,1,25000.0,25000.0,Vendedor 8
1540,2023-10-11,Cliente 20,LA MOLINA,ACEITE DE MOTOR 5W30 FULL SINTÉTICO,1,107.2,107.2,Vendedor 8
1541,2023-10-11,Cliente 15,LA MOLINA,FILTRO DE COMBUSTIBLE,1,142.4,142.4,Vendedor 4
1542,2023-10-11,Cliente 24,SURCO,AMORTIGUADORES DELANTEROS,2,280.5,561.0,Vendedor 7
1543,2023-10-11,Cliente 21,LA MOLINA,AMORTIGUADORES POSTERIORES,1,120.5,120.5,Vendedor 8
1544,2023-10-11,Cliente 5,SURCO,"LLANTAS 18""",2,63.2,126.4,Vendedor 8
1545,2023-10-11,Cliente 31,SURCO,BATERÍA DE 18 PLACAS,1,100.3,100.3,Vendedor 8
1546,2023-10-12,Cliente 19,SURCO,AUTO HONDA ODISSEY 2013,1,23500.0,23500.0,Vendedor 6
1547,2023-10-12,Cliente 33,SURCO,AUTO HONDA PILOT 2013,1,24000.0,24000.0,Vendedor 2
1548,2023-10-12,Cliente 46,SURCO,AUTO HONDA FIT 2016,1,26000.0,26000.0,Vendedor 2
1549,2023-10-12,Cliente 36,SURCO,AUTO HONDA CITY 2016,1,25000.0,25000.0,Vendedor 2
1550,2023-10-12,Cliente 26,LA MOLINA,ACEITE DE MOTOR 5W30 FULL SINTÉTICO,2,107.2,214.4,Vendedor 10
1551,2023-10-12,Cliente 16,LA MOLINA,FILTRO DE COMBUSTIBLE,1,142.4,142.4,Vendedor 10
1552,2023-10-12,Cliente 31,SURCO,AMORTIGUADORES DELANTEROS,2,280.5,561.0,Vendedor 7
1553,2023-10-12,Cliente 14,LA MOLINA,AMORTIGUADORES POSTERIORES,1,120.5,120.5,Vendedor 10
1554,2023-10-12,Cliente 37,LA MOLINA,"LLANTAS 18""",2,63.2,126.4,Vendedor 6
1555,2023-10-12,Cliente 43,SURCO,BATERÍA DE 18 PLACAS,1,100.3,100.3,Vendedor 2
1556,2023-10-13,Cliente 8,LA MOLINA,AUTO HONDA ODISSEY 2013,1,23500.0,23500.0,Vendedor 10
1557,2023-10-13,Cliente 21,SURCO,AUTO HONDA PILOT 2013,1,24000.0,24000.0,Vendedor 9
1558,2023-10-13,Cliente 29,SURCO,AUTO HONDA CITY 2016,1,25000.0,25000.0,Vendedor 3
1559,2023-10-13,Cliente 5,LA MOLINA,ACEITE DE MOTOR 5W30 FULL SINTÉTICO,2,107.2,214.4,Vendedor 10
1560,2023-10-13,Cliente 44,SURCO,FILTRO DE COMBUSTIBLE,1,142.4,142.4,Vendedor 10
1561,2023-10-13,Cliente 32,SURCO,AMORTIGUADORES DELANTEROS,1,280.5,280.5,Vendedor 1
1562,2023-10-13,Cliente 9,LA MOLINA,AMORTIGUADORES POSTERIORES,1,120.5,120.5,Vendedor 10
1563,2023-10-13,Cliente 49,SURCO,"LLANTAS 18""",3,63.2,189.6,Vendedor 3
1564,2023-10-14,Cliente 35,SURCO,AUTO HONDA PILOT 2013,1,24000.0,24000.0,Vendedor 5
1565,2023-10-14,Cliente 13,SURCO,ACEITE DE MOTOR 5W30 FULL SINTÉTICO,2,107.2,214.4,Vendedor 4
1566,2023-10-14,Cliente 20,LA MOLINA,FILTRO DE COMBUSTIBLE,1,142.4,142.4,Vendedor 10
1567,2023-10-14,Cliente 6,LA MOLINA,AMORTIGUADORES POSTERIORES,2,120.5,241.0,Vendedor 10
1568,2023-10-14,Cliente 9,LA MOLINA,"LLANTAS 18""",1,63.2,63.2,Vendedor 5
1569,2023-10-15,Cliente 46,SURCO,ACEITE DE MOTOR 5W30 FULL SINTÉTICO,1,107.2,107.2,Vendedor 9
1570,2023-10-15,Cliente 8,LA MOLINA,FILTRO DE COMBUSTIBLE,1,142.4,142.4,Vendedor 5
1571,2023-10-15,Cliente 45,LA MOLINA,AMORTIGUADORES POSTERIORES,1,120.5,120.5,Vendedor 10
1572,2023-10-15,Cliente 46,LA MOLINA,"LLANTAS 18""",2,63.2,126.4,Vendedor 7
1573,2023-10-16,Cliente 35,SURCO,ACEITE DE MOTOR 5W30 FULL SINTÉTICO,2,107.2,214.4,Vendedor 4
1574,2023-10-16,Cliente 31,SURCO,FILTRO DE COMBUSTIBLE,1,142.4,142.4,Vendedor 3
1575,2023-10-16,Cliente 24,LA MOLINA,AMORTIGUADORES POSTERIORES,3,120.5,361.5,Vendedor 7
1576,2023-10-16,Cliente 43,LA MOLINA,"LLANTAS 18""",1,63.2,63.2,Vendedor 3
1577,2023-10-17,Cliente 42,SURCO,ACEITE DE MOTOR 5W30 FULL SINTÉTICO,1,107.2,107.2,Vendedor 1
1578,2023-10-17,Cliente 43,LA MOLINA,AMORTIGUADORES DELANTEROS,2,280.5,561.0,Vendedor 7
1579,2023-10-17,Cliente 9,SURCO,AMORTIGUADORES POSTERIORES,2,120.5,241.0,Vendedor 7
1580,2023-10-17,Cliente 40,LA MOLINA,"LLANTAS 18""",2,63.2,126.4,Vendedor 3
1581,2023-10-17,Cliente 36,LA MOLINA,BATERÍA DE 18 PLACAS,2,100.3,200.6,Vendedor 8
1582,2023-10-18,Cliente 15,LA MOLINA,ACEITE DE MOTOR 5W30 FULL SINTÉTICO,2,107.2,214.4,Vendedor 3
1583,2023-10-18,Cliente 37,SURCO,AMORTIGUADORES DELANTEROS,4,280.5,1122.0,Vendedor 8
1584,2023-10-18,Cliente 27,LA MOLINA,AMORTIGUADORES POSTERIORES,2,120.5,241.0,Vendedor 9
1585,2023-10-18,Cliente 3,LA MOLINA,"LLANTAS 18""",3,63.2,189.6,Vendedor 1
1586,2023-10-18,Cliente 46,LA MOLINA,BATERÍA DE 18 PLACAS,3,100.3,300.9,Vendedor 6
1587,2023-10-19,Cliente 45,LA MOLINA,ACEITE DE MOTOR 5W30 FULL SINTÉTICO,1,107.2,107.2,Vendedor 2
1588,2023-10-19,Cliente 30,LA MOLINA,AMORTIGUADORES DELANTEROS,2,280.5,561.0,Vendedor 9
1589,2023-10-19,Cliente 16,SURCO,AMORTIGUADORES POSTERIORES,1,120.5,120.5,Vendedor 8
1590,2023-10-19,Cliente 44,SURCO,"LLANTAS 18""",3,63.2,189.6,Vendedor 9
1591,2023-10-19,Cliente 40,SURCO,BATERÍA DE 18 PLACAS,3,100.3,300.9,Vendedor 1
1592,2023-10-20,Cliente 31,SURCO,ACEITE DE MOTOR 5W30 FULL SINTÉTICO,3,107.2,321.6,Vendedor 8
1593,2023-10-20,Cliente 27,LA MOLINA,AMORTIGUADORES DELANTEROS,6,280.5,1683.0,Vendedor 6
1594,2023-10-20,Cliente 11,LA MOLINA,AMORTIGUADORES POSTERIORES,3,120.5,361.5,Vendedor 1
1595,2023-10-20,Cliente 47,LA MOLINA,"LLANTAS 18""",3,63.2,189.6,Vendedor 10
1596,2023-10-20,Cliente 41,SURCO,BATERÍA DE 18 PLACAS,2,100.3,200.6,Vendedor 8
1597,2023-10-21,Cliente 43,SURCO,ACEITE DE MOTOR 5W30 FULL SINTÉTICO,2,107.2,214.4,Vendedor 5
1598,2023-10-21,Cliente 32,SURCO,AMORTIGUADORES DELANTEROS,1,280.5,280.5,Vendedor 2
1599,2023-10-21,Cliente 18,SURCO,AMORTIGUADORES POSTERIORES,2,120.5,241.0,Vendedor 5
1600,2023-10-21,Cliente 18,LA MOLINA,"LLANTAS 18""",1,63.2,63.2,Vendedor 5
1601,2023-10-22,Cliente 38,SURCO,ACEITE DE MOTOR 5W30 FULL SINTÉTICO,1,107.2,107.2,Vendedor 3
1602,2023-10-22,Cliente 12,SURCO,AMORTIGUADORES DELANTEROS,8,280.5,2244.0,Vendedor 5
1603,2023-10-22,Cliente 12,LA MOLINA,AMORTIGUADORES POSTERIORES,2,120.5,241.0,Vendedor 9
1604,2023-10-22,Cliente 6,LA MOLINA,"LLANTAS 18""",1,63.2,63.2,Vendedor 3
1605,2023-10-23,Cliente 49,LA MOLINA,ACEITE DE MOTOR 5W30 FULL SINTÉTICO,2,107.2,214.4,Vendedor 7
1606,2023-10-23,Cliente 43,SURCO,AMORTIGUADORES DELANTEROS,7,280.5,1963.5,Vendedor 8
1607,2023-10-23,Cliente 37,SURCO,AMORTIGUADORES POSTERIORES,2,120.5,241.0,Vendedor 6
1608,2023-10-23,Cliente 49,LA MOLINA,"LLANTAS 18""",1,63.2,63.2,Vendedor 2
1609,2023-10-24,Cliente 26,LA MOLINA,ACEITE DE MOTOR 5W30 FULL SINTÉTICO,2,107.2,214.4,Vendedor 8
1610,2023-10-24,Cliente 48,SURCO,AMORTIGUADORES DELANTEROS,5,280.5,1402.5,Vendedor 9
1611,2023-10-24,Cliente 44,LA MOLINA,AMORTIGUADORES POSTERIORES,2,120.5,241.0,Vendedor 7
1612,2023-10-24,Cliente 10,LA MOLINA,"LLANTAS 18""",4,63.2,252.8,Vendedor 9
1613,2023-10-25,Cliente 29,LA MOLINA,ACEITE DE MOTOR 5W30 FULL SINTÉTICO,1,107.2,107.2,Vendedor 7
1614,2023-10-25,Cliente 7,SURCO,AMORTIGUADORES DELANTEROS,6,280.5,1683.0,Vendedor 9
1615,2023-10-25,Cliente 28,LA MOLINA,AMORTIGUADORES POSTERIORES,6,120.5,723.0,Vendedor 10
1616,2023-10-25,Cliente 18,LA MOLINA,"LLANTAS 18""",3,63.2,189.6,Vendedor 5
1617,2023-10-26,Cliente 30,LA MOLINA,ACEITE DE MOTOR 5W30 FULL SINTÉTICO,2,107.2,214.4,Vendedor 4
1618,2023-10-26,Cliente 34,SURCO,AMORTIGUADORES DELANTEROS,2,280.5,561.0,Vendedor 6
1619,2023-10-26,Cliente 21,SURCO,AMORTIGUADORES POSTERIORES,3,120.5,361.5,Vendedor 9
1620,2023-10-26,Cliente 5,SURCO,"LLANTAS 18""",1,63.2,63.2,Vendedor 1
1621,2023-10-27,Cliente 44,SURCO,ACEITE DE MOTOR 5W30 FULL SINTÉTICO,1,107.2,107.2,Vendedor 8
1622,2023-10-27,Cliente 17,LA MOLINA,AMORTIGUADORES POSTERIORES,2,120.5,241.0,Vendedor 4
1623,2023-10-27,Cliente 40,SURCO,"LLANTAS 18""",1,63.2,63.2,Vendedor 2
1624,2023-10-28,Cliente 46,SURCO,ACEITE DE MOTOR 5W30 FULL SINTÉTICO,1,107.2,107.2,Vendedor 2
1625,2023-10-28,Cliente 43,LA MOLINA,AMORTIGUADORES POSTERIORES,3,120.5,361.5,Vendedor 10
1626,2023-10-28,Cliente 8,SURCO,"LLANTAS 18""",5,63.2,316.0,Vendedor 3
1627,2023-10-29,Cliente 18,LA MOLINA,AMORTIGUADORES POSTERIORES,2,120.5,241.0,Vendedor 7
1628,2023-10-29,Cliente 17,LA MOLINA,"LLANTAS 18""",6,63.2,379.2,Vendedor 3
1629,2023-10-30,Cliente 4,LA MOLINA,AMORTIGUADORES POSTERIORES,7,120.5,843.5,Vendedor 5
1630,2023-10-30,Cliente 29,LA MOLINA,"LLANTAS 18""",5,63.2,316.0,Vendedor 2
1631,2023-10-31,Cliente 29,LA MOLINA,AMORTIGUADORES POSTERIORES,7,120.5,843.5,Vendedor 5
1632,2023-10-31,Cliente 5,LA MOLINA,"LLANTAS 18""",2,63.2,126.4,Vendedor 2
1633,2023-11-01,Cliente 10,LA MOLINA,AUTO HONDA ACCORD 2014,1,24500.0,24500.0,Vendedor 1
1634,2023-11-01,Cliente 43,SURCO,AUTO HONDA CIVIC 2014,1,32500.0,32500.0,Vendedor 7
1635,2023-11-01,Cliente 10,LA MOLINA,AUTO HONDA ODISSEY 2013,1,23500.0,23500.0,Vendedor 6
1636,2023-11-01,Cliente 37,LA MOLINA,AUTO HONDA CRV 2014,1,21000.0,21000.0,Vendedor 1
1637,2023-11-01,Cliente 28,LA MOLINA,FILTRO DE COMBUSTIBLE,1,141.1,141.1,Vendedor 7
1638,2023-11-01,Cliente 1,LA MOLINA,AMORTIGUADORES POSTERIORES,1,126.2,126.2,Vendedor 7
1639,2023-11-01,Cliente 8,LA MOLINA,"LLANTAS 18""",3,73.1,219.3,Vendedor 10
1640,2023-11-02,Cliente 22,LA MOLINA,AUTO HONDA ACCORD 2014,1,24500.0,24500.0,Vendedor 5
1641,2023-11-02,Cliente 4,LA MOLINA,AUTO HONDA CIVIC 2014,1,32500.0,32500.0,Vendedor 2
1642,2023-11-02,Cliente 35,SURCO,AUTO HONDA ODISSEY 2013,1,23500.0,23500.0,Vendedor 6
1643,2023-11-02,Cliente 30,SURCO,AUTO HONDA CRV 2014,1,21000.0,21000.0,Vendedor 5
1644,2023-11-02,Cliente 36,SURCO,FILTRO DE COMBUSTIBLE,1,141.1,141.1,Vendedor 1
1645,2023-11-02,Cliente 45,LA MOLINA,AMORTIGUADORES POSTERIORES,2,126.2,252.4,Vendedor 7
1646,2023-11-02,Cliente 32,LA MOLINA,"LLANTAS 18""",1,73.1,73.1,Vendedor 2
1647,2023-11-03,Cliente 48,LA MOLINA,AUTO HONDA ACCORD 2014,1,24500.0,24500.0,Vendedor 4
1648,2023-11-03,Cliente 3,SURCO,AUTO HONDA CIVIC 2014,1,32500.0,32500.0,Vendedor 4
1649,2023-11-03,Cliente 47,SURCO,AUTO HONDA ODISSEY 2013,1,23500.0,23500.0,Vendedor 10
1650,2023-11-03,Cliente 32,SURCO,AUTO HONDA CRV 2014,1,21000.0,21000.0,Vendedor 7
1651,2023-11-03,Cliente 32,LA MOLINA,ACEITE DE MOTOR 5W30 FULL SINTÉTICO,1,133.5,133.5,Vendedor 9
1652,2023-11-03,Cliente 2,LA MOLINA,FILTRO DE COMBUSTIBLE,1,141.1,141.1,Vendedor 1
1653,2023-11-03,Cliente 22,SURCO,AMORTIGUADORES DELANTEROS,2,285.2,570.4,Vendedor 1
1654,2023-11-03,Cliente 14,SURCO,AMORTIGUADORES POSTERIORES,4,126.2,504.8,Vendedor 9
1655,2023-11-03,Cliente 48,SURCO,"LLANTAS 18""",2,73.1,146.2,Vendedor 10
1656,2023-11-03,Cliente 5,SURCO,BATERÍA DE 18 PLACAS,1,96.1,96.1,Vendedor 1
1657,2023-11-04,Cliente 32,SURCO,AUTO HONDA ACCORD 2014,1,24500.0,24500.0,Vendedor 1
1658,2023-11-04,Cliente 40,LA MOLINA,AUTO HONDA CIVIC 2014,1,32500.0,32500.0,Vendedor 1
1659,2023-11-04,Cliente 45,SURCO,AUTO HONDA ODISSEY 2013,1,23500.0,23500.0,Vendedor 3
1660,2023-11-04,Cliente 12,LA MOLINA,AUTO HONDA CRV 2014,1,21000.0,21000.0,Vendedor 1
1661,2023-11-04,Cliente 30,SURCO,ACEITE DE MOTOR 5W30 FULL SINTÉTICO,2,133.5,267.0,Vendedor 10
1662,2023-11-04,Cliente 38,SURCO,FILTRO DE COMBUSTIBLE,1,141.1,141.1,Vendedor 2
1663,2023-11-04,Cliente 32,SURCO,AMORTIGUADORES DELANTEROS,1,285.2,285.2,Vendedor 10
1664,2023-11-04,Cliente 13,SURCO,AMORTIGUADORES POSTERIORES,2,126.2,252.4,Vendedor 7
1665,2023-11-04,Cliente 21,LA MOLINA,"LLANTAS 18""",2,73.1,146.2,Vendedor 2
1666,2023-11-04,Cliente 21,SURCO,BATERÍA DE 18 PLACAS,1,96.1,96.1,Vendedor 4
1667,2023-11-05,Cliente 38,SURCO,AUTO HONDA CIVIC 2014,1,32500.0,32500.0,Vendedor 3
1668,2023-11-05,Cliente 5,SURCO,AUTO HONDA ODISSEY 2013,1,23500.0,23500.0,Vendedor 2
1669,2023-11-05,Cliente 49,SURCO,ACEITE DE MOTOR 5W30 FULL SINTÉTICO,2,133.5,267.0,Vendedor 7
1670,2023-11-05,Cliente 45,SURCO,FILTRO DE COMBUSTIBLE,1,141.1,141.1,Vendedor 6
1671,2023-11-05,Cliente 16,LA MOLINA,AMORTIGUADORES DELANTEROS,2,285.2,570.4,Vendedor 10
1672,2023-11-05,Cliente 7,SURCO,AMORTIGUADORES POSTERIORES,1,126.2,126.2,Vendedor 10
1673,2023-11-05,Cliente 2,SURCO,"LLANTAS 18""",2,73.1,146.2,Vendedor 8
1674,2023-11-05,Cliente 1,SURCO,BATERÍA DE 18 PLACAS,1,96.1,96.1,Vendedor 1
1675,2023-11-06,Cliente 46,SURCO,ACEITE DE MOTOR 5W30 FULL SINTÉTICO,1,133.5,133.5,Vendedor 10
1676,2023-11-06,Cliente 27,LA MOLINA,FILTRO DE COMBUSTIBLE,1,141.1,141.1,Vendedor 8
1677,2023-11-06,Cliente 10,SURCO,AMORTIGUADORES DELANTEROS,2,285.2,570.4,Vendedor 5
1678,2023-11-06,Cliente 27,LA MOLINA,AMORTIGUADORES POSTERIORES,5,126.2,631.0,Vendedor 4
1679,2023-11-06,Cliente 39,SURCO,"LLANTAS 18""",1,73.1,73.1,Vendedor 3
1680,2023-11-06,Cliente 40,LA MOLINA,BATERÍA DE 18 PLACAS,1,96.1,96.1,Vendedor 2
1681,2023-11-07,Cliente 27,LA MOLINA,ACEITE DE MOTOR 5W30 FULL SINTÉTICO,2,133.5,267.0,Vendedor 1
1682,2023-11-07,Cliente 13,SURCO,FILTRO DE COMBUSTIBLE,1,141.1,141.1,Vendedor 2
1683,2023-11-07,Cliente 49,LA MOLINA,AMORTIGUADORES DELANTEROS,1,285.2,285.2,Vendedor 9
1684,2023-11-07,Cliente 30,SURCO,AMORTIGUADORES POSTERIORES,5,126.2,631.0,Vendedor 4
1685,2023-11-07,Cliente 13,SURCO,"LLANTAS 18""",2,73.1,146.2,Vendedor 2
1686,2023-11-07,Cliente 44,SURCO,BATERÍA DE 18 PLACAS,1,96.1,96.1,Vendedor 8
1687,2023-11-08,Cliente 11,SURCO,ACEITE DE MOTOR 5W30 FULL SINTÉTICO,2,133.5,267.0,Vendedor 1
1688,2023-11-08,Cliente 19,LA MOLINA,AMORTIGUADORES DELANTEROS,1,285.2,285.2,Vendedor 4
1689,2023-11-08,Cliente 22,LA MOLINA,AMORTIGUADORES POSTERIORES,4,126.2,504.8,Vendedor 10
1690,2023-11-08,Cliente 7,SURCO,"LLANTAS 18""",2,73.1,146.2,Vendedor 1
1691,2023-11-08,Cliente 11,SURCO,BATERÍA DE 18 PLACAS,1,96.1,96.1,Vendedor 1
1692,2023-11-09,Cliente 33,SURCO,AUTO HONDA PILOT 2013,1,26000.0,26000.0,Vendedor 2
1693,2023-11-09,Cliente 16,SURCO,AUTO HONDA FIT 2016,1,25500.0,25500.0,Vendedor 8
1694,2023-11-09,Cliente 27,SURCO,AUTO HONDA CITY 2016,1,20000.0,20000.0,Vendedor 4
1695,2023-11-09,Cliente 50,SURCO,ACEITE DE MOTOR 5W30 FULL SINTÉTICO,2,133.5,267.0,Vendedor 2
1696,2023-11-09,Cliente 7,SURCO,AMORTIGUADORES DELANTEROS,3,285.2,855.6,Vendedor 4
1697,2023-11-09,Cliente 25,SURCO,AMORTIGUADORES POSTERIORES,4,126.2,504.8,Vendedor 4
1698,2023-11-09,Cliente 38,LA MOLINA,"LLANTAS 18""",1,73.1,73.1,Vendedor 8
1699,2023-11-09,Cliente 28,LA MOLINA,BATERÍA DE 18 PLACAS,1,96.1,96.1,Vendedor 3
1700,2023-11-10,Cliente 40,SURCO,AUTO HONDA PILOT 2013,1,26000.0,26000.0,Vendedor 8
1701,2023-11-10,Cliente 25,SURCO,AUTO HONDA FIT 2016,1,25500.0,25500.0,Vendedor 6
1702,2023-11-10,Cliente 30,SURCO,AUTO HONDA CITY 2016,1,20000.0,20000.0,Vendedor 4
1703,2023-11-10,Cliente 13,LA MOLINA,ACEITE DE MOTOR 5W30 FULL SINTÉTICO,2,133.5,267.0,Vendedor 6
1704,2023-11-10,Cliente 45,SURCO,AMORTIGUADORES DELANTEROS,2,285.2,570.4,Vendedor 10
1705,2023-11-10,Cliente 9,LA MOLINA,AMORTIGUADORES POSTERIORES,1,126.2,126.2,Vendedor 2
1706,2023-11-10,Cliente 27,LA MOLINA,"LLANTAS 18""",2,73.1,146.2,Vendedor 3
1707,2023-11-10,Cliente 15,LA MOLINA,BATERÍA DE 18 PLACAS,1,96.1,96.1,Vendedor 5
1708,2023-11-11,Cliente 41,SURCO,AUTO HONDA PILOT 2013,1,26000.0,26000.0,Vendedor 10
1709,2023-11-11,Cliente 37,SURCO,AUTO HONDA FIT 2016,1,25500.0,25500.0,Vendedor 9
1710,2023-11-11,Cliente 6,SURCO,AUTO HONDA CITY 2016,1,20000.0,20000.0,Vendedor 7
1711,2023-11-11,Cliente 38,SURCO,ACEITE DE MOTOR 5W30 FULL SINTÉTICO,1,133.5,133.5,Vendedor 8
1712,2023-11-11,Cliente 1,LA MOLINA,AMORTIGUADORES DELANTEROS,4,285.2,1140.8,Vendedor 7
1713,2023-11-11,Cliente 21,SURCO,AMORTIGUADORES POSTERIORES,2,126.2,252.4,Vendedor 7
1714,2023-11-11,Cliente 37,SURCO,"LLANTAS 18""",1,73.1,73.1,Vendedor 1
1715,2023-11-11,Cliente 3,LA MOLINA,BATERÍA DE 18 PLACAS,1,96.1,96.1,Vendedor 1
1716,2023-11-12,Cliente 47,SURCO,AUTO HONDA FIT 2016,1,25500.0,25500.0,Vendedor 9
1717,2023-11-12,Cliente 28,SURCO,AUTO HONDA CITY 2016,1,20000.0,20000.0,Vendedor 9
1718,2023-11-12,Cliente 45,LA MOLINA,ACEITE DE MOTOR 5W30 FULL SINTÉTICO,2,133.5,267.0,Vendedor 2
1719,2023-11-12,Cliente 16,LA MOLINA,AMORTIGUADORES DELANTEROS,2,285.2,570.4,Vendedor 2
1720,2023-11-12,Cliente 45,SURCO,AMORTIGUADORES POSTERIORES,5,126.2,631.0,Vendedor 7
1721,2023-11-12,Cliente 23,LA MOLINA,"LLANTAS 18""",2,73.1,146.2,Vendedor 5
1722,2023-11-12,Cliente 42,LA MOLINA,BATERÍA DE 18 PLACAS,1,96.1,96.1,Vendedor 2
1723,2023-11-13,Cliente 31,SURCO,AUTO HONDA CITY 2016,1,20000.0,20000.0,Vendedor 5
1724,2023-11-13,Cliente 37,LA MOLINA,ACEITE DE MOTOR 5W30 FULL SINTÉTICO,1,133.5,133.5,Vendedor 10
1725,2023-11-13,Cliente 50,LA MOLINA,AMORTIGUADORES POSTERIORES,4,126.2,504.8,Vendedor 3
1726,2023-11-13,Cliente 24,LA MOLINA,"LLANTAS 18""",4,73.1,292.4,Vendedor 8
1727,2023-11-14,Cliente 25,LA MOLINA,ACEITE DE MOTOR 5W30 FULL SINTÉTICO,1,133.5,133.5,Vendedor 6
1728,2023-11-14,Cliente 28,LA MOLINA,AMORTIGUADORES POSTERIORES,1,126.2,126.2,Vendedor 5
1729,2023-11-14,Cliente 40,LA MOLINA,"LLANTAS 18""",2,73.1,146.2,Vendedor 6
1730,2023-11-15,Cliente 8,LA MOLINA,ACEITE DE MOTOR 5W30 FULL SINTÉTICO,2,133.5,267.0,Vendedor 7
1731,2023-11-15,Cliente 24,SURCO,AMORTIGUADORES POSTERIORES,4,126.2,504.8,Vendedor 6
1732,2023-11-15,Cliente 36,LA MOLINA,"LLANTAS 18""",2,73.1,146.2,Vendedor 4
1733,2023-11-16,Cliente 35,LA MOLINA,ACEITE DE MOTOR 5W30 FULL SINTÉTICO,2,133.5,267.0,Vendedor 2
1734,2023-11-16,Cliente 49,SURCO,AMORTIGUADORES POSTERIORES,6,126.2,757.2,Vendedor 4
1735,2023-11-16,Cliente 18,LA MOLINA,"LLANTAS 18""",3,73.1,219.3,Vendedor 9
1736,2023-11-17,Cliente 5,SURCO,ACEITE DE MOTOR 5W30 FULL SINTÉTICO,2,133.5,267.0,Vendedor 6
1737,2023-11-17,Cliente 32,LA MOLINA,AMORTIGUADORES DELANTEROS,3,285.2,855.6,Vendedor 9
1738,2023-11-17,Cliente 31,SURCO,AMORTIGUADORES POSTERIORES,3,126.2,378.6,Vendedor 9
1739,2023-11-17,Cliente 40,LA MOLINA,"LLANTAS 18""",3,73.1,219.3,Vendedor 6
1740,2023-11-17,Cliente 30,SURCO,BATERÍA DE 18 PLACAS,1,96.1,96.1,Vendedor 2
1741,2023-11-18,Cliente 12,LA MOLINA,ACEITE DE MOTOR 5W30 FULL SINTÉTICO,1,133.5,133.5,Vendedor 5
1742,2023-11-18,Cliente 11,SURCO,AMORTIGUADORES DELANTEROS,1,285.2,285.2,Vendedor 5
1743,2023-11-18,Cliente 32,LA MOLINA,AMORTIGUADORES POSTERIORES,1,126.2,126.2,Vendedor 3
1744,2023-11-18,Cliente 19,SURCO,"LLANTAS 18""",2,73.1,146.2,Vendedor 7
1745,2023-11-18,Cliente 23,LA MOLINA,BATERÍA DE 18 PLACAS,1,96.1,96.1,Vendedor 7
1746,2023-11-19,Cliente 19,SURCO,ACEITE DE MOTOR 5W30 FULL SINTÉTICO,2,133.5,267.0,Vendedor 4
1747,2023-11-19,Cliente 15,SURCO,AMORTIGUADORES DELANTEROS,1,285.2,285.2,Vendedor 9
1748,2023-11-19,Cliente 27,LA MOLINA,AMORTIGUADORES POSTERIORES,6,126.2,757.2,Vendedor 10
1749,2023-11-19,Cliente 32,LA MOLINA,"LLANTAS 18""",3,73.1,219.3,Vendedor 10
1750,2023-11-19,Cliente 20,LA MOLINA,BATERÍA DE 18 PLACAS,2,96.1,192.2,Vendedor 10
1751,2023-11-20,Cliente 11,LA MOLINA,ACEITE DE MOTOR 5W30 FULL SINTÉTICO,1,133.5,133.5,Vendedor 5
1752,2023-11-20,Cliente 24,LA MOLINA,AMORTIGUADORES DELANTEROS,2,285.2,570.4,Vendedor 5
1753,2023-11-20,Cliente 10,LA MOLINA,AMORTIGUADORES POSTERIORES,7,126.2,883.4,Vendedor 6
1754,2023-11-20,Cliente 11,LA MOLINA,"LLANTAS 18""",3,73.1,219.3,Vendedor 10
1755,2023-11-20,Cliente 12,LA MOLINA,BATERÍA DE 18 PLACAS,1,96.1,96.1,Vendedor 3
1756,2023-11-21,Cliente 11,SURCO,ACEITE DE MOTOR 5W30 FULL SINTÉTICO,3,133.5,400.5,Vendedor 4
1757,2023-11-21,Cliente 21,SURCO,AMORTIGUADORES DELANTEROS,2,285.2,570.4,Vendedor 10
1758,2023-11-21,Cliente 17,LA MOLINA,AMORTIGUADORES POSTERIORES,2,126.2,252.4,Vendedor 6
1759,2023-11-21,Cliente 36,SURCO,"LLANTAS 18""",2,73.1,146.2,Vendedor 1
1760,2023-11-21,Cliente 10,LA MOLINA,BATERÍA DE 18 PLACAS,2,96.1,192.2,Vendedor 6
1761,2023-11-22,Cliente 35,SURCO,ACEITE DE MOTOR 5W30 FULL SINTÉTICO,2,133.5,267.0,Vendedor 5
1762,2023-11-22,Cliente 26,SURCO,AMORTIGUADORES DELANTEROS,2,285.2,570.4,Vendedor 8
1763,2023-11-22,Cliente 30,LA MOLINA,AMORTIGUADORES POSTERIORES,7,126.2,883.4,Vendedor 6
1764,2023-11-22,Cliente 48,SURCO,"LLANTAS 18""",2,73.1,146.2,Vendedor 9
1765,2023-11-22,Cliente 42,LA MOLINA,BATERÍA DE 18 PLACAS,3,96.1,288.3,Vendedor 5
1766,2023-11-23,Cliente 49,LA MOLINA,ACEITE DE MOTOR 5W30 FULL SINTÉTICO,2,133.5,267.0,Vendedor 10
1767,2023-11-23,Cliente 22,LA MOLINA,AMORTIGUADORES DELANTEROS,3,285.2,855.6,Vendedor 2
1768,2023-11-23,Cliente 3,LA MOLINA,AMORTIGUADORES POSTERIORES,6,126.2,757.2,Vendedor 3
1769,2023-11-23,Cliente 20,SURCO,"LLANTAS 18""",6,73.1,438.6,Vendedor 1
1770,2023-11-23,Cliente 29,SURCO,BATERÍA DE 18 PLACAS,2,96.1,192.2,Vendedor 6
1771,2023-11-24,Cliente 4,LA MOLINA,ACEITE DE MOTOR 5W30 FULL SINTÉTICO,1,133.5,133.5,Vendedor 10
1772,2023-11-24,Cliente 50,SURCO,AMORTIGUADORES DELANTEROS,4,285.2,1140.8,Vendedor 5
1773,2023-11-24,Cliente 35,SURCO,"LLANTAS 18""",1,73.1,73.1,Vendedor 8
1774,2023-11-24,Cliente 33,SURCO,BATERÍA DE 18 PLACAS,2,96.1,192.2,Vendedor 7
1775,2023-11-25,Cliente 21,LA MOLINA,ACEITE DE MOTOR 5W30 FULL SINTÉTICO,2,133.5,267.0,Vendedor 10
1776,2023-11-25,Cliente 43,LA MOLINA,AMORTIGUADORES DELANTEROS,2,285.2,570.4,Vendedor 6
1777,2023-11-25,Cliente 24,LA MOLINA,"LLANTAS 18""",2,73.1,146.2,Vendedor 7
1778,2023-11-25,Cliente 19,LA MOLINA,BATERÍA DE 18 PLACAS,2,96.1,192.2,Vendedor 6
1779,2023-11-26,Cliente 29,LA MOLINA,ACEITE DE MOTOR 5W30 FULL SINTÉTICO,3,133.5,400.5,Vendedor 9
1780,2023-11-26,Cliente 29,LA MOLINA,"LLANTAS 18""",8,73.1,584.8,Vendedor 5
1781,2023-11-26,Cliente 47,LA MOLINA,BATERÍA DE 18 PLACAS,1,96.1,96.1,Vendedor 7
1782,2023-11-27,Cliente 10,SURCO,ACEITE DE MOTOR 5W30 FULL SINTÉTICO,1,133.5,133.5,Vendedor 4
1783,2023-11-27,Cliente 38,SURCO,"LLANTAS 18""",6,73.1,438.6,Vendedor 7
1784,2023-11-27,Cliente 27,LA MOLINA,BATERÍA DE 18 PLACAS,1,96.1,96.1,Vendedor 5
1785,2023-11-28,Cliente 36,LA MOLINA,ACEITE DE MOTOR 5W30 FULL SINTÉTICO,4,133.5,534.0,Vendedor 8
1786,2023-11-28,Cliente 25,SURCO,"LLANTAS 18""",4,73.1,292.4,Vendedor 5
1787,2023-11-28,Cliente 3,LA MOLINA,BATERÍA DE 18 PLACAS,5,96.1,480.5,Vendedor 5
1788,2023-11-29,Cliente 15,LA MOLINA,ACEITE DE MOTOR 5W30 FULL SINTÉTICO,4,133.5,534.0,Vendedor 1
1789,2023-11-29,Cliente 41,LA MOLINA,"LLANTAS 18""",1,73.1,73.1,Vendedor 8
1790,2023-11-29,Cliente 27,LA MOLINA,BATERÍA DE 18 PLACAS,1,96.1,96.1,Vendedor 3
1791,2023-11-30,Cliente 32,LA MOLINA,ACEITE DE MOTOR 5W30 FULL SINTÉTICO,2,133.5,267.0,Vendedor 2
1792,2023-11-30,Cliente 17,SURCO,"LLANTAS 18""",10,73.1,731.0,Vendedor 8
1793,2023-11-30,Cliente 33,LA MOLINA,BATERÍA DE 18 PLACAS,2,96.1,192.2,Vendedor 10
1794,2023-12-01,Cliente 38,SURCO,AUTO HONDA CIVIC 2014,1,33000.0,33000.0,Vendedor 1
1795,2023-12-01,Cliente 21,SURCO,AUTO HONDA ODISSEY 2013,1,27000.0,27000.0,Vendedor 8
1796,2023-12-01,Cliente 23,SURCO,AUTO HONDA CRV 2014,1,22000.0,22000.0,Vendedor 3
1797,2023-12-01,Cliente 18,SURCO,AUTO HONDA PILOT 2013,1,27000.0,27000.0,Vendedor 6
1798,2023-12-01,Cliente 41,SURCO,AUTO HONDA FIT 2016,1,25500.0,25500.0,Vendedor 6
1799,2023-12-01,Cliente 19,LA MOLINA,ACEITE DE MOTOR 5W30 FULL SINTÉTICO,1,124.7,124.7,Vendedor 9
1800,2023-12-01,Cliente 33,SURCO,FILTRO DE COMBUSTIBLE,1,105.5,105.5,Vendedor 4
1801,2023-12-01,Cliente 35,SURCO,"LLANTAS 18""",1,65.0,65.0,Vendedor 6
1802,2023-12-01,Cliente 44,LA MOLINA,BATERÍA DE 18 PLACAS,1,119.1,119.1,Vendedor 5
1803,2023-12-02,Cliente 44,LA MOLINA,AUTO HONDA CIVIC 2014,1,33000.0,33000.0,Vendedor 6
1804,2023-12-02,Cliente 35,LA MOLINA,AUTO HONDA ODISSEY 2013,1,27000.0,27000.0,Vendedor 10
1805,2023-12-02,Cliente 10,LA MOLINA,AUTO HONDA CRV 2014,1,22000.0,22000.0,Vendedor 1
1806,2023-12-02,Cliente 34,SURCO,AUTO HONDA PILOT 2013,1,27000.0,27000.0,Vendedor 5
1807,2023-12-02,Cliente 27,LA MOLINA,ACEITE DE MOTOR 5W30 FULL SINTÉTICO,2,124.7,249.4,Vendedor 6
1808,2023-12-02,Cliente 7,SURCO,FILTRO DE COMBUSTIBLE,1,105.5,105.5,Vendedor 4
1809,2023-12-02,Cliente 36,SURCO,"LLANTAS 18""",2,65.0,130.0,Vendedor 10
1810,2023-12-02,Cliente 27,LA MOLINA,BATERÍA DE 18 PLACAS,1,119.1,119.1,Vendedor 8
1811,2023-12-03,Cliente 8,SURCO,AUTO HONDA CIVIC 2014,1,33000.0,33000.0,Vendedor 3
1812,2023-12-03,Cliente 31,LA MOLINA,AUTO HONDA ODISSEY 2013,1,27000.0,27000.0,Vendedor 6
1813,2023-12-03,Cliente 9,LA MOLINA,ACEITE DE MOTOR 5W30 FULL SINTÉTICO,2,124.7,249.4,Vendedor 8
1814,2023-12-03,Cliente 12,LA MOLINA,FILTRO DE COMBUSTIBLE,1,105.5,105.5,Vendedor 5
1815,2023-12-03,Cliente 15,SURCO,AMORTIGUADORES DELANTEROS,1,183.9,183.9,Vendedor 3
1816,2023-12-03,Cliente 45,SURCO,AMORTIGUADORES POSTERIORES,3,121.8,365.4,Vendedor 4
1817,2023-12-03,Cliente 14,SURCO,"LLANTAS 18""",3,65.0,195.0,Vendedor 3
1818,2023-12-03,Cliente 28,SURCO,BATERÍA DE 18 PLACAS,1,119.1,119.1,Vendedor 2
1819,2023-12-04,Cliente 2,LA MOLINA,AUTO HONDA CIVIC 2014,1,33000.0,33000.0,Vendedor 8
1820,2023-12-04,Cliente 13,SURCO,ACEITE DE MOTOR 5W30 FULL SINTÉTICO,2,124.7,249.4,Vendedor 2
1821,2023-12-04,Cliente 43,SURCO,FILTRO DE COMBUSTIBLE,1,105.5,105.5,Vendedor 9
1822,2023-12-04,Cliente 8,LA MOLINA,AMORTIGUADORES DELANTEROS,1,183.9,183.9,Vendedor 5
1823,2023-12-04,Cliente 20,SURCO,AMORTIGUADORES POSTERIORES,1,121.8,121.8,Vendedor 1
1824,2023-12-04,Cliente 39,SURCO,"LLANTAS 18""",1,65.0,65.0,Vendedor 4
1825,2023-12-04,Cliente 12,SURCO,BATERÍA DE 18 PLACAS,1,119.1,119.1,Vendedor 6
1826,2023-12-05,Cliente 10,SURCO,ACEITE DE MOTOR 5W30 FULL SINTÉTICO,1,124.7,124.7,Vendedor 5
1827,2023-12-05,Cliente 23,LA MOLINA,FILTRO DE COMBUSTIBLE,1,105.5,105.5,Vendedor 3
1828,2023-12-05,Cliente 7,SURCO,AMORTIGUADORES DELANTEROS,2,183.9,367.8,Vendedor 10
1829,2023-12-05,Cliente 46,SURCO,AMORTIGUADORES POSTERIORES,1,121.8,121.8,Vendedor 4
1830,2023-12-05,Cliente 49,SURCO,"LLANTAS 18""",3,65.0,195.0,Vendedor 9
1831,2023-12-05,Cliente 47,SURCO,BATERÍA DE 18 PLACAS,1,119.1,119.1,Vendedor 2
1832,2023-12-06,Cliente 24,LA MOLINA,ACEITE DE MOTOR 5W30 FULL SINTÉTICO,1,124.7,124.7,Vendedor 10
1833,2023-12-06,Cliente 29,SURCO,FILTRO DE COMBUSTIBLE,1,105.5,105.5,Vendedor 2
1834,2023-12-06,Cliente 25,LA MOLINA,AMORTIGUADORES DELANTEROS,2,183.9,367.8,Vendedor 7
1835,2023-12-06,Cliente 27,SURCO,AMORTIGUADORES POSTERIORES,2,121.8,243.6,Vendedor 2
1836,2023-12-06,Cliente 30,LA MOLINA,"LLANTAS 18""",3,65.0,195.0,Vendedor 2
1837,2023-12-06,Cliente 32,SURCO,BATERÍA DE 18 PLACAS,1,119.1,119.1,Vendedor 6
1838,2023-12-07,Cliente 36,LA MOLINA,ACEITE DE MOTOR 5W30 FULL SINTÉTICO,3,124.7,374.1,Vendedor 1
1839,2023-12-07,Cliente 21,SURCO,FILTRO DE COMBUSTIBLE,1,105.5,105.5,Vendedor 8
1840,2023-12-07,Cliente 19,LA MOLINA,AMORTIGUADORES DELANTEROS,1,183.9,183.9,Vendedor 8
1841,2023-12-07,Cliente 15,LA MOLINA,AMORTIGUADORES POSTERIORES,3,121.8,365.4,Vendedor 9
1842,2023-12-07,Cliente 28,LA MOLINA,"LLANTAS 18""",4,65.0,260.0,Vendedor 4
1843,2023-12-07,Cliente 44,LA MOLINA,BATERÍA DE 18 PLACAS,1,119.1,119.1,Vendedor 6
1844,2023-12-08,Cliente 44,SURCO,ACEITE DE MOTOR 5W30 FULL SINTÉTICO,1,124.7,124.7,Vendedor 8
1845,2023-12-08,Cliente 29,LA MOLINA,AMORTIGUADORES DELANTEROS,1,183.9,183.9,Vendedor 9
1846,2023-12-08,Cliente 10,SURCO,AMORTIGUADORES POSTERIORES,1,121.8,121.8,Vendedor 7
1847,2023-12-08,Cliente 48,LA MOLINA,"LLANTAS 18""",3,65.0,195.0,Vendedor 3
1848,2023-12-08,Cliente 13,LA MOLINA,BATERÍA DE 18 PLACAS,1,119.1,119.1,Vendedor 6
1849,2023-12-09,Cliente 8,LA MOLINA,ACEITE DE MOTOR 5W30 FULL SINTÉTICO,1,124.7,124.7,Vendedor 4
1850,2023-12-09,Cliente 18,LA MOLINA,AMORTIGUADORES DELANTEROS,4,183.9,735.6,Vendedor 10
1851,2023-12-09,Cliente 23,LA MOLINA,AMORTIGUADORES POSTERIORES,3,121.8,365.4,Vendedor 8
1852,2023-12-09,Cliente 10,LA MOLINA,BATERÍA DE 18 PLACAS,2,119.1,238.2,Vendedor 8
1853,2023-12-10,Cliente 8,SURCO,AUTO HONDA PILOT 2013,1,27000.0,27000.0,Vendedor 5
1854,2023-12-10,Cliente 32,SURCO,AUTO HONDA FIT 2016,1,25500.0,25500.0,Vendedor 4
1855,2023-12-10,Cliente 2,SURCO,AUTO HONDA CITY 2016,1,31500.0,31500.0,Vendedor 2
1856,2023-12-10,Cliente 5,SURCO,ACEITE DE MOTOR 5W30 FULL SINTÉTICO,3,124.7,374.1,Vendedor 8
1857,2023-12-10,Cliente 25,SURCO,AMORTIGUADORES DELANTEROS,1,183.9,183.9,Vendedor 10
1858,2023-12-10,Cliente 20,SURCO,AMORTIGUADORES POSTERIORES,2,121.8,243.6,Vendedor 10
1859,2023-12-10,Cliente 30,LA MOLINA,BATERÍA DE 18 PLACAS,1,119.1,119.1,Vendedor 4
1860,2023-12-11,Cliente 43,SURCO,AUTO HONDA FIT 2016,1,25500.0,25500.0,Vendedor 8
1861,2023-12-11,Cliente 33,SURCO,AUTO HONDA CITY 2016,1,31500.0,31500.0,Vendedor 5
1862,2023-12-11,Cliente 49,SURCO,ACEITE DE MOTOR 5W30 FULL SINTÉTICO,3,124.7,374.1,Vendedor 1
1863,2023-12-11,Cliente 25,SURCO,AMORTIGUADORES DELANTEROS,4,183.9,735.6,Vendedor 8
1864,2023-12-11,Cliente 29,LA MOLINA,AMORTIGUADORES POSTERIORES,3,121.8,365.4,Vendedor 8
1865,2023-12-11,Cliente 36,SURCO,BATERÍA DE 18 PLACAS,1,119.1,119.1,Vendedor 5
1866,2023-12-12,Cliente 32,SURCO,AUTO HONDA FIT 2016,1,25500.0,25500.0,Vendedor 7
1867,2023-12-12,Cliente 20,SURCO,AUTO HONDA CITY 2016,1,31500.0,31500.0,Vendedor 7
1868,2023-12-12,Cliente 37,SURCO,ACEITE DE MOTOR 5W30 FULL SINTÉTICO,4,124.7,498.8,Vendedor 8
1869,2023-12-12,Cliente 31,LA MOLINA,AMORTIGUADORES DELANTEROS,5,183.9,919.5,Vendedor 9
1870,2023-12-12,Cliente 26,LA MOLINA,AMORTIGUADORES POSTERIORES,1,121.8,121.8,Vendedor 5
1871,2023-12-12,Cliente 50,LA MOLINA,BATERÍA DE 18 PLACAS,2,119.1,238.2,Vendedor 5
1872,2023-12-13,Cliente 4,SURCO,AUTO HONDA FIT 2016,1,25500.0,25500.0,Vendedor 1
1873,2023-12-13,Cliente 9,SURCO,AUTO HONDA CITY 2016,1,31500.0,31500.0,Vendedor 6
1874,2023-12-13,Cliente 49,SURCO,ACEITE DE MOTOR 5W30 FULL SINTÉTICO,3,124.7,374.1,Vendedor 6
1875,2023-12-13,Cliente 28,SURCO,AMORTIGUADORES DELANTEROS,2,183.9,367.8,Vendedor 6
1876,2023-12-13,Cliente 43,LA MOLINA,BATERÍA DE 18 PLACAS,2,119.1,238.2,Vendedor 4
1877,2023-12-14,Cliente 16,SURCO,AUTO HONDA CITY 2016,1,31500.0,31500.0,Vendedor 5
1878,2023-12-14,Cliente 20,SURCO,ACEITE DE MOTOR 5W30 FULL SINTÉTICO,1,124.7,124.7,Vendedor 2
1879,2023-12-14,Cliente 2,LA MOLINA,AMORTIGUADORES DELANTEROS,3,183.9,551.7,Vendedor 9
1880,2023-12-14,Cliente 37,LA MOLINA,BATERÍA DE 18 PLACAS,2,119.1,238.2,Vendedor 9
1881,2023-12-15,Cliente 38,LA MOLINA,ACEITE DE MOTOR 5W30 FULL SINTÉTICO,1,124.7,124.7,Vendedor 1
1882,2023-12-15,Cliente 37,LA MOLINA,AMORTIGUADORES DELANTEROS,3,183.9,551.7,Vendedor 7
1883,2023-12-15,Cliente 7,LA MOLINA,BATERÍA DE 18 PLACAS,1,119.1,119.1,Vendedor 4
1884,2023-12-16,Cliente 33,LA MOLINA,ACEITE DE MOTOR 5W30 FULL SINTÉTICO,3,124.7,374.1,Vendedor 6
1885,2023-12-16,Cliente 24,LA MOLINA,AMORTIGUADORES DELANTEROS,2,183.9,367.8,Vendedor 7
1886,2023-12-16,Cliente 19,LA MOLINA,BATERÍA DE 18 PLACAS,1,119.1,119.1,Vendedor 5
1887,2023-12-17,Cliente 37,LA MOLINA,ACEITE DE MOTOR 5W30 FULL SINTÉTICO,1,124.7,124.7,Vendedor 7
1888,2023-12-17,Cliente 46,SURCO,AMORTIGUADORES DELANTEROS,2,183.9,367.8,Vendedor 10
1889,2023-12-17,Cliente 18,LA MOLINA,AMORTIGUADORES POSTERIORES,1,121.8,121.8,Vendedor 2
1890,2023-12-17,Cliente 28,LA MOLINA,"LLANTAS 18""",5,65.0,325.0,Vendedor 4
1891,2023-12-17,Cliente 42,SURCO,BATERÍA DE 18 PLACAS,2,119.1,238.2,Vendedor 5
1892,2023-12-18,Cliente 43,LA MOLINA,ACEITE DE MOTOR 5W30 FULL SINTÉTICO,3,124.7,374.1,Vendedor 9
1893,2023-12-18,Cliente 27,SURCO,AMORTIGUADORES DELANTEROS,3,183.9,551.7,Vendedor 7
1894,2023-12-18,Cliente 43,LA MOLINA,AMORTIGUADORES POSTERIORES,3,121.8,365.4,Vendedor 9
1895,2023-12-18,Cliente 41,SURCO,"LLANTAS 18""",2,65.0,130.0,Vendedor 9
1896,2023-12-18,Cliente 14,LA MOLINA,BATERÍA DE 18 PLACAS,1,119.1,119.1,Vendedor 8
1897,2023-12-19,Cliente 37,LA MOLINA,ACEITE DE MOTOR 5W30 FULL SINTÉTICO,3,124.7,374.1,Vendedor 1
1898,2023-12-19,Cliente 24,SURCO,AMORTIGUADORES DELANTEROS,5,183.9,919.5,Vendedor 8
1899,2023-12-19,Cliente 10,SURCO,AMORTIGUADORES POSTERIORES,2,121.8,243.6,Vendedor 5
1900,2023-12-19,Cliente 27,LA MOLINA,"LLANTAS 18""",5,65.0,325.0,Vendedor 6
1901,2023-12-19,Cliente 27,SURCO,BATERÍA DE 18 PLACAS,1,119.1,119.1,Vendedor 5
1902,2023-12-20,Cliente 17,SURCO,ACEITE DE MOTOR 5W30 FULL SINTÉTICO,3,124.7,374.1,Vendedor 10
1903,2023-12-20,Cliente 16,LA MOLINA,AMORTIGUADORES DELANTEROS,2,183.9,367.8,Vendedor 2
1904,2023-12-20,Cliente 2,SURCO,AMORTIGUADORES POSTERIORES,2,121.8,243.6,Vendedor 4
1905,2023-12-20,Cliente 30,SURCO,"LLANTAS 18""",7,65.0,455.0,Vendedor 8
1906,2023-12-20,Cliente 42,LA MOLINA,BATERÍA DE 18 PLACAS,2,119.1,238.2,Vendedor 1
1907,2023-12-21,Cliente 18,SURCO,ACEITE DE MOTOR 5W30 FULL SINTÉTICO,2,124.7,249.4,Vendedor 3
1908,2023-12-21,Cliente 18,LA MOLINA,AMORTIGUADORES DELANTEROS,1,183.9,183.9,Vendedor 9
1909,2023-12-21,Cliente 47,SURCO,AMORTIGUADORES POSTERIORES,2,121.8,243.6,Vendedor 8
1910,2023-12-21,Cliente 4,SURCO,"LLANTAS 18""",1,65.0,65.0,Vendedor 2
1911,2023-12-21,Cliente 5,LA MOLINA,BATERÍA DE 18 PLACAS,2,119.1,238.2,Vendedor 7
1912,2023-12-22,Cliente 26,SURCO,ACEITE DE MOTOR 5W30 FULL SINTÉTICO,3,124.7,374.1,Vendedor 3
1913,2023-12-22,Cliente 37,LA MOLINA,AMORTIGUADORES DELANTEROS,2,183.9,367.8,Vendedor 9
1914,2023-12-22,Cliente 32,LA MOLINA,AMORTIGUADORES POSTERIORES,2,121.8,243.6,Vendedor 2
1915,2023-12-22,Cliente 22,LA MOLINA,BATERÍA DE 18 PLACAS,1,119.1,119.1,Vendedor 10
1916,2023-12-23,Cliente 48,LA MOLINA,ACEITE DE MOTOR 5W30 FULL SINTÉTICO,6,124.7,748.2,Vendedor 4
1917,2023-12-23,Cliente 10,LA MOLINA,AMORTIGUADORES DELANTEROS,4,183.9,735.6,Vendedor 2
1918,2023-12-23,Cliente 18,SURCO,AMORTIGUADORES POSTERIORES,3,121.8,365.4,Vendedor 8
1919,2023-12-23,Cliente 32,SURCO,BATERÍA DE 18 PLACAS,2,119.1,238.2,Vendedor 9
1920,2023-12-24,Cliente 21,SURCO,ACEITE DE MOTOR 5W30 FULL SINTÉTICO,3,124.7,374.1,Vendedor 9
1921,2023-12-24,Cliente 44,LA MOLINA,AMORTIGUADORES DELANTEROS,7,183.9,1287.3,Vendedor 4
1922,2023-12-24,Cliente 24,SURCO,AMORTIGUADORES POSTERIORES,5,121.8,609.0,Vendedor 8
1923,2023-12-24,Cliente 42,LA MOLINA,BATERÍA DE 18 PLACAS,2,119.1,238.2,Vendedor 10
1924,2023-12-25,Cliente 45,SURCO,ACEITE DE MOTOR 5W30 FULL SINTÉTICO,1,124.7,124.7,Vendedor 4
1925,2023-12-25,Cliente 20,LA MOLINA,AMORTIGUADORES DELANTEROS,5,183.9,919.5,Vendedor 6
1926,2023-12-25,Cliente 29,SURCO,AMORTIGUADORES POSTERIORES,2,121.8,243.6,Vendedor 7
1927,2023-12-25,Cliente 20,LA MOLINA,BATERÍA DE 18 PLACAS,2,119.1,238.2,Vendedor 2
1928,2023-12-26,Cliente 20,SURCO,ACEITE DE MOTOR 5W30 FULL SINTÉTICO,7,124.7,872.9,Vendedor 4
1929,2023-12-26,Cliente 41,LA MOLINA,AMORTIGUADORES DELANTEROS,3,183.9,551.7,Vendedor 6
1930,2023-12-26,Cliente 3,LA MOLINA,AMORTIGUADORES POSTERIORES,4,121.8,487.2,Vendedor 5
1931,2023-12-26,Cliente 48,LA MOLINA,BATERÍA DE 18 PLACAS,2,119.1,238.2,Vendedor 7
1932,2023-12-27,Cliente 46,LA MOLINA,ACEITE DE MOTOR 5W30 FULL SINTÉTICO,7,124.7,872.9,Vendedor 7
1933,2023-12-27,Cliente 45,LA MOLINA,AMORTIGUADORES DELANTEROS,2,183.9,367.8,Vendedor 5
1934,2023-12-27,Cliente 23,SURCO,AMORTIGUADORES POSTERIORES,9,121.8,1096.2,Vendedor 7
1935,2023-12-27,Cliente 49,LA MOLINA,BATERÍA DE 18 PLACAS,2,119.1,238.2,Vendedor 1
1936,2023-12-28,Cliente 41,SURCO,ACEITE DE MOTOR 5W30 FULL SINTÉTICO,3,124.7,374.1,Vendedor 8
1937,2023-12-28,Cliente 1,LA MOLINA,AMORTIGUADORES DELANTEROS,10,183.9,1839.0,Vendedor 7
1938,2023-12-28,Cliente 21,SURCO,AMORTIGUADORES POSTERIORES,4,121.8,487.2,Vendedor 10
1939,2023-12-28,Cliente 16,LA MOLINA,BATERÍA DE 18 PLACAS,1,119.1,119.1,Vendedor 9
1940,2023-12-29,Cliente 21,LA MOLINA,ACEITE DE MOTOR 5W30 FULL SINTÉTICO,3,124.7,374.1,Vendedor 8
1941,2023-12-29,Cliente 17,LA MOLINA,AMORTIGUADORES DELANTEROS,8,183.9,1471.2,Vendedor 3
1942,2023-12-29,Cliente 13,SURCO,AMORTIGUADORES POSTERIORES,4,121.8,487.2,Vendedor 2
1943,2023-12-29,Cliente 26,LA MOLINA,BATERÍA DE 18 PLACAS,1,119.1,119.1,Vendedor 7
1944,2023-12-30,Cliente 6,LA MOLINA,ACEITE DE MOTOR 5W30 FULL SINTÉTICO,9,124.7,1122.3,Vendedor 8
1945,2023-12-30,Cliente 45,LA MOLINA,AMORTIGUADORES DELANTEROS,4,183.9,735.6,Vendedor 3
1946,2023-12-31,Cliente 1,LA MOLINA,ACEITE DE MOTOR 5W30 FULL SINTÉTICO,3,124.7,374.1,Vendedor 9
1947,2023-12-31,Cliente 44,LA MOLINA,AMORTIGUADORES DELANTEROS,10,183.9,1839.0,Vendedor 8
1948,2024-01-01,Cliente 19,LA MOLINA,AUTO HONDA ACCORD 2014,1,20000.0,20000.0,Vendedor 8
1949,2024-01-01,Cliente 9,LA MOLINA,AUTO HONDA CIVIC 2014,1,33000.0,33000.0,Vendedor 7
1950,2024-01-01,Cliente 39,SURCO,AUTO HONDA ODISSEY 2013,1,35000.0,35000.0,Vendedor 4
1951,2024-01-01,Cliente 47,LA MOLINA,AUTO HONDA CRV 2014,1,24500.0,24500.0,Vendedor 4
1952,2024-01-01,Cliente 12,SURCO,AUTO HONDA PILOT 2013,1,27000.0,27000.0,Vendedor 7
1953,2024-01-01,Cliente 19,LA MOLINA,ACEITE DE MOTOR 5W30 FULL SINTÉTICO,1,107.6,107.6,Vendedor 5
1954,2024-01-01,Cliente 40,SURCO,FILTRO DE COMBUSTIBLE,1,153.0,153.0,Vendedor 8
1955,2024-01-01,Cliente 38,LA MOLINA,AMORTIGUADORES DELANTEROS,1,274.6,274.6,Vendedor 8
1956,2024-01-02,Cliente 9,LA MOLINA,AUTO HONDA ACCORD 2014,1,20000.0,20000.0,Vendedor 6
1957,2024-01-02,Cliente 44,LA MOLINA,AUTO HONDA CIVIC 2014,1,33000.0,33000.0,Vendedor 4
1958,2024-01-02,Cliente 46,LA MOLINA,AUTO HONDA CRV 2014,1,24500.0,24500.0,Vendedor 7
1959,2024-01-02,Cliente 5,SURCO,AUTO HONDA PILOT 2013,1,27000.0,27000.0,Vendedor 2
1960,2024-01-02,Cliente 22,LA MOLINA,ACEITE DE MOTOR 5W30 FULL SINTÉTICO,1,107.6,107.6,Vendedor 4
1961,2024-01-02,Cliente 23,LA MOLINA,FILTRO DE COMBUSTIBLE,1,153.0,153.0,Vendedor 10
1962,2024-01-02,Cliente 17,LA MOLINA,AMORTIGUADORES DELANTEROS,1,274.6,274.6,Vendedor 9
1963,2024-01-03,Cliente 43,LA MOLINA,AUTO HONDA ACCORD 2014,1,20000.0,20000.0,Vendedor 6
1964,2024-01-03,Cliente 36,SURCO,AUTO HONDA CRV 2014,1,24500.0,24500.0,Vendedor 1
1965,2024-01-03,Cliente 11,LA MOLINA,ACEITE DE MOTOR 5W30 FULL SINTÉTICO,1,107.6,107.6,Vendedor 9
1966,2024-01-03,Cliente 30,LA MOLINA,AMORTIGUADORES DELANTEROS,2,274.6,549.2,Vendedor 3
1967,2024-01-03,Cliente 46,LA MOLINA,AMORTIGUADORES POSTERIORES,1,119.4,119.4,Vendedor 9
1968,2024-01-03,Cliente 17,SURCO,"LLANTAS 18""",4,74.4,297.6,Vendedor 2
1969,2024-01-03,Cliente 3,LA MOLINA,BATERÍA DE 18 PLACAS,1,112.9,112.9,Vendedor 3
1970,2024-01-04,Cliente 18,LA MOLINA,AUTO HONDA CRV 2014,1,24500.0,24500.0,Vendedor 6
1971,2024-01-04,Cliente 17,LA MOLINA,ACEITE DE MOTOR 5W30 FULL SINTÉTICO,2,107.6,215.2,Vendedor 10
1972,2024-01-04,Cliente 28,LA MOLINA,AMORTIGUADORES DELANTEROS,2,274.6,549.2,Vendedor 3
1973,2024-01-04,Cliente 49,LA MOLINA,AMORTIGUADORES POSTERIORES,3,119.4,358.2,Vendedor 3
1974,2024-01-04,Cliente 13,SURCO,"LLANTAS 18""",4,74.4,297.6,Vendedor 3
1975,2024-01-04,Cliente 15,SURCO,BATERÍA DE 18 PLACAS,1,112.9,112.9,Vendedor 3
1976,2024-01-05,Cliente 31,SURCO,AUTO HONDA CRV 2014,1,24500.0,24500.0,Vendedor 5
1977,2024-01-05,Cliente 28,LA MOLINA,ACEITE DE MOTOR 5W30 FULL SINTÉTICO,1,107.6,107.6,Vendedor 2
1978,2024-01-05,Cliente 29,SURCO,AMORTIGUADORES DELANTEROS,2,274.6,549.2,Vendedor 6
1979,2024-01-05,Cliente 32,LA MOLINA,AMORTIGUADORES POSTERIORES,4,119.4,477.6,Vendedor 2
1980,2024-01-05,Cliente 23,SURCO,"LLANTAS 18""",2,74.4,148.8,Vendedor 2
1981,2024-01-05,Cliente 19,SURCO,BATERÍA DE 18 PLACAS,1,112.9,112.9,Vendedor 3
1982,2024-01-06,Cliente 48,SURCO,AUTO HONDA CRV 2014,1,24500.0,24500.0,Vendedor 9
1983,2024-01-06,Cliente 38,SURCO,ACEITE DE MOTOR 5W30 FULL SINTÉTICO,2,107.6,215.2,Vendedor 1
1984,2024-01-06,Cliente 27,SURCO,AMORTIGUADORES DELANTEROS,3,274.6,823.8,Vendedor 2
1985,2024-01-06,Cliente 44,LA MOLINA,AMORTIGUADORES POSTERIORES,2,119.4,238.8,Vendedor 2
1986,2024-01-06,Cliente 19,LA MOLINA,"LLANTAS 18""",3,74.4,223.2,Vendedor 2
1987,2024-01-06,Cliente 24,LA MOLINA,BATERÍA DE 18 PLACAS,1,112.9,112.9,Vendedor 10
1988,2024-01-07,Cliente 10,LA MOLINA,ACEITE DE MOTOR 5W30 FULL SINTÉTICO,1,107.6,107.6,Vendedor 1
1989,2024-01-07,Cliente 46,LA MOLINA,AMORTIGUADORES DELANTEROS,1,274.6,274.6,Vendedor 8
1990,2024-01-07,Cliente 39,SURCO,AMORTIGUADORES POSTERIORES,4,119.4,477.6,Vendedor 1
1991,2024-01-07,Cliente 42,LA MOLINA,"LLANTAS 18""",3,74.4,223.2,Vendedor 10
1992,2024-01-07,Cliente 21,LA MOLINA,BATERÍA DE 18 PLACAS,1,112.9,112.9,Vendedor 10
1993,2024-01-08,Cliente 4,SURCO,ACEITE DE MOTOR 5W30 FULL SINTÉTICO,1,107.6,107.6,Vendedor 5
1994,2024-01-08,Cliente 48,SURCO,AMORTIGUADORES DELANTEROS,2,274.6,549.2,Vendedor 2
1995,2024-01-08,Cliente 6,SURCO,AMORTIGUADORES POSTERIORES,5,119.4,597.0,Vendedor 7
1996,2024-01-08,Cliente 16,LA MOLINA,"LLANTAS 18""",3,74.4,223.2,Vendedor 7
1997,2024-01-08,Cliente 2,SURCO,BATERÍA DE 18 PLACAS,1,112.9,112.9,Vendedor 4
1998,2024-01-09,Cliente 25,SURCO,AUTO HONDA PILOT 2013,1,27000.0,27000.0,Vendedor 7
1999,2024-01-09,Cliente 42,SURCO,AUTO HONDA FIT 2016,1,28500.0,28500.0,Vendedor 3
2000,2024-01-09,Cliente 20,SURCO,AUTO HONDA CITY 2016,1,31000.0,31000.0,Vendedor 8
2001,2024-01-09,Cliente 44,LA MOLINA,ACEITE DE MOTOR 5W30 FULL SINTÉTICO,2,107.6,215.2,Vendedor 10
2002,2024-01-09,Cliente 43,LA MOLINA,AMORTIGUADORES DELANTEROS,1,274.6,274.6,Vendedor 2
2003,2024-01-09,Cliente 32,SURCO,AMORTIGUADORES POSTERIORES,1,119.4,119.4,Vendedor 8
2004,2024-01-09,Cliente 18,LA MOLINA,"LLANTAS 18""",1,74.4,74.4,Vendedor 10
2005,2024-01-09,Cliente 6,LA MOLINA,BATERÍA DE 18 PLACAS,1,112.9,112.9,Vendedor 7
2006,2024-01-10,Cliente 40,SURCO,AUTO HONDA FIT 2016,1,28500.0,28500.0,Vendedor 3
2007,2024-01-10,Cliente 41,SURCO,AUTO HONDA CITY 2016,1,31000.0,31000.0,Vendedor 7
2008,2024-01-10,Cliente 33,SURCO,ACEITE DE MOTOR 5W30 FULL SINTÉTICO,1,107.6,107.6,Vendedor 6
2009,2024-01-10,Cliente 42,SURCO,AMORTIGUADORES DELANTEROS,2,274.6,549.2,Vendedor 3
2010,2024-01-10,Cliente 30,LA MOLINA,BATERÍA DE 18 PLACAS,1,112.9,112.9,Vendedor 7
2011,2024-01-11,Cliente 31,SURCO,AUTO HONDA FIT 2016,1,28500.0,28500.0,Vendedor 5
2012,2024-01-11,Cliente 9,SURCO,AUTO HONDA CITY 2016,1,31000.0,31000.0,Vendedor 5
2013,2024-01-11,Cliente 19,LA MOLINA,ACEITE DE MOTOR 5W30 FULL SINTÉTICO,1,107.6,107.6,Vendedor 10
2014,2024-01-11,Cliente 3,SURCO,AMORTIGUADORES DELANTEROS,1,274.6,274.6,Vendedor 9
2015,2024-01-11,Cliente 7,SURCO,BATERÍA DE 18 PLACAS,1,112.9,112.9,Vendedor 8
2016,2024-01-12,Cliente 23,SURCO,AUTO HONDA FIT 2016,1,28500.0,28500.0,Vendedor 5
2017,2024-01-12,Cliente 50,SURCO,AUTO HONDA CITY 2016,1,31000.0,31000.0,Vendedor 9
2018,2024-01-12,Cliente 48,SURCO,ACEITE DE MOTOR 5W30 FULL SINTÉTICO,1,107.6,107.6,Vendedor 8
2019,2024-01-12,Cliente 26,LA MOLINA,AMORTIGUADORES DELANTEROS,1,274.6,274.6,Vendedor 1
2020,2024-01-12,Cliente 21,SURCO,BATERÍA DE 18 PLACAS,1,112.9,112.9,Vendedor 10
2021,2024-01-13,Cliente 49,SURCO,AUTO HONDA FIT 2016,1,28500.0,28500.0,Vendedor 8
2022,2024-01-13,Cliente 22,SURCO,ACEITE DE MOTOR 5W30 FULL SINTÉTICO,3,107.6,322.8,Vendedor 3
2023,2024-01-13,Cliente 6,LA MOLINA,AMORTIGUADORES DELANTEROS,1,274.6,274.6,Vendedor 10
2024,2024-01-14,Cliente 1,SURCO,ACEITE DE MOTOR 5W30 FULL SINTÉTICO,2,107.6,215.2,Vendedor 7
2025,2024-01-14,Cliente 11,LA MOLINA,AMORTIGUADORES DELANTEROS,1,274.6,274.6,Vendedor 8
2026,2024-01-15,Cliente 6,LA MOLINA,AMORTIGUADORES DELANTEROS,4,274.6,1098.4,Vendedor 3
2027,2024-01-16,Cliente 2,LA MOLINA,AMORTIGUADORES DELANTEROS,1,274.6,274.6,Vendedor 4
2028,2024-01-17,Cliente 41,LA MOLINA,ACEITE DE MOTOR 5W30 FULL SINTÉTICO,2,107.6,215.2,Vendedor 9
2029,2024-01-17,Cliente 20,SURCO,AMORTIGUADORES DELANTEROS,2,274.6,549.2,Vendedor 8
2030,2024-01-17,Cliente 28,LA MOLINA,AMORTIGUADORES POSTERIORES,2,119.4,238.8,Vendedor 1
2031,2024-01-17,Cliente 10,SURCO,"LLANTAS 18""",1,74.4,74.4,Vendedor 8
2032,2024-01-17,Cliente 2,LA MOLINA,BATERÍA DE 18 PLACAS,2,112.9,225.8,Vendedor 8
2033,2024-01-18,Cliente 19,SURCO,ACEITE DE MOTOR 5W30 FULL SINTÉTICO,2,107.6,215.2,Vendedor 10
2034,2024-01-18,Cliente 22,SURCO,AMORTIGUADORES DELANTEROS,4,274.6,1098.4,Vendedor 1
2035,2024-01-18,Cliente 27,LA MOLINA,AMORTIGUADORES POSTERIORES,2,119.4,238.8,Vendedor 8
2036,2024-01-18,Cliente 3,LA MOLINA,"LLANTAS 18""",6,74.4,446.4,Vendedor 8
2037,2024-01-18,Cliente 33,LA MOLINA,BATERÍA DE 18 PLACAS,2,112.9,225.8,Vendedor 10
2038,2024-01-19,Cliente 46,SURCO,ACEITE DE MOTOR 5W30 FULL SINTÉTICO,4,107.6,430.4,Vendedor 1
2039,2024-01-19,Cliente 37,LA MOLINA,AMORTIGUADORES DELANTEROS,1,274.6,274.6,Vendedor 6
2040,2024-01-19,Cliente 42,LA MOLINA,AMORTIGUADORES POSTERIORES,2,119.4,238.8,Vendedor 7
2041,2024-01-19,Cliente 32,SURCO,"LLANTAS 18""",4,74.4,297.6,Vendedor 10
2042,2024-01-19,Cliente 45,LA MOLINA,BATERÍA DE 18 PLACAS,1,112.9,112.9,Vendedor 7
2043,2024-01-20,Cliente 19,SURCO,ACEITE DE MOTOR 5W30 FULL SINTÉTICO,1,107.6,107.6,Vendedor 4
2044,2024-01-20,Cliente 29,LA MOLINA,AMORTIGUADORES DELANTEROS,4,274.6,1098.4,Vendedor 4
2045,2024-01-20,Cliente 38,SURCO,AMORTIGUADORES POSTERIORES,9,119.4,1074.6,Vendedor 6
2046,2024-01-20,Cliente 9,LA MOLINA,"LLANTAS 18""",5,74.4,372.0,Vendedor 5
2047,2024-01-20,Cliente 44,SURCO,BATERÍA DE 18 PLACAS,2,112.9,225.8,Vendedor 6
2048,2024-01-21,Cliente 40,SURCO,ACEITE DE MOTOR 5W30 FULL SINTÉTICO,3,107.6,322.8,Vendedor 4
2049,2024-01-21,Cliente 43,SURCO,AMORTIGUADORES DELANTEROS,3,274.6,823.8,Vendedor 8
2050,2024-01-21,Cliente 13,SURCO,AMORTIGUADORES POSTERIORES,1,119.4,119.4,Vendedor 3
2051,2024-01-21,Cliente 7,LA MOLINA,"LLANTAS 18""",5,74.4,372.0,Vendedor 7
2052,2024-01-21,Cliente 16,SURCO,BATERÍA DE 18 PLACAS,2,112.9,225.8,Vendedor 4
2053,2024-01-22,Cliente 2,LA MOLINA,ACEITE DE MOTOR 5W30 FULL SINTÉTICO,5,107.6,538.0,Vendedor 6
2054,2024-01-22,Cliente 44,LA MOLINA,AMORTIGUADORES DELANTEROS,3,274.6,823.8,Vendedor 3
2055,2024-01-22,Cliente 5,LA MOLINA,AMORTIGUADORES POSTERIORES,3,119.4,358.2,Vendedor 6
2056,2024-01-22,Cliente 40,SURCO,"LLANTAS 18""",5,74.4,372.0,Vendedor 4
2057,2024-01-22,Cliente 32,SURCO,BATERÍA DE 18 PLACAS,1,112.9,112.9,Vendedor 5
2058,2024-01-23,Cliente 50,LA MOLINA,ACEITE DE MOTOR 5W30 FULL SINTÉTICO,3,107.6,322.8,Vendedor 1
2059,2024-01-23,Cliente 10,LA MOLINA,AMORTIGUADORES DELANTEROS,5,274.6,1373.0,Vendedor 9
2060,2024-01-23,Cliente 46,LA MOLINA,AMORTIGUADORES POSTERIORES,1,119.4,119.4,Vendedor 1
2061,2024-01-23,Cliente 49,LA MOLINA,"LLANTAS 18""",6,74.4,446.4,Vendedor 2
2062,2024-01-24,Cliente 36,SURCO,AMORTIGUADORES DELANTEROS,2,274.6,549.2,Vendedor 1
2063,2024-01-25,Cliente 24,LA MOLINA,AMORTIGUADORES DELANTEROS,1,274.6,274.6,Vendedor 3
2064,2024-01-26,Cliente 47,LA MOLINA,AMORTIGUADORES DELANTEROS,5,274.6,1373.0,Vendedor 2
2065,2024-01-27,Cliente 13,LA MOLINA,AMORTIGUADORES DELANTEROS,2,274.6,549.2,Vendedor 8
2066,2024-01-28,Cliente 22,LA MOLINA,AMORTIGUADORES DELANTEROS,7,274.6,1922.2,Vendedor 5
2067,2024-01-29,Cliente 24,LA MOLINA,AMORTIGUADORES DELANTEROS,6,274.6,1647.6,Vendedor 4
2068,2024-01-30,Cliente 27,LA MOLINA,AMORTIGUADORES DELANTEROS,1,274.6,274.6,Vendedor 8
2069,2024-02-01,Cliente 26,SURCO,AUTO HONDA ACCORD 2014,1,31500.0,31500.0,Vendedor 1
2070,2024-02-01,Cliente 37,SURCO,AUTO HONDA CIVIC 2014,1,28000.0,28000.0,Vendedor 1
2071,2024-02-01,Cliente 27,LA MOLINA,AUTO HONDA ODISSEY 2013,1,24500.0,24500.0,Vendedor 7
2072,2024-02-01,Cliente 47,LA MOLINA,AUTO HONDA CRV 2014,1,24500.0,24500.0,Vendedor 6
2073,2024-02-01,Cliente 1,SURCO,AUTO HONDA PILOT 2013,1,25500.0,25500.0,Vendedor 5
2074,2024-02-01,Cliente 45,SURCO,AUTO HONDA CITY 2016,1,31000.0,31000.0,Vendedor 7
2075,2024-02-01,Cliente 35,SURCO,FILTRO DE COMBUSTIBLE,1,129.8,129.8,Vendedor 10
2076,2024-02-02,Cliente 50,LA MOLINA,AUTO HONDA ACCORD 2014,1,31500.0,31500.0,Vendedor 4
2077,2024-02-02,Cliente 6,LA MOLINA,AUTO HONDA CIVIC 2014,1,28000.0,28000.0,Vendedor 1
2078,2024-02-02,Cliente 25,LA MOLINA,AUTO HONDA ODISSEY 2013,1,24500.0,24500.0,Vendedor 3
2079,2024-02-02,Cliente 14,LA MOLINA,AUTO HONDA CRV 2014,1,24500.0,24500.0,Vendedor 2
2080,2024-02-02,Cliente 34,SURCO,AUTO HONDA PILOT 2013,1,25500.0,25500.0,Vendedor 6
2081,2024-02-02,Cliente 2,SURCO,FILTRO DE COMBUSTIBLE,1,129.8,129.8,Vendedor 9
2082,2024-02-03,Cliente 47,LA MOLINA,AUTO HONDA CIVIC 2014,1,28000.0,28000.0,Vendedor 7
2083,2024-02-03,Cliente 47,SURCO,AUTO HONDA ODISSEY 2013,1,24500.0,24500.0,Vendedor 1
2084,2024-02-03,Cliente 17,SURCO,AUTO HONDA CRV 2014,1,24500.0,24500.0,Vendedor 9
2085,2024-02-03,Cliente 4,SURCO,ACEITE DE MOTOR 5W30 FULL SINTÉTICO,3,145.4,436.2,Vendedor 2
2086,2024-02-03,Cliente 20,LA MOLINA,FILTRO DE COMBUSTIBLE,1,129.8,129.8,Vendedor 10
2087,2024-02-03,Cliente 22,LA MOLINA,AMORTIGUADORES DELANTEROS,1,285.8,285.8,Vendedor 4
2088,2024-02-03,Cliente 23,SURCO,AMORTIGUADORES POSTERIORES,1,110.7,110.7,Vendedor 5
2089,2024-02-03,Cliente 46,SURCO,"LLANTAS 18""",2,55.1,110.2,Vendedor 7
2090,2024-02-03,Cliente 7,SURCO,BATERÍA DE 18 PLACAS,1,115.5,115.5,Vendedor 6
2091,2024-02-04,Cliente 50,SURCO,AUTO HONDA CIVIC 2014,1,28000.0,28000.0,Vendedor 6
2092,2024-02-04,Cliente 7,LA MOLINA,AUTO HONDA ODISSEY 2013,1,24500.0,24500.0,Vendedor 3
2093,2024-02-04,Cliente 6,LA MOLINA,ACEITE DE MOTOR 5W30 FULL SINTÉTICO,4,145.4,581.6,Vendedor 2
2094,2024-02-04,Cliente 28,SURCO,FILTRO DE COMBUSTIBLE,1,129.8,129.8,Vendedor 3
2095,2024-02-04,Cliente 29,SURCO,AMORTIGUADORES DELANTEROS,2,285.8,571.6,Vendedor 2
2096,2024-02-04,Cliente 44,LA MOLINA,AMORTIGUADORES POSTERIORES,1,110.7,110.7,Vendedor 9
2097,2024-02-04,Cliente 17,LA MOLINA,"LLANTAS 18""",2,55.1,110.2,Vendedor 10
2098,2024-02-04,Cliente 41,LA MOLINA,BATERÍA DE 18 PLACAS,1,115.5,115.5,Vendedor 7
2099,2024-02-05,Cliente 45,LA MOLINA,AUTO HONDA CIVIC 2014,1,28000.0,28000.0,Vendedor 8
2100,2024-02-05,Cliente 11,LA MOLINA,AUTO HONDA ODISSEY 2013,1,24500.0,24500.0,Vendedor 3
2101,2024-02-05,Cliente 32,SURCO,ACEITE DE MOTOR 5W30 FULL SINTÉTICO,5,145.4,727.0,Vendedor 8
2102,2024-02-05,Cliente 46,SURCO,FILTRO DE COMBUSTIBLE,1,129.8,129.8,Vendedor 9
2103,2024-02-05,Cliente 30,SURCO,AMORTIGUADORES DELANTEROS,1,285.8,285.8,Vendedor 8
2104,2024-02-05,Cliente 48,SURCO,AMORTIGUADORES POSTERIORES,1,110.7,110.7,Vendedor 3
2105,2024-02-05,Cliente 8,LA MOLINA,"LLANTAS 18""",3,55.1,165.3,Vendedor 10
2106,2024-02-05,Cliente 8,LA MOLINA,BATERÍA DE 18 PLACAS,1,115.5,115.5,Vendedor 2
2107,2024-02-06,Cliente 3,LA MOLINA,ACEITE DE MOTOR 5W30 FULL SINTÉTICO,3,145.4,436.2,Vendedor 9
2108,2024-02-06,Cliente 8,SURCO,FILTRO DE COMBUSTIBLE,1,129.8,129.8,Vendedor 6
2109,2024-02-06,Cliente 20,LA MOLINA,AMORTIGUADORES DELANTEROS,2,285.8,571.6,Vendedor 5
2110,2024-02-06,Cliente 2,LA MOLINA,AMORTIGUADORES POSTERIORES,1,110.7,110.7,Vendedor 3
2111,2024-02-06,Cliente 4,LA MOLINA,"LLANTAS 18""",1,55.1,55.1,Vendedor 5
2112,2024-02-06,Cliente 14,LA MOLINA,BATERÍA DE 18 PLACAS,1,115.5,115.5,Vendedor 3
2113,2024-02-07,Cliente 8,SURCO,ACEITE DE MOTOR 5W30 FULL SINTÉTICO,2,145.4,290.8,Vendedor 9
2114,2024-02-07,Cliente 3,SURCO,AMORTIGUADORES DELANTEROS,2,285.8,571.6,Vendedor 7
2115,2024-02-07,Cliente 37,LA MOLINA,AMORTIGUADORES POSTERIORES,1,110.7,110.7,Vendedor 5
2116,2024-02-07,Cliente 22,LA MOLINA,"LLANTAS 18""",3,55.1,165.3,Vendedor 7
2117,2024-02-07,Cliente 47,LA MOLINA,BATERÍA DE 18 PLACAS,1,115.5,115.5,Vendedor 10
2118,2024-02-08,Cliente 33,LA MOLINA,ACEITE DE MOTOR 5W30 FULL SINTÉTICO,2,145.4,290.8,Vendedor 8
2119,2024-02-08,Cliente 10,LA MOLINA,AMORTIGUADORES DELANTEROS,2,285.8,571.6,Vendedor 6
2120,2024-02-08,Cliente 40,SURCO,AMORTIGUADORES POSTERIORES,1,110.7,110.7,Vendedor 10
2121,2024-02-08,Cliente 15,LA MOLINA,"LLANTAS 18""",1,55.1,55.1,Vendedor 7
2122,2024-02-08,Cliente 35,LA MOLINA,BATERÍA DE 18 PLACAS,1,115.5,115.5,Vendedor 1
2123,2024-02-09,Cliente 48,SURCO,AUTO HONDA PILOT 2013,1,25500.0,25500.0,Vendedor 5
2124,2024-02-09,Cliente 11,SURCO,AUTO HONDA FIT 2016,1,30500.0,30500.0,Vendedor 1
2125,2024-02-09,Cliente 36,SURCO,AUTO HONDA CITY 2016,1,31000.0,31000.0,Vendedor 2
2126,2024-02-09,Cliente 13,LA MOLINA,ACEITE DE MOTOR 5W30 FULL SINTÉTICO,1,145.4,145.4,Vendedor 10
2127,2024-02-09,Cliente 37,SURCO,AMORTIGUADORES DELANTEROS,3,285.8,857.4,Vendedor 9
2128,2024-02-09,Cliente 49,SURCO,AMORTIGUADORES POSTERIORES,1,110.7,110.7,Vendedor 8
2129,2024-02-09,Cliente 8,SURCO,"LLANTAS 18""",3,55.1,165.3,Vendedor 9
2130,2024-02-09,Cliente 2,SURCO,BATERÍA DE 18 PLACAS,1,115.5,115.5,Vendedor 5
2131,2024-02-10,Cliente 16,SURCO,AUTO HONDA PILOT 2013,1,25500.0,25500.0,Vendedor 10
2132,2024-02-10,Cliente 6,SURCO,AUTO HONDA FIT 2016,1,30500.0,30500.0,Vendedor 9
2133,2024-02-10,Cliente 26,SURCO,AUTO HONDA CITY 2016,1,31000.0,31000.0,Vendedor 10
2134,2024-02-10,Cliente 22,SURCO,AMORTIGUADORES DELANTEROS,2,285.8,571.6,Vendedor 7
2135,2024-02-10,Cliente 27,SURCO,AMORTIGUADORES POSTERIORES,1,110.7,110.7,Vendedor 1
2136,2024-02-10,Cliente 25,SURCO,"LLANTAS 18""",3,55.1,165.3,Vendedor 5
2137,2024-02-10,Cliente 8,SURCO,BATERÍA DE 18 PLACAS,1,115.5,115.5,Vendedor 2
2138,2024-02-11,Cliente 19,SURCO,AUTO HONDA PILOT 2013,1,25500.0,25500.0,Vendedor 3
2139,2024-02-11,Cliente 17,SURCO,AUTO HONDA FIT 2016,1,30500.0,30500.0,Vendedor 2
2140,2024-02-11,Cliente 20,SURCO,AUTO HONDA CITY 2016,1,31000.0,31000.0,Vendedor 7
2141,2024-02-11,Cliente 40,LA MOLINA,AMORTIGUADORES DELANTEROS,1,285.8,285.8,Vendedor 6
2142,2024-02-11,Cliente 46,SURCO,AMORTIGUADORES POSTERIORES,1,110.7,110.7,Vendedor 1
2143,2024-02-11,Cliente 7,SURCO,"LLANTAS 18""",2,55.1,110.2,Vendedor 6
2144,2024-02-11,Cliente 27,SURCO,BATERÍA DE 18 PLACAS,1,115.5,115.5,Vendedor 6
2145,2024-02-12,Cliente 25,SURCO,AUTO HONDA FIT 2016,1,30500.0,30500.0,Vendedor 2
2146,2024-02-12,Cliente 49,LA MOLINA,AMORTIGUADORES DELANTEROS,1,285.8,285.8,Vendedor 10
2147,2024-02-12,Cliente 33,LA MOLINA,AMORTIGUADORES POSTERIORES,1,110.7,110.7,Vendedor 9
2148,2024-02-12,Cliente 18,SURCO,BATERÍA DE 18 PLACAS,1,115.5,115.5,Vendedor 1
2149,2024-02-13,Cliente 5,LA MOLINA,AMORTIGUADORES DELANTEROS,2,285.8,571.6,Vendedor 8
2150,2024-02-13,Cliente 41,LA MOLINA,AMORTIGUADORES POSTERIORES,1,110.7,110.7,Vendedor 4
2151,2024-02-14,Cliente 16,LA MOLINA,AMORTIGUADORES DELANTEROS,1,285.8,285.8,Vendedor 9
2152,2024-02-14,Cliente 37,LA MOLINA,AMORTIGUADORES POSTERIORES,1,110.7,110.7,Vendedor 7
2153,2024-02-15,Cliente 16,SURCO,AMORTIGUADORES POSTERIORES,2,110.7,221.4,Vendedor 9
2154,2024-02-16,Cliente 40,LA MOLINA,AMORTIGUADORES POSTERIORES,1,110.7,110.7,Vendedor 5
2155,2024-02-17,Cliente 31,SURCO,ACEITE DE MOTOR 5W30 FULL SINTÉTICO,1,145.4,145.4,Vendedor 5
2156,2024-02-17,Cliente 23,LA MOLINA,AMORTIGUADORES DELANTEROS,3,285.8,857.4,Vendedor 4
2157,2024-02-17,Cliente 11,SURCO,AMORTIGUADORES POSTERIORES,2,110.7,221.4,Vendedor 9
2158,2024-02-17,Cliente 6,LA MOLINA,"LLANTAS 18""",1,55.1,55.1,Vendedor 7
2159,2024-02-17,Cliente 47,SURCO,BATERÍA DE 18 PLACAS,1,115.5,115.5,Vendedor 9
2160,2024-02-18,Cliente 14,LA MOLINA,ACEITE DE MOTOR 5W30 FULL SINTÉTICO,5,145.4,727.0,Vendedor 10
2161,2024-02-18,Cliente 41,LA MOLINA,AMORTIGUADORES DELANTEROS,3,285.8,857.4,Vendedor 5
2162,2024-02-18,Cliente 16,LA MOLINA,AMORTIGUADORES POSTERIORES,2,110.7,221.4,Vendedor 6
2163,2024-02-18,Cliente 30,SURCO,"LLANTAS 18""",3,55.1,165.3,Vendedor 10
2164,2024-02-18,Cliente 45,SURCO,BATERÍA DE 18 PLACAS,2,115.5,231.0,Vendedor 3
2165,2024-02-19,Cliente 1,LA MOLINA,ACEITE DE MOTOR 5W30 FULL SINTÉTICO,1,145.4,145.4,Vendedor 1
2166,2024-02-19,Cliente 36,LA MOLINA,AMORTIGUADORES DELANTEROS,2,285.8,571.6,Vendedor 8
2167,2024-02-19,Cliente 42,SURCO,AMORTIGUADORES POSTERIORES,2,110.7,221.4,Vendedor 2
2168,2024-02-19,Cliente 43,SURCO,"LLANTAS 18""",5,55.1,275.5,Vendedor 8
2169,2024-02-19,Cliente 25,LA MOLINA,BATERÍA DE 18 PLACAS,1,115.5,115.5,Vendedor 10
2170,2024-02-20,Cliente 12,LA MOLINA,ACEITE DE MOTOR 5W30 FULL SINTÉTICO,4,145.4,581.6,Vendedor 1
2171,2024-02-20,Cliente 24,LA MOLINA,AMORTIGUADORES DELANTEROS,1,285.8,285.8,Vendedor 4
2172,2024-02-20,Cliente 15,SURCO,AMORTIGUADORES POSTERIORES,2,110.7,221.4,Vendedor 1
2173,2024-02-20,Cliente 13,LA MOLINA,"LLANTAS 18""",3,55.1,165.3,Vendedor 2
2174,2024-02-20,Cliente 15,SURCO,BATERÍA DE 18 PLACAS,2,115.5,231.0,Vendedor 8
2175,2024-02-21,Cliente 18,SURCO,ACEITE DE MOTOR 5W30 FULL SINTÉTICO,6,145.4,872.4,Vendedor 8
2176,2024-02-21,Cliente 1,SURCO,AMORTIGUADORES DELANTEROS,5,285.8,1429.0,Vendedor 4
2177,2024-02-21,Cliente 18,SURCO,AMORTIGUADORES POSTERIORES,2,110.7,221.4,Vendedor 10
2178,2024-02-21,Cliente 11,LA MOLINA,"LLANTAS 18""",5,55.1,275.5,Vendedor 9
2179,2024-02-21,Cliente 5,LA MOLINA,BATERÍA DE 18 PLACAS,1,115.5,115.5,Vendedor 10
2180,2024-02-22,Cliente 9,SURCO,ACEITE DE MOTOR 5W30 FULL SINTÉTICO,3,145.4,436.2,Vendedor 5
2181,2024-02-22,Cliente 34,SURCO,AMORTIGUADORES DELANTEROS,5,285.8,1429.0,Vendedor 5
2182,2024-02-22,Cliente 45,LA MOLINA,AMORTIGUADORES POSTERIORES,1,110.7,110.7,Vendedor 9
2183,2024-02-22,Cliente 44,LA MOLINA,"LLANTAS 18""",1,55.1,55.1,Vendedor 9
2184,2024-02-22,Cliente 28,LA MOLINA,BATERÍA DE 18 PLACAS,2,115.5,231.0,Vendedor 1
2185,2024-02-23,Cliente 28,SURCO,ACEITE DE MOTOR 5W30 FULL SINTÉTICO,5,145.4,727.0,Vendedor 7
2186,2024-02-23,Cliente 44,LA MOLINA,AMORTIGUADORES DELANTEROS,1,285.8,285.8,Vendedor 9
2187,2024-02-23,Cliente 24,LA MOLINA,AMORTIGUADORES POSTERIORES,2,110.7,221.4,Vendedor 9
2188,2024-02-23,Cliente 4,SURCO,"LLANTAS 18""",1,55.1,55.1,Vendedor 5
2189,2024-02-23,Cliente 21,LA MOLINA,BATERÍA DE 18 PLACAS,2,115.5,231.0,Vendedor 1
2190,2024-02-24,Cliente 37,LA MOLINA,AMORTIGUADORES POSTERIORES,2,110.7,221.4,Vendedor 1
2191,2024-02-24,Cliente 45,SURCO,"LLANTAS 18""",1,55.1,55.1,Vendedor 7
2192,2024-02-24,Cliente 13,LA MOLINA,BATERÍA DE 18 PLACAS,1,115.5,115.5,Vendedor 3
2193,2024-02-25,Cliente 2,LA MOLINA,AMORTIGUADORES POSTERIORES,1,110.7,110.7,Vendedor 8
2194,2024-02-25,Cliente 17,LA MOLINA,BATERÍA DE 18 PLACAS,1,115.5,115.5,Vendedor 4
2195,2024-02-26,Cliente 4,LA MOLINA,AMORTIGUADORES POSTERIORES,1,110.7,110.7,Vendedor 6
2196,2024-02-26,Cliente 50,LA MOLINA,BATERÍA DE 18 PLACAS,1,115.5,115.5,Vendedor 10
2197,2024-02-27,Cliente 38,LA MOLINA,AMORTIGUADORES POSTERIORES,1,110.7,110.7,Vendedor 2
2198,2024-02-27,Cliente 25,LA MOLINA,BATERÍA DE 18 PLACAS,1,115.5,115.5,Vendedor 6
2199,2024-02-28,Cliente 29,LA MOLINA,AMORTIGUADORES POSTERIORES,2,110.7,221.4,Vendedor 1
2200,2024-02-28,Cliente 5,LA MOLINA,BATERÍA DE 18 PLACAS,2,115.5,231.0,Vendedor 2
2201,2024-02-29,Cliente 15,LA MOLINA,AMORTIGUADORES POSTERIORES,10,110.7,1107.0,Vendedor 10
2202,2024-03-01,Cliente 30,LA MOLINA,AUTO HONDA ACCORD 2014,1,39500.0,39500.0,Vendedor 7
2203,2024-03-01,Cliente 22,SURCO,AUTO HONDA CIVIC 2014,1,18000.0,18000.0,Vendedor 1
2204,2024-03-01,Cliente 34,LA MOLINA,AUTO HONDA ODISSEY 2013,1,21000.0,21000.0,Vendedor 6
2205,2024-03-01,Cliente 7,SURCO,AUTO HONDA CRV 2014,1,32500.0,32500.0,Vendedor 2
2206,2024-03-01,Cliente 39,SURCO,AUTO HONDA FIT 2016,1,26000.0,26000.0,Vendedor 2
2207,2024-03-01,Cliente 37,SURCO,AUTO HONDA CITY 2016,1,28000.0,28000.0,Vendedor 3
2208,2024-03-01,Cliente 23,LA MOLINA,FILTRO DE COMBUSTIBLE,1,113.0,113.0,Vendedor 7
2209,2024-03-01,Cliente 12,LA MOLINA,AMORTIGUADORES POSTERIORES,3,88.7,266.1,Vendedor 4
2210,2024-03-02,Cliente 4,SURCO,AUTO HONDA ACCORD 2014,1,39500.0,39500.0,Vendedor 3
2211,2024-03-02,Cliente 38,LA MOLINA,AUTO HONDA CIVIC 2014,1,18000.0,18000.0,Vendedor 7
2212,2024-03-02,Cliente 20,SURCO,AUTO HONDA ODISSEY 2013,1,21000.0,21000.0,Vendedor 10
2213,2024-03-02,Cliente 10,SURCO,AUTO HONDA CRV 2014,1,32500.0,32500.0,Vendedor 8
2214,2024-03-02,Cliente 19,LA MOLINA,FILTRO DE COMBUSTIBLE,1,113.0,113.0,Vendedor 6
2215,2024-03-02,Cliente 4,LA MOLINA,AMORTIGUADORES POSTERIORES,3,88.7,266.1,Vendedor 4
2216,2024-03-03,Cliente 28,SURCO,AUTO HONDA CIVIC 2014,1,18000.0,18000.0,Vendedor 6
2217,2024-03-03,Cliente 13,SURCO,AUTO HONDA ODISSEY 2013,1,21000.0,21000.0,Vendedor 4
2218,2024-03-03,Cliente 22,SURCO,AUTO HONDA CRV 2014,1,32500.0,32500.0,Vendedor 4
2219,2024-03-03,Cliente 45,LA MOLINA,ACEITE DE MOTOR 5W30 FULL SINTÉTICO,3,120.0,360.0,Vendedor 8
2220,2024-03-03,Cliente 38,LA MOLINA,FILTRO DE COMBUSTIBLE,1,113.0,113.0,Vendedor 10
2221,2024-03-03,Cliente 27,LA MOLINA,AMORTIGUADORES DELANTEROS,2,253.0,506.0,Vendedor 6
2222,2024-03-03,Cliente 30,SURCO,AMORTIGUADORES POSTERIORES,1,88.7,88.7,Vendedor 1
2223,2024-03-03,Cliente 1,SURCO,"LLANTAS 18""",2,75.2,150.4,Vendedor 4
2224,2024-03-03,Cliente 30,SURCO,BATERÍA DE 18 PLACAS,1,109.6,109.6,Vendedor 10
2225,2024-03-04,Cliente 16,SURCO,AUTO HONDA CRV 2014,1,32500.0,32500.0,Vendedor 8
2226,2024-03-04,Cliente 48,LA MOLINA,ACEITE DE MOTOR 5W30 FULL SINTÉTICO,3,120.0,360.0,Vendedor 7
2227,2024-03-04,Cliente 26,SURCO,FILTRO DE COMBUSTIBLE,1,113.0,113.0,Vendedor 3
2228,2024-03-04,Cliente 1,LA MOLINA,AMORTIGUADORES DELANTEROS,1,253.0,253.0,Vendedor 2
2229,2024-03-04,Cliente 36,SURCO,AMORTIGUADORES POSTERIORES,2,88.7,177.4,Vendedor 2
2230,2024-03-04,Cliente 29,LA MOLINA,"LLANTAS 18""",1,75.2,75.2,Vendedor 4
2231,2024-03-04,Cliente 3,LA MOLINA,BATERÍA DE 18 PLACAS,1,109.6,109.6,Vendedor 1
2232,2024-03-05,Cliente 13,LA MOLINA,AUTO HONDA CRV 2014,1,32500.0,32500.0,Vendedor 5
2233,2024-03-05,Cliente 17,SURCO,ACEITE DE MOTOR 5W30 FULL SINTÉTICO,1,120.0,120.0,Vendedor 3
2234,2024-03-05,Cliente 36,LA MOLINA,FILTRO DE COMBUSTIBLE,1,113.0,113.0,Vendedor 4
2235,2024-03-05,Cliente 2,SURCO,AMORTIGUADORES DELANTEROS,1,253.0,253.0,Vendedor 3
2236,2024-03-05,Cliente 2,SURCO,AMORTIGUADORES POSTERIORES,2,88.7,177.4,Vendedor 3
2237,2024-03-05,Cliente 22,SURCO,"LLANTAS 18""",2,75.2,150.4,Vendedor 4
2238,2024-03-05,Cliente 30,LA MOLINA,BATERÍA DE 18 PLACAS,1,109.6,109.6,Vendedor 4
2239,2024-03-06,Cliente 24,LA MOLINA,AUTO HONDA CRV 2014,1,32500.0,32500.0,Vendedor 3
2240,2024-03-06,Cliente 46,LA MOLINA,ACEITE DE MOTOR 5W30 FULL SINTÉTICO,3,120.0,360.0,Vendedor 2
2241,2024-03-06,Cliente 10,SURCO,FILTRO DE COMBUSTIBLE,1,113.0,113.0,Vendedor 3
2242,2024-03-06,Cliente 35,SURCO,AMORTIGUADORES DELANTEROS,2,253.0,506.0,Vendedor 7
2243,2024-03-06,Cliente 21,LA MOLINA,AMORTIGUADORES POSTERIORES,3,88.7,266.1,Vendedor 10
2244,2024-03-06,Cliente 3,SURCO,"LLANTAS 18""",2,75.2,150.4,Vendedor 10
2245,2024-03-06,Cliente 35,SURCO,BATERÍA DE 18 PLACAS,1,109.6,109.6,Vendedor 5
2246,2024-03-07,Cliente 16,LA MOLINA,ACEITE DE MOTOR 5W30 FULL SINTÉTICO,1,120.0,120.0,Vendedor 1
2247,2024-03-07,Cliente 9,LA MOLINA,FILTRO DE COMBUSTIBLE,1,113.0,113.0,Vendedor 9
2248,2024-03-07,Cliente 47,SURCO,AMORTIGUADORES DELANTEROS,4,253.0,1012.0,Vendedor 2
2249,2024-03-07,Cliente 11,SURCO,AMORTIGUADORES POSTERIORES,2,88.7,177.4,Vendedor 9
2250,2024-03-07,Cliente 32,LA MOLINA,"LLANTAS 18""",2,75.2,150.4,Vendedor 9
2251,2024-03-07,Cliente 12,LA MOLINA,BATERÍA DE 18 PLACAS,1,109.6,109.6,Vendedor 6
2252,2024-03-08,Cliente 46,SURCO,ACEITE DE MOTOR 5W30 FULL SINTÉTICO,3,120.0,360.0,Vendedor 8
2253,2024-03-08,Cliente 18,LA MOLINA,FILTRO DE COMBUSTIBLE,1,113.0,113.0,Vendedor 10
2254,2024-03-08,Cliente 14,SURCO,AMORTIGUADORES DELANTEROS,3,253.0,759.0,Vendedor 4
2255,2024-03-08,Cliente 16,LA MOLINA,AMORTIGUADORES POSTERIORES,1,88.7,88.7,Vendedor 7
2256,2024-03-08,Cliente 28,LA MOLINA,"LLANTAS 18""",1,75.2,75.2,Vendedor 7
2257,2024-03-08,Cliente 24,SURCO,BATERÍA DE 18 PLACAS,1,109.6,109.6,Vendedor 5
2258,2024-03-09,Cliente 49,SURCO,ACEITE DE MOTOR 5W30 FULL SINTÉTICO,1,120.0,120.0,Vendedor 2
2259,2024-03-09,Cliente 29,LA MOLINA,FILTRO DE COMBUSTIBLE,1,113.0,113.0,Vendedor 9
2260,2024-03-09,Cliente 38,LA MOLINA,AMORTIGUADORES DELANTEROS,3,253.0,759.0,Vendedor 1
2261,2024-03-09,Cliente 28,LA MOLINA,AMORTIGUADORES POSTERIORES,2,88.7,177.4,Vendedor 8
2262,2024-03-09,Cliente 27,LA MOLINA,"LLANTAS 18""",2,75.2,150.4,Vendedor 6
2263,2024-03-09,Cliente 21,LA MOLINA,BATERÍA DE 18 PLACAS,1,109.6,109.6,Vendedor 5
2264,2024-03-10,Cliente 12,SURCO,ACEITE DE MOTOR 5W30 FULL SINTÉTICO,4,120.0,480.0,Vendedor 8
2265,2024-03-10,Cliente 17,SURCO,FILTRO DE COMBUSTIBLE,1,113.0,113.0,Vendedor 2
2266,2024-03-10,Cliente 19,LA MOLINA,AMORTIGUADORES DELANTEROS,3,253.0,759.0,Vendedor 9
2267,2024-03-10,Cliente 18,SURCO,AMORTIGUADORES POSTERIORES,3,88.7,266.1,Vendedor 4
2268,2024-03-10,Cliente 5,SURCO,"LLANTAS 18""",1,75.2,75.2,Vendedor 6
2269,2024-03-10,Cliente 35,SURCO,BATERÍA DE 18 PLACAS,1,109.6,109.6,Vendedor 4
2270,2024-03-11,Cliente 13,SURCO,AUTO HONDA PILOT 2013,1,25500.0,25500.0,Vendedor 6
2271,2024-03-11,Cliente 20,SURCO,AUTO HONDA FIT 2016,1,26000.0,26000.0,Vendedor 5
2272,2024-03-11,Cliente 46,SURCO,AUTO HONDA CITY 2016,1,28000.0,28000.0,Vendedor 10
2273,2024-03-11,Cliente 1,SURCO,ACEITE DE MOTOR 5W30 FULL SINTÉTICO,2,120.0,240.0,Vendedor 5
2274,2024-03-11,Cliente 23,LA MOLINA,FILTRO DE COMBUSTIBLE,1,113.0,113.0,Vendedor 7
2275,2024-03-11,Cliente 31,LA MOLINA,AMORTIGUADORES DELANTEROS,1,253.0,253.0,Vendedor 9
2276,2024-03-11,Cliente 15,LA MOLINA,AMORTIGUADORES POSTERIORES,1,88.7,88.7,Vendedor 4
2277,2024-03-11,Cliente 15,LA MOLINA,"LLANTAS 18""",2,75.2,150.4,Vendedor 9
2278,2024-03-11,Cliente 22,LA MOLINA,BATERÍA DE 18 PLACAS,1,109.6,109.6,Vendedor 2
2279,2024-03-12,Cliente 13,SURCO,AUTO HONDA PILOT 2013,1,25500.0,25500.0,Vendedor 7
2280,2024-03-12,Cliente 14,SURCO,AUTO HONDA FIT 2016,1,26000.0,26000.0,Vendedor 8
2281,2024-03-12,Cliente 36,SURCO,AUTO HONDA CITY 2016,1,28000.0,28000.0,Vendedor 1
2282,2024-03-12,Cliente 37,SURCO,ACEITE DE MOTOR 5W30 FULL SINTÉTICO,3,120.0,360.0,Vendedor 3
2283,2024-03-12,Cliente 48,LA MOLINA,FILTRO DE COMBUSTIBLE,1,113.0,113.0,Vendedor 1
2284,2024-03-12,Cliente 22,LA MOLINA,AMORTIGUADORES POSTERIORES,3,88.7,266.1,Vendedor 4
2285,2024-03-12,Cliente 44,LA MOLINA,"LLANTAS 18""",2,75.2,150.4,Vendedor 7
2286,2024-03-12,Cliente 38,SURCO,BATERÍA DE 18 PLACAS,1,109.6,109.6,Vendedor 1
2287,2024-03-13,Cliente 9,SURCO,AUTO HONDA PILOT 2013,1,25500.0,25500.0,Vendedor 3
2288,2024-03-13,Cliente 37,SURCO,AUTO HONDA FIT 2016,1,26000.0,26000.0,Vendedor 10
2289,2024-03-13,Cliente 14,SURCO,ACEITE DE MOTOR 5W30 FULL SINTÉTICO,1,120.0,120.0,Vendedor 7
2290,2024-03-13,Cliente 35,SURCO,FILTRO DE COMBUSTIBLE,1,113.0,113.0,Vendedor 7
2291,2024-03-13,Cliente 22,LA MOLINA,AMORTIGUADORES POSTERIORES,2,88.7,177.4,Vendedor 10
2292,2024-03-13,Cliente 6,SURCO,"LLANTAS 18""",3,75.2,225.6,Vendedor 3
2293,2024-03-14,Cliente 3,SURCO,AUTO HONDA FIT 2016,1,26000.0,26000.0,Vendedor 10
2294,2024-03-14,Cliente 5,LA MOLINA,AMORTIGUADORES POSTERIORES,1,88.7,88.7,Vendedor 7
2295,2024-03-15,Cliente 34,LA MOLINA,AMORTIGUADORES POSTERIORES,1,88.7,88.7,Vendedor 1
2296,2024-03-16,Cliente 9,LA MOLINA,AMORTIGUADORES POSTERIORES,2,88.7,177.4,Vendedor 9
2297,2024-03-17,Cliente 14,LA MOLINA,ACEITE DE MOTOR 5W30 FULL SINTÉTICO,1,120.0,120.0,Vendedor 3
2298,2024-03-17,Cliente 28,LA MOLINA,AMORTIGUADORES DELANTEROS,2,253.0,506.0,Vendedor 8
2299,2024-03-17,Cliente 38,LA MOLINA,AMORTIGUADORES POSTERIORES,2,88.7,177.4,Vendedor 4
2300,2024-03-17,Cliente 18,LA MOLINA,"LLANTAS 18""",5,75.2,376.0,Vendedor 4
2301,2024-03-17,Cliente 29,SURCO,BATERÍA DE 18 PLACAS,1,109.6,109.6,Vendedor 2
2302,2024-03-18,Cliente 34,SURCO,ACEITE DE MOTOR 5W30 FULL SINTÉTICO,4,120.0,480.0,Vendedor 6
2303,2024-03-18,Cliente 30,LA MOLINA,AMORTIGUADORES DELANTEROS,5,253.0,1265.0,Vendedor 8
2304,2024-03-18,Cliente 19,SURCO,AMORTIGUADORES POSTERIORES,1,88.7,88.7,Vendedor 8
2305,2024-03-18,Cliente 26,LA MOLINA,"LLANTAS 18""",3,75.2,225.6,Vendedor 10
2306,2024-03-18,Cliente 16,LA MOLINA,BATERÍA DE 18 PLACAS,1,109.6,109.6,Vendedor 3
2307,2024-03-19,Cliente 30,LA MOLINA,ACEITE DE MOTOR 5W30 FULL SINTÉTICO,5,120.0,600.0,Vendedor 7
2308,2024-03-19,Cliente 45,SURCO,AMORTIGUADORES DELANTEROS,6,253.0,1518.0,Vendedor 10
2309,2024-03-19,Cliente 45,LA MOLINA,AMORTIGUADORES POSTERIORES,1,88.7,88.7,Vendedor 1
2310,2024-03-19,Cliente 18,SURCO,"LLANTAS 18""",2,75.2,150.4,Vendedor 9
2311,2024-03-19,Cliente 45,SURCO,BATERÍA DE 18 PLACAS,2,109.6,219.2,Vendedor 4
2312,2024-03-20,Cliente 49,LA MOLINA,ACEITE DE MOTOR 5W30 FULL SINTÉTICO,4,120.0,480.0,Vendedor 9
2313,2024-03-20,Cliente 5,LA MOLINA,AMORTIGUADORES DELANTEROS,1,253.0,253.0,Vendedor 2
2314,2024-03-20,Cliente 29,LA MOLINA,AMORTIGUADORES POSTERIORES,3,88.7,266.1,Vendedor 3
2315,2024-03-20,Cliente 33,SURCO,"LLANTAS 18""",3,75.2,225.6,Vendedor 1
2316,2024-03-20,Cliente 5,SURCO,BATERÍA DE 18 PLACAS,2,109.6,219.2,Vendedor 8
2317,2024-03-21,Cliente 48,SURCO,ACEITE DE MOTOR 5W30 FULL SINTÉTICO,4,120.0,480.0,Vendedor 7
2318,2024-03-21,Cliente 3,LA MOLINA,AMORTIGUADORES DELANTEROS,2,253.0,506.0,Vendedor 1
2319,2024-03-21,Cliente 46,SURCO,AMORTIGUADORES POSTERIORES,3,88.7,266.1,Vendedor 3
2320,2024-03-21,Cliente 32,LA MOLINA,"LLANTAS 18""",2,75.2,150.4,Vendedor 8
2321,2024-03-21,Cliente 36,LA MOLINA,BATERÍA DE 18 PLACAS,1,109.6,109.6,Vendedor 4
2322,2024-03-22,Cliente 9,SURCO,ACEITE DE MOTOR 5W30 FULL SINTÉTICO,2,120.0,240.0,Vendedor 8
2323,2024-03-22,Cliente 11,LA MOLINA,AMORTIGUADORES DELANTEROS,7,253.0,1771.0,Vendedor 3
2324,2024-03-22,Cliente 12,SURCO,AMORTIGUADORES POSTERIORES,1,88.7,88.7,Vendedor 5
2325,2024-03-22,Cliente 11,SURCO,"LLANTAS 18""",1,75.2,75.2,Vendedor 2
2326,2024-03-22,Cliente 44,LA MOLINA,BATERÍA DE 18 PLACAS,3,109.6,328.8,Vendedor 5
2327,2024-03-23,Cliente 12,LA MOLINA,AMORTIGUADORES DELANTEROS,4,253.0,1012.0,Vendedor 4
2328,2024-03-23,Cliente 29,SURCO,AMORTIGUADORES POSTERIORES,1,88.7,88.7,Vendedor 1
2329,2024-03-23,Cliente 25,SURCO,"LLANTAS 18""",4,75.2,300.8,Vendedor 5
2330,2024-03-24,Cliente 4,SURCO,AMORTIGUADORES DELANTEROS,4,253.0,1012.0,Vendedor 7
2331,2024-03-24,Cliente 24,SURCO,AMORTIGUADORES POSTERIORES,2,88.7,177.4,Vendedor 4
2332,2024-03-25,Cliente 1,LA MOLINA,AMORTIGUADORES DELANTEROS,7,253.0,1771.0,Vendedor 6
2333,2024-03-25,Cliente 44,SURCO,AMORTIGUADORES POSTERIORES,2,88.7,177.4,Vendedor 2
2334,2024-03-26,Cliente 27,LA MOLINA,AMORTIGUADORES DELANTEROS,3,253.0,759.0,Vendedor 9
2335,2024-03-26,Cliente 21,LA MOLINA,AMORTIGUADORES POSTERIORES,1,88.7,88.7,Vendedor 9
2336,2024-03-27,Cliente 28,LA MOLINA,AMORTIGUADORES DELANTEROS,7,253.0,1771.0,Vendedor 2
2337,2024-03-27,Cliente 7,LA MOLINA,AMORTIGUADORES POSTERIORES,4,88.7,354.8,Vendedor 6
2338,2024-03-28,Cliente 25,LA MOLINA,AMORTIGUADORES POSTERIORES,6,88.7,532.2,Vendedor 4
2339,2024-03-29,Cliente 3,LA MOLINA,AMORTIGUADORES POSTERIORES,5,88.7,443.5,Vendedor 2
2340,2024-03-30,Cliente 46,LA MOLINA,AMORTIGUADORES POSTERIORES,8,88.7,709.6,Vendedor 9
2341,2024-03-31,Cliente 44,LA MOLINA,AMORTIGUADORES POSTERIORES,1,88.7,88.7,Vendedor 3
2342,2024-04-01,Cliente 43,LA MOLINA,AUTO HONDA ACCORD 2014,1,40000.0,40000.0,Vendedor 8
2343,2024-04-01,Cliente 22,SURCO,AUTO HONDA CIVIC 2014,1,18000.0,18000.0,Vendedor 1
2344,2024-04-01,Cliente 25,LA MOLINA,AUTO HONDA ODISSEY 2013,1,29000.0,29000.0,Vendedor 9
2345,2024-04-01,Cliente 33,SURCO,AUTO HONDA PILOT 2013,1,30500.0,30500.0,Vendedor 10
2346,2024-04-01,Cliente 15,SURCO,FILTRO DE COMBUSTIBLE,1,119.6,119.6,Vendedor 1
2347,2024-04-02,Cliente 49,LA MOLINA,AUTO HONDA ACCORD 2014,1,40000.0,40000.0,Vendedor 4
2348,2024-04-02,Cliente 4,SURCO,AUTO HONDA CIVIC 2014,1,18000.0,18000.0,Vendedor 3
2349,2024-04-02,Cliente 32,SURCO,AUTO HONDA PILOT 2013,1,30500.0,30500.0,Vendedor 5
2350,2024-04-02,Cliente 25,SURCO,FILTRO DE COMBUSTIBLE,1,119.6,119.6,Vendedor 4
2351,2024-04-03,Cliente 48,LA MOLINA,AUTO HONDA ACCORD 2014,1,40000.0,40000.0,Vendedor 6
2352,2024-04-03,Cliente 21,LA MOLINA,ACEITE DE MOTOR 5W30 FULL SINTÉTICO,1,109.3,109.3,Vendedor 1
2353,2024-04-03,Cliente 42,LA MOLINA,FILTRO DE COMBUSTIBLE,1,119.6,119.6,Vendedor 5
2354,2024-04-03,Cliente 47,SURCO,AMORTIGUADORES DELANTEROS,1,218.1,218.1,Vendedor 6
2355,2024-04-03,Cliente 14,SURCO,AMORTIGUADORES POSTERIORES,2,107.2,214.4,Vendedor 9
2356,2024-04-03,Cliente 44,SURCO,"LLANTAS 18""",1,77.1,77.1,Vendedor 4
2357,2024-04-03,Cliente 34,LA MOLINA,BATERÍA DE 18 PLACAS,1,112.8,112.8,Vendedor 6
2358,2024-04-04,Cliente 29,SURCO,AUTO HONDA ACCORD 2014,1,40000.0,40000.0,Vendedor 1
2359,2024-04-04,Cliente 5,LA MOLINA,ACEITE DE MOTOR 5W30 FULL SINTÉTICO,1,109.3,109.3,Vendedor 4
2360,2024-04-04,Cliente 41,SURCO,FILTRO DE COMBUSTIBLE,1,119.6,119.6,Vendedor 3
2361,2024-04-04,Cliente 6,SURCO,AMORTIGUADORES DELANTEROS,2,218.1,436.2,Vendedor 3
2362,2024-04-04,Cliente 16,SURCO,AMORTIGUADORES POSTERIORES,3,107.2,321.6,Vendedor 9
2363,2024-04-04,Cliente 47,LA MOLINA,"LLANTAS 18""",1,77.1,77.1,Vendedor 8
2364,2024-04-04,Cliente 11,LA MOLINA,BATERÍA DE 18 PLACAS,1,112.8,112.8,Vendedor 4
2365,2024-04-05,Cliente 28,SURCO,AUTO HONDA ACCORD 2014,1,40000.0,40000.0,Vendedor 3
2366,2024-04-05,Cliente 20,SURCO,ACEITE DE MOTOR 5W30 FULL SINTÉTICO,3,109.3,327.9,Vendedor 5
2367,2024-04-05,Cliente 41,LA MOLINA,FILTRO DE COMBUSTIBLE,1,119.6,119.6,Vendedor 4
2368,2024-04-05,Cliente 6,LA MOLINA,AMORTIGUADORES DELANTEROS,3,218.1,654.3,Vendedor 6
2369,2024-04-05,Cliente 11,LA MOLINA,AMORTIGUADORES POSTERIORES,2,107.2,214.4,Vendedor 8
2370,2024-04-05,Cliente 33,LA MOLINA,"LLANTAS 18""",4,77.1,308.4,Vendedor 10
2371,2024-04-05,Cliente 49,LA MOLINA,BATERÍA DE 18 PLACAS,1,112.8,112.8,Vendedor 3
2372,2024-04-06,Cliente 2,LA MOLINA,AUTO HONDA ACCORD 2014,1,40000.0,40000.0,Vendedor 7
2373,2024-04-06,Cliente 49,SURCO,ACEITE DE MOTOR 5W30 FULL SINTÉTICO,2,109.3,218.6,Vendedor 5
2374,2024-04-06,Cliente 36,SURCO,FILTRO DE COMBUSTIBLE,1,119.6,119.6,Vendedor 3
2375,2024-04-06,Cliente 30,LA MOLINA,AMORTIGUADORES DELANTEROS,3,218.1,654.3,Vendedor 5
2376,2024-04-06,Cliente 25,LA MOLINA,AMORTIGUADORES POSTERIORES,2,107.2,214.4,Vendedor 9
2377,2024-04-06,Cliente 22,SURCO,"LLANTAS 18""",4,77.1,308.4,Vendedor 3
2378,2024-04-06,Cliente 10,SURCO,BATERÍA DE 18 PLACAS,2,112.8,225.6,Vendedor 4
2379,2024-04-07,Cliente 33,SURCO,ACEITE DE MOTOR 5W30 FULL SINTÉTICO,1,109.3,109.3,Vendedor 6
2380,2024-04-07,Cliente 26,LA MOLINA,FILTRO DE COMBUSTIBLE,1,119.6,119.6,Vendedor 7
2381,2024-04-07,Cliente 25,LA MOLINA,AMORTIGUADORES DELANTEROS,4,218.1,872.4,Vendedor 8
2382,2024-04-07,Cliente 27,SURCO,AMORTIGUADORES POSTERIORES,2,107.2,214.4,Vendedor 1
2383,2024-04-07,Cliente 37,LA MOLINA,"LLANTAS 18""",1,77.1,77.1,Vendedor 3
2384,2024-04-07,Cliente 17,LA MOLINA,BATERÍA DE 18 PLACAS,1,112.8,112.8,Vendedor 6
2385,2024-04-08,Cliente 45,LA MOLINA,ACEITE DE MOTOR 5W30 FULL SINTÉTICO,4,109.3,437.2,Vendedor 1
2386,2024-04-08,Cliente 28,LA MOLINA,FILTRO DE COMBUSTIBLE,1,119.6,119.6,Vendedor 4
2387,2024-04-08,Cliente 3,SURCO,AMORTIGUADORES DELANTEROS,2,218.1,436.2,Vendedor 6
2388,2024-04-08,Cliente 45,SURCO,AMORTIGUADORES POSTERIORES,3,107.2,321.6,Vendedor 3
2389,2024-04-08,Cliente 44,LA MOLINA,"LLANTAS 18""",3,77.1,231.3,Vendedor 3
2390,2024-04-08,Cliente 39,SURCO,BATERÍA DE 18 PLACAS,2,112.8,225.6,Vendedor 10
2391,2024-04-09,Cliente 1,SURCO,AUTO HONDA PILOT 2013,1,30500.0,30500.0,Vendedor 2
2392,2024-04-09,Cliente 42,SURCO,AUTO HONDA FIT 2016,1,28000.0,28000.0,Vendedor 7
2393,2024-04-09,Cliente 34,SURCO,ACEITE DE MOTOR 5W30 FULL SINTÉTICO,4,109.3,437.2,Vendedor 4
2394,2024-04-09,Cliente 11,LA MOLINA,FILTRO DE COMBUSTIBLE,1,119.6,119.6,Vendedor 7
2395,2024-04-09,Cliente 33,SURCO,AMORTIGUADORES DELANTEROS,3,218.1,654.3,Vendedor 9
2396,2024-04-09,Cliente 38,LA MOLINA,AMORTIGUADORES POSTERIORES,3,107.2,321.6,Vendedor 5
2397,2024-04-09,Cliente 7,SURCO,"LLANTAS 18""",4,77.1,308.4,Vendedor 10
2398,2024-04-09,Cliente 18,SURCO,BATERÍA DE 18 PLACAS,1,112.8,112.8,Vendedor 4
2399,2024-04-10,Cliente 45,SURCO,AUTO HONDA PILOT 2013,1,30500.0,30500.0,Vendedor 5
2400,2024-04-10,Cliente 11,SURCO,AUTO HONDA FIT 2016,1,28000.0,28000.0,Vendedor 8
2401,2024-04-10,Cliente 5,LA MOLINA,ACEITE DE MOTOR 5W30 FULL SINTÉTICO,1,109.3,109.3,Vendedor 7
2402,2024-04-10,Cliente 42,LA MOLINA,FILTRO DE COMBUSTIBLE,1,119.6,119.6,Vendedor 5
2403,2024-04-10,Cliente 12,SURCO,AMORTIGUADORES DELANTEROS,2,218.1,436.2,Vendedor 6
2404,2024-04-10,Cliente 13,LA MOLINA,AMORTIGUADORES POSTERIORES,1,107.2,107.2,Vendedor 8
2405,2024-04-10,Cliente 29,SURCO,"LLANTAS 18""",1,77.1,77.1,Vendedor 10
2406,2024-04-10,Cliente 13,LA MOLINA,BATERÍA DE 18 PLACAS,1,112.8,112.8,Vendedor 1
2407,2024-04-11,Cliente 49,SURCO,AUTO HONDA PILOT 2013,1,30500.0,30500.0,Vendedor 4
2408,2024-04-11,Cliente 29,LA MOLINA,ACEITE DE MOTOR 5W30 FULL SINTÉTICO,3,109.3,327.9,Vendedor 10
2409,2024-04-11,Cliente 6,LA MOLINA,AMORTIGUADORES POSTERIORES,2,107.2,214.4,Vendedor 5
2410,2024-04-11,Cliente 8,LA MOLINA,"LLANTAS 18""",1,77.1,77.1,Vendedor 5
2411,2024-04-11,Cliente 2,LA MOLINA,BATERÍA DE 18 PLACAS,1,112.8,112.8,Vendedor 10
2412,2024-04-12,Cliente 18,LA MOLINA,BATERÍA DE 18 PLACAS,1,112.8,112.8,Vendedor 1
2413,2024-04-13,Cliente 32,LA MOLINA,BATERÍA DE 18 PLACAS,2,112.8,225.6,Vendedor 8
2414,2024-04-14,Cliente 21,LA MOLINA,BATERÍA DE 18 PLACAS,2,112.8,225.6,Vendedor 4
2415,2024-04-15,Cliente 1,LA MOLINA,BATERÍA DE 18 PLACAS,2,112.8,225.6,Vendedor 8
2416,2024-04-16,Cliente 45,LA MOLINA,BATERÍA DE 18 PLACAS,1,112.8,112.8,Vendedor 4
2417,2024-04-17,Cliente 40,LA MOLINA,ACEITE DE MOTOR 5W30 FULL SINTÉTICO,3,109.3,327.9,Vendedor 8
2418,2024-04-17,Cliente 43,LA MOLINA,AMORTIGUADORES DELANTEROS,5,218.1,1090.5,Vendedor 4
2419,2024-04-17,Cliente 2,LA MOLINA,AMORTIGUADORES POSTERIORES,1,107.2,107.2,Vendedor 6
2420,2024-04-17,Cliente 44,LA MOLINA,"LLANTAS 18""",1,77.1,77.1,Vendedor 8
2421,2024-04-17,Cliente 26,LA MOLINA,BATERÍA DE 18 PLACAS,1,112.8,112.8,Vendedor 10
2422,2024-04-18,Cliente 28,LA MOLINA,ACEITE DE MOTOR 5W30 FULL SINTÉTICO,1,109.3,109.3,Vendedor 8
2423,2024-04-18,Cliente 47,SURCO,AMORTIGUADORES DELANTEROS,6,218.1,1308.6,Vendedor 7
2424,2024-04-18,Cliente 46,SURCO,AMORTIGUADORES POSTERIORES,3,107.2,321.6,Vendedor 3
2425,2024-04-18,Cliente 9,SURCO,"LLANTAS 18""",5,77.1,385.5,Vendedor 8
2426,2024-04-18,Cliente 44,LA MOLINA,BATERÍA DE 18 PLACAS,1,112.8,112.8,Vendedor 9
2427,2024-04-19,Cliente 29,SURCO,ACEITE DE MOTOR 5W30 FULL SINTÉTICO,4,109.3,437.2,Vendedor 2
2428,2024-04-19,Cliente 16,SURCO,AMORTIGUADORES DELANTEROS,4,218.1,872.4,Vendedor 4
2429,2024-04-19,Cliente 7,SURCO,AMORTIGUADORES POSTERIORES,2,107.2,214.4,Vendedor 7
2430,2024-04-19,Cliente 11,SURCO,"LLANTAS 18""",5,77.1,385.5,Vendedor 6
2431,2024-04-19,Cliente 15,LA MOLINA,BATERÍA DE 18 PLACAS,2,112.8,225.6,Vendedor 5
2432,2024-04-20,Cliente 43,LA MOLINA,ACEITE DE MOTOR 5W30 FULL SINTÉTICO,6,109.3,655.8,Vendedor 2
2433,2024-04-20,Cliente 6,LA MOLINA,AMORTIGUADORES DELANTEROS,3,218.1,654.3,Vendedor 6
2434,2024-04-20,Cliente 42,SURCO,AMORTIGUADORES POSTERIORES,2,107.2,214.4,Vendedor 6
2435,2024-04-20,Cliente 42,LA MOLINA,"LLANTAS 18""",4,77.1,308.4,Vendedor 9
2436,2024-04-20,Cliente 15,SURCO,BATERÍA DE 18 PLACAS,2,112.8,225.6,Vendedor 5
2437,2024-04-21,Cliente 6,SURCO,ACEITE DE MOTOR 5W30 FULL SINTÉTICO,1,109.3,109.3,Vendedor 2
2438,2024-04-21,Cliente 48,LA MOLINA,AMORTIGUADORES DELANTEROS,2,218.1,436.2,Vendedor 10
2439,2024-04-21,Cliente 37,SURCO,AMORTIGUADORES POSTERIORES,2,107.2,214.4,Vendedor 6
2440,2024-04-21,Cliente 25,LA MOLINA,"LLANTAS 18""",2,77.1,154.2,Vendedor 10
2441,2024-04-21,Cliente 4,LA MOLINA,BATERÍA DE 18 PLACAS,1,112.8,112.8,Vendedor 10
2442,2024-04-22,Cliente 25,SURCO,ACEITE DE MOTOR 5W30 FULL SINTÉTICO,5,109.3,546.5,Vendedor 7
2443,2024-04-22,Cliente 44,SURCO,AMORTIGUADORES DELANTEROS,4,218.1,872.4,Vendedor 3
2444,2024-04-22,Cliente 7,SURCO,AMORTIGUADORES POSTERIORES,1,107.2,107.2,Vendedor 7
2445,2024-04-22,Cliente 21,LA MOLINA,"LLANTAS 18""",1,77.1,77.1,Vendedor 3
2446,2024-04-22,Cliente 32,SURCO,BATERÍA DE 18 PLACAS,2,112.8,225.6,Vendedor 8
2447,2024-04-23,Cliente 39,LA MOLINA,AMORTIGUADORES POSTERIORES,2,107.2,214.4,Vendedor 6
2448,2024-04-23,Cliente 18,LA MOLINA,"LLANTAS 18""",2,77.1,154.2,Vendedor 10
2449,2024-04-23,Cliente 32,SURCO,BATERÍA DE 18 PLACAS,1,112.8,112.8,Vendedor 5
2450,2024-04-24,Cliente 46,LA MOLINA,AMORTIGUADORES POSTERIORES,6,107.2,643.2,Vendedor 4
2451,2024-04-24,Cliente 50,LA MOLINA,BATERÍA DE 18 PLACAS,3,112.8,338.4,Vendedor 3
2452,2024-04-25,Cliente 43,LA MOLINA,AMORTIGUADORES POSTERIORES,1,107.2,107.2,Vendedor 3
2453,2024-04-25,Cliente 22,LA MOLINA,BATERÍA DE 18 PLACAS,3,112.8,338.4,Vendedor 7
2454,2024-04-26,Cliente 5,LA MOLINA,BATERÍA DE 18 PLACAS,2,112.8,225.6,Vendedor 9
2455,2024-04-27,Cliente 9,LA MOLINA,BATERÍA DE 18 PLACAS,4,112.8,451.2,Vendedor 6
2456,2024-04-28,Cliente 37,LA MOLINA,BATERÍA DE 18 PLACAS,4,112.8,451.2,Vendedor 3
2457,2024-04-29,Cliente 24,LA MOLINA,BATERÍA DE 18 PLACAS,2,112.8,225.6,Vendedor 10
2458,2024-04-30,Cliente 12,LA MOLINA,BATERÍA DE 18 PLACAS,3,112.8,338.4,Vendedor 1
2459,2024-05-01,Cliente 38,LA MOLINA,AUTO HONDA ACCORD 2014,1,30000.0,30000.0,Vendedor 7
2460,2024-05-01,Cliente 41,SURCO,AUTO HONDA CIVIC 2014,1,18000.0,18000.0,Vendedor 7
2461,2024-05-01,Cliente 3,SURCO,AUTO HONDA ODISSEY 2013,1,28500.0,28500.0,Vendedor 2
2462,2024-05-01,Cliente 26,SURCO,AUTO HONDA CRV 2014,1,30000.0,30000.0,Vendedor 8
2463,2024-05-01,Cliente 45,SURCO,AUTO HONDA FIT 2016,1,25000.0,25000.0,Vendedor 10
2464,2024-05-01,Cliente 42,SURCO,AUTO HONDA CITY 2016,1,25500.0,25500.0,Vendedor 7
2465,2024-05-01,Cliente 50,SURCO,FILTRO DE COMBUSTIBLE,1,126.9,126.9,Vendedor 8
2466,2024-05-01,Cliente 1,LA MOLINA,BATERÍA DE 18 PLACAS,1,89.4,89.4,Vendedor 2
2467,2024-05-02,Cliente 6,SURCO,AUTO HONDA ACCORD 2014,1,30000.0,30000.0,Vendedor 2
2468,2024-05-02,Cliente 42,LA MOLINA,AUTO HONDA CIVIC 2014,1,18000.0,18000.0,Vendedor 9
2469,2024-05-02,Cliente 2,SURCO,AUTO HONDA ODISSEY 2013,1,28500.0,28500.0,Vendedor 10
2470,2024-05-02,Cliente 18,LA MOLINA,AUTO HONDA CRV 2014,1,30000.0,30000.0,Vendedor 2
2471,2024-05-02,Cliente 25,SURCO,AUTO HONDA FIT 2016,1,25000.0,25000.0,Vendedor 8
2472,2024-05-02,Cliente 20,SURCO,AUTO HONDA CITY 2016,1,25500.0,25500.0,Vendedor 10
2473,2024-05-02,Cliente 21,SURCO,FILTRO DE COMBUSTIBLE,1,126.9,126.9,Vendedor 2
2474,2024-05-02,Cliente 36,LA MOLINA,BATERÍA DE 18 PLACAS,1,89.4,89.4,Vendedor 9
2475,2024-05-03,Cliente 5,SURCO,AUTO HONDA ACCORD 2014,1,30000.0,30000.0,Vendedor 9
2476,2024-05-03,Cliente 49,SURCO,AUTO HONDA CIVIC 2014,1,18000.0,18000.0,Vendedor 4
2477,2024-05-03,Cliente 12,SURCO,AUTO HONDA ODISSEY 2013,1,28500.0,28500.0,Vendedor 10
2478,2024-05-03,Cliente 1,SURCO,AUTO HONDA CITY 2016,1,25500.0,25500.0,Vendedor 9
2479,2024-05-03,Cliente 8,LA MOLINA,ACEITE DE MOTOR 5W30 FULL SINTÉTICO,2,109.2,218.4,Vendedor 1
2480,2024-05-03,Cliente 37,SURCO,FILTRO DE COMBUSTIBLE,1,126.9,126.9,Vendedor 4
2481,2024-05-03,Cliente 36,SURCO,AMORTIGUADORES DELANTEROS,2,221.0,442.0,Vendedor 5
2482,2024-05-03,Cliente 8,SURCO,AMORTIGUADORES POSTERIORES,1,82.3,82.3,Vendedor 9
2483,2024-05-03,Cliente 35,LA MOLINA,"LLANTAS 18""",3,74.3,222.9,Vendedor 3
2484,2024-05-03,Cliente 43,LA MOLINA,BATERÍA DE 18 PLACAS,1,89.4,89.4,Vendedor 1
2485,2024-05-04,Cliente 20,SURCO,AUTO HONDA ACCORD 2014,1,30000.0,30000.0,Vendedor 1
2486,2024-05-04,Cliente 43,LA MOLINA,AUTO HONDA CIVIC 2014,1,18000.0,18000.0,Vendedor 9
2487,2024-05-04,Cliente 9,LA MOLINA,AUTO HONDA ODISSEY 2013,1,28500.0,28500.0,Vendedor 10
2488,2024-05-04,Cliente 45,SURCO,AUTO HONDA CITY 2016,1,25500.0,25500.0,Vendedor 6
2489,2024-05-04,Cliente 39,LA MOLINA,ACEITE DE MOTOR 5W30 FULL SINTÉTICO,3,109.2,327.6,Vendedor 9
2490,2024-05-04,Cliente 45,SURCO,FILTRO DE COMBUSTIBLE,1,126.9,126.9,Vendedor 2
2491,2024-05-04,Cliente 3,SURCO,AMORTIGUADORES DELANTEROS,1,221.0,221.0,Vendedor 4
2492,2024-05-04,Cliente 14,LA MOLINA,AMORTIGUADORES POSTERIORES,1,82.3,82.3,Vendedor 3
2493,2024-05-04,Cliente 38,SURCO,"LLANTAS 18""",5,74.3,371.5,Vendedor 6
2494,2024-05-04,Cliente 9,LA MOLINA,BATERÍA DE 18 PLACAS,1,89.4,89.4,Vendedor 10
2495,2024-05-05,Cliente 36,SURCO,ACEITE DE MOTOR 5W30 FULL SINTÉTICO,2,109.2,218.4,Vendedor 5
2496,2024-05-05,Cliente 25,LA MOLINA,FILTRO DE COMBUSTIBLE,1,126.9,126.9,Vendedor 3
2497,2024-05-05,Cliente 6,LA MOLINA,AMORTIGUADORES DELANTEROS,4,221.0,884.0,Vendedor 5
2498,2024-05-05,Cliente 45,LA MOLINA,AMORTIGUADORES POSTERIORES,3,82.3,246.9,Vendedor 3
2499,2024-05-05,Cliente 5,SURCO,"LLANTAS 18""",5,74.3,371.5,Vendedor 5
2500,2024-05-05,Cliente 46,SURCO,BATERÍA DE 18 PLACAS,1,89.4,89.4,Vendedor 6
2501,2024-05-06,Cliente 27,SURCO,ACEITE DE MOTOR 5W30 FULL SINTÉTICO,3,109.2,327.6,Vendedor 3
2502,2024-05-06,Cliente 28,LA MOLINA,FILTRO DE COMBUSTIBLE,1,126.9,126.9,Vendedor 7
2503,2024-05-06,Cliente 5,SURCO,AMORTIGUADORES DELANTEROS,1,221.0,221.0,Vendedor 5
2504,2024-05-06,Cliente 44,SURCO,AMORTIGUADORES POSTERIORES,1,82.3,82.3,Vendedor 9
2505,2024-05-06,Cliente 22,LA MOLINA,"LLANTAS 18""",4,74.3,297.2,Vendedor 2
2506,2024-05-06,Cliente 50,LA MOLINA,BATERÍA DE 18 PLACAS,2,89.4,178.8,Vendedor 5
2507,2024-05-07,Cliente 18,SURCO,ACEITE DE MOTOR 5W30 FULL SINTÉTICO,1,109.2,109.2,Vendedor 1
2508,2024-05-07,Cliente 25,SURCO,FILTRO DE COMBUSTIBLE,1,126.9,126.9,Vendedor 4
2509,2024-05-07,Cliente 8,SURCO,AMORTIGUADORES DELANTEROS,4,221.0,884.0,Vendedor 3
2510,2024-05-07,Cliente 38,LA MOLINA,AMORTIGUADORES POSTERIORES,3,82.3,246.9,Vendedor 8
2511,2024-05-07,Cliente 45,LA MOLINA,"LLANTAS 18""",1,74.3,74.3,Vendedor 10
2512,2024-05-07,Cliente 39,LA MOLINA,BATERÍA DE 18 PLACAS,2,89.4,178.8,Vendedor 2
2513,2024-05-08,Cliente 21,SURCO,ACEITE DE MOTOR 5W30 FULL SINTÉTICO,1,109.2,109.2,Vendedor 7
2514,2024-05-08,Cliente 48,LA MOLINA,AMORTIGUADORES DELANTEROS,2,221.0,442.0,Vendedor 9
2515,2024-05-08,Cliente 31,LA MOLINA,AMORTIGUADORES POSTERIORES,3,82.3,246.9,Vendedor 10
2516,2024-05-08,Cliente 1,LA MOLINA,"LLANTAS 18""",2,74.3,148.6,Vendedor 9
2517,2024-05-08,Cliente 10,SURCO,BATERÍA DE 18 PLACAS,1,89.4,89.4,Vendedor 7
2518,2024-05-09,Cliente 4,LA MOLINA,ACEITE DE MOTOR 5W30 FULL SINTÉTICO,3,109.2,327.6,Vendedor 6
2519,2024-05-09,Cliente 46,LA MOLINA,AMORTIGUADORES DELANTEROS,2,221.0,442.0,Vendedor 8
2520,2024-05-09,Cliente 23,SURCO,AMORTIGUADORES POSTERIORES,1,82.3,82.3,Vendedor 8
2521,2024-05-09,Cliente 18,LA MOLINA,"LLANTAS 18""",5,74.3,371.5,Vendedor 7
2522,2024-05-09,Cliente 41,LA MOLINA,BATERÍA DE 18 PLACAS,1,89.4,89.4,Vendedor 2
2523,2024-05-10,Cliente 27,LA MOLINA,AUTO HONDA ACCORD 2014,1,30000.0,30000.0,Vendedor 6
2524,2024-05-10,Cliente 41,SURCO,AUTO HONDA PILOT 2013,1,28500.0,28500.0,Vendedor 2
2525,2024-05-10,Cliente 6,SURCO,ACEITE DE MOTOR 5W30 FULL SINTÉTICO,1,109.2,109.2,Vendedor 3
2526,2024-05-10,Cliente 6,SURCO,AMORTIGUADORES DELANTEROS,2,221.0,442.0,Vendedor 5
2527,2024-05-10,Cliente 1,SURCO,AMORTIGUADORES POSTERIORES,3,82.3,246.9,Vendedor 7
2528,2024-05-10,Cliente 31,LA MOLINA,"LLANTAS 18""",5,74.3,371.5,Vendedor 8
2529,2024-05-10,Cliente 1,LA MOLINA,BATERÍA DE 18 PLACAS,1,89.4,89.4,Vendedor 10
2530,2024-05-11,Cliente 48,SURCO,AUTO HONDA ACCORD 2014,1,30000.0,30000.0,Vendedor 1
2531,2024-05-11,Cliente 45,SURCO,AUTO HONDA PILOT 2013,1,28500.0,28500.0,Vendedor 9
2532,2024-05-11,Cliente 16,LA MOLINA,ACEITE DE MOTOR 5W30 FULL SINTÉTICO,2,109.2,218.4,Vendedor 9
2533,2024-05-11,Cliente 39,LA MOLINA,AMORTIGUADORES DELANTEROS,2,221.0,442.0,Vendedor 8
2534,2024-05-11,Cliente 12,SURCO,AMORTIGUADORES POSTERIORES,1,82.3,82.3,Vendedor 2
2535,2024-05-11,Cliente 33,LA MOLINA,"LLANTAS 18""",3,74.3,222.9,Vendedor 6
2536,2024-05-11,Cliente 32,LA MOLINA,BATERÍA DE 18 PLACAS,1,89.4,89.4,Vendedor 7
2537,2024-05-12,Cliente 24,SURCO,AUTO HONDA PILOT 2013,1,28500.0,28500.0,Vendedor 2
2538,2024-05-12,Cliente 35,SURCO,ACEITE DE MOTOR 5W30 FULL SINTÉTICO,2,109.2,218.4,Vendedor 2
2539,2024-05-12,Cliente 19,SURCO,AMORTIGUADORES POSTERIORES,2,82.3,164.6,Vendedor 5
2540,2024-05-12,Cliente 48,LA MOLINA,"LLANTAS 18""",2,74.3,148.6,Vendedor 10
2541,2024-05-12,Cliente 20,SURCO,BATERÍA DE 18 PLACAS,2,89.4,178.8,Vendedor 9
2542,2024-05-13,Cliente 40,SURCO,ACEITE DE MOTOR 5W30 FULL SINTÉTICO,1,109.2,109.2,Vendedor 8
2543,2024-05-13,Cliente 40,SURCO,AMORTIGUADORES POSTERIORES,1,82.3,82.3,Vendedor 8
2544,2024-05-13,Cliente 23,LA MOLINA,"LLANTAS 18""",3,74.3,222.9,Vendedor 2
2545,2024-05-13,Cliente 47,LA MOLINA,BATERÍA DE 18 PLACAS,1,89.4,89.4,Vendedor 3
2546,2024-05-14,Cliente 1,SURCO,ACEITE DE MOTOR 5W30 FULL SINTÉTICO,3,109.2,327.6,Vendedor 2
2547,2024-05-14,Cliente 34,LA MOLINA,"LLANTAS 18""",2,74.3,148.6,Vendedor 9
2548,2024-05-14,Cliente 8,LA MOLINA,BATERÍA DE 18 PLACAS,1,89.4,89.4,Vendedor 8
2549,2024-05-15,Cliente 20,LA MOLINA,"LLANTAS 18""",4,74.3,297.2,Vendedor 6
2550,2024-05-15,Cliente 35,SURCO,BATERÍA DE 18 PLACAS,1,89.4,89.4,Vendedor 5
2551,2024-05-16,Cliente 23,LA MOLINA,"LLANTAS 18""",2,74.3,148.6,Vendedor 7
2552,2024-05-16,Cliente 46,LA MOLINA,BATERÍA DE 18 PLACAS,1,89.4,89.4,Vendedor 4
2553,2024-05-17,Cliente 19,SURCO,ACEITE DE MOTOR 5W30 FULL SINTÉTICO,1,109.2,109.2,Vendedor 1
2554,2024-05-17,Cliente 27,LA MOLINA,AMORTIGUADORES DELANTEROS,2,221.0,442.0,Vendedor 6
2555,2024-05-17,Cliente 43,SURCO,AMORTIGUADORES POSTERIORES,1,82.3,82.3,Vendedor 4
2556,2024-05-17,Cliente 8,LA MOLINA,"LLANTAS 18""",4,74.3,297.2,Vendedor 7
2557,2024-05-17,Cliente 44,LA MOLINA,BATERÍA DE 18 PLACAS,2,89.4,178.8,Vendedor 3
2558,2024-05-18,Cliente 33,LA MOLINA,ACEITE DE MOTOR 5W30 FULL SINTÉTICO,3,109.2,327.6,Vendedor 7
2559,2024-05-18,Cliente 7,SURCO,AMORTIGUADORES DELANTEROS,2,221.0,442.0,Vendedor 1
2560,2024-05-18,Cliente 23,SURCO,AMORTIGUADORES POSTERIORES,2,82.3,164.6,Vendedor 9
2561,2024-05-18,Cliente 4,SURCO,"LLANTAS 18""",1,74.3,74.3,Vendedor 6
2562,2024-05-18,Cliente 28,SURCO,BATERÍA DE 18 PLACAS,2,89.4,178.8,Vendedor 8
2563,2024-05-19,Cliente 32,LA MOLINA,ACEITE DE MOTOR 5W30 FULL SINTÉTICO,3,109.2,327.6,Vendedor 2
2564,2024-05-19,Cliente 16,LA MOLINA,AMORTIGUADORES DELANTEROS,7,221.0,1547.0,Vendedor 10
2565,2024-05-19,Cliente 16,SURCO,AMORTIGUADORES POSTERIORES,2,82.3,164.6,Vendedor 5
2566,2024-05-19,Cliente 17,SURCO,"LLANTAS 18""",7,74.3,520.1,Vendedor 4
2567,2024-05-19,Cliente 31,SURCO,BATERÍA DE 18 PLACAS,2,89.4,178.8,Vendedor 2
2568,2024-05-20,Cliente 13,SURCO,ACEITE DE MOTOR 5W30 FULL SINTÉTICO,5,109.2,546.0,Vendedor 10
2569,2024-05-20,Cliente 15,SURCO,AMORTIGUADORES DELANTEROS,6,221.0,1326.0,Vendedor 2
2570,2024-05-20,Cliente 3,LA MOLINA,AMORTIGUADORES POSTERIORES,2,82.3,164.6,Vendedor 5
2571,2024-05-20,Cliente 28,SURCO,"LLANTAS 18""",2,74.3,148.6,Vendedor 1
2572,2024-05-20,Cliente 4,LA MOLINA,BATERÍA DE 18 PLACAS,1,89.4,89.4,Vendedor 7
2573,2024-05-21,Cliente 45,LA MOLINA,ACEITE DE MOTOR 5W30 FULL SINTÉTICO,4,109.2,436.8,Vendedor 4
2574,2024-05-21,Cliente 28,LA MOLINA,AMORTIGUADORES DELANTEROS,1,221.0,221.0,Vendedor 8
2575,2024-05-21,Cliente 42,LA MOLINA,AMORTIGUADORES POSTERIORES,1,82.3,82.3,Vendedor 1
2576,2024-05-21,Cliente 24,LA MOLINA,BATERÍA DE 18 PLACAS,1,89.4,89.4,Vendedor 5
2577,2024-05-22,Cliente 16,SURCO,ACEITE DE MOTOR 5W30 FULL SINTÉTICO,3,109.2,327.6,Vendedor 6
2578,2024-05-22,Cliente 3,SURCO,AMORTIGUADORES DELANTEROS,1,221.0,221.0,Vendedor 1
2579,2024-05-22,Cliente 14,LA MOLINA,AMORTIGUADORES POSTERIORES,1,82.3,82.3,Vendedor 5
2580,2024-05-22,Cliente 28,LA MOLINA,BATERÍA DE 18 PLACAS,2,89.4,178.8,Vendedor 3
2581,2024-05-23,Cliente 24,SURCO,ACEITE DE MOTOR 5W30 FULL SINTÉTICO,3,109.2,327.6,Vendedor 6
2582,2024-05-23,Cliente 7,SURCO,AMORTIGUADORES DELANTEROS,1,221.0,221.0,Vendedor 1
2583,2024-05-23,Cliente 22,SURCO,AMORTIGUADORES POSTERIORES,5,82.3,411.5,Vendedor 6
2584,2024-05-23,Cliente 16,LA MOLINA,BATERÍA DE 18 PLACAS,3,89.4,268.2,Vendedor 5
2585,2024-05-24,Cliente 6,SURCO,ACEITE DE MOTOR 5W30 FULL SINTÉTICO,2,109.2,218.4,Vendedor 2
2586,2024-05-24,Cliente 3,LA MOLINA,AMORTIGUADORES POSTERIORES,6,82.3,493.8,Vendedor 10
2587,2024-05-24,Cliente 7,LA MOLINA,BATERÍA DE 18 PLACAS,1,89.4,89.4,Vendedor 2
2588,2024-05-25,Cliente 20,SURCO,ACEITE DE MOTOR 5W30 FULL SINTÉTICO,5,109.2,546.0,Vendedor 8
2589,2024-05-25,Cliente 9,LA MOLINA,BATERÍA DE 18 PLACAS,1,89.4,89.4,Vendedor 4
2590,2024-05-26,Cliente 24,LA MOLINA,BATERÍA DE 18 PLACAS,3,89.4,268.2,Vendedor 8
2591,2024-05-27,Cliente 11,LA MOLINA,BATERÍA DE 18 PLACAS,4,89.4,357.6,Vendedor 10
2592,2024-05-28,Cliente 48,LA MOLINA,BATERÍA DE 18 PLACAS,1,89.4,89.4,Vendedor 7
2593,2024-05-29,Cliente 11,LA MOLINA,BATERÍA DE 18 PLACAS,1,89.4,89.4,Vendedor 8
2594,2024-06-01,Cliente 20,LA MOLINA,AUTO HONDA ACCORD 2014,1,22000.0,22000.0,Vendedor 4
2595,2024-06-01,Cliente 46,LA MOLINA,AUTO HONDA CIVIC 2014,1,17500.0,17500.0,Vendedor 5
2596,2024-06-01,Cliente 11,SURCO,AUTO HONDA ODISSEY 2013,1,28500.0,28500.0,Vendedor 4
2597,2024-06-01,Cliente 35,SURCO,AUTO HONDA CRV 2014,1,27500.0,27500.0,Vendedor 4
2598,2024-06-01,Cliente 3,SURCO,AUTO HONDA PILOT 2013,1,31500.0,31500.0,Vendedor 3
2599,2024-06-01,Cliente 9,SURCO,AUTO HONDA FIT 2016,1,33000.0,33000.0,Vendedor 5
2600,2024-06-01,Cliente 42,SURCO,AUTO HONDA CITY 2016,1,25500.0,25500.0,Vendedor 4
2601,2024-06-01,Cliente 1,SURCO,FILTRO DE COMBUSTIBLE,1,128.8,128.8,Vendedor 6
2602,2024-06-02,Cliente 21,LA MOLINA,AUTO HONDA ACCORD 2014,1,22000.0,22000.0,Vendedor 2
2603,2024-06-02,Cliente 47,LA MOLINA,AUTO HONDA CIVIC 2014,1,17500.0,17500.0,Vendedor 3
2604,2024-06-02,Cliente 40,LA MOLINA,AUTO HONDA CRV 2014,1,27500.0,27500.0,Vendedor 5
2605,2024-06-02,Cliente 4,SURCO,AUTO HONDA PILOT 2013,1,31500.0,31500.0,Vendedor 1
2606,2024-06-02,Cliente 15,SURCO,AUTO HONDA FIT 2016,1,33000.0,33000.0,Vendedor 5
2607,2024-06-02,Cliente 2,LA MOLINA,FILTRO DE COMBUSTIBLE,1,128.8,128.8,Vendedor 9
2608,2024-06-03,Cliente 42,LA MOLINA,AUTO HONDA ACCORD 2014,1,22000.0,22000.0,Vendedor 5
2609,2024-06-03,Cliente 29,SURCO,AUTO HONDA CIVIC 2014,1,17500.0,17500.0,Vendedor 4
2610,2024-06-03,Cliente 18,LA MOLINA,AUTO HONDA CRV 2014,1,27500.0,27500.0,Vendedor 4
2611,2024-06-03,Cliente 10,SURCO,AUTO HONDA FIT 2016,1,33000.0,33000.0,Vendedor 8
2612,2024-06-03,Cliente 24,LA MOLINA,ACEITE DE MOTOR 5W30 FULL SINTÉTICO,1,157.7,157.7,Vendedor 3
2613,2024-06-03,Cliente 6,LA MOLINA,FILTRO DE COMBUSTIBLE,1,128.8,128.8,Vendedor 8
2614,2024-06-03,Cliente 12,LA MOLINA,AMORTIGUADORES DELANTEROS,2,263.4,526.8,Vendedor 3
2615,2024-06-03,Cliente 47,LA MOLINA,AMORTIGUADORES POSTERIORES,1,76.3,76.3,Vendedor 3
2616,2024-06-03,Cliente 20,SURCO,"LLANTAS 18""",3,73.0,219.0,Vendedor 3
2617,2024-06-03,Cliente 26,SURCO,BATERÍA DE 18 PLACAS,1,103.2,103.2,Vendedor 10
2618,2024-06-04,Cliente 5,SURCO,AUTO HONDA ACCORD 2014,1,22000.0,22000.0,Vendedor 3
2619,2024-06-04,Cliente 28,SURCO,AUTO HONDA CIVIC 2014,1,17500.0,17500.0,Vendedor 4
2620,2024-06-04,Cliente 42,LA MOLINA,AUTO HONDA CRV 2014,1,27500.0,27500.0,Vendedor 7
2621,2024-06-04,Cliente 47,SURCO,ACEITE DE MOTOR 5W30 FULL SINTÉTICO,1,157.7,157.7,Vendedor 1
2622,2024-06-04,Cliente 25,SURCO,FILTRO DE COMBUSTIBLE,1,128.8,128.8,Vendedor 7
2623,2024-06-04,Cliente 1,SURCO,AMORTIGUADORES DELANTEROS,1,263.4,263.4,Vendedor 1
2624,2024-06-04,Cliente 50,SURCO,AMORTIGUADORES POSTERIORES,1,76.3,76.3,Vendedor 2
2625,2024-06-04,Cliente 41,SURCO,"LLANTAS 18""",3,73.0,219.0,Vendedor 10
2626,2024-06-04,Cliente 1,SURCO,BATERÍA DE 18 PLACAS,1,103.2,103.2,Vendedor 2
2627,2024-06-05,Cliente 46,LA MOLINA,AUTO HONDA CRV 2014,1,27500.0,27500.0,Vendedor 2
2628,2024-06-05,Cliente 31,SURCO,ACEITE DE MOTOR 5W30 FULL SINTÉTICO,2,157.7,315.4,Vendedor 10
2629,2024-06-05,Cliente 11,LA MOLINA,FILTRO DE COMBUSTIBLE,1,128.8,128.8,Vendedor 5
2630,2024-06-05,Cliente 10,LA MOLINA,AMORTIGUADORES DELANTEROS,3,263.4,790.2,Vendedor 4
2631,2024-06-05,Cliente 41,LA MOLINA,AMORTIGUADORES POSTERIORES,1,76.3,76.3,Vendedor 9
2632,2024-06-05,Cliente 3,SURCO,"LLANTAS 18""",1,73.0,73.0,Vendedor 2
2633,2024-06-05,Cliente 33,SURCO,BATERÍA DE 18 PLACAS,2,103.2,206.4,Vendedor 7
2634,2024-06-06,Cliente 15,SURCO,ACEITE DE MOTOR 5W30 FULL SINTÉTICO,2,157.7,315.4,Vendedor 1
2635,2024-06-06,Cliente 28,SURCO,FILTRO DE COMBUSTIBLE,1,128.8,128.8,Vendedor 7
2636,2024-06-06,Cliente 42,LA MOLINA,AMORTIGUADORES DELANTEROS,2,263.4,526.8,Vendedor 5
2637,2024-06-06,Cliente 44,LA MOLINA,AMORTIGUADORES POSTERIORES,1,76.3,76.3,Vendedor 2
2638,2024-06-06,Cliente 8,SURCO,"LLANTAS 18""",3,73.0,219.0,Vendedor 4
2639,2024-06-06,Cliente 23,LA MOLINA,BATERÍA DE 18 PLACAS,1,103.2,103.2,Vendedor 2
2640,2024-06-07,Cliente 24,SURCO,ACEITE DE MOTOR 5W30 FULL SINTÉTICO,3,157.7,473.1,Vendedor 2
2641,2024-06-07,Cliente 39,SURCO,FILTRO DE COMBUSTIBLE,1,128.8,128.8,Vendedor 3
2642,2024-06-07,Cliente 34,LA MOLINA,AMORTIGUADORES DELANTEROS,2,263.4,526.8,Vendedor 6
2643,2024-06-07,Cliente 10,LA MOLINA,AMORTIGUADORES POSTERIORES,1,76.3,76.3,Vendedor 5
2644,2024-06-07,Cliente 7,LA MOLINA,"LLANTAS 18""",3,73.0,219.0,Vendedor 5
2645,2024-06-07,Cliente 17,LA MOLINA,BATERÍA DE 18 PLACAS,2,103.2,206.4,Vendedor 2
2646,2024-06-08,Cliente 50,SURCO,ACEITE DE MOTOR 5W30 FULL SINTÉTICO,1,157.7,157.7,Vendedor 3
2647,2024-06-08,Cliente 10,LA MOLINA,FILTRO DE COMBUSTIBLE,1,128.8,128.8,Vendedor 7
2648,2024-06-08,Cliente 5,LA MOLINA,AMORTIGUADORES DELANTEROS,1,263.4,263.4,Vendedor 2
2649,2024-06-08,Cliente 10,LA MOLINA,AMORTIGUADORES POSTERIORES,2,76.3,152.6,Vendedor 2
2650,2024-06-08,Cliente 12,LA MOLINA,"LLANTAS 18""",3,73.0,219.0,Vendedor 7
2651,2024-06-08,Cliente 32,LA MOLINA,BATERÍA DE 18 PLACAS,2,103.2,206.4,Vendedor 7
2652,2024-06-09,Cliente 45,LA MOLINA,AUTO HONDA ACCORD 2014,1,22000.0,22000.0,Vendedor 7
2653,2024-06-09,Cliente 9,SURCO,AUTO HONDA PILOT 2013,1,31500.0,31500.0,Vendedor 4
2654,2024-06-09,Cliente 27,SURCO,AUTO HONDA CITY 2016,1,25500.0,25500.0,Vendedor 9
2655,2024-06-09,Cliente 35,LA MOLINA,ACEITE DE MOTOR 5W30 FULL SINTÉTICO,4,157.7,630.8,Vendedor 9
2656,2024-06-09,Cliente 25,SURCO,FILTRO DE COMBUSTIBLE,1,128.8,128.8,Vendedor 2
2657,2024-06-09,Cliente 45,SURCO,AMORTIGUADORES DELANTEROS,4,263.4,1053.6,Vendedor 2
2658,2024-06-09,Cliente 1,LA MOLINA,AMORTIGUADORES POSTERIORES,1,76.3,76.3,Vendedor 4
2659,2024-06-09,Cliente 36,LA MOLINA,"LLANTAS 18""",1,73.0,73.0,Vendedor 8
2660,2024-06-09,Cliente 4,SURCO,BATERÍA DE 18 PLACAS,1,103.2,103.2,Vendedor 6
2661,2024-06-10,Cliente 50,LA MOLINA,AUTO HONDA ACCORD 2014,1,22000.0,22000.0,Vendedor 3
2662,2024-06-10,Cliente 30,SURCO,AUTO HONDA CITY 2016,1,25500.0,25500.0,Vendedor 3
2663,2024-06-10,Cliente 14,SURCO,ACEITE DE MOTOR 5W30 FULL SINTÉTICO,1,157.7,157.7,Vendedor 4
2664,2024-06-10,Cliente 48,SURCO,FILTRO DE COMBUSTIBLE,1,128.8,128.8,Vendedor 3
2665,2024-06-10,Cliente 25,SURCO,AMORTIGUADORES DELANTEROS,1,263.4,263.4,Vendedor 1
2666,2024-06-10,Cliente 4,LA MOLINA,AMORTIGUADORES POSTERIORES,2,76.3,152.6,Vendedor 2
2667,2024-06-10,Cliente 39,LA MOLINA,"LLANTAS 18""",1,73.0,73.0,Vendedor 3
2668,2024-06-10,Cliente 24,SURCO,BATERÍA DE 18 PLACAS,1,103.2,103.2,Vendedor 3
2669,2024-06-11,Cliente 16,SURCO,AUTO HONDA CITY 2016,1,25500.0,25500.0,Vendedor 2
2670,2024-06-11,Cliente 10,LA MOLINA,ACEITE DE MOTOR 5W30 FULL SINTÉTICO,1,157.7,157.7,Vendedor 3
2671,2024-06-11,Cliente 48,LA MOLINA,FILTRO DE COMBUSTIBLE,1,128.8,128.8,Vendedor 3
2672,2024-06-11,Cliente 27,SURCO,AMORTIGUADORES DELANTEROS,3,263.4,790.2,Vendedor 6
2673,2024-06-11,Cliente 19,SURCO,AMORTIGUADORES POSTERIORES,2,76.3,152.6,Vendedor 2
2674,2024-06-11,Cliente 42,LA MOLINA,"LLANTAS 18""",2,73.0,146.0,Vendedor 1
2675,2024-06-11,Cliente 1,SURCO,BATERÍA DE 18 PLACAS,1,103.2,103.2,Vendedor 7
2676,2024-06-12,Cliente 44,SURCO,AUTO HONDA CITY 2016,1,25500.0,25500.0,Vendedor 8
2677,2024-06-12,Cliente 46,LA MOLINA,ACEITE DE MOTOR 5W30 FULL SINTÉTICO,3,157.7,473.1,Vendedor 4
2678,2024-06-12,Cliente 11,LA MOLINA,FILTRO DE COMBUSTIBLE,1,128.8,128.8,Vendedor 5
2679,2024-06-12,Cliente 9,SURCO,AMORTIGUADORES DELANTEROS,1,263.4,263.4,Vendedor 4
2680,2024-06-12,Cliente 15,SURCO,AMORTIGUADORES POSTERIORES,2,76.3,152.6,Vendedor 7
2681,2024-06-12,Cliente 31,LA MOLINA,BATERÍA DE 18 PLACAS,1,103.2,103.2,Vendedor 6
2682,2024-06-13,Cliente 11,LA MOLINA,ACEITE DE MOTOR 5W30 FULL SINTÉTICO,1,157.7,157.7,Vendedor 1
2683,2024-06-13,Cliente 42,LA MOLINA,FILTRO DE COMBUSTIBLE,1,128.8,128.8,Vendedor 7
2684,2024-06-13,Cliente 7,SURCO,AMORTIGUADORES POSTERIORES,2,76.3,152.6,Vendedor 2
2685,2024-06-13,Cliente 16,SURCO,BATERÍA DE 18 PLACAS,2,103.2,206.4,Vendedor 5
2686,2024-06-14,Cliente 5,SURCO,FILTRO DE COMBUSTIBLE,1,128.8,128.8,Vendedor 4
2687,2024-06-14,Cliente 13,LA MOLINA,AMORTIGUADORES POSTERIORES,1,76.3,76.3,Vendedor 9
2688,2024-06-14,Cliente 18,SURCO,BATERÍA DE 18 PLACAS,1,103.2,103.2,Vendedor 2
2689,2024-06-15,Cliente 3,LA MOLINA,FILTRO DE COMBUSTIBLE,1,128.8,128.8,Vendedor 1
2690,2024-06-15,Cliente 1,SURCO,AMORTIGUADORES POSTERIORES,1,76.3,76.3,Vendedor 6
2691,2024-06-15,Cliente 21,SURCO,BATERÍA DE 18 PLACAS,2,103.2,206.4,Vendedor 7
2692,2024-06-16,Cliente 45,SURCO,FILTRO DE COMBUSTIBLE,1,128.8,128.8,Vendedor 2
2693,2024-06-16,Cliente 33,SURCO,AMORTIGUADORES POSTERIORES,2,76.3,152.6,Vendedor 3
2694,2024-06-16,Cliente 38,LA MOLINA,BATERÍA DE 18 PLACAS,2,103.2,206.4,Vendedor 1
2695,2024-06-17,Cliente 10,SURCO,ACEITE DE MOTOR 5W30 FULL SINTÉTICO,3,157.7,473.1,Vendedor 8
2696,2024-06-17,Cliente 41,SURCO,FILTRO DE COMBUSTIBLE,1,128.8,128.8,Vendedor 2
2697,2024-06-17,Cliente 14,SURCO,AMORTIGUADORES DELANTEROS,6,263.4,1580.4,Vendedor 3
2698,2024-06-17,Cliente 29,LA MOLINA,AMORTIGUADORES POSTERIORES,1,76.3,76.3,Vendedor 3
2699,2024-06-17,Cliente 24,LA MOLINA,"LLANTAS 18""",3,73.0,219.0,Vendedor 10
2700,2024-06-17,Cliente 46,SURCO,BATERÍA DE 18 PLACAS,2,103.2,206.4,Vendedor 7
2701,2024-06-18,Cliente 40,SURCO,ACEITE DE MOTOR 5W30 FULL SINTÉTICO,2,157.7,315.4,Vendedor 10
2702,2024-06-18,Cliente 10,SURCO,FILTRO DE COMBUSTIBLE,1,128.8,128.8,Vendedor 10
2703,2024-06-18,Cliente 7,LA MOLINA,AMORTIGUADORES DELANTEROS,6,263.4,1580.4,Vendedor 1
2704,2024-06-18,Cliente 36,LA MOLINA,AMORTIGUADORES POSTERIORES,1,76.3,76.3,Vendedor 2
2705,2024-06-18,Cliente 30,SURCO,"LLANTAS 18""",4,73.0,292.0,Vendedor 6
2706,2024-06-18,Cliente 11,LA MOLINA,BATERÍA DE 18 PLACAS,1,103.2,103.2,Vendedor 2
2707,2024-06-19,Cliente 23,LA MOLINA,ACEITE DE MOTOR 5W30 FULL SINTÉTICO,3,157.7,473.1,Vendedor 2
2708,2024-06-19,Cliente 12,SURCO,FILTRO DE COMBUSTIBLE,1,128.8,128.8,Vendedor 8
2709,2024-06-19,Cliente 17,LA MOLINA,AMORTIGUADORES DELANTEROS,3,263.4,790.2,Vendedor 8
2710,2024-06-19,Cliente 37,SURCO,AMORTIGUADORES POSTERIORES,1,76.3,76.3,Vendedor 8
2711,2024-06-19,Cliente 19,LA MOLINA,"LLANTAS 18""",1,73.0,73.0,Vendedor 7
2712,2024-06-19,Cliente 29,SURCO,BATERÍA DE 18 PLACAS,1,103.2,103.2,Vendedor 6
2713,2024-06-20,Cliente 24,LA MOLINA,ACEITE DE MOTOR 5W30 FULL SINTÉTICO,5,157.7,788.5,Vendedor 2
2714,2024-06-20,Cliente 33,LA MOLINA,FILTRO DE COMBUSTIBLE,1,128.8,128.8,Vendedor 8
2715,2024-06-20,Cliente 40,SURCO,AMORTIGUADORES DELANTEROS,3,263.4,790.2,Vendedor 1
2716,2024-06-20,Cliente 45,SURCO,AMORTIGUADORES POSTERIORES,3,76.3,228.9,Vendedor 9
2717,2024-06-20,Cliente 7,SURCO,"LLANTAS 18""",1,73.0,73.0,Vendedor 5
2718,2024-06-20,Cliente 37,LA MOLINA,BATERÍA DE 18 PLACAS,2,103.2,206.4,Vendedor 7
2719,2024-06-21,Cliente 15,SURCO,ACEITE DE MOTOR 5W30 FULL SINTÉTICO,5,157.7,788.5,Vendedor 7
2720,2024-06-21,Cliente 43,LA MOLINA,FILTRO DE COMBUSTIBLE,1,128.8,128.8,Vendedor 2
2721,2024-06-21,Cliente 30,LA MOLINA,AMORTIGUADORES DELANTEROS,1,263.4,263.4,Vendedor 9
2722,2024-06-21,Cliente 6,SURCO,AMORTIGUADORES POSTERIORES,2,76.3,152.6,Vendedor 3
2723,2024-06-21,Cliente 50,LA MOLINA,"LLANTAS 18""",2,73.0,146.0,Vendedor 7
2724,2024-06-21,Cliente 22,LA MOLINA,BATERÍA DE 18 PLACAS,1,103.2,103.2,Vendedor 2
2725,2024-06-22,Cliente 39,LA MOLINA,ACEITE DE MOTOR 5W30 FULL SINTÉTICO,2,157.7,315.4,Vendedor 8
2726,2024-06-22,Cliente 45,SURCO,FILTRO DE COMBUSTIBLE,1,128.8,128.8,Vendedor 8
2727,2024-06-22,Cliente 30,SURCO,AMORTIGUADORES DELANTEROS,1,263.4,263.4,Vendedor 1
2728,2024-06-22,Cliente 31,SURCO,AMORTIGUADORES POSTERIORES,1,76.3,76.3,Vendedor 3
2729,2024-06-22,Cliente 37,LA MOLINA,"LLANTAS 18""",4,73.0,292.0,Vendedor 1
2730,2024-06-22,Cliente 4,LA MOLINA,BATERÍA DE 18 PLACAS,3,103.2,309.6,Vendedor 6
2731,2024-06-23,Cliente 14,LA MOLINA,FILTRO DE COMBUSTIBLE,1,128.8,128.8,Vendedor 1
2732,2024-06-23,Cliente 18,LA MOLINA,AMORTIGUADORES POSTERIORES,1,76.3,76.3,Vendedor 5
2733,2024-06-23,Cliente 10,SURCO,"LLANTAS 18""",3,73.0,219.0,Vendedor 2
2734,2024-06-23,Cliente 6,LA MOLINA,BATERÍA DE 18 PLACAS,2,103.2,206.4,Vendedor 5
2735,2024-06-24,Cliente 43,LA MOLINA,AMORTIGUADORES POSTERIORES,3,76.3,228.9,Vendedor 5
2736,2024-06-24,Cliente 6,SURCO,"LLANTAS 18""",3,73.0,219.0,Vendedor 7
2737,2024-06-24,Cliente 11,LA MOLINA,BATERÍA DE 18 PLACAS,2,103.2,206.4,Vendedor 4
2738,2024-06-25,Cliente 35,LA MOLINA,AMORTIGUADORES POSTERIORES,2,76.3,152.6,Vendedor 3
2739,2024-06-25,Cliente 23,LA MOLINA,"LLANTAS 18""",10,73.0,730.0,Vendedor 10
2740,2024-06-25,Cliente 36,LA MOLINA,BATERÍA DE 18 PLACAS,2,103.2,206.4,Vendedor 10
2741,2024-06-26,Cliente 43,LA MOLINA,AMORTIGUADORES POSTERIORES,2,76.3,152.6,Vendedor 6
2742,2024-06-26,Cliente 30,SURCO,"LLANTAS 18""",1,73.0,73.0,Vendedor 3
2743,2024-06-27,Cliente 29,SURCO,"LLANTAS 18""",9,73.0,657.0,Vendedor 3
2744,2024-06-28,Cliente 48,SURCO,"LLANTAS 18""",2,73.0,146.0,Vendedor 4
2745,2024-06-29,Cliente 24,SURCO,"LLANTAS 18""",3,73.0,219.0,Vendedor 6
2746,2024-06-30,Cliente 23,LA MOLINA,"LLANTAS 18""",3,73.0,219.0,Vendedor 9
2747,2024-07-01,Cliente 12,SURCO,AUTO HONDA ACCORD 2014,1,22000.0,22000.0,Vendedor 8
2748,2024-07-01,Cliente 24,LA MOLINA,AUTO HONDA CIVIC 2014,1,26000.0,26000.0,Vendedor 3
2749,2024-07-01,Cliente 35,SURCO,AUTO HONDA ODISSEY 2013,1,23000.0,23000.0,Vendedor 7
2750,2024-07-01,Cliente 19,SURCO,AUTO HONDA PILOT 2013,1,28500.0,28500.0,Vendedor 7
2751,2024-07-01,Cliente 45,SURCO,AUTO HONDA FIT 2016,1,33000.0,33000.0,Vendedor 10
2752,2024-07-01,Cliente 7,SURCO,FILTRO DE COMBUSTIBLE,1,107.5,107.5,Vendedor 2
2753,2024-07-02,Cliente 41,SURCO,AUTO HONDA ACCORD 2014,1,22000.0,22000.0,Vendedor 8
2754,2024-07-02,Cliente 43,SURCO,AUTO HONDA CIVIC 2014,1,26000.0,26000.0,Vendedor 5
2755,2024-07-02,Cliente 14,LA MOLINA,AUTO HONDA ODISSEY 2013,1,23000.0,23000.0,Vendedor 4
2756,2024-07-02,Cliente 36,SURCO,AUTO HONDA PILOT 2013,1,28500.0,28500.0,Vendedor 7
2757,2024-07-02,Cliente 13,SURCO,AUTO HONDA FIT 2016,1,33000.0,33000.0,Vendedor 8
2758,2024-07-02,Cliente 30,LA MOLINA,FILTRO DE COMBUSTIBLE,1,107.5,107.5,Vendedor 7
2759,2024-07-03,Cliente 18,LA MOLINA,AUTO HONDA CIVIC 2014,1,26000.0,26000.0,Vendedor 5
2760,2024-07-03,Cliente 27,LA MOLINA,AUTO HONDA ODISSEY 2013,1,23000.0,23000.0,Vendedor 4
2761,2024-07-03,Cliente 3,LA MOLINA,ACEITE DE MOTOR 5W30 FULL SINTÉTICO,1,90.1,90.1,Vendedor 1
2762,2024-07-03,Cliente 10,SURCO,FILTRO DE COMBUSTIBLE,1,107.5,107.5,Vendedor 6
2763,2024-07-03,Cliente 11,LA MOLINA,AMORTIGUADORES DELANTEROS,2,341.7,683.4,Vendedor 10
2764,2024-07-03,Cliente 36,SURCO,AMORTIGUADORES POSTERIORES,2,127.8,255.6,Vendedor 7
2765,2024-07-03,Cliente 4,LA MOLINA,"LLANTAS 18""",2,61.5,123.0,Vendedor 10
2766,2024-07-03,Cliente 41,SURCO,BATERÍA DE 18 PLACAS,2,117.3,234.6,Vendedor 7
2767,2024-07-04,Cliente 26,SURCO,AUTO HONDA CIVIC 2014,1,26000.0,26000.0,Vendedor 6
2768,2024-07-04,Cliente 15,LA MOLINA,ACEITE DE MOTOR 5W30 FULL SINTÉTICO,2,90.1,180.2,Vendedor 2
2769,2024-07-04,Cliente 33,SURCO,FILTRO DE COMBUSTIBLE,1,107.5,107.5,Vendedor 2
2770,2024-07-04,Cliente 36,LA MOLINA,AMORTIGUADORES DELANTEROS,2,341.7,683.4,Vendedor 3
2771,2024-07-04,Cliente 6,SURCO,AMORTIGUADORES POSTERIORES,2,127.8,255.6,Vendedor 2
2772,2024-07-04,Cliente 1,LA MOLINA,"LLANTAS 18""",1,61.5,61.5,Vendedor 10
2773,2024-07-04,Cliente 40,SURCO,BATERÍA DE 18 PLACAS,1,117.3,117.3,Vendedor 9
2774,2024-07-05,Cliente 2,LA MOLINA,ACEITE DE MOTOR 5W30 FULL SINTÉTICO,1,90.1,90.1,Vendedor 3
2775,2024-07-05,Cliente 41,LA MOLINA,FILTRO DE COMBUSTIBLE,1,107.5,107.5,Vendedor 6
2776,2024-07-05,Cliente 42,SURCO,AMORTIGUADORES DELANTEROS,1,341.7,341.7,Vendedor 4
2777,2024-07-05,Cliente 35,SURCO,AMORTIGUADORES POSTERIORES,2,127.8,255.6,Vendedor 4
2778,2024-07-05,Cliente 43,LA MOLINA,"LLANTAS 18""",4,61.5,246.0,Vendedor 1
2779,2024-07-05,Cliente 10,SURCO,BATERÍA DE 18 PLACAS,2,117.3,234.6,Vendedor 1
2780,2024-07-06,Cliente 30,SURCO,ACEITE DE MOTOR 5W30 FULL SINTÉTICO,1,90.1,90.1,Vendedor 10
2781,2024-07-06,Cliente 7,SURCO,FILTRO DE COMBUSTIBLE,1,107.5,107.5,Vendedor 3
2782,2024-07-06,Cliente 12,LA MOLINA,AMORTIGUADORES DELANTEROS,2,341.7,683.4,Vendedor 2
2783,2024-07-06,Cliente 24,LA MOLINA,AMORTIGUADORES POSTERIORES,1,127.8,127.8,Vendedor 4
2784,2024-07-06,Cliente 32,SURCO,"LLANTAS 18""",4,61.5,246.0,Vendedor 1
2785,2024-07-06,Cliente 32,LA MOLINA,BATERÍA DE 18 PLACAS,2,117.3,234.6,Vendedor 2
2786,2024-07-07,Cliente 25,LA MOLINA,ACEITE DE MOTOR 5W30 FULL SINTÉTICO,2,90.1,180.2,Vendedor 6
2787,2024-07-07,Cliente 11,LA MOLINA,FILTRO DE COMBUSTIBLE,1,107.5,107.5,Vendedor 3
2788,2024-07-07,Cliente 12,SURCO,AMORTIGUADORES DELANTEROS,2,341.7,683.4,Vendedor 10
2789,2024-07-07,Cliente 8,SURCO,AMORTIGUADORES POSTERIORES,3,127.8,383.4,Vendedor 6
2790,2024-07-07,Cliente 40,LA MOLINA,"LLANTAS 18""",3,61.5,184.5,Vendedor 10
2791,2024-07-07,Cliente 34,LA MOLINA,BATERÍA DE 18 PLACAS,1,117.3,117.3,Vendedor 5
2792,2024-07-08,Cliente 39,SURCO,ACEITE DE MOTOR 5W30 FULL SINTÉTICO,1,90.1,90.1,Vendedor 1
2793,2024-07-08,Cliente 34,SURCO,FILTRO DE COMBUSTIBLE,1,107.5,107.5,Vendedor 9
2794,2024-07-08,Cliente 24,SURCO,AMORTIGUADORES DELANTEROS,1,341.7,341.7,Vendedor 2
2795,2024-07-08,Cliente 21,SURCO,AMORTIGUADORES POSTERIORES,1,127.8,127.8,Vendedor 3
2796,2024-07-08,Cliente 47,SURCO,"LLANTAS 18""",2,61.5,123.0,Vendedor 3
2797,2024-07-08,Cliente 31,LA MOLINA,BATERÍA DE 18 PLACAS,2,117.3,234.6,Vendedor 4
2798,2024-07-09,Cliente 46,LA MOLINA,ACEITE DE MOTOR 5W30 FULL SINTÉTICO,1,90.1,90.1,Vendedor 9
2799,2024-07-09,Cliente 30,LA MOLINA,FILTRO DE COMBUSTIBLE,1,107.5,107.5,Vendedor 8
2800,2024-07-09,Cliente 13,LA MOLINA,AMORTIGUADORES DELANTEROS,2,341.7,683.4,Vendedor 5
2801,2024-07-09,Cliente 44,LA MOLINA,AMORTIGUADORES POSTERIORES,1,127.8,127.8,Vendedor 5
2802,2024-07-09,Cliente 38,SURCO,"LLANTAS 18""",4,61.5,246.0,Vendedor 10
2803,2024-07-10,Cliente 14,SURCO,AUTO HONDA PILOT 2013,1,28500.0,28500.0,Vendedor 8
2804,2024-07-10,Cliente 29,SURCO,AUTO HONDA FIT 2016,1,33000.0,33000.0,Vendedor 7
2805,2024-07-10,Cliente 21,SURCO,AUTO HONDA CITY 2016,1,23000.0,23000.0,Vendedor 10
2806,2024-07-10,Cliente 28,LA MOLINA,ACEITE DE MOTOR 5W30 FULL SINTÉTICO,1,90.1,90.1,Vendedor 4
2807,2024-07-10,Cliente 41,LA MOLINA,AMORTIGUADORES DELANTEROS,2,341.7,683.4,Vendedor 2
2808,2024-07-10,Cliente 3,LA MOLINA,AMORTIGUADORES POSTERIORES,2,127.8,255.6,Vendedor 9
2809,2024-07-10,Cliente 19,SURCO,"LLANTAS 18""",3,61.5,184.5,Vendedor 10
2810,2024-07-11,Cliente 2,SURCO,AUTO HONDA PILOT 2013,1,28500.0,28500.0,Vendedor 2
2811,2024-07-11,Cliente 21,SURCO,AUTO HONDA FIT 2016,1,33000.0,33000.0,Vendedor 7
2812,2024-07-11,Cliente 23,SURCO,AUTO HONDA CITY 2016,1,23000.0,23000.0,Vendedor 4
2813,2024-07-11,Cliente 43,SURCO,ACEITE DE MOTOR 5W30 FULL SINTÉTICO,1,90.1,90.1,Vendedor 6
2814,2024-07-11,Cliente 50,SURCO,AMORTIGUADORES DELANTEROS,2,341.7,683.4,Vendedor 6
2815,2024-07-11,Cliente 21,LA MOLINA,AMORTIGUADORES POSTERIORES,1,127.8,127.8,Vendedor 1
2816,2024-07-11,Cliente 30,SURCO,"LLANTAS 18""",3,61.5,184.5,Vendedor 10
2817,2024-07-12,Cliente 36,SURCO,AUTO HONDA CITY 2016,1,23000.0,23000.0,Vendedor 2
2818,2024-07-12,Cliente 39,LA MOLINA,ACEITE DE MOTOR 5W30 FULL SINTÉTICO,2,90.1,180.2,Vendedor 4
2819,2024-07-12,Cliente 7,SURCO,AMORTIGUADORES DELANTEROS,3,341.7,1025.1,Vendedor 9
2820,2024-07-12,Cliente 37,LA MOLINA,AMORTIGUADORES POSTERIORES,2,127.8,255.6,Vendedor 7
2821,2024-07-12,Cliente 21,SURCO,"LLANTAS 18""",4,61.5,246.0,Vendedor 4
2822,2024-07-13,Cliente 32,SURCO,AUTO HONDA CITY 2016,1,23000.0,23000.0,Vendedor 8
2823,2024-07-13,Cliente 27,SURCO,ACEITE DE MOTOR 5W30 FULL SINTÉTICO,1,90.1,90.1,Vendedor 2
2824,2024-07-13,Cliente 11,LA MOLINA,AMORTIGUADORES DELANTEROS,1,341.7,341.7,Vendedor 10
2825,2024-07-13,Cliente 16,LA MOLINA,AMORTIGUADORES POSTERIORES,2,127.8,255.6,Vendedor 10
2826,2024-07-13,Cliente 2,SURCO,"LLANTAS 18""",1,61.5,61.5,Vendedor 10
2827,2024-07-14,Cliente 19,SURCO,AUTO HONDA CITY 2016,1,23000.0,23000.0,Vendedor 3
2828,2024-07-14,Cliente 35,SURCO,ACEITE DE MOTOR 5W30 FULL SINTÉTICO,4,90.1,360.4,Vendedor 9
2829,2024-07-14,Cliente 42,LA MOLINA,AMORTIGUADORES DELANTEROS,1,341.7,341.7,Vendedor 1
2830,2024-07-14,Cliente 7,LA MOLINA,AMORTIGUADORES POSTERIORES,1,127.8,127.8,Vendedor 7
2831,2024-07-14,Cliente 21,SURCO,"LLANTAS 18""",3,61.5,184.5,Vendedor 6
2832,2024-07-15,Cliente 40,SURCO,ACEITE DE MOTOR 5W30 FULL SINTÉTICO,2,90.1,180.2,Vendedor 1
2833,2024-07-15,Cliente 45,LA MOLINA,AMORTIGUADORES DELANTEROS,2,341.7,683.4,Vendedor 8
2834,2024-07-15,Cliente 40,SURCO,"LLANTAS 18""",1,61.5,61.5,Vendedor 2
2835,2024-07-16,Cliente 9,SURCO,AMORTIGUADORES DELANTEROS,1,341.7,341.7,Vendedor 2
2836,2024-07-16,Cliente 11,SURCO,"LLANTAS 18""",4,61.5,246.0,Vendedor 2
2837,2024-07-17,Cliente 35,LA MOLINA,ACEITE DE MOTOR 5W30 FULL SINTÉTICO,6,90.1,540.6,Vendedor 1
2838,2024-07-17,Cliente 17,SURCO,AMORTIGUADORES DELANTEROS,3,341.7,1025.1,Vendedor 1
2839,2024-07-17,Cliente 20,SURCO,AMORTIGUADORES POSTERIORES,1,127.8,127.8,Vendedor 2
2840,2024-07-17,Cliente 45,LA MOLINA,"LLANTAS 18""",3,61.5,184.5,Vendedor 10
2841,2024-07-17,Cliente 45,LA MOLINA,BATERÍA DE 18 PLACAS,2,117.3,234.6,Vendedor 3
2842,2024-07-18,Cliente 8,LA MOLINA,ACEITE DE MOTOR 5W30 FULL SINTÉTICO,2,90.1,180.2,Vendedor 3
2843,2024-07-18,Cliente 49,SURCO,AMORTIGUADORES DELANTEROS,2,341.7,683.4,Vendedor 10
2844,2024-07-18,Cliente 43,LA MOLINA,AMORTIGUADORES POSTERIORES,4,127.8,511.2,Vendedor 2
2845,2024-07-18,Cliente 37,SURCO,"LLANTAS 18""",5,61.5,307.5,Vendedor 8
2846,2024-07-18,Cliente 21,LA MOLINA,BATERÍA DE 18 PLACAS,3,117.3,351.9,Vendedor 8
2847,2024-07-19,Cliente 17,SURCO,ACEITE DE MOTOR 5W30 FULL SINTÉTICO,2,90.1,180.2,Vendedor 5
2848,2024-07-19,Cliente 23,SURCO,AMORTIGUADORES DELANTEROS,3,341.7,1025.1,Vendedor 9
2849,2024-07-19,Cliente 45,SURCO,AMORTIGUADORES POSTERIORES,2,127.8,255.6,Vendedor 2
2850,2024-07-19,Cliente 4,LA MOLINA,"LLANTAS 18""",1,61.5,61.5,Vendedor 4
2851,2024-07-19,Cliente 30,SURCO,BATERÍA DE 18 PLACAS,1,117.3,117.3,Vendedor 7
2852,2024-07-20,Cliente 7,LA MOLINA,ACEITE DE MOTOR 5W30 FULL SINTÉTICO,2,90.1,180.2,Vendedor 6
2853,2024-07-20,Cliente 49,LA MOLINA,AMORTIGUADORES DELANTEROS,1,341.7,341.7,Vendedor 5
2854,2024-07-20,Cliente 33,SURCO,AMORTIGUADORES POSTERIORES,4,127.8,511.2,Vendedor 2
2855,2024-07-20,Cliente 24,LA MOLINA,"LLANTAS 18""",2,61.5,123.0,Vendedor 7
2856,2024-07-20,Cliente 50,SURCO,BATERÍA DE 18 PLACAS,4,117.3,469.2,Vendedor 7
2857,2024-07-21,Cliente 18,SURCO,ACEITE DE MOTOR 5W30 FULL SINTÉTICO,2,90.1,180.2,Vendedor 7
2858,2024-07-21,Cliente 37,LA MOLINA,AMORTIGUADORES DELANTEROS,1,341.7,341.7,Vendedor 2
2859,2024-07-21,Cliente 7,LA MOLINA,AMORTIGUADORES POSTERIORES,2,127.8,255.6,Vendedor 2
2860,2024-07-21,Cliente 30,LA MOLINA,"LLANTAS 18""",2,61.5,123.0,Vendedor 3
2861,2024-07-22,Cliente 43,SURCO,ACEITE DE MOTOR 5W30 FULL SINTÉTICO,1,90.1,90.1,Vendedor 9
2862,2024-07-22,Cliente 17,LA MOLINA,AMORTIGUADORES DELANTEROS,4,341.7,1366.8,Vendedor 2
2863,2024-07-22,Cliente 23,SURCO,AMORTIGUADORES POSTERIORES,3,127.8,383.4,Vendedor 7
2864,2024-07-22,Cliente 26,LA MOLINA,"LLANTAS 18""",2,61.5,123.0,Vendedor 9
2865,2024-07-23,Cliente 29,SURCO,ACEITE DE MOTOR 5W30 FULL SINTÉTICO,6,90.1,540.6,Vendedor 5
2866,2024-07-23,Cliente 4,SURCO,AMORTIGUADORES DELANTEROS,1,341.7,341.7,Vendedor 7
2867,2024-07-23,Cliente 13,LA MOLINA,AMORTIGUADORES POSTERIORES,4,127.8,511.2,Vendedor 5
2868,2024-07-23,Cliente 12,LA MOLINA,"LLANTAS 18""",4,61.5,246.0,Vendedor 10
2869,2024-07-24,Cliente 34,SURCO,ACEITE DE MOTOR 5W30 FULL SINTÉTICO,9,90.1,810.9,Vendedor 7
2870,2024-07-24,Cliente 42,LA MOLINA,AMORTIGUADORES DELANTEROS,1,341.7,341.7,Vendedor 4
2871,2024-07-24,Cliente 4,LA MOLINA,"LLANTAS 18""",4,61.5,246.0,Vendedor 1
2872,2024-07-25,Cliente 5,SURCO,ACEITE DE MOTOR 5W30 FULL SINTÉTICO,5,90.1,450.5,Vendedor 9
2873,2024-07-25,Cliente 15,LA MOLINA,AMORTIGUADORES DELANTEROS,1,341.7,341.7,Vendedor 10
2874,2024-07-25,Cliente 26,LA MOLINA,"LLANTAS 18""",7,61.5,430.5,Vendedor 2
2875,2024-07-26,Cliente 14,SURCO,ACEITE DE MOTOR 5W30 FULL SINTÉTICO,5,90.1,450.5,Vendedor 3
2876,2024-07-26,Cliente 41,LA MOLINA,AMORTIGUADORES DELANTEROS,2,341.7,683.4,Vendedor 5
2877,2024-07-26,Cliente 12,LA MOLINA,"LLANTAS 18""",1,61.5,61.5,Vendedor 9
2878,2024-07-27,Cliente 11,SURCO,ACEITE DE MOTOR 5W30 FULL SINTÉTICO,4,90.1,360.4,Vendedor 6
2879,2024-07-27,Cliente 11,LA MOLINA,AMORTIGUADORES DELANTEROS,6,341.7,2050.2,Vendedor 3
2880,2024-07-28,Cliente 28,LA MOLINA,AMORTIGUADORES DELANTEROS,6,341.7,2050.2,Vendedor 6
2881,2024-07-29,Cliente 39,LA MOLINA,AMORTIGUADORES DELANTEROS,1,341.7,341.7,Vendedor 6
2882,2024-08-01,Cliente 35,LA MOLINA,AUTO HONDA ACCORD 2014,1,20500.0,20500.0,Vendedor 5
2883,2024-08-01,Cliente 17,LA MOLINA,AUTO HONDA CIVIC 2014,1,25500.0,25500.0,Vendedor 6
2884,2024-08-01,Cliente 1,LA MOLINA,AUTO HONDA ODISSEY 2013,1,19500.0,19500.0,Vendedor 6
2885,2024-08-01,Cliente 46,LA MOLINA,AUTO HONDA CRV 2014,1,28000.0,28000.0,Vendedor 6
2886,2024-08-01,Cliente 8,SURCO,AUTO HONDA FIT 2016,1,28000.0,28000.0,Vendedor 5
2887,2024-08-01,Cliente 10,SURCO,FILTRO DE COMBUSTIBLE,1,127.7,127.7,Vendedor 7
2888,2024-08-02,Cliente 2,LA MOLINA,AUTO HONDA ACCORD 2014,1,20500.0,20500.0,Vendedor 4
2889,2024-08-02,Cliente 24,LA MOLINA,AUTO HONDA CIVIC 2014,1,25500.0,25500.0,Vendedor 4
2890,2024-08-02,Cliente 13,SURCO,AUTO HONDA ODISSEY 2013,1,19500.0,19500.0,Vendedor 7
2891,2024-08-02,Cliente 18,SURCO,AUTO HONDA CRV 2014,1,28000.0,28000.0,Vendedor 9
2892,2024-08-02,Cliente 17,SURCO,FILTRO DE COMBUSTIBLE,1,127.7,127.7,Vendedor 6
2893,2024-08-03,Cliente 20,LA MOLINA,AUTO HONDA ACCORD 2014,1,20500.0,20500.0,Vendedor 4
2894,2024-08-03,Cliente 38,SURCO,AUTO HONDA ODISSEY 2013,1,19500.0,19500.0,Vendedor 9
2895,2024-08-03,Cliente 40,LA MOLINA,ACEITE DE MOTOR 5W30 FULL SINTÉTICO,3,109.2,327.6,Vendedor 2
2896,2024-08-03,Cliente 30,LA MOLINA,FILTRO DE COMBUSTIBLE,1,127.7,127.7,Vendedor 10
2897,2024-08-03,Cliente 8,LA MOLINA,AMORTIGUADORES DELANTEROS,2,261.5,523.0,Vendedor 1
2898,2024-08-03,Cliente 30,SURCO,AMORTIGUADORES POSTERIORES,4,82.0,328.0,Vendedor 3
2899,2024-08-03,Cliente 20,SURCO,"LLANTAS 18""",2,79.0,158.0,Vendedor 8
2900,2024-08-03,Cliente 5,LA MOLINA,BATERÍA DE 18 PLACAS,1,107.8,107.8,Vendedor 5
2901,2024-08-04,Cliente 30,SURCO,AUTO HONDA ODISSEY 2013,1,19500.0,19500.0,Vendedor 1
2902,2024-08-04,Cliente 38,LA MOLINA,ACEITE DE MOTOR 5W30 FULL SINTÉTICO,1,109.2,109.2,Vendedor 2
2903,2024-08-04,Cliente 32,SURCO,FILTRO DE COMBUSTIBLE,1,127.7,127.7,Vendedor 5
2904,2024-08-04,Cliente 23,LA MOLINA,AMORTIGUADORES DELANTEROS,1,261.5,261.5,Vendedor 1
2905,2024-08-04,Cliente 9,LA MOLINA,AMORTIGUADORES POSTERIORES,1,82.0,82.0,Vendedor 6
2906,2024-08-04,Cliente 6,SURCO,"LLANTAS 18""",2,79.0,158.0,Vendedor 5
2907,2024-08-04,Cliente 47,SURCO,BATERÍA DE 18 PLACAS,1,107.8,107.8,Vendedor 4
2908,2024-08-05,Cliente 19,SURCO,ACEITE DE MOTOR 5W30 FULL SINTÉTICO,2,109.2,218.4,Vendedor 4
2909,2024-08-05,Cliente 31,SURCO,FILTRO DE COMBUSTIBLE,1,127.7,127.7,Vendedor 6
2910,2024-08-05,Cliente 28,LA MOLINA,AMORTIGUADORES DELANTEROS,1,261.5,261.5,Vendedor 7
2911,2024-08-05,Cliente 20,LA MOLINA,AMORTIGUADORES POSTERIORES,1,82.0,82.0,Vendedor 10
2912,2024-08-05,Cliente 37,SURCO,"LLANTAS 18""",2,79.0,158.0,Vendedor 7
2913,2024-08-05,Cliente 38,LA MOLINA,BATERÍA DE 18 PLACAS,1,107.8,107.8,Vendedor 3
2914,2024-08-06,Cliente 17,SURCO,ACEITE DE MOTOR 5W30 FULL SINTÉTICO,3,109.2,327.6,Vendedor 3
2915,2024-08-06,Cliente 36,LA MOLINA,FILTRO DE COMBUSTIBLE,1,127.7,127.7,Vendedor 4
2916,2024-08-06,Cliente 6,LA MOLINA,AMORTIGUADORES DELANTEROS,2,261.5,523.0,Vendedor 5
2917,2024-08-06,Cliente 25,SURCO,AMORTIGUADORES POSTERIORES,4,82.0,328.0,Vendedor 7
2918,2024-08-06,Cliente 34,SURCO,"LLANTAS 18""",1,79.0,79.0,Vendedor 8
2919,2024-08-06,Cliente 33,LA MOLINA,BATERÍA DE 18 PLACAS,1,107.8,107.8,Vendedor 6
2920,2024-08-07,Cliente 28,LA MOLINA,ACEITE DE MOTOR 5W30 FULL SINTÉTICO,2,109.2,218.4,Vendedor 8
2921,2024-08-07,Cliente 30,LA MOLINA,AMORTIGUADORES DELANTEROS,2,261.5,523.0,Vendedor 1
2922,2024-08-07,Cliente 6,LA MOLINA,AMORTIGUADORES POSTERIORES,1,82.0,82.0,Vendedor 3
2923,2024-08-07,Cliente 16,LA MOLINA,"LLANTAS 18""",3,79.0,237.0,Vendedor 10
2924,2024-08-07,Cliente 9,LA MOLINA,BATERÍA DE 18 PLACAS,1,107.8,107.8,Vendedor 10
2925,2024-08-08,Cliente 4,LA MOLINA,ACEITE DE MOTOR 5W30 FULL SINTÉTICO,3,109.2,327.6,Vendedor 7
2926,2024-08-08,Cliente 43,LA MOLINA,AMORTIGUADORES DELANTEROS,1,261.5,261.5,Vendedor 1
2927,2024-08-08,Cliente 4,LA MOLINA,AMORTIGUADORES POSTERIORES,4,82.0,328.0,Vendedor 2
2928,2024-08-08,Cliente 42,LA MOLINA,"LLANTAS 18""",1,79.0,79.0,Vendedor 2
2929,2024-08-08,Cliente 39,LA MOLINA,BATERÍA DE 18 PLACAS,1,107.8,107.8,Vendedor 2
2930,2024-08-09,Cliente 37,SURCO,AUTO HONDA FIT 2016,1,28000.0,28000.0,Vendedor 8
2931,2024-08-09,Cliente 4,SURCO,AUTO HONDA CITY 2016,1,23000.0,23000.0,Vendedor 2
2932,2024-08-09,Cliente 45,SURCO,ACEITE DE MOTOR 5W30 FULL SINTÉTICO,3,109.2,327.6,Vendedor 4
2933,2024-08-09,Cliente 36,SURCO,AMORTIGUADORES DELANTEROS,3,261.5,784.5,Vendedor 8
2934,2024-08-09,Cliente 44,SURCO,AMORTIGUADORES POSTERIORES,2,82.0,164.0,Vendedor 3
2935,2024-08-09,Cliente 47,LA MOLINA,"LLANTAS 18""",2,79.0,158.0,Vendedor 1
2936,2024-08-09,Cliente 40,LA MOLINA,BATERÍA DE 18 PLACAS,1,107.8,107.8,Vendedor 4
2937,2024-08-10,Cliente 5,SURCO,AUTO HONDA FIT 2016,1,28000.0,28000.0,Vendedor 1
2938,2024-08-10,Cliente 39,SURCO,AUTO HONDA CITY 2016,1,23000.0,23000.0,Vendedor 2
2939,2024-08-10,Cliente 16,SURCO,ACEITE DE MOTOR 5W30 FULL SINTÉTICO,2,109.2,218.4,Vendedor 4
2940,2024-08-10,Cliente 2,LA MOLINA,AMORTIGUADORES DELANTEROS,1,261.5,261.5,Vendedor 9
2941,2024-08-10,Cliente 4,LA MOLINA,AMORTIGUADORES POSTERIORES,3,82.0,246.0,Vendedor 2
2942,2024-08-10,Cliente 31,LA MOLINA,"LLANTAS 18""",2,79.0,158.0,Vendedor 3
2943,2024-08-10,Cliente 35,SURCO,BATERÍA DE 18 PLACAS,1,107.8,107.8,Vendedor 5
2944,2024-08-11,Cliente 43,SURCO,AUTO HONDA FIT 2016,1,28000.0,28000.0,Vendedor 10
2945,2024-08-11,Cliente 28,SURCO,AUTO HONDA CITY 2016,1,23000.0,23000.0,Vendedor 3
2946,2024-08-11,Cliente 12,LA MOLINA,ACEITE DE MOTOR 5W30 FULL SINTÉTICO,1,109.2,109.2,Vendedor 3
2947,2024-08-11,Cliente 11,SURCO,AMORTIGUADORES DELANTEROS,3,261.5,784.5,Vendedor 9
2948,2024-08-11,Cliente 31,SURCO,AMORTIGUADORES POSTERIORES,5,82.0,410.0,Vendedor 8
2949,2024-08-11,Cliente 43,LA MOLINA,"LLANTAS 18""",2,79.0,158.0,Vendedor 2
2950,2024-08-11,Cliente 24,LA MOLINA,BATERÍA DE 18 PLACAS,1,107.8,107.8,Vendedor 5
2951,2024-08-12,Cliente 25,SURCO,AUTO HONDA FIT 2016,1,28000.0,28000.0,Vendedor 2
2952,2024-08-12,Cliente 27,SURCO,AUTO HONDA CITY 2016,1,23000.0,23000.0,Vendedor 7
2953,2024-08-12,Cliente 30,SURCO,AMORTIGUADORES DELANTEROS,1,261.5,261.5,Vendedor 2
2954,2024-08-12,Cliente 1,SURCO,AMORTIGUADORES POSTERIORES,5,82.0,410.0,Vendedor 10
2955,2024-08-12,Cliente 42,SURCO,"LLANTAS 18""",2,79.0,158.0,Vendedor 10
2956,2024-08-12,Cliente 3,LA MOLINA,BATERÍA DE 18 PLACAS,1,107.8,107.8,Vendedor 6
2957,2024-08-13,Cliente 30,SURCO,AUTO HONDA CITY 2016,1,23000.0,23000.0,Vendedor 8
2958,2024-08-13,Cliente 23,SURCO,AMORTIGUADORES DELANTEROS,1,261.5,261.5,Vendedor 9
2959,2024-08-13,Cliente 23,SURCO,AMORTIGUADORES POSTERIORES,5,82.0,410.0,Vendedor 9
2960,2024-08-13,Cliente 12,SURCO,"LLANTAS 18""",1,79.0,79.0,Vendedor 3
2961,2024-08-13,Cliente 42,LA MOLINA,BATERÍA DE 18 PLACAS,1,107.8,107.8,Vendedor 10
2962,2024-08-14,Cliente 18,SURCO,AMORTIGUADORES DELANTEROS,2,261.5,523.0,Vendedor 5
2963,2024-08-14,Cliente 42,SURCO,AMORTIGUADORES POSTERIORES,4,82.0,328.0,Vendedor 8
2964,2024-08-14,Cliente 39,LA MOLINA,BATERÍA DE 18 PLACAS,1,107.8,107.8,Vendedor 3
2965,2024-08-15,Cliente 38,SURCO,AMORTIGUADORES POSTERIORES,3,82.0,246.0,Vendedor 10
2966,2024-08-15,Cliente 3,SURCO,BATERÍA DE 18 PLACAS,1,107.8,107.8,Vendedor 1
2967,2024-08-16,Cliente 32,SURCO,AMORTIGUADORES POSTERIORES,1,82.0,82.0,Vendedor 8
2968,2024-08-16,Cliente 50,SURCO,BATERÍA DE 18 PLACAS,1,107.8,107.8,Vendedor 4
2969,2024-08-17,Cliente 47,SURCO,ACEITE DE MOTOR 5W30 FULL SINTÉTICO,1,109.2,109.2,Vendedor 7
2970,2024-08-17,Cliente 4,SURCO,AMORTIGUADORES DELANTEROS,4,261.5,1046.0,Vendedor 10
2971,2024-08-17,Cliente 3,SURCO,AMORTIGUADORES POSTERIORES,3,82.0,246.0,Vendedor 2
2972,2024-08-17,Cliente 39,LA MOLINA,"LLANTAS 18""",4,79.0,316.0,Vendedor 1
2973,2024-08-17,Cliente 21,SURCO,BATERÍA DE 18 PLACAS,1,107.8,107.8,Vendedor 2
2974,2024-08-18,Cliente 9,LA MOLINA,ACEITE DE MOTOR 5W30 FULL SINTÉTICO,4,109.2,436.8,Vendedor 10
2975,2024-08-18,Cliente 13,SURCO,AMORTIGUADORES DELANTEROS,5,261.5,1307.5,Vendedor 5
2976,2024-08-18,Cliente 44,LA MOLINA,AMORTIGUADORES POSTERIORES,4,82.0,328.0,Vendedor 5
2977,2024-08-18,Cliente 48,SURCO,"LLANTAS 18""",2,79.0,158.0,Vendedor 3
2978,2024-08-18,Cliente 34,LA MOLINA,BATERÍA DE 18 PLACAS,1,107.8,107.8,Vendedor 4
2979,2024-08-19,Cliente 41,SURCO,ACEITE DE MOTOR 5W30 FULL SINTÉTICO,1,109.2,109.2,Vendedor 2
2980,2024-08-19,Cliente 9,SURCO,AMORTIGUADORES DELANTEROS,1,261.5,261.5,Vendedor 1
2981,2024-08-19,Cliente 37,LA MOLINA,AMORTIGUADORES POSTERIORES,3,82.0,246.0,Vendedor 9
2982,2024-08-19,Cliente 12,LA MOLINA,"LLANTAS 18""",1,79.0,79.0,Vendedor 9
2983,2024-08-19,Cliente 14,SURCO,BATERÍA DE 18 PLACAS,2,107.8,215.6,Vendedor 10
2984,2024-08-20,Cliente 23,LA MOLINA,ACEITE DE MOTOR 5W30 FULL SINTÉTICO,4,109.2,436.8,Vendedor 10
2985,2024-08-20,Cliente 5,LA MOLINA,AMORTIGUADORES DELANTEROS,5,261.5,1307.5,Vendedor 8
2986,2024-08-20,Cliente 5,LA MOLINA,AMORTIGUADORES POSTERIORES,3,82.0,246.0,Vendedor 10
2987,2024-08-20,Cliente 34,SURCO,"LLANTAS 18""",1,79.0,79.0,Vendedor 5
2988,2024-08-20,Cliente 32,LA MOLINA,BATERÍA DE 18 PLACAS,1,107.8,107.8,Vendedor 4
2989,2024-08-21,Cliente 2,LA MOLINA,ACEITE DE MOTOR 5W30 FULL SINTÉTICO,1,109.2,109.2,Vendedor 4
2990,2024-08-21,Cliente 25,LA MOLINA,AMORTIGUADORES DELANTEROS,3,261.5,784.5,Vendedor 6
2991,2024-08-21,Cliente 19,SURCO,AMORTIGUADORES POSTERIORES,1,82.0,82.0,Vendedor 2
2992,2024-08-21,Cliente 34,SURCO,"LLANTAS 18""",5,79.0,395.0,Vendedor 10
2993,2024-08-21,Cliente 40,LA MOLINA,BATERÍA DE 18 PLACAS,2,107.8,215.6,Vendedor 1
2994,2024-08-22,Cliente 38,SURCO,ACEITE DE MOTOR 5W30 FULL SINTÉTICO,5,109.2,546.0,Vendedor 8
2995,2024-08-22,Cliente 3,LA MOLINA,AMORTIGUADORES DELANTEROS,2,261.5,523.0,Vendedor 6
2996,2024-08-22,Cliente 13,SURCO,AMORTIGUADORES POSTERIORES,2,82.0,164.0,Vendedor 6
2997,2024-08-22,Cliente 14,SURCO,"LLANTAS 18""",1,79.0,79.0,Vendedor 9
2998,2024-08-22,Cliente 16,LA MOLINA,BATERÍA DE 18 PLACAS,2,107.8,215.6,Vendedor 8
2999,2024-08-23,Cliente 23,SURCO,ACEITE DE MOTOR 5W30 FULL SINTÉTICO,1,109.2,109.2,Vendedor 2
3000,2024-08-23,Cliente 9,LA MOLINA,"LLANTAS 18""",5,79.0,395.0,Vendedor 5
3001,2024-08-23,Cliente 3,LA MOLINA,BATERÍA DE 18 PLACAS,1,107.8,107.8,Vendedor 8
3002,2024-08-24,Cliente 28,LA MOLINA,ACEITE DE MOTOR 5W30 FULL SINTÉTICO,1,109.2,109.2,Vendedor 8
3003,2024-08-24,Cliente 2,SURCO,"LLANTAS 18""",1,79.0,79.0,Vendedor 4
3004,2024-08-24,Cliente 36,LA MOLINA,BATERÍA DE 18 PLACAS,2,107.8,215.6,Vendedor 8
3005,2024-08-25,Cliente 50,SURCO,ACEITE DE MOTOR 5W30 FULL SINTÉTICO,1,109.2,109.2,Vendedor 7
3006,2024-08-25,Cliente 36,SURCO,"LLANTAS 18""",4,79.0,316.0,Vendedor 3
3007,2024-08-25,Cliente 8,LA MOLINA,BATERÍA DE 18 PLACAS,1,107.8,107.8,Vendedor 10
3008,2024-08-26,Cliente 13,SURCO,ACEITE DE MOTOR 5W30 FULL SINTÉTICO,1,109.2,109.2,Vendedor 6
3009,2024-08-26,Cliente 6,SURCO,"LLANTAS 18""",2,79.0,158.0,Vendedor 10
3010,2024-08-26,Cliente 27,LA MOLINA,BATERÍA DE 18 PLACAS,1,107.8,107.8,Vendedor 9
3011,2024-08-27,Cliente 4,SURCO,"LLANTAS 18""",1,79.0,79.0,Vendedor 2
3012,2024-08-27,Cliente 29,LA MOLINA,BATERÍA DE 18 PLACAS,1,107.8,107.8,Vendedor 3
3013,2024-08-28,Cliente 19,SURCO,"LLANTAS 18""",6,79.0,474.0,Vendedor 3
3014,2024-08-28,Cliente 31,LA MOLINA,BATERÍA DE 18 PLACAS,3,107.8,323.4,Vendedor 2
3015,2024-08-29,Cliente 32,SURCO,"LLANTAS 18""",9,79.0,711.0,Vendedor 6
3016,2024-08-29,Cliente 46,LA MOLINA,BATERÍA DE 18 PLACAS,1,107.8,107.8,Vendedor 5
3017,2024-08-30,Cliente 21,SURCO,"LLANTAS 18""",8,79.0,632.0,Vendedor 9
3018,2024-08-30,Cliente 23,LA MOLINA,BATERÍA DE 18 PLACAS,1,107.8,107.8,Vendedor 7
3019,2024-08-31,Cliente 8,LA MOLINA,BATERÍA DE 18 PLACAS,5,107.8,539.0,Vendedor 6
3020,2024-09-01,Cliente 16,SURCO,AUTO HONDA ACCORD 2014,1,20500.0,20500.0,Vendedor 8
3021,2024-09-01,Cliente 8,LA MOLINA,AUTO HONDA CIVIC 2014,1,24500.0,24500.0,Vendedor 1
3022,2024-09-01,Cliente 3,LA MOLINA,AUTO HONDA CRV 2014,1,26000.0,26000.0,Vendedor 5
3023,2024-09-01,Cliente 38,SURCO,AUTO HONDA PILOT 2013,1,25000.0,25000.0,Vendedor 7
3024,2024-09-01,Cliente 4,SURCO,FILTRO DE COMBUSTIBLE,1,119.2,119.2,Vendedor 5
3025,2024-09-01,Cliente 29,LA MOLINA,BATERÍA DE 18 PLACAS,2,101.1,202.2,Vendedor 1
3026,2024-09-02,Cliente 14,SURCO,AUTO HONDA ACCORD 2014,1,20500.0,20500.0,Vendedor 7
3027,2024-09-02,Cliente 43,SURCO,AUTO HONDA CIVIC 2014,1,24500.0,24500.0,Vendedor 7
3028,2024-09-02,Cliente 43,SURCO,AUTO HONDA CRV 2014,1,26000.0,26000.0,Vendedor 5
3029,2024-09-02,Cliente 35,SURCO,AUTO HONDA PILOT 2013,1,25000.0,25000.0,Vendedor 6
3030,2024-09-02,Cliente 17,LA MOLINA,FILTRO DE COMBUSTIBLE,1,119.2,119.2,Vendedor 10
3031,2024-09-02,Cliente 47,LA MOLINA,BATERÍA DE 18 PLACAS,2,101.1,202.2,Vendedor 1
3032,2024-09-03,Cliente 36,SURCO,AUTO HONDA ACCORD 2014,1,20500.0,20500.0,Vendedor 7
3033,2024-09-03,Cliente 35,LA MOLINA,AUTO HONDA CIVIC 2014,1,24500.0,24500.0,Vendedor 8
3034,2024-09-03,Cliente 37,LA MOLINA,AUTO HONDA CRV 2014,1,26000.0,26000.0,Vendedor 10
3035,2024-09-03,Cliente 11,SURCO,AUTO HONDA PILOT 2013,1,25000.0,25000.0,Vendedor 7
3036,2024-09-03,Cliente 9,SURCO,ACEITE DE MOTOR 5W30 FULL SINTÉTICO,2,126.6,253.2,Vendedor 1
3037,2024-09-03,Cliente 44,LA MOLINA,FILTRO DE COMBUSTIBLE,1,119.2,119.2,Vendedor 5
3038,2024-09-03,Cliente 50,SURCO,AMORTIGUADORES DELANTEROS,1,241.0,241.0,Vendedor 9
3039,2024-09-03,Cliente 37,LA MOLINA,AMORTIGUADORES POSTERIORES,3,128.3,384.9,Vendedor 7
3040,2024-09-03,Cliente 24,LA MOLINA,"LLANTAS 18""",1,76.5,76.5,Vendedor 5
3041,2024-09-03,Cliente 8,SURCO,BATERÍA DE 18 PLACAS,2,101.1,202.2,Vendedor 5
3042,2024-09-04,Cliente 17,LA MOLINA,AUTO HONDA ACCORD 2014,1,20500.0,20500.0,Vendedor 3
3043,2024-09-04,Cliente 30,LA MOLINA,AUTO HONDA CIVIC 2014,1,24500.0,24500.0,Vendedor 1
3044,2024-09-04,Cliente 1,SURCO,AUTO HONDA PILOT 2013,1,25000.0,25000.0,Vendedor 8
3045,2024-09-04,Cliente 31,LA MOLINA,ACEITE DE MOTOR 5W30 FULL SINTÉTICO,1,126.6,126.6,Vendedor 9
3046,2024-09-04,Cliente 27,SURCO,FILTRO DE COMBUSTIBLE,1,119.2,119.2,Vendedor 1
3047,2024-09-04,Cliente 40,LA MOLINA,AMORTIGUADORES DELANTEROS,1,241.0,241.0,Vendedor 9
3048,2024-09-04,Cliente 29,SURCO,AMORTIGUADORES POSTERIORES,3,128.3,384.9,Vendedor 3
3049,2024-09-04,Cliente 17,LA MOLINA,"LLANTAS 18""",2,76.5,153.0,Vendedor 8
3050,2024-09-04,Cliente 41,SURCO,BATERÍA DE 18 PLACAS,1,101.1,101.1,Vendedor 3
3051,2024-09-05,Cliente 40,SURCO,AUTO HONDA ACCORD 2014,1,20500.0,20500.0,Vendedor 1
3052,2024-09-05,Cliente 8,SURCO,AUTO HONDA PILOT 2013,1,25000.0,25000.0,Vendedor 1
3053,2024-09-05,Cliente 38,LA MOLINA,ACEITE DE MOTOR 5W30 FULL SINTÉTICO,1,126.6,126.6,Vendedor 6
3054,2024-09-05,Cliente 36,SURCO,FILTRO DE COMBUSTIBLE,1,119.2,119.2,Vendedor 4
3055,2024-09-05,Cliente 17,LA MOLINA,AMORTIGUADORES DELANTEROS,1,241.0,241.0,Vendedor 1
3056,2024-09-05,Cliente 39,SURCO,AMORTIGUADORES POSTERIORES,3,128.3,384.9,Vendedor 4
3057,2024-09-05,Cliente 5,SURCO,"LLANTAS 18""",2,76.5,153.0,Vendedor 9
3058,2024-09-05,Cliente 33,SURCO,BATERÍA DE 18 PLACAS,2,101.1,202.2,Vendedor 2
3059,2024-09-06,Cliente 14,SURCO,AUTO HONDA ACCORD 2014,1,20500.0,20500.0,Vendedor 6
3060,2024-09-06,Cliente 44,LA MOLINA,ACEITE DE MOTOR 5W30 FULL SINTÉTICO,3,126.6,379.8,Vendedor 7
3061,2024-09-06,Cliente 42,SURCO,FILTRO DE COMBUSTIBLE,1,119.2,119.2,Vendedor 7
3062,2024-09-06,Cliente 2,SURCO,AMORTIGUADORES DELANTEROS,2,241.0,482.0,Vendedor 6
3063,2024-09-06,Cliente 22,LA MOLINA,AMORTIGUADORES POSTERIORES,5,128.3,641.5,Vendedor 7
3064,2024-09-06,Cliente 31,LA MOLINA,"LLANTAS 18""",3,76.5,229.5,Vendedor 5
3065,2024-09-06,Cliente 24,SURCO,BATERÍA DE 18 PLACAS,1,101.1,101.1,Vendedor 1
3066,2024-09-07,Cliente 10,LA MOLINA,AUTO HONDA ACCORD 2014,1,20500.0,20500.0,Vendedor 10
3067,2024-09-07,Cliente 39,SURCO,ACEITE DE MOTOR 5W30 FULL SINTÉTICO,1,126.6,126.6,Vendedor 4
3068,2024-09-07,Cliente 33,LA MOLINA,FILTRO DE COMBUSTIBLE,1,119.2,119.2,Vendedor 9
3069,2024-09-07,Cliente 14,LA MOLINA,AMORTIGUADORES DELANTEROS,3,241.0,723.0,Vendedor 7
3070,2024-09-07,Cliente 43,SURCO,AMORTIGUADORES POSTERIORES,4,128.3,513.2,Vendedor 3
3071,2024-09-07,Cliente 5,SURCO,"LLANTAS 18""",2,76.5,153.0,Vendedor 4
3072,2024-09-07,Cliente 34,SURCO,BATERÍA DE 18 PLACAS,2,101.1,202.2,Vendedor 1
3073,2024-09-08,Cliente 43,LA MOLINA,ACEITE DE MOTOR 5W30 FULL SINTÉTICO,3,126.6,379.8,Vendedor 9
3074,2024-09-08,Cliente 21,LA MOLINA,FILTRO DE COMBUSTIBLE,1,119.2,119.2,Vendedor 5
3075,2024-09-08,Cliente 16,LA MOLINA,AMORTIGUADORES DELANTEROS,1,241.0,241.0,Vendedor 6
3076,2024-09-08,Cliente 15,LA MOLINA,AMORTIGUADORES POSTERIORES,2,128.3,256.6,Vendedor 8
3077,2024-09-08,Cliente 45,SURCO,"LLANTAS 18""",2,76.5,153.0,Vendedor 4
3078,2024-09-08,Cliente 24,LA MOLINA,BATERÍA DE 18 PLACAS,2,101.1,202.2,Vendedor 2
3079,2024-09-09,Cliente 36,SURCO,AUTO HONDA FIT 2016,1,28000.0,28000.0,Vendedor 9
3080,2024-09-09,Cliente 24,SURCO,AUTO HONDA CITY 2016,1,28500.0,28500.0,Vendedor 8
3081,2024-09-09,Cliente 29,SURCO,ACEITE DE MOTOR 5W30 FULL SINTÉTICO,3,126.6,379.8,Vendedor 7
3082,2024-09-09,Cliente 35,SURCO,AMORTIGUADORES DELANTEROS,1,241.0,241.0,Vendedor 4
3083,2024-09-09,Cliente 39,SURCO,"LLANTAS 18""",3,76.5,229.5,Vendedor 5
3084,2024-09-09,Cliente 21,LA MOLINA,BATERÍA DE 18 PLACAS,2,101.1,202.2,Vendedor 2
3085,2024-09-10,Cliente 27,SURCO,AUTO HONDA FIT 2016,1,28000.0,28000.0,Vendedor 7
3086,2024-09-10,Cliente 37,SURCO,AUTO HONDA CITY 2016,1,28500.0,28500.0,Vendedor 8
3087,2024-09-10,Cliente 12,SURCO,ACEITE DE MOTOR 5W30 FULL SINTÉTICO,3,126.6,379.8,Vendedor 8
3088,2024-09-10,Cliente 8,SURCO,AMORTIGUADORES DELANTEROS,1,241.0,241.0,Vendedor 7
3089,2024-09-10,Cliente 48,LA MOLINA,"LLANTAS 18""",3,76.5,229.5,Vendedor 2
3090,2024-09-10,Cliente 28,SURCO,BATERÍA DE 18 PLACAS,1,101.1,101.1,Vendedor 1
3091,2024-09-11,Cliente 5,SURCO,AUTO HONDA FIT 2016,1,28000.0,28000.0,Vendedor 3
3092,2024-09-11,Cliente 28,LA MOLINA,ACEITE DE MOTOR 5W30 FULL SINTÉTICO,2,126.6,253.2,Vendedor 6
3093,2024-09-11,Cliente 45,LA MOLINA,AMORTIGUADORES DELANTEROS,1,241.0,241.0,Vendedor 9
3094,2024-09-11,Cliente 8,LA MOLINA,"LLANTAS 18""",1,76.5,76.5,Vendedor 6
3095,2024-09-11,Cliente 47,SURCO,BATERÍA DE 18 PLACAS,2,101.1,202.2,Vendedor 1
3096,2024-09-12,Cliente 48,SURCO,AUTO HONDA FIT 2016,1,28000.0,28000.0,Vendedor 6
3097,2024-09-12,Cliente 41,SURCO,ACEITE DE MOTOR 5W30 FULL SINTÉTICO,1,126.6,126.6,Vendedor 8
3098,2024-09-12,Cliente 19,LA MOLINA,AMORTIGUADORES DELANTEROS,3,241.0,723.0,Vendedor 8
3099,2024-09-12,Cliente 47,SURCO,"LLANTAS 18""",1,76.5,76.5,Vendedor 10
3100,2024-09-12,Cliente 1,SURCO,BATERÍA DE 18 PLACAS,1,101.1,101.1,Vendedor 10
3101,2024-09-13,Cliente 25,SURCO,AMORTIGUADORES DELANTEROS,2,241.0,482.0,Vendedor 6
3102,2024-09-13,Cliente 15,SURCO,BATERÍA DE 18 PLACAS,2,101.1,202.2,Vendedor 5
3103,2024-09-14,Cliente 37,SURCO,AMORTIGUADORES DELANTEROS,2,241.0,482.0,Vendedor 9
3104,2024-09-14,Cliente 25,LA MOLINA,BATERÍA DE 18 PLACAS,2,101.1,202.2,Vendedor 6
3105,2024-09-15,Cliente 28,SURCO,AMORTIGUADORES DELANTEROS,1,241.0,241.0,Vendedor 9
3106,2024-09-15,Cliente 19,LA MOLINA,BATERÍA DE 18 PLACAS,1,101.1,101.1,Vendedor 3
3107,2024-09-16,Cliente 11,SURCO,BATERÍA DE 18 PLACAS,2,101.1,202.2,Vendedor 5
3108,2024-09-17,Cliente 15,SURCO,ACEITE DE MOTOR 5W30 FULL SINTÉTICO,3,126.6,379.8,Vendedor 5
3109,2024-09-17,Cliente 14,SURCO,AMORTIGUADORES DELANTEROS,2,241.0,482.0,Vendedor 9
3110,2024-09-17,Cliente 39,SURCO,AMORTIGUADORES POSTERIORES,3,128.3,384.9,Vendedor 1
3111,2024-09-17,Cliente 1,SURCO,"LLANTAS 18""",5,76.5,382.5,Vendedor 8
3112,2024-09-17,Cliente 14,LA MOLINA,BATERÍA DE 18 PLACAS,1,101.1,101.1,Vendedor 5
3113,2024-09-18,Cliente 47,LA MOLINA,ACEITE DE MOTOR 5W30 FULL SINTÉTICO,5,126.6,633.0,Vendedor 8
3114,2024-09-18,Cliente 19,LA MOLINA,AMORTIGUADORES DELANTEROS,2,241.0,482.0,Vendedor 2
3115,2024-09-18,Cliente 28,LA MOLINA,AMORTIGUADORES POSTERIORES,2,128.3,256.6,Vendedor 8
3116,2024-09-18,Cliente 9,SURCO,"LLANTAS 18""",3,76.5,229.5,Vendedor 5
3117,2024-09-18,Cliente 6,LA MOLINA,BATERÍA DE 18 PLACAS,1,101.1,101.1,Vendedor 4
3118,2024-09-19,Cliente 11,LA MOLINA,ACEITE DE MOTOR 5W30 FULL SINTÉTICO,1,126.6,126.6,Vendedor 9
3119,2024-09-19,Cliente 30,LA MOLINA,AMORTIGUADORES DELANTEROS,3,241.0,723.0,Vendedor 9
3120,2024-09-19,Cliente 3,LA MOLINA,AMORTIGUADORES POSTERIORES,2,128.3,256.6,Vendedor 7
3121,2024-09-19,Cliente 13,LA MOLINA,"LLANTAS 18""",1,76.5,76.5,Vendedor 9
3122,2024-09-19,Cliente 16,SURCO,BATERÍA DE 18 PLACAS,1,101.1,101.1,Vendedor 3
3123,2024-09-20,Cliente 15,LA MOLINA,ACEITE DE MOTOR 5W30 FULL SINTÉTICO,4,126.6,506.4,Vendedor 4
3124,2024-09-20,Cliente 10,LA MOLINA,AMORTIGUADORES DELANTEROS,3,241.0,723.0,Vendedor 8
3125,2024-09-20,Cliente 19,LA MOLINA,AMORTIGUADORES POSTERIORES,3,128.3,384.9,Vendedor 3
3126,2024-09-20,Cliente 34,SURCO,"LLANTAS 18""",2,76.5,153.0,Vendedor 4
3127,2024-09-20,Cliente 5,LA MOLINA,BATERÍA DE 18 PLACAS,1,101.1,101.1,Vendedor 8
3128,2024-09-21,Cliente 46,SURCO,ACEITE DE MOTOR 5W30 FULL SINTÉTICO,5,126.6,633.0,Vendedor 3
3129,2024-09-21,Cliente 45,LA MOLINA,AMORTIGUADORES DELANTEROS,1,241.0,241.0,Vendedor 5
3130,2024-09-21,Cliente 41,LA MOLINA,AMORTIGUADORES POSTERIORES,3,128.3,384.9,Vendedor 10
3131,2024-09-21,Cliente 31,LA MOLINA,"LLANTAS 18""",2,76.5,153.0,Vendedor 9
3132,2024-09-21,Cliente 20,SURCO,BATERÍA DE 18 PLACAS,3,101.1,303.3,Vendedor 4
3133,2024-09-22,Cliente 32,SURCO,ACEITE DE MOTOR 5W30 FULL SINTÉTICO,2,126.6,253.2,Vendedor 7
3134,2024-09-22,Cliente 35,LA MOLINA,AMORTIGUADORES DELANTEROS,1,241.0,241.0,Vendedor 8
3135,2024-09-22,Cliente 15,SURCO,AMORTIGUADORES POSTERIORES,5,128.3,641.5,Vendedor 2
3136,2024-09-22,Cliente 29,LA MOLINA,"LLANTAS 18""",3,76.5,229.5,Vendedor 6
3137,2024-09-22,Cliente 8,LA MOLINA,BATERÍA DE 18 PLACAS,1,101.1,101.1,Vendedor 3
3138,2024-09-23,Cliente 23,SURCO,AMORTIGUADORES DELANTEROS,3,241.0,723.0,Vendedor 7
3139,2024-09-23,Cliente 50,SURCO,AMORTIGUADORES POSTERIORES,2,128.3,256.6,Vendedor 8
3140,2024-09-23,Cliente 39,LA MOLINA,"LLANTAS 18""",4,76.5,306.0,Vendedor 7
3141,2024-09-23,Cliente 2,SURCO,BATERÍA DE 18 PLACAS,3,101.1,303.3,Vendedor 5
3142,2024-09-24,Cliente 27,SURCO,AMORTIGUADORES DELANTEROS,4,241.0,964.0,Vendedor 1
3143,2024-09-24,Cliente 44,LA MOLINA,BATERÍA DE 18 PLACAS,1,101.1,101.1,Vendedor 6
3144,2024-09-25,Cliente 4,SURCO,BATERÍA DE 18 PLACAS,2,101.1,202.2,Vendedor 5
3145,2024-09-26,Cliente 29,SURCO,BATERÍA DE 18 PLACAS,1,101.1,101.1,Vendedor 7
3146,2024-09-27,Cliente 9,SURCO,BATERÍA DE 18 PLACAS,1,101.1,101.1,Vendedor 10
3147,2024-09-28,Cliente 23,SURCO,BATERÍA DE 18 PLACAS,1,101.1,101.1,Vendedor 9
3148,2024-09-29,Cliente 35,SURCO,BATERÍA DE 18 PLACAS,4,101.1,404.4,Vendedor 7
3149,2024-09-30,Cliente 3,SURCO,BATERÍA DE 18 PLACAS,3,101.1,303.3,Vendedor 1
3150,2024-10-01,Cliente 32,LA MOLINA,AUTO HONDA ACCORD 2014,1,28500.0,28500.0,Vendedor 1
3151,2024-10-01,Cliente 19,SURCO,AUTO HONDA CIVIC 2014,1,26000.0,26000.0,Vendedor 5
3152,2024-10-01,Cliente 15,SURCO,AUTO HONDA ODISSEY 2013,1,30000.0,30000.0,Vendedor 4
3153,2024-10-01,Cliente 18,SURCO,AUTO HONDA CRV 2014,1,23000.0,23000.0,Vendedor 2
3154,2024-10-01,Cliente 42,SURCO,AUTO HONDA FIT 2016,1,27500.0,27500.0,Vendedor 7
3155,2024-10-01,Cliente 48,SURCO,AUTO HONDA CITY 2016,1,24000.0,24000.0,Vendedor 5
3156,2024-10-01,Cliente 5,SURCO,FILTRO DE COMBUSTIBLE,1,118.0,118.0,Vendedor 9
3157,2024-10-02,Cliente 48,LA MOLINA,AUTO HONDA ACCORD 2014,1,28500.0,28500.0,Vendedor 9
3158,2024-10-02,Cliente 7,SURCO,AUTO HONDA CIVIC 2014,1,26000.0,26000.0,Vendedor 10
3159,2024-10-02,Cliente 13,LA MOLINA,AUTO HONDA ODISSEY 2013,1,30000.0,30000.0,Vendedor 10
3160,2024-10-02,Cliente 21,LA MOLINA,AUTO HONDA CRV 2014,1,23000.0,23000.0,Vendedor 7
3161,2024-10-02,Cliente 20,SURCO,AUTO HONDA CITY 2016,1,24000.0,24000.0,Vendedor 5
3162,2024-10-03,Cliente 19,LA MOLINA,AUTO HONDA ACCORD 2014,1,28500.0,28500.0,Vendedor 7
3163,2024-10-03,Cliente 15,SURCO,AUTO HONDA CIVIC 2014,1,26000.0,26000.0,Vendedor 7
3164,2024-10-03,Cliente 31,LA MOLINA,AUTO HONDA ODISSEY 2013,1,30000.0,30000.0,Vendedor 5
3165,2024-10-03,Cliente 25,SURCO,AUTO HONDA CITY 2016,1,24000.0,24000.0,Vendedor 1
3166,2024-10-03,Cliente 24,LA MOLINA,ACEITE DE MOTOR 5W30 FULL SINTÉTICO,2,128.6,257.2,Vendedor 9
3167,2024-10-03,Cliente 29,SURCO,AMORTIGUADORES DELANTEROS,3,272.5,817.5,Vendedor 4
3168,2024-10-03,Cliente 50,LA MOLINA,AMORTIGUADORES POSTERIORES,1,129.4,129.4,Vendedor 4
3169,2024-10-03,Cliente 31,LA MOLINA,"LLANTAS 18""",2,90.9,181.8,Vendedor 10
3170,2024-10-03,Cliente 22,LA MOLINA,BATERÍA DE 18 PLACAS,1,90.3,90.3,Vendedor 3
3171,2024-10-04,Cliente 7,SURCO,AUTO HONDA CIVIC 2014,1,26000.0,26000.0,Vendedor 9
3172,2024-10-04,Cliente 14,SURCO,AUTO HONDA ODISSEY 2013,1,30000.0,30000.0,Vendedor 8
3173,2024-10-04,Cliente 10,SURCO,ACEITE DE MOTOR 5W30 FULL SINTÉTICO,1,128.6,128.6,Vendedor 7
3174,2024-10-04,Cliente 34,LA MOLINA,AMORTIGUADORES DELANTEROS,3,272.5,817.5,Vendedor 10
3175,2024-10-04,Cliente 50,SURCO,AMORTIGUADORES POSTERIORES,2,129.4,258.8,Vendedor 8
3176,2024-10-04,Cliente 20,LA MOLINA,"LLANTAS 18""",2,90.9,181.8,Vendedor 6
3177,2024-10-04,Cliente 21,SURCO,BATERÍA DE 18 PLACAS,1,90.3,90.3,Vendedor 10
3178,2024-10-05,Cliente 1,LA MOLINA,AUTO HONDA ODISSEY 2013,1,30000.0,30000.0,Vendedor 5
3179,2024-10-05,Cliente 49,SURCO,ACEITE DE MOTOR 5W30 FULL SINTÉTICO,3,128.6,385.8,Vendedor 9
3180,2024-10-05,Cliente 21,LA MOLINA,AMORTIGUADORES DELANTEROS,2,272.5,545.0,Vendedor 4
3181,2024-10-05,Cliente 46,LA MOLINA,AMORTIGUADORES POSTERIORES,3,129.4,388.2,Vendedor 8
3182,2024-10-05,Cliente 7,SURCO,"LLANTAS 18""",3,90.9,272.7,Vendedor 7
3183,2024-10-05,Cliente 9,LA MOLINA,BATERÍA DE 18 PLACAS,1,90.3,90.3,Vendedor 1
3184,2024-10-06,Cliente 34,SURCO,AUTO HONDA ODISSEY 2013,1,30000.0,30000.0,Vendedor 2
3185,2024-10-06,Cliente 29,SURCO,ACEITE DE MOTOR 5W30 FULL SINTÉTICO,1,128.6,128.6,Vendedor 2
3186,2024-10-06,Cliente 32,LA MOLINA,AMORTIGUADORES DELANTEROS,1,272.5,272.5,Vendedor 3
3187,2024-10-06,Cliente 48,SURCO,AMORTIGUADORES POSTERIORES,4,129.4,517.6,Vendedor 9
3188,2024-10-06,Cliente 1,LA MOLINA,"LLANTAS 18""",2,90.9,181.8,Vendedor 5
3189,2024-10-06,Cliente 19,LA MOLINA,BATERÍA DE 18 PLACAS,1,90.3,90.3,Vendedor 5
3190,2024-10-07,Cliente 40,LA MOLINA,ACEITE DE MOTOR 5W30 FULL SINTÉTICO,3,128.6,385.8,Vendedor 6
3191,2024-10-07,Cliente 19,SURCO,AMORTIGUADORES DELANTEROS,2,272.5,545.0,Vendedor 9
3192,2024-10-07,Cliente 34,LA MOLINA,AMORTIGUADORES POSTERIORES,2,129.4,258.8,Vendedor 10
3193,2024-10-07,Cliente 30,LA MOLINA,"LLANTAS 18""",2,90.9,181.8,Vendedor 4
3194,2024-10-07,Cliente 11,SURCO,BATERÍA DE 18 PLACAS,2,90.3,180.6,Vendedor 9
3195,2024-10-08,Cliente 1,LA MOLINA,ACEITE DE MOTOR 5W30 FULL SINTÉTICO,3,128.6,385.8,Vendedor 6
3196,2024-10-08,Cliente 10,SURCO,AMORTIGUADORES DELANTEROS,4,272.5,1090.0,Vendedor 8
3197,2024-10-08,Cliente 20,SURCO,AMORTIGUADORES POSTERIORES,1,129.4,129.4,Vendedor 4
3198,2024-10-08,Cliente 35,SURCO,"LLANTAS 18""",1,90.9,90.9,Vendedor 8
3199,2024-10-08,Cliente 4,SURCO,BATERÍA DE 18 PLACAS,2,90.3,180.6,Vendedor 10
3200,2024-10-09,Cliente 5,SURCO,ACEITE DE MOTOR 5W30 FULL SINTÉTICO,2,128.6,257.2,Vendedor 6
3201,2024-10-09,Cliente 41,LA MOLINA,AMORTIGUADORES DELANTEROS,2,272.5,545.0,Vendedor 1
3202,2024-10-09,Cliente 19,LA MOLINA,AMORTIGUADORES POSTERIORES,2,129.4,258.8,Vendedor 7
3203,2024-10-09,Cliente 24,LA MOLINA,"LLANTAS 18""",2,90.9,181.8,Vendedor 10
3204,2024-10-09,Cliente 36,LA MOLINA,BATERÍA DE 18 PLACAS,2,90.3,180.6,Vendedor 9
3205,2024-10-10,Cliente 5,SURCO,AUTO HONDA ACCORD 2014,1,28500.0,28500.0,Vendedor 10
3206,2024-10-10,Cliente 7,SURCO,AUTO HONDA PILOT 2013,1,20500.0,20500.0,Vendedor 4
3207,2024-10-10,Cliente 12,SURCO,AUTO HONDA FIT 2016,1,27500.0,27500.0,Vendedor 5
3208,2024-10-10,Cliente 9,SURCO,AUTO HONDA CITY 2016,1,24000.0,24000.0,Vendedor 9
3209,2024-10-10,Cliente 22,LA MOLINA,ACEITE DE MOTOR 5W30 FULL SINTÉTICO,3,128.6,385.8,Vendedor 10
3210,2024-10-10,Cliente 14,LA MOLINA,AMORTIGUADORES DELANTEROS,2,272.5,545.0,Vendedor 3
3211,2024-10-10,Cliente 14,SURCO,AMORTIGUADORES POSTERIORES,1,129.4,129.4,Vendedor 2
3212,2024-10-10,Cliente 10,SURCO,"LLANTAS 18""",3,90.9,272.7,Vendedor 3
3213,2024-10-11,Cliente 21,SURCO,AUTO HONDA PILOT 2013,1,20500.0,20500.0,Vendedor 2
3214,2024-10-11,Cliente 9,SURCO,AUTO HONDA FIT 2016,1,27500.0,27500.0,Vendedor 9
3215,2024-10-11,Cliente 28,SURCO,AUTO HONDA CITY 2016,1,24000.0,24000.0,Vendedor 8
3216,2024-10-11,Cliente 33,SURCO,ACEITE DE MOTOR 5W30 FULL SINTÉTICO,2,128.6,257.2,Vendedor 2
3217,2024-10-11,Cliente 25,SURCO,AMORTIGUADORES DELANTEROS,1,272.5,272.5,Vendedor 7
3218,2024-10-11,Cliente 20,LA MOLINA,AMORTIGUADORES POSTERIORES,2,129.4,258.8,Vendedor 9
3219,2024-10-11,Cliente 39,SURCO,"LLANTAS 18""",2,90.9,181.8,Vendedor 4
3220,2024-10-12,Cliente 46,SURCO,AUTO HONDA PILOT 2013,1,20500.0,20500.0,Vendedor 3
3221,2024-10-12,Cliente 36,SURCO,AUTO HONDA FIT 2016,1,27500.0,27500.0,Vendedor 8
3222,2024-10-12,Cliente 44,SURCO,ACEITE DE MOTOR 5W30 FULL SINTÉTICO,1,128.6,128.6,Vendedor 2
3223,2024-10-12,Cliente 2,SURCO,AMORTIGUADORES POSTERIORES,2,129.4,258.8,Vendedor 6
3224,2024-10-12,Cliente 47,SURCO,"LLANTAS 18""",2,90.9,181.8,Vendedor 7
3225,2024-10-13,Cliente 25,SURCO,AUTO HONDA PILOT 2013,1,20500.0,20500.0,Vendedor 6
3226,2024-10-13,Cliente 48,SURCO,AUTO HONDA FIT 2016,1,27500.0,27500.0,Vendedor 1
3227,2024-10-13,Cliente 38,SURCO,"LLANTAS 18""",2,90.9,181.8,Vendedor 5
3228,2024-10-14,Cliente 3,SURCO,"LLANTAS 18""",1,90.9,90.9,Vendedor 5
3229,2024-10-15,Cliente 46,SURCO,"LLANTAS 18""",1,90.9,90.9,Vendedor 8
3230,2024-10-16,Cliente 24,SURCO,"LLANTAS 18""",1,90.9,90.9,Vendedor 1
3231,2024-10-17,Cliente 9,SURCO,ACEITE DE MOTOR 5W30 FULL SINTÉTICO,2,128.6,257.2,Vendedor 2
3232,2024-10-17,Cliente 4,SURCO,AMORTIGUADORES DELANTEROS,4,272.5,1090.0,Vendedor 8
3233,2024-10-17,Cliente 21,SURCO,AMORTIGUADORES POSTERIORES,6,129.4,776.4,Vendedor 2
3234,2024-10-17,Cliente 42,SURCO,"LLANTAS 18""",3,90.9,272.7,Vendedor 10
3235,2024-10-17,Cliente 22,SURCO,BATERÍA DE 18 PLACAS,3,90.3,270.9,Vendedor 6
3236,2024-10-18,Cliente 34,LA MOLINA,ACEITE DE MOTOR 5W30 FULL SINTÉTICO,2,128.6,257.2,Vendedor 1
3237,2024-10-18,Cliente 27,LA MOLINA,AMORTIGUADORES DELANTEROS,6,272.5,1635.0,Vendedor 1
3238,2024-10-18,Cliente 49,SURCO,AMORTIGUADORES POSTERIORES,1,129.4,129.4,Vendedor 9
3239,2024-10-18,Cliente 6,LA MOLINA,"LLANTAS 18""",2,90.9,181.8,Vendedor 3
3240,2024-10-18,Cliente 18,SURCO,BATERÍA DE 18 PLACAS,2,90.3,180.6,Vendedor 10
3241,2024-10-19,Cliente 12,LA MOLINA,ACEITE DE MOTOR 5W30 FULL SINTÉTICO,2,128.6,257.2,Vendedor 1
3242,2024-10-19,Cliente 36,LA MOLINA,AMORTIGUADORES DELANTEROS,3,272.5,817.5,Vendedor 6
3243,2024-10-19,Cliente 30,LA MOLINA,AMORTIGUADORES POSTERIORES,2,129.4,258.8,Vendedor 10
3244,2024-10-19,Cliente 6,LA MOLINA,"LLANTAS 18""",1,90.9,90.9,Vendedor 2
3245,2024-10-19,Cliente 47,LA MOLINA,BATERÍA DE 18 PLACAS,1,90.3,90.3,Vendedor 2
3246,2024-10-20,Cliente 38,LA MOLINA,ACEITE DE MOTOR 5W30 FULL SINTÉTICO,2,128.6,257.2,Vendedor 1
3247,2024-10-20,Cliente 14,SURCO,AMORTIGUADORES DELANTEROS,2,272.5,545.0,Vendedor 6
3248,2024-10-20,Cliente 47,SURCO,AMORTIGUADORES POSTERIORES,8,129.4,1035.2,Vendedor 4
3249,2024-10-20,Cliente 48,SURCO,"LLANTAS 18""",3,90.9,272.7,Vendedor 3
3250,2024-10-20,Cliente 25,LA MOLINA,BATERÍA DE 18 PLACAS,2,90.3,180.6,Vendedor 5
3251,2024-10-21,Cliente 9,LA MOLINA,ACEITE DE MOTOR 5W30 FULL SINTÉTICO,2,128.6,257.2,Vendedor 10
3252,2024-10-21,Cliente 15,LA MOLINA,AMORTIGUADORES DELANTEROS,1,272.5,272.5,Vendedor 4
3253,2024-10-21,Cliente 12,SURCO,AMORTIGUADORES POSTERIORES,5,129.4,647.0,Vendedor 5
3254,2024-10-21,Cliente 17,LA MOLINA,"LLANTAS 18""",3,90.9,272.7,Vendedor 2
3255,2024-10-21,Cliente 38,LA MOLINA,BATERÍA DE 18 PLACAS,2,90.3,180.6,Vendedor 6
3256,2024-10-22,Cliente 41,LA MOLINA,ACEITE DE MOTOR 5W30 FULL SINTÉTICO,3,128.6,385.8,Vendedor 3
3257,2024-10-22,Cliente 10,SURCO,AMORTIGUADORES DELANTEROS,1,272.5,272.5,Vendedor 9
3258,2024-10-22,Cliente 23,LA MOLINA,AMORTIGUADORES POSTERIORES,4,129.4,517.6,Vendedor 5
3259,2024-10-22,Cliente 45,LA MOLINA,"LLANTAS 18""",2,90.9,181.8,Vendedor 9
3260,2024-10-23,Cliente 17,SURCO,ACEITE DE MOTOR 5W30 FULL SINTÉTICO,1,128.6,128.6,Vendedor 4
3261,2024-10-23,Cliente 3,SURCO,AMORTIGUADORES DELANTEROS,3,272.5,817.5,Vendedor 2
3262,2024-10-23,Cliente 31,SURCO,AMORTIGUADORES POSTERIORES,5,129.4,647.0,Vendedor 3
3263,2024-10-23,Cliente 24,LA MOLINA,"LLANTAS 18""",2,90.9,181.8,Vendedor 10
3264,2024-10-24,Cliente 21,SURCO,ACEITE DE MOTOR 5W30 FULL SINTÉTICO,6,128.6,771.6,Vendedor 2
3265,2024-10-24,Cliente 27,LA MOLINA,AMORTIGUADORES POSTERIORES,1,129.4,129.4,Vendedor 8
3266,2024-10-24,Cliente 42,SURCO,"LLANTAS 18""",3,90.9,272.7,Vendedor 2
3267,2024-10-25,Cliente 11,SURCO,ACEITE DE MOTOR 5W30 FULL SINTÉTICO,1,128.6,128.6,Vendedor 8
3268,2024-10-25,Cliente 29,LA MOLINA,AMORTIGUADORES POSTERIORES,3,129.4,388.2,Vendedor 10
3269,2024-10-25,Cliente 47,SURCO,"LLANTAS 18""",1,90.9,90.9,Vendedor 7
3270,2024-11-01,Cliente 11,LA MOLINA,AUTO HONDA ACCORD 2014,1,28500.0,28500.0,Vendedor 8
3271,2024-11-01,Cliente 43,SURCO,AUTO HONDA CIVIC 2014,1,30500.0,30500.0,Vendedor 3
3272,2024-11-01,Cliente 12,SURCO,AUTO HONDA ODISSEY 2013,1,26000.0,26000.0,Vendedor 5
3273,2024-11-01,Cliente 6,LA MOLINA,AUTO HONDA CRV 2014,1,23000.0,23000.0,Vendedor 3
3274,2024-11-01,Cliente 14,SURCO,AUTO HONDA PILOT 2013,1,20500.0,20500.0,Vendedor 7
3275,2024-11-01,Cliente 10,SURCO,FILTRO DE COMBUSTIBLE,1,102.7,102.7,Vendedor 9
3276,2024-11-02,Cliente 23,SURCO,AUTO HONDA ACCORD 2014,1,28500.0,28500.0,Vendedor 2
3277,2024-11-02,Cliente 36,LA MOLINA,AUTO HONDA CIVIC 2014,1,30500.0,30500.0,Vendedor 7
3278,2024-11-02,Cliente 31,SURCO,AUTO HONDA CRV 2014,1,23000.0,23000.0,Vendedor 7
3279,2024-11-02,Cliente 49,SURCO,FILTRO DE COMBUSTIBLE,1,102.7,102.7,Vendedor 2
3280,2024-11-03,Cliente 26,SURCO,AUTO HONDA ACCORD 2014,1,28500.0,28500.0,Vendedor 6
3281,2024-11-03,Cliente 44,LA MOLINA,AUTO HONDA CIVIC 2014,1,30500.0,30500.0,Vendedor 7
3282,2024-11-03,Cliente 35,LA MOLINA,AUTO HONDA CRV 2014,1,23000.0,23000.0,Vendedor 2
3283,2024-11-03,Cliente 43,LA MOLINA,ACEITE DE MOTOR 5W30 FULL SINTÉTICO,2,101.7,203.4,Vendedor 10
3284,2024-11-03,Cliente 15,SURCO,FILTRO DE COMBUSTIBLE,1,102.7,102.7,Vendedor 10
3285,2024-11-03,Cliente 24,SURCO,AMORTIGUADORES DELANTEROS,1,264.9,264.9,Vendedor 6
3286,2024-11-03,Cliente 40,SURCO,AMORTIGUADORES POSTERIORES,2,84.1,168.2,Vendedor 10
3287,2024-11-03,Cliente 42,SURCO,"LLANTAS 18""",2,72.4,144.8,Vendedor 4
3288,2024-11-03,Cliente 32,SURCO,BATERÍA DE 18 PLACAS,1,140.4,140.4,Vendedor 4
3289,2024-11-04,Cliente 14,SURCO,AUTO HONDA ACCORD 2014,1,28500.0,28500.0,Vendedor 5
3290,2024-11-04,Cliente 6,LA MOLINA,AUTO HONDA CIVIC 2014,1,30500.0,30500.0,Vendedor 6
3291,2024-11-04,Cliente 42,LA MOLINA,AUTO HONDA CRV 2014,1,23000.0,23000.0,Vendedor 3
3292,2024-11-04,Cliente 19,SURCO,ACEITE DE MOTOR 5W30 FULL SINTÉTICO,2,101.7,203.4,Vendedor 5
3293,2024-11-04,Cliente 44,LA MOLINA,FILTRO DE COMBUSTIBLE,1,102.7,102.7,Vendedor 8
3294,2024-11-04,Cliente 27,LA MOLINA,AMORTIGUADORES DELANTEROS,1,264.9,264.9,Vendedor 3
3295,2024-11-04,Cliente 44,LA MOLINA,AMORTIGUADORES POSTERIORES,1,84.1,84.1,Vendedor 9
3296,2024-11-04,Cliente 6,LA MOLINA,"LLANTAS 18""",1,72.4,72.4,Vendedor 6
3297,2024-11-04,Cliente 42,SURCO,BATERÍA DE 18 PLACAS,1,140.4,140.4,Vendedor 7
3298,2024-11-05,Cliente 11,SURCO,AUTO HONDA ACCORD 2014,1,28500.0,28500.0,Vendedor 6
3299,2024-11-05,Cliente 37,LA MOLINA,AUTO HONDA CIVIC 2014,1,30500.0,30500.0,Vendedor 9
3300,2024-11-05,Cliente 44,LA MOLINA,AUTO HONDA CRV 2014,1,23000.0,23000.0,Vendedor 8
3301,2024-11-05,Cliente 42,LA MOLINA,ACEITE DE MOTOR 5W30 FULL SINTÉTICO,1,101.7,101.7,Vendedor 7
3302,2024-11-05,Cliente 50,LA MOLINA,FILTRO DE COMBUSTIBLE,1,102.7,102.7,Vendedor 1
3303,2024-11-05,Cliente 17,LA MOLINA,AMORTIGUADORES DELANTEROS,2,264.9,529.8,Vendedor 2
3304,2024-11-05,Cliente 33,LA MOLINA,AMORTIGUADORES POSTERIORES,3,84.1,252.3,Vendedor 6
3305,2024-11-05,Cliente 35,LA MOLINA,"LLANTAS 18""",2,72.4,144.8,Vendedor 6
3306,2024-11-05,Cliente 12,SURCO,BATERÍA DE 18 PLACAS,1,140.4,140.4,Vendedor 7
3307,2024-11-06,Cliente 44,SURCO,AUTO HONDA CRV 2014,1,23000.0,23000.0,Vendedor 2
3308,2024-11-06,Cliente 22,SURCO,ACEITE DE MOTOR 5W30 FULL SINTÉTICO,1,101.7,101.7,Vendedor 10
3309,2024-11-06,Cliente 13,LA MOLINA,FILTRO DE COMBUSTIBLE,1,102.7,102.7,Vendedor 9
3310,2024-11-06,Cliente 4,LA MOLINA,AMORTIGUADORES DELANTEROS,2,264.9,529.8,Vendedor 8
3311,2024-11-06,Cliente 8,SURCO,AMORTIGUADORES POSTERIORES,2,84.1,168.2,Vendedor 8
3312,2024-11-06,Cliente 4,LA MOLINA,"LLANTAS 18""",2,72.4,144.8,Vendedor 10
3313,2024-11-06,Cliente 17,LA MOLINA,BATERÍA DE 18 PLACAS,1,140.4,140.4,Vendedor 7
3314,2024-11-07,Cliente 50,LA MOLINA,ACEITE DE MOTOR 5W30 FULL SINTÉTICO,2,101.7,203.4,Vendedor 1
3315,2024-11-07,Cliente 12,LA MOLINA,FILTRO DE COMBUSTIBLE,1,102.7,102.7,Vendedor 5
3316,2024-11-07,Cliente 2,LA MOLINA,AMORTIGUADORES DELANTEROS,2,264.9,529.8,Vendedor 8
3317,2024-11-07,Cliente 41,LA MOLINA,AMORTIGUADORES POSTERIORES,2,84.1,168.2,Vendedor 1
3318,2024-11-07,Cliente 23,SURCO,"LLANTAS 18""",3,72.4,217.2,Vendedor 1
3319,2024-11-07,Cliente 16,LA MOLINA,BATERÍA DE 18 PLACAS,1,140.4,140.4,Vendedor 3
3320,2024-11-08,Cliente 9,SURCO,ACEITE DE MOTOR 5W30 FULL SINTÉTICO,1,101.7,101.7,Vendedor 3
3321,2024-11-08,Cliente 28,LA MOLINA,FILTRO DE COMBUSTIBLE,1,102.7,102.7,Vendedor 5
3322,2024-11-08,Cliente 45,LA MOLINA,AMORTIGUADORES DELANTEROS,2,264.9,529.8,Vendedor 10
3323,2024-11-08,Cliente 3,LA MOLINA,AMORTIGUADORES POSTERIORES,1,84.1,84.1,Vendedor 2
3324,2024-11-08,Cliente 3,LA MOLINA,"LLANTAS 18""",3,72.4,217.2,Vendedor 3
3325,2024-11-08,Cliente 25,SURCO,BATERÍA DE 18 PLACAS,1,140.4,140.4,Vendedor 9
3326,2024-11-09,Cliente 22,SURCO,AUTO HONDA PILOT 2013,1,20500.0,20500.0,Vendedor 5
3327,2024-11-09,Cliente 26,SURCO,AUTO HONDA FIT 2016,1,17000.0,17000.0,Vendedor 1
3328,2024-11-09,Cliente 48,SURCO,AUTO HONDA CITY 2016,1,24000.0,24000.0,Vendedor 5
3329,2024-11-09,Cliente 28,SURCO,ACEITE DE MOTOR 5W30 FULL SINTÉTICO,3,101.7,305.1,Vendedor 2
3330,2024-11-09,Cliente 37,SURCO,FILTRO DE COMBUSTIBLE,1,102.7,102.7,Vendedor 5
3331,2024-11-09,Cliente 45,SURCO,AMORTIGUADORES DELANTEROS,2,264.9,529.8,Vendedor 1
3332,2024-11-09,Cliente 14,LA MOLINA,AMORTIGUADORES POSTERIORES,2,84.1,168.2,Vendedor 7
3333,2024-11-09,Cliente 18,SURCO,"LLANTAS 18""",3,72.4,217.2,Vendedor 9
3334,2024-11-09,Cliente 39,SURCO,BATERÍA DE 18 PLACAS,1,140.4,140.4,Vendedor 7
3335,2024-11-10,Cliente 44,SURCO,AUTO HONDA PILOT 2013,1,20500.0,20500.0,Vendedor 5
3336,2024-11-10,Cliente 1,SURCO,AUTO HONDA FIT 2016,1,17000.0,17000.0,Vendedor 7
3337,2024-11-10,Cliente 2,SURCO,AUTO HONDA CITY 2016,1,24000.0,24000.0,Vendedor 7
3338,2024-11-10,Cliente 18,SURCO,ACEITE DE MOTOR 5W30 FULL SINTÉTICO,3,101.7,305.1,Vendedor 5
3339,2024-11-10,Cliente 7,LA MOLINA,AMORTIGUADORES DELANTEROS,1,264.9,264.9,Vendedor 4
3340,2024-11-10,Cliente 46,SURCO,AMORTIGUADORES POSTERIORES,2,84.1,168.2,Vendedor 6
3341,2024-11-10,Cliente 40,SURCO,"LLANTAS 18""",2,72.4,144.8,Vendedor 5
3342,2024-11-10,Cliente 38,LA MOLINA,BATERÍA DE 18 PLACAS,1,140.4,140.4,Vendedor 7
3343,2024-11-11,Cliente 35,SURCO,AUTO HONDA FIT 2016,1,17000.0,17000.0,Vendedor 7
3344,2024-11-11,Cliente 36,SURCO,AUTO HONDA CITY 2016,1,24000.0,24000.0,Vendedor 1
3345,2024-11-11,Cliente 21,LA MOLINA,ACEITE DE MOTOR 5W30 FULL SINTÉTICO,2,101.7,203.4,Vendedor 6
3346,2024-11-11,Cliente 30,SURCO,AMORTIGUADORES DELANTEROS,2,264.9,529.8,Vendedor 8
3347,2024-11-11,Cliente 44,SURCO,AMORTIGUADORES POSTERIORES,2,84.1,168.2,Vendedor 7
3348,2024-11-11,Cliente 3,LA MOLINA,"LLANTAS 18""",2,72.4,144.8,Vendedor 10
3349,2024-11-11,Cliente 36,LA MOLINA,BATERÍA DE 18 PLACAS,1,140.4,140.4,Vendedor 6
3350,2024-11-12,Cliente 14,SURCO,AUTO HONDA FIT 2016,1,17000.0,17000.0,Vendedor 9
3351,2024-11-12,Cliente 20,SURCO,AUTO HONDA CITY 2016,1,24000.0,24000.0,Vendedor 5
3352,2024-11-12,Cliente 44,LA MOLINA,ACEITE DE MOTOR 5W30 FULL SINTÉTICO,2,101.7,203.4,Vendedor 8
3353,2024-11-12,Cliente 40,SURCO,AMORTIGUADORES DELANTEROS,1,264.9,264.9,Vendedor 10
3354,2024-11-12,Cliente 37,LA MOLINA,AMORTIGUADORES POSTERIORES,2,84.1,168.2,Vendedor 7
3355,2024-11-12,Cliente 36,LA MOLINA,BATERÍA DE 18 PLACAS,1,140.4,140.4,Vendedor 8
3356,2024-11-13,Cliente 25,SURCO,AUTO HONDA CITY 2016,1,24000.0,24000.0,Vendedor 9
3357,2024-11-13,Cliente 39,LA MOLINA,ACEITE DE MOTOR 5W30 FULL SINTÉTICO,1,101.7,101.7,Vendedor 2
3358,2024-11-13,Cliente 14,SURCO,AMORTIGUADORES DELANTEROS,1,264.9,264.9,Vendedor 4
3359,2024-11-13,Cliente 12,SURCO,AMORTIGUADORES POSTERIORES,1,84.1,84.1,Vendedor 3
3360,2024-11-14,Cliente 39,SURCO,AMORTIGUADORES DELANTEROS,1,264.9,264.9,Vendedor 5
3361,2024-11-14,Cliente 41,SURCO,AMORTIGUADORES POSTERIORES,1,84.1,84.1,Vendedor 2
3362,2024-11-15,Cliente 29,SURCO,AMORTIGUADORES DELANTEROS,2,264.9,529.8,Vendedor 3
3363,2024-11-16,Cliente 49,SURCO,AMORTIGUADORES DELANTEROS,3,264.9,794.7,Vendedor 8
3364,2024-11-17,Cliente 27,LA MOLINA,ACEITE DE MOTOR 5W30 FULL SINTÉTICO,4,101.7,406.8,Vendedor 4
3365,2024-11-17,Cliente 40,SURCO,AMORTIGUADORES DELANTEROS,3,264.9,794.7,Vendedor 4
3366,2024-11-17,Cliente 39,SURCO,AMORTIGUADORES POSTERIORES,2,84.1,168.2,Vendedor 10
3367,2024-11-17,Cliente 21,SURCO,"LLANTAS 18""",4,72.4,289.6,Vendedor 10
3368,2024-11-17,Cliente 37,SURCO,BATERÍA DE 18 PLACAS,1,140.4,140.4,Vendedor 8
3369,2024-11-18,Cliente 2,LA MOLINA,ACEITE DE MOTOR 5W30 FULL SINTÉTICO,1,101.7,101.7,Vendedor 10
3370,2024-11-18,Cliente 36,LA MOLINA,AMORTIGUADORES DELANTEROS,3,264.9,794.7,Vendedor 9
3371,2024-11-18,Cliente 30,SURCO,AMORTIGUADORES POSTERIORES,2,84.1,168.2,Vendedor 6
3372,2024-11-18,Cliente 12,SURCO,"LLANTAS 18""",6,72.4,434.4,Vendedor 8
3373,2024-11-18,Cliente 9,LA MOLINA,BATERÍA DE 18 PLACAS,1,140.4,140.4,Vendedor 5
3374,2024-11-19,Cliente 14,SURCO,ACEITE DE MOTOR 5W30 FULL SINTÉTICO,1,101.7,101.7,Vendedor 10
3375,2024-11-19,Cliente 16,LA MOLINA,AMORTIGUADORES DELANTEROS,2,264.9,529.8,Vendedor 10
3376,2024-11-19,Cliente 12,SURCO,AMORTIGUADORES POSTERIORES,4,84.1,336.4,Vendedor 8
3377,2024-11-19,Cliente 39,LA MOLINA,"LLANTAS 18""",5,72.4,362.0,Vendedor 6
3378,2024-11-19,Cliente 30,SURCO,BATERÍA DE 18 PLACAS,1,140.4,140.4,Vendedor 2
3379,2024-11-20,Cliente 44,SURCO,ACEITE DE MOTOR 5W30 FULL SINTÉTICO,1,101.7,101.7,Vendedor 7
3380,2024-11-20,Cliente 5,LA MOLINA,AMORTIGUADORES DELANTEROS,4,264.9,1059.6,Vendedor 7
3381,2024-11-20,Cliente 46,SURCO,AMORTIGUADORES POSTERIORES,2,84.1,168.2,Vendedor 10
3382,2024-11-20,Cliente 29,LA MOLINA,"LLANTAS 18""",5,72.4,362.0,Vendedor 8
3383,2024-11-20,Cliente 19,SURCO,BATERÍA DE 18 PLACAS,3,140.4,421.2,Vendedor 7
3384,2024-11-21,Cliente 26,LA MOLINA,ACEITE DE MOTOR 5W30 FULL SINTÉTICO,1,101.7,101.7,Vendedor 9
3385,2024-11-21,Cliente 8,LA MOLINA,AMORTIGUADORES DELANTEROS,1,264.9,264.9,Vendedor 2
3386,2024-11-21,Cliente 49,LA MOLINA,AMORTIGUADORES POSTERIORES,2,84.1,168.2,Vendedor 10
3387,2024-11-21,Cliente 24,LA MOLINA,BATERÍA DE 18 PLACAS,3,140.4,421.2,Vendedor 7
3388,2024-11-22,Cliente 10,LA MOLINA,ACEITE DE MOTOR 5W30 FULL SINTÉTICO,4,101.7,406.8,Vendedor 4
3389,2024-11-22,Cliente 17,SURCO,AMORTIGUADORES DELANTEROS,4,264.9,1059.6,Vendedor 2
3390,2024-11-22,Cliente 30,LA MOLINA,AMORTIGUADORES POSTERIORES,3,84.1,252.3,Vendedor 8
3391,2024-11-22,Cliente 19,LA MOLINA,BATERÍA DE 18 PLACAS,1,140.4,140.4,Vendedor 8
3392,2024-11-23,Cliente 45,SURCO,ACEITE DE MOTOR 5W30 FULL SINTÉTICO,3,101.7,305.1,Vendedor 5
3393,2024-11-23,Cliente 49,SURCO,AMORTIGUADORES DELANTEROS,3,264.9,794.7,Vendedor 3
3394,2024-11-23,Cliente 2,LA MOLINA,AMORTIGUADORES POSTERIORES,2,84.1,168.2,Vendedor 4
3395,2024-11-24,Cliente 20,SURCO,ACEITE DE MOTOR 5W30 FULL SINTÉTICO,3,101.7,305.1,Vendedor 3
3396,2024-11-24,Cliente 46,SURCO,AMORTIGUADORES DELANTEROS,3,264.9,794.7,Vendedor 8
3397,2024-11-24,Cliente 48,LA MOLINA,AMORTIGUADORES POSTERIORES,5,84.1,420.5,Vendedor 3
3398,2024-11-25,Cliente 17,SURCO,ACEITE DE MOTOR 5W30 FULL SINTÉTICO,2,101.7,203.4,Vendedor 4
3399,2024-11-25,Cliente 38,SURCO,AMORTIGUADORES DELANTEROS,1,264.9,264.9,Vendedor 5
3400,2024-11-25,Cliente 17,LA MOLINA,AMORTIGUADORES POSTERIORES,3,84.1,252.3,Vendedor 6
3401,2024-11-26,Cliente 42,LA MOLINA,AMORTIGUADORES POSTERIORES,1,84.1,84.1,Vendedor 3
3402,2024-12-01,Cliente 23,SURCO,AUTO HONDA ACCORD 2014,1,24500.0,24500.0,Vendedor 8
3403,2024-12-01,Cliente 37,LA MOLINA,AUTO HONDA CIVIC 2014,1,30000.0,30000.0,Vendedor 1
3404,2024-12-01,Cliente 48,SURCO,AUTO HONDA ODISSEY 2013,1,27500.0,27500.0,Vendedor 4
3405,2024-12-01,Cliente 43,LA MOLINA,AUTO HONDA CRV 2014,1,26500.0,26500.0,Vendedor 1
3406,2024-12-01,Cliente 41,SURCO,AUTO HONDA PILOT 2013,1,18500.0,18500.0,Vendedor 2
3407,2024-12-01,Cliente 33,SURCO,AUTO HONDA FIT 2016,1,27000.0,27000.0,Vendedor 2
3408,2024-12-01,Cliente 4,SURCO,FILTRO DE COMBUSTIBLE,1,128.6,128.6,Vendedor 8
3409,2024-12-02,Cliente 16,LA MOLINA,AUTO HONDA ACCORD 2014,1,24500.0,24500.0,Vendedor 5
3410,2024-12-02,Cliente 45,SURCO,AUTO HONDA CIVIC 2014,1,30000.0,30000.0,Vendedor 4
3411,2024-12-02,Cliente 45,SURCO,AUTO HONDA ODISSEY 2013,1,27500.0,27500.0,Vendedor 8
3412,2024-12-02,Cliente 3,SURCO,AUTO HONDA CRV 2014,1,26500.0,26500.0,Vendedor 10
3413,2024-12-02,Cliente 36,SURCO,AUTO HONDA PILOT 2013,1,18500.0,18500.0,Vendedor 5
3414,2024-12-02,Cliente 47,SURCO,FILTRO DE COMBUSTIBLE,1,128.6,128.6,Vendedor 2
3415,2024-12-03,Cliente 14,LA MOLINA,AUTO HONDA ACCORD 2014,1,24500.0,24500.0,Vendedor 4
3416,2024-12-03,Cliente 38,SURCO,AUTO HONDA CIVIC 2014,1,30000.0,30000.0,Vendedor 10
3417,2024-12-03,Cliente 30,LA MOLINA,AUTO HONDA ODISSEY 2013,1,27500.0,27500.0,Vendedor 2
3418,2024-12-03,Cliente 21,SURCO,AUTO HONDA CRV 2014,1,26500.0,26500.0,Vendedor 2
3419,2024-12-03,Cliente 8,LA MOLINA,ACEITE DE MOTOR 5W30 FULL SINTÉTICO,2,85.8,171.6,Vendedor 8
3420,2024-12-03,Cliente 31,SURCO,FILTRO DE COMBUSTIBLE,1,128.6,128.6,Vendedor 4
3421,2024-12-03,Cliente 39,SURCO,AMORTIGUADORES DELANTEROS,1,277.3,277.3,Vendedor 8
3422,2024-12-03,Cliente 38,SURCO,AMORTIGUADORES POSTERIORES,2,122.6,245.2,Vendedor 7
3423,2024-12-03,Cliente 50,LA MOLINA,"LLANTAS 18""",1,70.8,70.8,Vendedor 4
3424,2024-12-03,Cliente 1,LA MOLINA,BATERÍA DE 18 PLACAS,1,103.2,103.2,Vendedor 5
3425,2024-12-04,Cliente 39,LA MOLINA,AUTO HONDA ACCORD 2014,1,24500.0,24500.0,Vendedor 5
3426,2024-12-04,Cliente 41,LA MOLINA,AUTO HONDA ODISSEY 2013,1,27500.0,27500.0,Vendedor 3
3427,2024-12-04,Cliente 33,SURCO,AUTO HONDA CRV 2014,1,26500.0,26500.0,Vendedor 8
3428,2024-12-04,Cliente 17,LA MOLINA,ACEITE DE MOTOR 5W30 FULL SINTÉTICO,3,85.8,257.4,Vendedor 9
3429,2024-12-04,Cliente 22,SURCO,FILTRO DE COMBUSTIBLE,1,128.6,128.6,Vendedor 5
3430,2024-12-04,Cliente 41,LA MOLINA,AMORTIGUADORES DELANTEROS,3,277.3,831.9,Vendedor 8
3431,2024-12-04,Cliente 32,SURCO,AMORTIGUADORES POSTERIORES,1,122.6,122.6,Vendedor 1
3432,2024-12-04,Cliente 32,LA MOLINA,"LLANTAS 18""",2,70.8,141.6,Vendedor 3
3433,2024-12-04,Cliente 5,SURCO,BATERÍA DE 18 PLACAS,1,103.2,103.2,Vendedor 7
3434,2024-12-05,Cliente 29,SURCO,ACEITE DE MOTOR 5W30 FULL SINTÉTICO,3,85.8,257.4,Vendedor 6
3435,2024-12-05,Cliente 13,SURCO,FILTRO DE COMBUSTIBLE,1,128.6,128.6,Vendedor 2
3436,2024-12-05,Cliente 20,SURCO,AMORTIGUADORES DELANTEROS,1,277.3,277.3,Vendedor 9
3437,2024-12-05,Cliente 50,LA MOLINA,AMORTIGUADORES POSTERIORES,3,122.6,367.8,Vendedor 9
3438,2024-12-05,Cliente 44,SURCO,"LLANTAS 18""",2,70.8,141.6,Vendedor 5
3439,2024-12-05,Cliente 37,SURCO,BATERÍA DE 18 PLACAS,1,103.2,103.2,Vendedor 3
3440,2024-12-06,Cliente 13,SURCO,ACEITE DE MOTOR 5W30 FULL SINTÉTICO,3,85.8,257.4,Vendedor 7
3441,2024-12-06,Cliente 11,SURCO,FILTRO DE COMBUSTIBLE,1,128.6,128.6,Vendedor 10
3442,2024-12-06,Cliente 21,SURCO,AMORTIGUADORES DELANTEROS,3,277.3,831.9,Vendedor 9
3443,2024-12-06,Cliente 50,LA MOLINA,AMORTIGUADORES POSTERIORES,4,122.6,490.4,Vendedor 5
3444,2024-12-06,Cliente 31,LA MOLINA,"LLANTAS 18""",1,70.8,70.8,Vendedor 5
3445,2024-12-06,Cliente 10,LA MOLINA,BATERÍA DE 18 PLACAS,1,103.2,103.2,Vendedor 5
3446,2024-12-07,Cliente 48,LA MOLINA,ACEITE DE MOTOR 5W30 FULL SINTÉTICO,3,85.8,257.4,Vendedor 6
3447,2024-12-07,Cliente 20,LA MOLINA,FILTRO DE COMBUSTIBLE,1,128.6,128.6,Vendedor 7
3448,2024-12-07,Cliente 49,LA MOLINA,AMORTIGUADORES DELANTEROS,3,277.3,831.9,Vendedor 7
3449,2024-12-07,Cliente 4,LA MOLINA,AMORTIGUADORES POSTERIORES,1,122.6,122.6,Vendedor 7
3450,2024-12-07,Cliente 30,SURCO,"LLANTAS 18""",2,70.8,141.6,Vendedor 5
3451,2024-12-07,Cliente 46,SURCO,BATERÍA DE 18 PLACAS,1,103.2,103.2,Vendedor 4
3452,2024-12-08,Cliente 19,LA MOLINA,ACEITE DE MOTOR 5W30 FULL SINTÉTICO,2,85.8,171.6,Vendedor 6
3453,2024-12-08,Cliente 21,SURCO,FILTRO DE COMBUSTIBLE,1,128.6,128.6,Vendedor 7
3454,2024-12-08,Cliente 36,LA MOLINA,AMORTIGUADORES DELANTEROS,2,277.3,554.6,Vendedor 9
3455,2024-12-08,Cliente 40,SURCO,AMORTIGUADORES POSTERIORES,2,122.6,245.2,Vendedor 9
3456,2024-12-08,Cliente 7,LA MOLINA,"LLANTAS 18""",2,70.8,141.6,Vendedor 2
3457,2024-12-08,Cliente 11,SURCO,BATERÍA DE 18 PLACAS,1,103.2,103.2,Vendedor 6
3458,2024-12-09,Cliente 3,SURCO,ACEITE DE MOTOR 5W30 FULL SINTÉTICO,4,85.8,343.2,Vendedor 7
3459,2024-12-09,Cliente 16,LA MOLINA,FILTRO DE COMBUSTIBLE,1,128.6,128.6,Vendedor 5
3460,2024-12-09,Cliente 4,LA MOLINA,AMORTIGUADORES DELANTEROS,2,277.3,554.6,Vendedor 2
3461,2024-12-09,Cliente 18,LA MOLINA,AMORTIGUADORES POSTERIORES,1,122.6,122.6,Vendedor 9
3462,2024-12-09,Cliente 19,LA MOLINA,"LLANTAS 18""",2,70.8,141.6,Vendedor 2
3463,2024-12-09,Cliente 9,LA MOLINA,BATERÍA DE 18 PLACAS,1,103.2,103.2,Vendedor 2
3464,2024-12-10,Cliente 50,SURCO,AUTO HONDA PILOT 2013,1,18500.0,18500.0,Vendedor 7
3465,2024-12-10,Cliente 10,SURCO,AUTO HONDA FIT 2016,1,27000.0,27000.0,Vendedor 10
3466,2024-12-10,Cliente 37,SURCO,AUTO HONDA CITY 2016,1,22000.0,22000.0,Vendedor 4
3467,2024-12-10,Cliente 16,SURCO,ACEITE DE MOTOR 5W30 FULL SINTÉTICO,1,85.8,85.8,Vendedor 6
3468,2024-12-10,Cliente 36,LA MOLINA,FILTRO DE COMBUSTIBLE,1,128.6,128.6,Vendedor 9
3469,2024-12-10,Cliente 9,SURCO,AMORTIGUADORES DELANTEROS,2,277.3,554.6,Vendedor 2
3470,2024-12-10,Cliente 50,LA MOLINA,AMORTIGUADORES POSTERIORES,1,122.6,122.6,Vendedor 8
3471,2024-12-10,Cliente 21,SURCO,"LLANTAS 18""",1,70.8,70.8,Vendedor 8
3472,2024-12-10,Cliente 30,SURCO,BATERÍA DE 18 PLACAS,1,103.2,103.2,Vendedor 6
3473,2024-12-11,Cliente 13,SURCO,AUTO HONDA FIT 2016,1,27000.0,27000.0,Vendedor 5
3474,2024-12-11,Cliente 39,SURCO,AUTO HONDA CITY 2016,1,22000.0,22000.0,Vendedor 1
3475,2024-12-11,Cliente 42,SURCO,ACEITE DE MOTOR 5W30 FULL SINTÉTICO,2,85.8,171.6,Vendedor 7
3476,2024-12-11,Cliente 26,LA MOLINA,FILTRO DE COMBUSTIBLE,1,128.6,128.6,Vendedor 8
3477,2024-12-11,Cliente 33,SURCO,AMORTIGUADORES DELANTEROS,1,277.3,277.3,Vendedor 6
3478,2024-12-11,Cliente 3,SURCO,AMORTIGUADORES POSTERIORES,1,122.6,122.6,Vendedor 9
3479,2024-12-11,Cliente 19,LA MOLINA,"LLANTAS 18""",2,70.8,141.6,Vendedor 10
3480,2024-12-11,Cliente 41,LA MOLINA,BATERÍA DE 18 PLACAS,1,103.2,103.2,Vendedor 2
3481,2024-12-12,Cliente 37,SURCO,AUTO HONDA CITY 2016,1,22000.0,22000.0,Vendedor 2
3482,2024-12-12,Cliente 35,SURCO,ACEITE DE MOTOR 5W30 FULL SINTÉTICO,5,85.8,429.0,Vendedor 3
3483,2024-12-12,Cliente 37,SURCO,FILTRO DE COMBUSTIBLE,1,128.6,128.6,Vendedor 8
3484,2024-12-12,Cliente 49,SURCO,AMORTIGUADORES DELANTEROS,2,277.3,554.6,Vendedor 2
3485,2024-12-12,Cliente 30,SURCO,AMORTIGUADORES POSTERIORES,4,122.6,490.4,Vendedor 8
3486,2024-12-12,Cliente 5,SURCO,"LLANTAS 18""",1,70.8,70.8,Vendedor 3
3487,2024-12-12,Cliente 30,LA MOLINA,BATERÍA DE 18 PLACAS,1,103.2,103.2,Vendedor 9
3488,2024-12-13,Cliente 2,SURCO,AUTO HONDA CITY 2016,1,22000.0,22000.0,Vendedor 7
3489,2024-12-13,Cliente 1,SURCO,ACEITE DE MOTOR 5W30 FULL SINTÉTICO,1,85.8,85.8,Vendedor 10
3490,2024-12-13,Cliente 21,SURCO,"LLANTAS 18""",1,70.8,70.8,Vendedor 7
3491,2024-12-13,Cliente 17,LA MOLINA,BATERÍA DE 18 PLACAS,1,103.2,103.2,Vendedor 4
3492,2024-12-14,Cliente 35,SURCO,AUTO HONDA CITY 2016,1,22000.0,22000.0,Vendedor 8
3493,2024-12-14,Cliente 50,SURCO,"LLANTAS 18""",1,70.8,70.8,Vendedor 3
3494,2024-12-14,Cliente 20,LA MOLINA,BATERÍA DE 18 PLACAS,1,103.2,103.2,Vendedor 3
3495,2024-12-15,Cliente 21,SURCO,"LLANTAS 18""",2,70.8,141.6,Vendedor 6
3496,2024-12-15,Cliente 43,LA MOLINA,BATERÍA DE 18 PLACAS,1,103.2,103.2,Vendedor 4
3497,2024-12-16,Cliente 15,LA MOLINA,BATERÍA DE 18 PLACAS,1,103.2,103.2,Vendedor 4
3498,2024-12-17,Cliente 9,SURCO,ACEITE DE MOTOR 5W30 FULL SINTÉTICO,3,85.8,257.4,Vendedor 8
3499,2024-12-17,Cliente 2,LA MOLINA,AMORTIGUADORES DELANTEROS,1,277.3,277.3,Vendedor 8
3500,2024-12-17,Cliente 25,SURCO,AMORTIGUADORES POSTERIORES,6,122.6,735.6,Vendedor 1
3501,2024-12-17,Cliente 26,LA MOLINA,"LLANTAS 18""",2,70.8,141.6,Vendedor 4
3502,2024-12-17,Cliente 50,SURCO,BATERÍA DE 18 PLACAS,1,103.2,103.2,Vendedor 7
3503,2024-12-18,Cliente 6,SURCO,ACEITE DE MOTOR 5W30 FULL SINTÉTICO,5,85.8,429.0,Vendedor 3
3504,2024-12-18,Cliente 11,SURCO,AMORTIGUADORES DELANTEROS,5,277.3,1386.5,Vendedor 4
3505,2024-12-18,Cliente 48,LA MOLINA,AMORTIGUADORES POSTERIORES,1,122.6,122.6,Vendedor 10
3506,2024-12-18,Cliente 27,LA MOLINA,"LLANTAS 18""",2,70.8,141.6,Vendedor 4
3507,2024-12-18,Cliente 6,SURCO,BATERÍA DE 18 PLACAS,1,103.2,103.2,Vendedor 9
3508,2024-12-19,Cliente 17,LA MOLINA,ACEITE DE MOTOR 5W30 FULL SINTÉTICO,3,85.8,257.4,Vendedor 9
3509,2024-12-19,Cliente 2,LA MOLINA,AMORTIGUADORES DELANTEROS,1,277.3,277.3,Vendedor 1
3510,2024-12-19,Cliente 26,LA MOLINA,AMORTIGUADORES POSTERIORES,4,122.6,490.4,Vendedor 2
3511,2024-12-19,Cliente 20,LA MOLINA,"LLANTAS 18""",2,70.8,141.6,Vendedor 2
3512,2024-12-19,Cliente 42,LA MOLINA,BATERÍA DE 18 PLACAS,1,103.2,103.2,Vendedor 5
3513,2024-12-20,Cliente 42,SURCO,ACEITE DE MOTOR 5W30 FULL SINTÉTICO,2,85.8,171.6,Vendedor 7
3514,2024-12-20,Cliente 18,SURCO,AMORTIGUADORES DELANTEROS,4,277.3,1109.2,Vendedor 6
3515,2024-12-20,Cliente 16,SURCO,AMORTIGUADORES POSTERIORES,1,122.6,122.6,Vendedor 3
3516,2024-12-20,Cliente 34,SURCO,"LLANTAS 18""",1,70.8,70.8,Vendedor 3
3517,2024-12-20,Cliente 45,SURCO,BATERÍA DE 18 PLACAS,1,103.2,103.2,Vendedor 8
3518,2024-12-21,Cliente 4,SURCO,ACEITE DE MOTOR 5W30 FULL SINTÉTICO,7,85.8,600.6,Vendedor 10
3519,2024-12-21,Cliente 24,LA MOLINA,AMORTIGUADORES DELANTEROS,2,277.3,554.6,Vendedor 10
3520,2024-12-21,Cliente 27,SURCO,AMORTIGUADORES POSTERIORES,3,122.6,367.8,Vendedor 3
3521,2024-12-21,Cliente 48,SURCO,"LLANTAS 18""",1,70.8,70.8,Vendedor 3
3522,2024-12-21,Cliente 8,LA MOLINA,BATERÍA DE 18 PLACAS,1,103.2,103.2,Vendedor 3
3523,2024-12-22,Cliente 14,LA MOLINA,ACEITE DE MOTOR 5W30 FULL SINTÉTICO,1,85.8,85.8,Vendedor 5
3524,2024-12-22,Cliente 17,LA MOLINA,AMORTIGUADORES DELANTEROS,4,277.3,1109.2,Vendedor 10
3525,2024-12-22,Cliente 2,LA MOLINA,AMORTIGUADORES POSTERIORES,3,122.6,367.8,Vendedor 6
3526,2024-12-22,Cliente 3,LA MOLINA,"LLANTAS 18""",1,70.8,70.8,Vendedor 3
3527,2024-12-22,Cliente 35,SURCO,BATERÍA DE 18 PLACAS,2,103.2,206.4,Vendedor 7
3528,2024-12-23,Cliente 7,SURCO,ACEITE DE MOTOR 5W30 FULL SINTÉTICO,3,85.8,257.4,Vendedor 1
3529,2024-12-23,Cliente 6,SURCO,AMORTIGUADORES DELANTEROS,1,277.3,277.3,Vendedor 7
3530,2024-12-23,Cliente 31,LA MOLINA,AMORTIGUADORES POSTERIORES,2,122.6,245.2,Vendedor 8
3531,2024-12-23,Cliente 9,LA MOLINA,"LLANTAS 18""",2,70.8,141.6,Vendedor 10
3532,2024-12-23,Cliente 31,LA MOLINA,BATERÍA DE 18 PLACAS,1,103.2,103.2,Vendedor 8
3533,2024-12-24,Cliente 21,SURCO,ACEITE DE MOTOR 5W30 FULL SINTÉTICO,5,85.8,429.0,Vendedor 9
3534,2024-12-24,Cliente 31,LA MOLINA,AMORTIGUADORES DELANTEROS,2,277.3,554.6,Vendedor 8
3535,2024-12-24,Cliente 33,SURCO,"LLANTAS 18""",1,70.8,70.8,Vendedor 3
3536,2024-12-25,Cliente 48,SURCO,ACEITE DE MOTOR 5W30 FULL SINTÉTICO,2,85.8,171.6,Vendedor 2
3537,2024-12-25,Cliente 15,SURCO,"LLANTAS 18""",1,70.8,70.8,Vendedor 5
3538,2024-12-26,Cliente 22,LA MOLINA,ACEITE DE MOTOR 5W30 FULL SINTÉTICO,11,85.8,943.8,Vendedor 8
3539,2024-12-26,Cliente 21,SURCO,"LLANTAS 18""",3,70.8,212.4,Vendedor 7
3540,2024-12-27,Cliente 38,LA MOLINA,ACEITE DE MOTOR 5W30 FULL SINTÉTICO,5,85.8,429.0,Vendedor 1
3541,2024-12-27,Cliente 12,SURCO,"LLANTAS 18""",1,70.8,70.8,Vendedor 1
3542,2024-12-28,Cliente 21,LA MOLINA,"LLANTAS 18""",1,70.8,70.8,Vendedor 1
3543,2025-01-01,Cliente 49,LA MOLINA,AUTO HONDA ACCORD 2014,1,28500.0,28500.0,Vendedor 9
3544,2025-01-01,Cliente 5,LA MOLINA,AUTO HONDA CIVIC 2014,1,30000.0,30000.0,Vendedor 6
3545,2025-01-01,Cliente 42,LA MOLINA,AUTO HONDA ODISSEY 2013,1,20000.0,20000.0,Vendedor 1
3546,2025-01-01,Cliente 7,SURCO,AUTO HONDA PILOT 2013,1,16500.0,16500.0,Vendedor 4
3547,2025-01-01,Cliente 8,SURCO,AUTO HONDA FIT 2016,1,27000.0,27000.0,Vendedor 2
3548,2025-01-01,Cliente 9,LA MOLINA,FILTRO DE COMBUSTIBLE,1,131.2,131.2,Vendedor 6
3549,2025-01-02,Cliente 33,SURCO,AUTO HONDA ACCORD 2014,1,28500.0,28500.0,Vendedor 3
3550,2025-01-02,Cliente 33,LA MOLINA,AUTO HONDA CIVIC 2014,1,30000.0,30000.0,Vendedor 4
3551,2025-01-02,Cliente 44,SURCO,AUTO HONDA ODISSEY 2013,1,20000.0,20000.0,Vendedor 4
3552,2025-01-02,Cliente 13,SURCO,AUTO HONDA PILOT 2013,1,16500.0,16500.0,Vendedor 6
3553,2025-01-02,Cliente 37,SURCO,AUTO HONDA FIT 2016,1,27000.0,27000.0,Vendedor 9
3554,2025-01-02,Cliente 35,SURCO,FILTRO DE COMBUSTIBLE,1,131.2,131.2,Vendedor 6
3555,2025-01-03,Cliente 44,SURCO,AUTO HONDA ACCORD 2014,1,28500.0,28500.0,Vendedor 3
3556,2025-01-03,Cliente 49,SURCO,AUTO HONDA CIVIC 2014,1,30000.0,30000.0,Vendedor 3
3557,2025-01-03,Cliente 13,LA MOLINA,AUTO HONDA ODISSEY 2013,1,20000.0,20000.0,Vendedor 5
3558,2025-01-03,Cliente 19,LA MOLINA,ACEITE DE MOTOR 5W30 FULL SINTÉTICO,1,126.4,126.4,Vendedor 7
3559,2025-01-03,Cliente 31,LA MOLINA,FILTRO DE COMBUSTIBLE,1,131.2,131.2,Vendedor 8
3560,2025-01-03,Cliente 47,SURCO,AMORTIGUADORES DELANTEROS,2,242.4,484.8,Vendedor 5
3561,2025-01-03,Cliente 17,SURCO,AMORTIGUADORES POSTERIORES,1,92.4,92.4,Vendedor 9
3562,2025-01-03,Cliente 47,SURCO,"LLANTAS 18""",3,50.9,152.7,Vendedor 10
3563,2025-01-03,Cliente 49,SURCO,BATERÍA DE 18 PLACAS,1,111.4,111.4,Vendedor 7
3564,2025-01-04,Cliente 10,SURCO,AUTO HONDA ACCORD 2014,1,28500.0,28500.0,Vendedor 8
3565,2025-01-04,Cliente 49,SURCO,AUTO HONDA CIVIC 2014,1,30000.0,30000.0,Vendedor 4
3566,2025-01-04,Cliente 11,LA MOLINA,AUTO HONDA ODISSEY 2013,1,20000.0,20000.0,Vendedor 7
3567,2025-01-04,Cliente 16,SURCO,ACEITE DE MOTOR 5W30 FULL SINTÉTICO,2,126.4,252.8,Vendedor 6
3568,2025-01-04,Cliente 15,SURCO,FILTRO DE COMBUSTIBLE,1,131.2,131.2,Vendedor 5
3569,2025-01-04,Cliente 8,LA MOLINA,AMORTIGUADORES DELANTEROS,1,242.4,242.4,Vendedor 10
3570,2025-01-04,Cliente 29,SURCO,AMORTIGUADORES POSTERIORES,1,92.4,92.4,Vendedor 3
3571,2025-01-04,Cliente 1,LA MOLINA,"LLANTAS 18""",3,50.9,152.7,Vendedor 2
3572,2025-01-04,Cliente 50,SURCO,BATERÍA DE 18 PLACAS,2,111.4,222.8,Vendedor 10
3573,2025-01-05,Cliente 15,LA MOLINA,AUTO HONDA CIVIC 2014,1,30000.0,30000.0,Vendedor 8
3574,2025-01-05,Cliente 8,SURCO,AUTO HONDA ODISSEY 2013,1,20000.0,20000.0,Vendedor 9
3575,2025-01-05,Cliente 10,LA MOLINA,ACEITE DE MOTOR 5W30 FULL SINTÉTICO,3,126.4,379.2,Vendedor 2
3576,2025-01-05,Cliente 18,LA MOLINA,FILTRO DE COMBUSTIBLE,1,131.2,131.2,Vendedor 1
3577,2025-01-05,Cliente 8,LA MOLINA,AMORTIGUADORES DELANTEROS,2,242.4,484.8,Vendedor 8
3578,2025-01-05,Cliente 46,SURCO,AMORTIGUADORES POSTERIORES,2,92.4,184.8,Vendedor 8
3579,2025-01-05,Cliente 34,SURCO,"LLANTAS 18""",3,50.9,152.7,Vendedor 2
3580,2025-01-05,Cliente 16,LA MOLINA,BATERÍA DE 18 PLACAS,1,111.4,111.4,Vendedor 8
3581,2025-01-06,Cliente 27,LA MOLINA,AUTO HONDA CIVIC 2014,1,30000.0,30000.0,Vendedor 1
3582,2025-01-06,Cliente 47,LA MOLINA,ACEITE DE MOTOR 5W30 FULL SINTÉTICO,1,126.4,126.4,Vendedor 5
3583,2025-01-06,Cliente 27,LA MOLINA,AMORTIGUADORES DELANTEROS,2,242.4,484.8,Vendedor 5
3584,2025-01-06,Cliente 1,SURCO,AMORTIGUADORES POSTERIORES,2,92.4,184.8,Vendedor 2
3585,2025-01-06,Cliente 38,SURCO,"LLANTAS 18""",4,50.9,203.6,Vendedor 8
3586,2025-01-06,Cliente 43,LA MOLINA,BATERÍA DE 18 PLACAS,1,111.4,111.4,Vendedor 5
3587,2025-01-07,Cliente 36,LA MOLINA,ACEITE DE MOTOR 5W30 FULL SINTÉTICO,1,126.4,126.4,Vendedor 10
3588,2025-01-07,Cliente 3,LA MOLINA,AMORTIGUADORES DELANTEROS,2,242.4,484.8,Vendedor 10
3589,2025-01-07,Cliente 37,SURCO,AMORTIGUADORES POSTERIORES,1,92.4,92.4,Vendedor 2
3590,2025-01-07,Cliente 24,LA MOLINA,"LLANTAS 18""",1,50.9,50.9,Vendedor 10
3591,2025-01-07,Cliente 46,LA MOLINA,BATERÍA DE 18 PLACAS,2,111.4,222.8,Vendedor 1
3592,2025-01-08,Cliente 30,LA MOLINA,ACEITE DE MOTOR 5W30 FULL SINTÉTICO,3,126.4,379.2,Vendedor 10
3593,2025-01-08,Cliente 41,LA MOLINA,AMORTIGUADORES DELANTEROS,1,242.4,242.4,Vendedor 7
3594,2025-01-08,Cliente 14,SURCO,AMORTIGUADORES POSTERIORES,3,92.4,277.2,Vendedor 10
3595,2025-01-08,Cliente 41,LA MOLINA,"LLANTAS 18""",2,50.9,101.8,Vendedor 6
3596,2025-01-08,Cliente 27,LA MOLINA,BATERÍA DE 18 PLACAS,1,111.4,111.4,Vendedor 1
3597,2025-01-09,Cliente 17,SURCO,AUTO HONDA PILOT 2013,1,16500.0,16500.0,Vendedor 6
3598,2025-01-09,Cliente 23,SURCO,AUTO HONDA FIT 2016,1,27000.0,27000.0,Vendedor 4
3599,2025-01-09,Cliente 29,SURCO,AUTO HONDA CITY 2016,1,22000.0,22000.0,Vendedor 1
3600,2025-01-09,Cliente 45,LA MOLINA,ACEITE DE MOTOR 5W30 FULL SINTÉTICO,3,126.4,379.2,Vendedor 5
3601,2025-01-09,Cliente 36,SURCO,AMORTIGUADORES DELANTEROS,1,242.4,242.4,Vendedor 9
3602,2025-01-09,Cliente 48,LA MOLINA,AMORTIGUADORES POSTERIORES,3,92.4,277.2,Vendedor 7
3603,2025-01-09,Cliente 32,LA MOLINA,"LLANTAS 18""",3,50.9,152.7,Vendedor 2
3604,2025-01-09,Cliente 40,SURCO,BATERÍA DE 18 PLACAS,2,111.4,222.8,Vendedor 9
3605,2025-01-10,Cliente 21,SURCO,AUTO HONDA PILOT 2013,1,16500.0,16500.0,Vendedor 5
3606,2025-01-10,Cliente 47,SURCO,AUTO HONDA FIT 2016,1,27000.0,27000.0,Vendedor 2
3607,2025-01-10,Cliente 21,SURCO,AUTO HONDA CITY 2016,1,22000.0,22000.0,Vendedor 10
3608,2025-01-10,Cliente 49,SURCO,ACEITE DE MOTOR 5W30 FULL SINTÉTICO,4,126.4,505.6,Vendedor 7
3609,2025-01-10,Cliente 46,LA MOLINA,AMORTIGUADORES DELANTEROS,1,242.4,242.4,Vendedor 8
3610,2025-01-10,Cliente 29,LA MOLINA,AMORTIGUADORES POSTERIORES,2,92.4,184.8,Vendedor 6
3611,2025-01-10,Cliente 21,LA MOLINA,"LLANTAS 18""",1,50.9,50.9,Vendedor 1
3612,2025-01-10,Cliente 38,SURCO,BATERÍA DE 18 PLACAS,1,111.4,111.4,Vendedor 5
3613,2025-01-11,Cliente 49,SURCO,AUTO HONDA PILOT 2013,1,16500.0,16500.0,Vendedor 9
3614,2025-01-11,Cliente 26,SURCO,AUTO HONDA CITY 2016,1,22000.0,22000.0,Vendedor 10
3615,2025-01-11,Cliente 6,SURCO,ACEITE DE MOTOR 5W30 FULL SINTÉTICO,1,126.4,126.4,Vendedor 2
3616,2025-01-11,Cliente 10,LA MOLINA,AMORTIGUADORES DELANTEROS,1,242.4,242.4,Vendedor 6
3617,2025-01-11,Cliente 26,LA MOLINA,AMORTIGUADORES POSTERIORES,3,92.4,277.2,Vendedor 3
3618,2025-01-11,Cliente 40,SURCO,BATERÍA DE 18 PLACAS,1,111.4,111.4,Vendedor 10
3619,2025-01-12,Cliente 21,SURCO,AUTO HONDA CITY 2016,1,22000.0,22000.0,Vendedor 4
3620,2025-01-12,Cliente 16,SURCO,ACEITE DE MOTOR 5W30 FULL SINTÉTICO,3,126.4,379.2,Vendedor 9
3621,2025-01-12,Cliente 2,SURCO,AMORTIGUADORES DELANTEROS,1,242.4,242.4,Vendedor 8
3622,2025-01-12,Cliente 16,LA MOLINA,AMORTIGUADORES POSTERIORES,1,92.4,92.4,Vendedor 4
3623,2025-01-12,Cliente 1,SURCO,BATERÍA DE 18 PLACAS,1,111.4,111.4,Vendedor 5
3624,2025-01-13,Cliente 40,LA MOLINA,ACEITE DE MOTOR 5W30 FULL SINTÉTICO,2,126.4,252.8,Vendedor 8
3625,2025-01-13,Cliente 36,SURCO,AMORTIGUADORES DELANTEROS,2,242.4,484.8,Vendedor 9
3626,2025-01-13,Cliente 27,LA MOLINA,AMORTIGUADORES POSTERIORES,1,92.4,92.4,Vendedor 3
3627,2025-01-13,Cliente 48,SURCO,BATERÍA DE 18 PLACAS,2,111.4,222.8,Vendedor 5
3628,2025-01-14,Cliente 28,LA MOLINA,ACEITE DE MOTOR 5W30 FULL SINTÉTICO,3,126.4,379.2,Vendedor 6
3629,2025-01-14,Cliente 21,SURCO,AMORTIGUADORES DELANTEROS,2,242.4,484.8,Vendedor 9
3630,2025-01-14,Cliente 45,SURCO,BATERÍA DE 18 PLACAS,1,111.4,111.4,Vendedor 4
3631,2025-01-15,Cliente 33,LA MOLINA,ACEITE DE MOTOR 5W30 FULL SINTÉTICO,2,126.4,252.8,Vendedor 8
3632,2025-01-15,Cliente 39,SURCO,AMORTIGUADORES DELANTEROS,2,242.4,484.8,Vendedor 4
3633,2025-01-15,Cliente 18,SURCO,BATERÍA DE 18 PLACAS,1,111.4,111.4,Vendedor 10
3634,2025-01-16,Cliente 40,LA MOLINA,ACEITE DE MOTOR 5W30 FULL SINTÉTICO,1,126.4,126.4,Vendedor 8
3635,2025-01-16,Cliente 36,SURCO,BATERÍA DE 18 PLACAS,1,111.4,111.4,Vendedor 8
3636,2025-01-17,Cliente 23,SURCO,ACEITE DE MOTOR 5W30 FULL SINTÉTICO,5,126.4,632.0,Vendedor 8
3637,2025-01-17,Cliente 5,SURCO,AMORTIGUADORES DELANTEROS,3,242.4,727.2,Vendedor 6
3638,2025-01-17,Cliente 37,LA MOLINA,AMORTIGUADORES POSTERIORES,1,92.4,92.4,Vendedor 5
3639,2025-01-17,Cliente 46,SURCO,"LLANTAS 18""",6,50.9,305.4,Vendedor 10
3640,2025-01-17,Cliente 46,LA MOLINA,BATERÍA DE 18 PLACAS,2,111.4,222.8,Vendedor 3
3641,2025-01-18,Cliente 43,SURCO,ACEITE DE MOTOR 5W30 FULL SINTÉTICO,4,126.4,505.6,Vendedor 8
3642,2025-01-18,Cliente 22,LA MOLINA,AMORTIGUADORES DELANTEROS,2,242.4,484.8,Vendedor 4
3643,2025-01-18,Cliente 50,SURCO,AMORTIGUADORES POSTERIORES,4,92.4,369.6,Vendedor 9
3644,2025-01-18,Cliente 1,LA MOLINA,"LLANTAS 18""",6,50.9,305.4,Vendedor 10
3645,2025-01-18,Cliente 38,LA MOLINA,BATERÍA DE 18 PLACAS,1,111.4,111.4,Vendedor 2
3646,2025-01-19,Cliente 34,SURCO,ACEITE DE MOTOR 5W30 FULL SINTÉTICO,1,126.4,126.4,Vendedor 7
3647,2025-01-19,Cliente 47,SURCO,AMORTIGUADORES DELANTEROS,3,242.4,727.2,Vendedor 4
3648,2025-01-19,Cliente 12,SURCO,AMORTIGUADORES POSTERIORES,2,92.4,184.8,Vendedor 1
3649,2025-01-19,Cliente 47,LA MOLINA,"LLANTAS 18""",6,50.9,305.4,Vendedor 2
3650,2025-01-19,Cliente 7,SURCO,BATERÍA DE 18 PLACAS,2,111.4,222.8,Vendedor 7
3651,2025-01-20,Cliente 27,LA MOLINA,ACEITE DE MOTOR 5W30 FULL SINTÉTICO,5,126.4,632.0,Vendedor 7
3652,2025-01-20,Cliente 9,LA MOLINA,AMORTIGUADORES DELANTEROS,3,242.4,727.2,Vendedor 6
3653,2025-01-20,Cliente 20,SURCO,AMORTIGUADORES POSTERIORES,2,92.4,184.8,Vendedor 6
3654,2025-01-20,Cliente 17,LA MOLINA,"LLANTAS 18""",2,50.9,101.8,Vendedor 8
3655,2025-01-20,Cliente 17,SURCO,BATERÍA DE 18 PLACAS,1,111.4,111.4,Vendedor 7
3656,2025-01-21,Cliente 23,LA MOLINA,ACEITE DE MOTOR 5W30 FULL SINTÉTICO,2,126.4,252.8,Vendedor 2
3657,2025-01-21,Cliente 49,LA MOLINA,AMORTIGUADORES DELANTEROS,2,242.4,484.8,Vendedor 2
3658,2025-01-21,Cliente 2,LA MOLINA,AMORTIGUADORES POSTERIORES,5,92.4,462.0,Vendedor 10
3659,2025-01-21,Cliente 44,SURCO,"LLANTAS 18""",1,50.9,50.9,Vendedor 6
3660,2025-01-21,Cliente 1,SURCO,BATERÍA DE 18 PLACAS,1,111.4,111.4,Vendedor 9
3661,2025-01-22,Cliente 25,LA MOLINA,AMORTIGUADORES DELANTEROS,1,242.4,242.4,Vendedor 5
3662,2025-01-22,Cliente 5,LA MOLINA,AMORTIGUADORES POSTERIORES,1,92.4,92.4,Vendedor 3
3663,2025-01-22,Cliente 12,LA MOLINA,"LLANTAS 18""",4,50.9,203.6,Vendedor 9
3664,2025-01-22,Cliente 7,LA MOLINA,BATERÍA DE 18 PLACAS,1,111.4,111.4,Vendedor 3
3665,2025-01-23,Cliente 29,SURCO,AMORTIGUADORES DELANTEROS,2,242.4,484.8,Vendedor 3
3666,2025-01-23,Cliente 29,SURCO,AMORTIGUADORES POSTERIORES,2,92.4,184.8,Vendedor 1
3667,2025-01-23,Cliente 20,SURCO,"LLANTAS 18""",1,50.9,50.9,Vendedor 5
3668,2025-01-23,Cliente 44,LA MOLINA,BATERÍA DE 18 PLACAS,1,111.4,111.4,Vendedor 3
3669,2025-01-24,Cliente 7,LA MOLINA,AMORTIGUADORES DELANTEROS,2,242.4,484.8,Vendedor 8
3670,2025-01-24,Cliente 40,LA MOLINA,AMORTIGUADORES POSTERIORES,2,92.4,184.8,Vendedor 6
3671,2025-01-24,Cliente 29,LA MOLINA,"LLANTAS 18""",5,50.9,254.5,Vendedor 2
3672,2025-01-24,Cliente 16,SURCO,BATERÍA DE 18 PLACAS,1,111.4,111.4,Vendedor 6
3673,2025-01-25,Cliente 26,LA MOLINA,AMORTIGUADORES POSTERIORES,1,92.4,92.4,Vendedor 1
3674,2025-01-25,Cliente 31,SURCO,"LLANTAS 18""",6,50.9,305.4,Vendedor 10
3675,2025-01-25,Cliente 43,SURCO,BATERÍA DE 18 PLACAS,1,111.4,111.4,Vendedor 6
3676,2025-01-26,Cliente 19,SURCO,"LLANTAS 18""",9,50.9,458.1,Vendedor 6
3677,2025-01-26,Cliente 49,SURCO,BATERÍA DE 18 PLACAS,2,111.4,222.8,Vendedor 4
3678,2025-01-27,Cliente 32,SURCO,BATERÍA DE 18 PLACAS,1,111.4,111.4,Vendedor 1
3679,2025-02-01,Cliente 44,SURCO,AUTO HONDA ACCORD 2014,1,33000.0,33000.0,Vendedor 7
3680,2025-02-01,Cliente 33,SURCO,AUTO HONDA CIVIC 2014,1,29500.0,29500.0,Vendedor 6
3681,2025-02-01,Cliente 14,SURCO,AUTO HONDA ODISSEY 2013,1,31500.0,31500.0,Vendedor 2
3682,2025-02-01,Cliente 12,LA MOLINA,AUTO HONDA CRV 2014,1,20500.0,20500.0,Vendedor 4
3683,2025-02-01,Cliente 5,SURCO,AUTO HONDA FIT 2016,1,27500.0,27500.0,Vendedor 4
3684,2025-02-01,Cliente 14,SURCO,AUTO HONDA CITY 2016,1,21500.0,21500.0,Vendedor 10
3685,2025-02-01,Cliente 3,SURCO,FILTRO DE COMBUSTIBLE,1,110.1,110.1,Vendedor 7
3686,2025-02-02,Cliente 1,LA MOLINA,AUTO HONDA ACCORD 2014,1,33000.0,33000.0,Vendedor 4
3687,2025-02-02,Cliente 12,LA MOLINA,AUTO HONDA CIVIC 2014,1,29500.0,29500.0,Vendedor 7
3688,2025-02-02,Cliente 24,SURCO,AUTO HONDA ODISSEY 2013,1,31500.0,31500.0,Vendedor 7
3689,2025-02-02,Cliente 10,SURCO,AUTO HONDA CRV 2014,1,20500.0,20500.0,Vendedor 3
3690,2025-02-02,Cliente 40,SURCO,FILTRO DE COMBUSTIBLE,1,110.1,110.1,Vendedor 5
3691,2025-02-03,Cliente 42,SURCO,AUTO HONDA ACCORD 2014,1,33000.0,33000.0,Vendedor 5
3692,2025-02-03,Cliente 45,SURCO,AUTO HONDA CIVIC 2014,1,29500.0,29500.0,Vendedor 1
3693,2025-02-03,Cliente 27,LA MOLINA,AUTO HONDA ODISSEY 2013,1,31500.0,31500.0,Vendedor 7
3694,2025-02-03,Cliente 13,LA MOLINA,AUTO HONDA CRV 2014,1,20500.0,20500.0,Vendedor 8
3695,2025-02-03,Cliente 41,SURCO,ACEITE DE MOTOR 5W30 FULL SINTÉTICO,2,86.1,172.2,Vendedor 7
3696,2025-02-03,Cliente 45,SURCO,FILTRO DE COMBUSTIBLE,1,110.1,110.1,Vendedor 8
3697,2025-02-03,Cliente 5,SURCO,AMORTIGUADORES DELANTEROS,2,295.2,590.4,Vendedor 2
3698,2025-02-03,Cliente 32,SURCO,AMORTIGUADORES POSTERIORES,1,93.7,93.7,Vendedor 2
3699,2025-02-03,Cliente 11,LA MOLINA,"LLANTAS 18""",2,95.9,191.8,Vendedor 5
3700,2025-02-03,Cliente 19,LA MOLINA,BATERÍA DE 18 PLACAS,1,87.0,87.0,Vendedor 9
3701,2025-02-04,Cliente 19,LA MOLINA,AUTO HONDA ACCORD 2014,1,33000.0,33000.0,Vendedor 10
3702,2025-02-04,Cliente 7,SURCO,AUTO HONDA CIVIC 2014,1,29500.0,29500.0,Vendedor 2
3703,2025-02-04,Cliente 13,LA MOLINA,AUTO HONDA ODISSEY 2013,1,31500.0,31500.0,Vendedor 2
3704,2025-02-04,Cliente 13,LA MOLINA,ACEITE DE MOTOR 5W30 FULL SINTÉTICO,3,86.1,258.3,Vendedor 3
3705,2025-02-04,Cliente 31,SURCO,FILTRO DE COMBUSTIBLE,1,110.1,110.1,Vendedor 8
3706,2025-02-04,Cliente 15,SURCO,AMORTIGUADORES DELANTEROS,1,295.2,295.2,Vendedor 1
3707,2025-02-04,Cliente 6,SURCO,AMORTIGUADORES POSTERIORES,4,93.7,374.8,Vendedor 2
3708,2025-02-04,Cliente 40,LA MOLINA,"LLANTAS 18""",2,95.9,191.8,Vendedor 6
3709,2025-02-04,Cliente 48,LA MOLINA,BATERÍA DE 18 PLACAS,1,87.0,87.0,Vendedor 3
3710,2025-02-05,Cliente 39,LA MOLINA,AUTO HONDA ACCORD 2014,1,33000.0,33000.0,Vendedor 1
3711,2025-02-05,Cliente 50,SURCO,ACEITE DE MOTOR 5W30 FULL SINTÉTICO,3,86.1,258.3,Vendedor 4
3712,2025-02-05,Cliente 3,LA MOLINA,FILTRO DE COMBUSTIBLE,1,110.1,110.1,Vendedor 10
3713,2025-02-05,Cliente 22,SURCO,AMORTIGUADORES DELANTEROS,1,295.2,295.2,Vendedor 5
3714,2025-02-05,Cliente 30,LA MOLINA,AMORTIGUADORES POSTERIORES,2,93.7,187.4,Vendedor 4
3715,2025-02-05,Cliente 25,LA MOLINA,"LLANTAS 18""",1,95.9,95.9,Vendedor 3
3716,2025-02-05,Cliente 33,LA MOLINA,BATERÍA DE 18 PLACAS,1,87.0,87.0,Vendedor 2
3717,2025-02-06,Cliente 12,LA MOLINA,AUTO HONDA ACCORD 2014,1,33000.0,33000.0,Vendedor 4
3718,2025-02-06,Cliente 2,LA MOLINA,ACEITE DE MOTOR 5W30 FULL SINTÉTICO,2,86.1,172.2,Vendedor 8
3719,2025-02-06,Cliente 16,SURCO,FILTRO DE COMBUSTIBLE,1,110.1,110.1,Vendedor 10
3720,2025-02-06,Cliente 10,SURCO,AMORTIGUADORES DELANTEROS,3,295.2,885.6,Vendedor 9
3721,2025-02-06,Cliente 8,SURCO,AMORTIGUADORES POSTERIORES,3,93.7,281.1,Vendedor 2
3722,2025-02-06,Cliente 40,SURCO,"LLANTAS 18""",4,95.9,383.6,Vendedor 3
3723,2025-02-06,Cliente 3,LA MOLINA,BATERÍA DE 18 PLACAS,2,87.0,174.0,Vendedor 3
3724,2025-02-07,Cliente 1,SURCO,ACEITE DE MOTOR 5W30 FULL SINTÉTICO,1,86.1,86.1,Vendedor 7
3725,2025-02-07,Cliente 37,SURCO,FILTRO DE COMBUSTIBLE,1,110.1,110.1,Vendedor 1
3726,2025-02-07,Cliente 15,SURCO,AMORTIGUADORES DELANTEROS,3,295.2,885.6,Vendedor 1
3727,2025-02-07,Cliente 42,SURCO,AMORTIGUADORES POSTERIORES,1,93.7,93.7,Vendedor 8
3728,2025-02-07,Cliente 19,LA MOLINA,"LLANTAS 18""",5,95.9,479.5,Vendedor 10
3729,2025-02-07,Cliente 48,SURCO,BATERÍA DE 18 PLACAS,2,87.0,174.0,Vendedor 4
3730,2025-02-08,Cliente 40,LA MOLINA,ACEITE DE MOTOR 5W30 FULL SINTÉTICO,3,86.1,258.3,Vendedor 5
3731,2025-02-08,Cliente 41,LA MOLINA,FILTRO DE COMBUSTIBLE,1,110.1,110.1,Vendedor 8
3732,2025-02-08,Cliente 30,LA MOLINA,AMORTIGUADORES DELANTEROS,4,295.2,1180.8,Vendedor 9
3733,2025-02-08,Cliente 10,SURCO,AMORTIGUADORES POSTERIORES,1,93.7,93.7,Vendedor 5
3734,2025-02-08,Cliente 17,SURCO,"LLANTAS 18""",2,95.9,191.8,Vendedor 3
3735,2025-02-08,Cliente 28,SURCO,BATERÍA DE 18 PLACAS,2,87.0,174.0,Vendedor 5
3736,2025-02-09,Cliente 3,SURCO,AUTO HONDA PILOT 2013,1,16500.0,16500.0,Vendedor 8
3737,2025-02-09,Cliente 46,SURCO,AUTO HONDA FIT 2016,1,27500.0,27500.0,Vendedor 9
3738,2025-02-09,Cliente 26,SURCO,AUTO HONDA CITY 2016,1,21500.0,21500.0,Vendedor 3
3739,2025-02-09,Cliente 14,LA MOLINA,ACEITE DE MOTOR 5W30 FULL SINTÉTICO,2,86.1,172.2,Vendedor 7
3740,2025-02-09,Cliente 27,LA MOLINA,FILTRO DE COMBUSTIBLE,1,110.1,110.1,Vendedor 8
3741,2025-02-09,Cliente 25,LA MOLINA,AMORTIGUADORES DELANTEROS,4,295.2,1180.8,Vendedor 8
3742,2025-02-09,Cliente 21,LA MOLINA,AMORTIGUADORES POSTERIORES,3,93.7,281.1,Vendedor 7
3743,2025-02-09,Cliente 16,SURCO,"LLANTAS 18""",2,95.9,191.8,Vendedor 4
3744,2025-02-09,Cliente 47,SURCO,BATERÍA DE 18 PLACAS,1,87.0,87.0,Vendedor 10
3745,2025-02-10,Cliente 30,SURCO,AUTO HONDA PILOT 2013,1,16500.0,16500.0,Vendedor 9
3746,2025-02-10,Cliente 24,SURCO,AUTO HONDA FIT 2016,1,27500.0,27500.0,Vendedor 5
3747,2025-02-10,Cliente 10,SURCO,ACEITE DE MOTOR 5W30 FULL SINTÉTICO,1,86.1,86.1,Vendedor 8
3748,2025-02-10,Cliente 35,SURCO,FILTRO DE COMBUSTIBLE,1,110.1,110.1,Vendedor 8
3749,2025-02-10,Cliente 4,LA MOLINA,AMORTIGUADORES DELANTEROS,3,295.2,885.6,Vendedor 4
3750,2025-02-10,Cliente 36,LA MOLINA,AMORTIGUADORES POSTERIORES,2,93.7,187.4,Vendedor 3
3751,2025-02-10,Cliente 12,SURCO,"LLANTAS 18""",2,95.9,191.8,Vendedor 8
3752,2025-02-11,Cliente 25,SURCO,AUTO HONDA PILOT 2013,1,16500.0,16500.0,Vendedor 10
3753,2025-02-11,Cliente 18,SURCO,AUTO HONDA FIT 2016,1,27500.0,27500.0,Vendedor 10
3754,2025-02-11,Cliente 37,SURCO,ACEITE DE MOTOR 5W30 FULL SINTÉTICO,1,86.1,86.1,Vendedor 4
3755,2025-02-11,Cliente 27,SURCO,FILTRO DE COMBUSTIBLE,1,110.1,110.1,Vendedor 6
3756,2025-02-11,Cliente 48,LA MOLINA,AMORTIGUADORES DELANTEROS,4,295.2,1180.8,Vendedor 3
3757,2025-02-11,Cliente 40,LA MOLINA,AMORTIGUADORES POSTERIORES,3,93.7,281.1,Vendedor 10
3758,2025-02-12,Cliente 5,SURCO,AUTO HONDA PILOT 2013,1,16500.0,16500.0,Vendedor 2
3759,2025-02-12,Cliente 1,SURCO,AUTO HONDA FIT 2016,1,27500.0,27500.0,Vendedor 1
3760,2025-02-12,Cliente 21,SURCO,ACEITE DE MOTOR 5W30 FULL SINTÉTICO,2,86.1,172.2,Vendedor 6
3761,2025-02-12,Cliente 48,SURCO,FILTRO DE COMBUSTIBLE,1,110.1,110.1,Vendedor 3
3762,2025-02-12,Cliente 5,LA MOLINA,AMORTIGUADORES DELANTEROS,2,295.2,590.4,Vendedor 6
3763,2025-02-13,Cliente 46,LA MOLINA,FILTRO DE COMBUSTIBLE,1,110.1,110.1,Vendedor 3
3764,2025-02-13,Cliente 7,LA MOLINA,AMORTIGUADORES DELANTEROS,3,295.2,885.6,Vendedor 9
3765,2025-02-14,Cliente 35,SURCO,FILTRO DE COMBUSTIBLE,1,110.1,110.1,Vendedor 10
3766,2025-02-14,Cliente 36,LA MOLINA,AMORTIGUADORES DELANTEROS,3,295.2,885.6,Vendedor 9
3767,2025-02-17,Cliente 38,SURCO,ACEITE DE MOTOR 5W30 FULL SINTÉTICO,2,86.1,172.2,Vendedor 6
3768,2025-02-17,Cliente 29,SURCO,AMORTIGUADORES DELANTEROS,4,295.2,1180.8,Vendedor 1
3769,2025-02-17,Cliente 22,LA MOLINA,AMORTIGUADORES POSTERIORES,4,93.7,374.8,Vendedor 2
3770,2025-02-17,Cliente 12,SURCO,"LLANTAS 18""",6,95.9,575.4,Vendedor 3
3771,2025-02-17,Cliente 44,LA MOLINA,BATERÍA DE 18 PLACAS,3,87.0,261.0,Vendedor 7
3772,2025-02-18,Cliente 43,SURCO,ACEITE DE MOTOR 5W30 FULL SINTÉTICO,2,86.1,172.2,Vendedor 4
3773,2025-02-18,Cliente 19,LA MOLINA,AMORTIGUADORES DELANTEROS,6,295.2,1771.2,Vendedor 2
3774,2025-02-18,Cliente 2,LA MOLINA,AMORTIGUADORES POSTERIORES,3,93.7,281.1,Vendedor 10
3775,2025-02-18,Cliente 24,SURCO,"LLANTAS 18""",4,95.9,383.6,Vendedor 5
3776,2025-02-18,Cliente 34,LA MOLINA,BATERÍA DE 18 PLACAS,1,87.0,87.0,Vendedor 1
3777,2025-02-19,Cliente 11,LA MOLINA,ACEITE DE MOTOR 5W30 FULL SINTÉTICO,4,86.1,344.4,Vendedor 1
3778,2025-02-19,Cliente 45,SURCO,AMORTIGUADORES DELANTEROS,6,295.2,1771.2,Vendedor 5
3779,2025-02-19,Cliente 28,LA MOLINA,AMORTIGUADORES POSTERIORES,3,93.7,281.1,Vendedor 6
3780,2025-02-19,Cliente 48,LA MOLINA,"LLANTAS 18""",1,95.9,95.9,Vendedor 8
3781,2025-02-19,Cliente 22,SURCO,BATERÍA DE 18 PLACAS,3,87.0,261.0,Vendedor 9
3782,2025-02-20,Cliente 40,SURCO,ACEITE DE MOTOR 5W30 FULL SINTÉTICO,1,86.1,86.1,Vendedor 1
3783,2025-02-20,Cliente 20,LA MOLINA,AMORTIGUADORES DELANTEROS,4,295.2,1180.8,Vendedor 7
3784,2025-02-20,Cliente 25,SURCO,AMORTIGUADORES POSTERIORES,4,93.7,374.8,Vendedor 7
3785,2025-02-20,Cliente 45,LA MOLINA,"LLANTAS 18""",1,95.9,95.9,Vendedor 7
3786,2025-02-20,Cliente 33,LA MOLINA,BATERÍA DE 18 PLACAS,1,87.0,87.0,Vendedor 7
3787,2025-02-21,Cliente 9,LA MOLINA,ACEITE DE MOTOR 5W30 FULL SINTÉTICO,4,86.1,344.4,Vendedor 6
3788,2025-02-21,Cliente 32,SURCO,AMORTIGUADORES POSTERIORES,5,93.7,468.5,Vendedor 5
3789,2025-02-21,Cliente 29,LA MOLINA,"LLANTAS 18""",5,95.9,479.5,Vendedor 2
3790,2025-02-21,Cliente 33,SURCO,BATERÍA DE 18 PLACAS,3,87.0,261.0,Vendedor 2
3791,2025-02-22,Cliente 49,SURCO,ACEITE DE MOTOR 5W30 FULL SINTÉTICO,1,86.1,86.1,Vendedor 2
3792,2025-02-22,Cliente 24,SURCO,AMORTIGUADORES POSTERIORES,1,93.7,93.7,Vendedor 2
3793,2025-02-22,Cliente 50,LA MOLINA,"LLANTAS 18""",3,95.9,287.7,Vendedor 2
3794,2025-02-22,Cliente 47,SURCO,BATERÍA DE 18 PLACAS,1,87.0,87.0,Vendedor 1
3795,2025-02-23,Cliente 10,SURCO,ACEITE DE MOTOR 5W30 FULL SINTÉTICO,4,86.1,344.4,Vendedor 10
3796,2025-02-23,Cliente 4,SURCO,BATERÍA DE 18 PLACAS,1,87.0,87.0,Vendedor 3
3797,2025-02-24,Cliente 12,LA MOLINA,ACEITE DE MOTOR 5W30 FULL SINTÉTICO,2,86.1,172.2,Vendedor 2
3798,2025-02-24,Cliente 4,SURCO,BATERÍA DE 18 PLACAS,2,87.0,174.0,Vendedor 2
3799,2025-02-25,Cliente 39,SURCO,BATERÍA DE 18 PLACAS,2,87.0,174.0,Vendedor 3
3800,2025-02-26,Cliente 33,SURCO,BATERÍA DE 18 PLACAS,3,87.0,261.0,Vendedor 1
3801,2025-03-01,Cliente 39,LA MOLINA,AUTO HONDA CIVIC 2014,1,29500.0,29500.0,Vendedor 7
3802,2025-03-01,Cliente 14,LA MOLINA,AUTO HONDA ODISSEY 2013,1,28500.0,28500.0,Vendedor 7
3803,2025-03-01,Cliente 23,LA MOLINA,AUTO HONDA CRV 2014,1,21500.0,21500.0,Vendedor 4
3804,2025-03-01,Cliente 42,SURCO,AUTO HONDA PILOT 2013,1,29000.0,29000.0,Vendedor 5
3805,2025-03-01,Cliente 49,SURCO,AUTO HONDA CITY 2016,1,26000.0,26000.0,Vendedor 3
3806,2025-03-01,Cliente 5,SURCO,FILTRO DE COMBUSTIBLE,1,139.4,139.4,Vendedor 8
3807,2025-03-02,Cliente 6,LA MOLINA,AUTO HONDA CIVIC 2014,1,29500.0,29500.0,Vendedor 8
3808,2025-03-02,Cliente 48,SURCO,AUTO HONDA ODISSEY 2013,1,28500.0,28500.0,Vendedor 2
3809,2025-03-02,Cliente 38,LA MOLINA,AUTO HONDA CRV 2014,1,21500.0,21500.0,Vendedor 6
3810,2025-03-02,Cliente 37,SURCO,AUTO HONDA CITY 2016,1,26000.0,26000.0,Vendedor 5
3811,2025-03-02,Cliente 29,LA MOLINA,FILTRO DE COMBUSTIBLE,1,139.4,139.4,Vendedor 6
3812,2025-03-03,Cliente 20,LA MOLINA,AUTO HONDA CIVIC 2014,1,29500.0,29500.0,Vendedor 8
3813,2025-03-03,Cliente 35,LA MOLINA,AUTO HONDA ODISSEY 2013,1,28500.0,28500.0,Vendedor 4
3814,2025-03-03,Cliente 38,SURCO,AUTO HONDA CRV 2014,1,21500.0,21500.0,Vendedor 3
3815,2025-03-03,Cliente 45,SURCO,AUTO HONDA CITY 2016,1,26000.0,26000.0,Vendedor 6
3816,2025-03-03,Cliente 30,LA MOLINA,ACEITE DE MOTOR 5W30 FULL SINTÉTICO,4,130.0,520.0,Vendedor 6
3817,2025-03-03,Cliente 30,LA MOLINA,FILTRO DE COMBUSTIBLE,1,139.4,139.4,Vendedor 8
3818,2025-03-03,Cliente 10,SURCO,AMORTIGUADORES DELANTEROS,2,243.8,487.6,Vendedor 7
3819,2025-03-03,Cliente 9,SURCO,AMORTIGUADORES POSTERIORES,4,87.6,350.4,Vendedor 6
3820,2025-03-03,Cliente 26,SURCO,"LLANTAS 18""",2,59.5,119.0,Vendedor 6
3821,2025-03-03,Cliente 28,SURCO,BATERÍA DE 18 PLACAS,1,102.3,102.3,Vendedor 3
3822,2025-03-04,Cliente 38,SURCO,AUTO HONDA CIVIC 2014,1,29500.0,29500.0,Vendedor 3
3823,2025-03-04,Cliente 7,SURCO,AUTO HONDA ODISSEY 2013,1,28500.0,28500.0,Vendedor 1
3824,2025-03-04,Cliente 31,LA MOLINA,AUTO HONDA CRV 2014,1,21500.0,21500.0,Vendedor 3
3825,2025-03-04,Cliente 13,LA MOLINA,ACEITE DE MOTOR 5W30 FULL SINTÉTICO,3,130.0,390.0,Vendedor 1
3826,2025-03-04,Cliente 26,LA MOLINA,FILTRO DE COMBUSTIBLE,1,139.4,139.4,Vendedor 3
3827,2025-03-04,Cliente 15,LA MOLINA,AMORTIGUADORES DELANTEROS,2,243.8,487.6,Vendedor 4
3828,2025-03-04,Cliente 28,LA MOLINA,AMORTIGUADORES POSTERIORES,4,87.6,350.4,Vendedor 7
3829,2025-03-04,Cliente 43,LA MOLINA,"LLANTAS 18""",2,59.5,119.0,Vendedor 1
3830,2025-03-04,Cliente 7,LA MOLINA,BATERÍA DE 18 PLACAS,1,102.3,102.3,Vendedor 2
3831,2025-03-05,Cliente 46,LA MOLINA,AUTO HONDA ODISSEY 2013,1,28500.0,28500.0,Vendedor 8
3832,2025-03-05,Cliente 10,SURCO,AUTO HONDA CRV 2014,1,21500.0,21500.0,Vendedor 4
3833,2025-03-05,Cliente 27,SURCO,ACEITE DE MOTOR 5W30 FULL SINTÉTICO,4,130.0,520.0,Vendedor 8
3834,2025-03-05,Cliente 20,SURCO,FILTRO DE COMBUSTIBLE,1,139.4,139.4,Vendedor 3
3835,2025-03-05,Cliente 44,LA MOLINA,AMORTIGUADORES DELANTEROS,2,243.8,487.6,Vendedor 10
3836,2025-03-05,Cliente 39,SURCO,AMORTIGUADORES POSTERIORES,4,87.6,350.4,Vendedor 3
3837,2025-03-05,Cliente 47,LA MOLINA,"LLANTAS 18""",3,59.5,178.5,Vendedor 6
3838,2025-03-05,Cliente 24,SURCO,BATERÍA DE 18 PLACAS,1,102.3,102.3,Vendedor 10
3839,2025-03-06,Cliente 5,SURCO,AUTO HONDA ODISSEY 2013,1,28500.0,28500.0,Vendedor 1
3840,2025-03-06,Cliente 24,SURCO,AUTO HONDA CRV 2014,1,21500.0,21500.0,Vendedor 7
3841,2025-03-06,Cliente 21,SURCO,ACEITE DE MOTOR 5W30 FULL SINTÉTICO,2,130.0,260.0,Vendedor 4
3842,2025-03-06,Cliente 41,LA MOLINA,FILTRO DE COMBUSTIBLE,1,139.4,139.4,Vendedor 8
3843,2025-03-06,Cliente 37,LA MOLINA,AMORTIGUADORES DELANTEROS,2,243.8,487.6,Vendedor 6
3844,2025-03-06,Cliente 21,SURCO,AMORTIGUADORES POSTERIORES,2,87.6,175.2,Vendedor 10
3845,2025-03-06,Cliente 16,SURCO,"LLANTAS 18""",2,59.5,119.0,Vendedor 8
3846,2025-03-06,Cliente 2,LA MOLINA,BATERÍA DE 18 PLACAS,1,102.3,102.3,Vendedor 6
3847,2025-03-07,Cliente 49,LA MOLINA,ACEITE DE MOTOR 5W30 FULL SINTÉTICO,1,130.0,130.0,Vendedor 3
3848,2025-03-07,Cliente 6,LA MOLINA,FILTRO DE COMBUSTIBLE,1,139.4,139.4,Vendedor 9
3849,2025-03-07,Cliente 39,LA MOLINA,AMORTIGUADORES DELANTEROS,2,243.8,487.6,Vendedor 5
3850,2025-03-07,Cliente 25,LA MOLINA,AMORTIGUADORES POSTERIORES,1,87.6,87.6,Vendedor 4
3851,2025-03-07,Cliente 24,SURCO,"LLANTAS 18""",3,59.5,178.5,Vendedor 1
3852,2025-03-07,Cliente 16,LA MOLINA,BATERÍA DE 18 PLACAS,1,102.3,102.3,Vendedor 4
3853,2025-03-08,Cliente 23,LA MOLINA,ACEITE DE MOTOR 5W30 FULL SINTÉTICO,1,130.0,130.0,Vendedor 10
3854,2025-03-08,Cliente 36,LA MOLINA,FILTRO DE COMBUSTIBLE,1,139.4,139.4,Vendedor 3
3855,2025-03-08,Cliente 32,LA MOLINA,AMORTIGUADORES DELANTEROS,2,243.8,487.6,Vendedor 6
3856,2025-03-08,Cliente 39,SURCO,AMORTIGUADORES POSTERIORES,2,87.6,175.2,Vendedor 10
3857,2025-03-08,Cliente 47,LA MOLINA,"LLANTAS 18""",1,59.5,59.5,Vendedor 1
3858,2025-03-08,Cliente 34,SURCO,BATERÍA DE 18 PLACAS,1,102.3,102.3,Vendedor 9
3859,2025-03-09,Cliente 25,SURCO,ACEITE DE MOTOR 5W30 FULL SINTÉTICO,3,130.0,390.0,Vendedor 7
3860,2025-03-09,Cliente 20,SURCO,FILTRO DE COMBUSTIBLE,1,139.4,139.4,Vendedor 5
3861,2025-03-09,Cliente 19,SURCO,AMORTIGUADORES DELANTEROS,1,243.8,243.8,Vendedor 1
3862,2025-03-09,Cliente 6,LA MOLINA,AMORTIGUADORES POSTERIORES,1,87.6,87.6,Vendedor 6
3863,2025-03-09,Cliente 29,SURCO,"LLANTAS 18""",3,59.5,178.5,Vendedor 7
3864,2025-03-09,Cliente 39,SURCO,BATERÍA DE 18 PLACAS,1,102.3,102.3,Vendedor 8
3865,2025-03-10,Cliente 18,SURCO,ACEITE DE MOTOR 5W30 FULL SINTÉTICO,1,130.0,130.0,Vendedor 8
3866,2025-03-10,Cliente 13,LA MOLINA,FILTRO DE COMBUSTIBLE,1,139.4,139.4,Vendedor 10
3867,2025-03-10,Cliente 11,SURCO,AMORTIGUADORES DELANTEROS,2,243.8,487.6,Vendedor 10
3868,2025-03-10,Cliente 2,LA MOLINA,AMORTIGUADORES POSTERIORES,2,87.6,175.2,Vendedor 2
3869,2025-03-10,Cliente 36,LA MOLINA,"LLANTAS 18""",1,59.5,59.5,Vendedor 8
3870,2025-03-10,Cliente 10,LA MOLINA,BATERÍA DE 18 PLACAS,1,102.3,102.3,Vendedor 6
3871,2025-03-11,Cliente 41,LA MOLINA,ACEITE DE MOTOR 5W30 FULL SINTÉTICO,1,130.0,130.0,Vendedor 7
3872,2025-03-11,Cliente 26,LA MOLINA,FILTRO DE COMBUSTIBLE,1,139.4,139.4,Vendedor 3
3873,2025-03-11,Cliente 42,SURCO,AMORTIGUADORES DELANTEROS,3,243.8,731.4,Vendedor 5
3874,2025-03-11,Cliente 33,SURCO,AMORTIGUADORES POSTERIORES,3,87.6,262.8,Vendedor 1
3875,2025-03-11,Cliente 5,LA MOLINA,"LLANTAS 18""",2,59.5,119.0,Vendedor 2
3876,2025-03-11,Cliente 10,SURCO,BATERÍA DE 18 PLACAS,1,102.3,102.3,Vendedor 2
3877,2025-03-12,Cliente 46,SURCO,AUTO HONDA ODISSEY 2013,1,28500.0,28500.0,Vendedor 4
3878,2025-03-12,Cliente 49,SURCO,AUTO HONDA PILOT 2013,1,29000.0,29000.0,Vendedor 6
3879,2025-03-12,Cliente 22,SURCO,AUTO HONDA FIT 2016,1,27000.0,27000.0,Vendedor 2
3880,2025-03-12,Cliente 22,SURCO,AUTO HONDA CITY 2016,1,26000.0,26000.0,Vendedor 2
3881,2025-03-12,Cliente 35,LA MOLINA,FILTRO DE COMBUSTIBLE,1,139.4,139.4,Vendedor 1
3882,2025-03-12,Cliente 45,SURCO,AMORTIGUADORES DELANTEROS,2,243.8,487.6,Vendedor 3
3883,2025-03-12,Cliente 29,SURCO,AMORTIGUADORES POSTERIORES,1,87.6,87.6,Vendedor 3
3884,2025-03-12,Cliente 15,LA MOLINA,"LLANTAS 18""",1,59.5,59.5,Vendedor 4
3885,2025-03-12,Cliente 42,LA MOLINA,BATERÍA DE 18 PLACAS,1,102.3,102.3,Vendedor 9
3886,2025-03-13,Cliente 4,SURCO,AUTO HONDA ODISSEY 2013,1,28500.0,28500.0,Vendedor 4
3887,2025-03-13,Cliente 3,SURCO,AUTO HONDA PILOT 2013,1,29000.0,29000.0,Vendedor 1
3888,2025-03-13,Cliente 49,SURCO,AUTO HONDA FIT 2016,1,27000.0,27000.0,Vendedor 4
3889,2025-03-13,Cliente 25,LA MOLINA,AMORTIGUADORES POSTERIORES,2,87.6,175.2,Vendedor 7
3890,2025-03-14,Cliente 32,LA MOLINA,AUTO HONDA ODISSEY 2013,1,28500.0,28500.0,Vendedor 1
3891,2025-03-14,Cliente 36,SURCO,AUTO HONDA PILOT 2013,1,29000.0,29000.0,Vendedor 2
3892,2025-03-14,Cliente 13,SURCO,AUTO HONDA FIT 2016,1,27000.0,27000.0,Vendedor 10
3893,2025-03-14,Cliente 1,SURCO,AMORTIGUADORES POSTERIORES,2,87.6,175.2,Vendedor 6
3894,2025-03-15,Cliente 41,SURCO,AMORTIGUADORES POSTERIORES,2,87.6,175.2,Vendedor 10
3895,2025-03-17,Cliente 22,LA MOLINA,ACEITE DE MOTOR 5W30 FULL SINTÉTICO,2,130.0,260.0,Vendedor 4
3896,2025-03-17,Cliente 26,LA MOLINA,AMORTIGUADORES DELANTEROS,3,243.8,731.4,Vendedor 2
3897,2025-03-17,Cliente 2,LA MOLINA,AMORTIGUADORES POSTERIORES,3,87.6,262.8,Vendedor 8
3898,2025-03-17,Cliente 14,LA MOLINA,"LLANTAS 18""",5,59.5,297.5,Vendedor 3
3899,2025-03-17,Cliente 25,SURCO,BATERÍA DE 18 PLACAS,1,102.3,102.3,Vendedor 2
3900,2025-03-18,Cliente 13,SURCO,ACEITE DE MOTOR 5W30 FULL SINTÉTICO,6,130.0,780.0,Vendedor 10
3901,2025-03-18,Cliente 38,SURCO,AMORTIGUADORES DELANTEROS,3,243.8,731.4,Vendedor 5
3902,2025-03-18,Cliente 4,LA MOLINA,AMORTIGUADORES POSTERIORES,3,87.6,262.8,Vendedor 4
3903,2025-03-18,Cliente 14,LA MOLINA,"LLANTAS 18""",5,59.5,297.5,Vendedor 9
3904,2025-03-18,Cliente 1,LA MOLINA,BATERÍA DE 18 PLACAS,1,102.3,102.3,Vendedor 4
3905,2025-03-19,Cliente 14,LA MOLINA,ACEITE DE MOTOR 5W30 FULL SINTÉTICO,2,130.0,260.0,Vendedor 8
3906,2025-03-19,Cliente 30,LA MOLINA,AMORTIGUADORES DELANTEROS,4,243.8,975.2,Vendedor 7
3907,2025-03-19,Cliente 32,SURCO,AMORTIGUADORES POSTERIORES,5,87.6,438.0,Vendedor 8
3908,2025-03-19,Cliente 43,SURCO,"LLANTAS 18""",5,59.5,297.5,Vendedor 4
3909,2025-03-19,Cliente 1,SURCO,BATERÍA DE 18 PLACAS,1,102.3,102.3,Vendedor 1
3910,2025-03-20,Cliente 1,SURCO,ACEITE DE MOTOR 5W30 FULL SINTÉTICO,4,130.0,520.0,Vendedor 5
3911,2025-03-20,Cliente 29,LA MOLINA,AMORTIGUADORES DELANTEROS,1,243.8,243.8,Vendedor 7
3912,2025-03-20,Cliente 7,SURCO,AMORTIGUADORES POSTERIORES,3,87.6,262.8,Vendedor 1
3913,2025-03-20,Cliente 42,SURCO,"LLANTAS 18""",3,59.5,178.5,Vendedor 4
3914,2025-03-20,Cliente 5,LA MOLINA,BATERÍA DE 18 PLACAS,2,102.3,204.6,Vendedor 5
3915,2025-03-21,Cliente 20,LA MOLINA,ACEITE DE MOTOR 5W30 FULL SINTÉTICO,4,130.0,520.0,Vendedor 1
3916,2025-03-21,Cliente 10,LA MOLINA,AMORTIGUADORES DELANTEROS,1,243.8,243.8,Vendedor 5
3917,2025-03-21,Cliente 8,LA MOLINA,AMORTIGUADORES POSTERIORES,4,87.6,350.4,Vendedor 1
3918,2025-03-21,Cliente 1,SURCO,"LLANTAS 18""",4,59.5,238.0,Vendedor 2
3919,2025-03-21,Cliente 30,SURCO,BATERÍA DE 18 PLACAS,1,102.3,102.3,Vendedor 10
3920,2025-03-22,Cliente 2,LA MOLINA,ACEITE DE MOTOR 5W30 FULL SINTÉTICO,2,130.0,260.0,Vendedor 10
3921,2025-03-22,Cliente 47,SURCO,AMORTIGUADORES DELANTEROS,4,243.8,975.2,Vendedor 3
3922,2025-03-22,Cliente 44,SURCO,"LLANTAS 18""",1,59.5,59.5,Vendedor 7
3923,2025-03-22,Cliente 32,SURCO,BATERÍA DE 18 PLACAS,1,102.3,102.3,Vendedor 7
3924,2025-03-23,Cliente 1,SURCO,AMORTIGUADORES DELANTEROS,3,243.8,731.4,Vendedor 10
3925,2025-03-23,Cliente 46,SURCO,"LLANTAS 18""",2,59.5,119.0,Vendedor 5
3926,2025-03-23,Cliente 13,LA MOLINA,BATERÍA DE 18 PLACAS,2,102.3,204.6,Vendedor 5
3927,2025-03-24,Cliente 13,LA MOLINA,AMORTIGUADORES DELANTEROS,1,243.8,243.8,Vendedor 4
3928,2025-03-24,Cliente 37,SURCO,"LLANTAS 18""",1,59.5,59.5,Vendedor 7
3929,2025-03-24,Cliente 15,SURCO,BATERÍA DE 18 PLACAS,1,102.3,102.3,Vendedor 1
3930,2025-03-25,Cliente 31,SURCO,"LLANTAS 18""",6,59.5,357.0,Vendedor 9
3931,2025-03-26,Cliente 21,SURCO,"LLANTAS 18""",1,59.5,59.5,Vendedor 6
3932,2025-04-01,Cliente 37,SURCO,AUTO HONDA ACCORD 2014,1,29500.0,29500.0,Vendedor 3
3933,2025-04-01,Cliente 45,SURCO,AUTO HONDA CIVIC 2014,1,23000.0,23000.0,Vendedor 7
3934,2025-04-01,Cliente 27,LA MOLINA,AUTO HONDA ODISSEY 2013,1,31500.0,31500.0,Vendedor 2
3935,2025-04-01,Cliente 34,SURCO,AUTO HONDA CRV 2014,1,27500.0,27500.0,Vendedor 2
3936,2025-04-01,Cliente 17,SURCO,AUTO HONDA PILOT 2013,1,29000.0,29000.0,Vendedor 9
3937,2025-04-01,Cliente 48,SURCO,AUTO HONDA FIT 2016,1,23500.0,23500.0,Vendedor 4
3938,2025-04-01,Cliente 32,SURCO,AUTO HONDA CITY 2016,1,33500.0,33500.0,Vendedor 2
3939,2025-04-01,Cliente 36,LA MOLINA,FILTRO DE COMBUSTIBLE,1,147.4,147.4,Vendedor 7
3940,2025-04-02,Cliente 45,LA MOLINA,AUTO HONDA ACCORD 2014,1,29500.0,29500.0,Vendedor 2
3941,2025-04-02,Cliente 41,SURCO,AUTO HONDA CIVIC 2014,1,23000.0,23000.0,Vendedor 8
3942,2025-04-02,Cliente 45,SURCO,AUTO HONDA CRV 2014,1,27500.0,27500.0,Vendedor 4
3943,2025-04-02,Cliente 33,SURCO,AUTO HONDA FIT 2016,1,23500.0,23500.0,Vendedor 2
3944,2025-04-02,Cliente 5,SURCO,FILTRO DE COMBUSTIBLE,1,147.4,147.4,Vendedor 5
3945,2025-04-03,Cliente 35,SURCO,AUTO HONDA ACCORD 2014,1,29500.0,29500.0,Vendedor 2
3946,2025-04-03,Cliente 2,SURCO,AUTO HONDA CIVIC 2014,1,23000.0,23000.0,Vendedor 1
3947,2025-04-03,Cliente 19,LA MOLINA,AUTO HONDA CRV 2014,1,27500.0,27500.0,Vendedor 2
3948,2025-04-03,Cliente 50,SURCO,ACEITE DE MOTOR 5W30 FULL SINTÉTICO,1,120.3,120.3,Vendedor 2
3949,2025-04-03,Cliente 17,SURCO,FILTRO DE COMBUSTIBLE,1,147.4,147.4,Vendedor 8
3950,2025-04-03,Cliente 23,LA MOLINA,AMORTIGUADORES DELANTEROS,1,256.1,256.1,Vendedor 7
3951,2025-04-03,Cliente 22,LA MOLINA,AMORTIGUADORES POSTERIORES,1,140.7,140.7,Vendedor 7
3952,2025-04-03,Cliente 20,SURCO,"LLANTAS 18""",2,71.8,143.6,Vendedor 7
3953,2025-04-03,Cliente 41,LA MOLINA,BATERÍA DE 18 PLACAS,1,101.0,101.0,Vendedor 10
3954,2025-04-04,Cliente 44,SURCO,AUTO HONDA ACCORD 2014,1,29500.0,29500.0,Vendedor 8
3955,2025-04-04,Cliente 32,SURCO,AUTO HONDA CIVIC 2014,1,23000.0,23000.0,Vendedor 6
3956,2025-04-04,Cliente 2,LA MOLINA,AUTO HONDA CRV 2014,1,27500.0,27500.0,Vendedor 5
3957,2025-04-04,Cliente 49,LA MOLINA,ACEITE DE MOTOR 5W30 FULL SINTÉTICO,2,120.3,240.6,Vendedor 9
3958,2025-04-04,Cliente 28,SURCO,FILTRO DE COMBUSTIBLE,1,147.4,147.4,Vendedor 10
3959,2025-04-04,Cliente 2,LA MOLINA,AMORTIGUADORES DELANTEROS,3,256.1,768.3,Vendedor 7
3960,2025-04-04,Cliente 49,LA MOLINA,AMORTIGUADORES POSTERIORES,1,140.7,140.7,Vendedor 2
3961,2025-04-04,Cliente 35,LA MOLINA,"LLANTAS 18""",2,71.8,143.6,Vendedor 2
3962,2025-04-04,Cliente 16,SURCO,BATERÍA DE 18 PLACAS,1,101.0,101.0,Vendedor 2
3963,2025-04-05,Cliente 25,LA MOLINA,AUTO HONDA ACCORD 2014,1,29500.0,29500.0,Vendedor 6
3964,2025-04-05,Cliente 39,LA MOLINA,AUTO HONDA CIVIC 2014,1,23000.0,23000.0,Vendedor 8
3965,2025-04-05,Cliente 20,LA MOLINA,ACEITE DE MOTOR 5W30 FULL SINTÉTICO,1,120.3,120.3,Vendedor 9
3966,2025-04-05,Cliente 14,LA MOLINA,FILTRO DE COMBUSTIBLE,1,147.4,147.4,Vendedor 10
3967,2025-04-05,Cliente 1,SURCO,AMORTIGUADORES DELANTEROS,4,256.1,1024.4,Vendedor 3
3968,2025-04-05,Cliente 33,SURCO,AMORTIGUADORES POSTERIORES,3,140.7,422.1,Vendedor 8
3969,2025-04-05,Cliente 30,SURCO,"LLANTAS 18""",1,71.8,71.8,Vendedor 5
3970,2025-04-05,Cliente 35,LA MOLINA,BATERÍA DE 18 PLACAS,1,101.0,101.0,Vendedor 1
3971,2025-04-06,Cliente 38,LA MOLINA,AUTO HONDA CIVIC 2014,1,23000.0,23000.0,Vendedor 2
3972,2025-04-06,Cliente 29,SURCO,ACEITE DE MOTOR 5W30 FULL SINTÉTICO,2,120.3,240.6,Vendedor 5
3973,2025-04-06,Cliente 3,SURCO,FILTRO DE COMBUSTIBLE,1,147.4,147.4,Vendedor 5
3974,2025-04-06,Cliente 8,LA MOLINA,AMORTIGUADORES DELANTEROS,3,256.1,768.3,Vendedor 3
3975,2025-04-06,Cliente 31,SURCO,AMORTIGUADORES POSTERIORES,1,140.7,140.7,Vendedor 8
3976,2025-04-06,Cliente 25,SURCO,"LLANTAS 18""",1,71.8,71.8,Vendedor 3
3977,2025-04-06,Cliente 20,SURCO,BATERÍA DE 18 PLACAS,2,101.0,202.0,Vendedor 3
3978,2025-04-07,Cliente 44,LA MOLINA,ACEITE DE MOTOR 5W30 FULL SINTÉTICO,1,120.3,120.3,Vendedor 10
3979,2025-04-07,Cliente 15,LA MOLINA,FILTRO DE COMBUSTIBLE,1,147.4,147.4,Vendedor 8
3980,2025-04-07,Cliente 11,SURCO,AMORTIGUADORES DELANTEROS,1,256.1,256.1,Vendedor 3
3981,2025-04-07,Cliente 29,SURCO,AMORTIGUADORES POSTERIORES,1,140.7,140.7,Vendedor 8
3982,2025-04-07,Cliente 2,LA MOLINA,"LLANTAS 18""",2,71.8,143.6,Vendedor 9
3983,2025-04-07,Cliente 27,SURCO,BATERÍA DE 18 PLACAS,2,101.0,202.0,Vendedor 8
3984,2025-04-08,Cliente 28,LA MOLINA,ACEITE DE MOTOR 5W30 FULL SINTÉTICO,1,120.3,120.3,Vendedor 9
3985,2025-04-08,Cliente 5,LA MOLINA,FILTRO DE COMBUSTIBLE,1,147.4,147.4,Vendedor 2
3986,2025-04-08,Cliente 43,LA MOLINA,AMORTIGUADORES DELANTEROS,1,256.1,256.1,Vendedor 6
3987,2025-04-08,Cliente 33,LA MOLINA,AMORTIGUADORES POSTERIORES,2,140.7,281.4,Vendedor 4
3988,2025-04-08,Cliente 2,SURCO,"LLANTAS 18""",1,71.8,71.8,Vendedor 3
3989,2025-04-08,Cliente 43,LA MOLINA,BATERÍA DE 18 PLACAS,1,101.0,101.0,Vendedor 4
3990,2025-04-09,Cliente 43,LA MOLINA,AUTO HONDA CIVIC 2014,1,23000.0,23000.0,Vendedor 9
3991,2025-04-09,Cliente 36,LA MOLINA,AUTO HONDA ODISSEY 2013,1,31500.0,31500.0,Vendedor 5
3992,2025-04-09,Cliente 5,LA MOLINA,AUTO HONDA CRV 2014,1,27500.0,27500.0,Vendedor 3
3993,2025-04-09,Cliente 8,SURCO,AUTO HONDA CITY 2016,1,33500.0,33500.0,Vendedor 9
3994,2025-04-09,Cliente 13,SURCO,ACEITE DE MOTOR 5W30 FULL SINTÉTICO,1,120.3,120.3,Vendedor 3
3995,2025-04-09,Cliente 9,LA MOLINA,FILTRO DE COMBUSTIBLE,1,147.4,147.4,Vendedor 7
3996,2025-04-09,Cliente 4,LA MOLINA,AMORTIGUADORES DELANTEROS,1,256.1,256.1,Vendedor 9
3997,2025-04-09,Cliente 34,SURCO,AMORTIGUADORES POSTERIORES,1,140.7,140.7,Vendedor 5
3998,2025-04-09,Cliente 20,SURCO,"LLANTAS 18""",3,71.8,215.4,Vendedor 3
3999,2025-04-09,Cliente 31,LA MOLINA,BATERÍA DE 18 PLACAS,2,101.0,202.0,Vendedor 4
4000,2025-04-10,Cliente 43,SURCO,AUTO HONDA CIVIC 2014,1,23000.0,23000.0,Vendedor 8
4001,2025-04-10,Cliente 31,LA MOLINA,AUTO HONDA ODISSEY 2013,1,31500.0,31500.0,Vendedor 4
4002,2025-04-10,Cliente 12,SURCO,AUTO HONDA CITY 2016,1,33500.0,33500.0,Vendedor 7
4003,2025-04-10,Cliente 43,SURCO,ACEITE DE MOTOR 5W30 FULL SINTÉTICO,1,120.3,120.3,Vendedor 3
4004,2025-04-10,Cliente 49,SURCO,FILTRO DE COMBUSTIBLE,1,147.4,147.4,Vendedor 2
4005,2025-04-10,Cliente 37,SURCO,AMORTIGUADORES DELANTEROS,4,256.1,1024.4,Vendedor 3
4006,2025-04-10,Cliente 41,LA MOLINA,AMORTIGUADORES POSTERIORES,1,140.7,140.7,Vendedor 6
4007,2025-04-10,Cliente 27,LA MOLINA,"LLANTAS 18""",1,71.8,71.8,Vendedor 1
4008,2025-04-11,Cliente 21,SURCO,AUTO HONDA ODISSEY 2013,1,31500.0,31500.0,Vendedor 7
4009,2025-04-11,Cliente 13,SURCO,AUTO HONDA CITY 2016,1,33500.0,33500.0,Vendedor 6
4010,2025-04-11,Cliente 39,LA MOLINA,ACEITE DE MOTOR 5W30 FULL SINTÉTICO,2,120.3,240.6,Vendedor 4
4011,2025-04-11,Cliente 31,SURCO,FILTRO DE COMBUSTIBLE,1,147.4,147.4,Vendedor 10
4012,2025-04-11,Cliente 42,LA MOLINA,AMORTIGUADORES DELANTEROS,1,256.1,256.1,Vendedor 3
4013,2025-04-11,Cliente 32,LA MOLINA,AMORTIGUADORES POSTERIORES,1,140.7,140.7,Vendedor 2
4014,2025-04-11,Cliente 27,SURCO,"LLANTAS 18""",2,71.8,143.6,Vendedor 2
4015,2025-04-12,Cliente 50,SURCO,AUTO HONDA CITY 2016,1,33500.0,33500.0,Vendedor 1
4016,2025-04-12,Cliente 26,LA MOLINA,ACEITE DE MOTOR 5W30 FULL SINTÉTICO,2,120.3,240.6,Vendedor 5
4017,2025-04-12,Cliente 42,LA MOLINA,FILTRO DE COMBUSTIBLE,1,147.4,147.4,Vendedor 6
4018,2025-04-12,Cliente 20,SURCO,AMORTIGUADORES DELANTEROS,1,256.1,256.1,Vendedor 8
4019,2025-04-12,Cliente 49,LA MOLINA,AMORTIGUADORES POSTERIORES,4,140.7,562.8,Vendedor 10
4020,2025-04-12,Cliente 31,SURCO,"LLANTAS 18""",3,71.8,215.4,Vendedor 6
4021,2025-04-13,Cliente 22,LA MOLINA,ACEITE DE MOTOR 5W30 FULL SINTÉTICO,1,120.3,120.3,Vendedor 9
4022,2025-04-13,Cliente 17,SURCO,FILTRO DE COMBUSTIBLE,1,147.4,147.4,Vendedor 5
4023,2025-04-13,Cliente 21,SURCO,AMORTIGUADORES POSTERIORES,3,140.7,422.1,Vendedor 6
4024,2025-04-13,Cliente 23,SURCO,"LLANTAS 18""",1,71.8,71.8,Vendedor 5
4025,2025-04-14,Cliente 18,SURCO,ACEITE DE MOTOR 5W30 FULL SINTÉTICO,2,120.3,240.6,Vendedor 5
4026,2025-04-14,Cliente 50,SURCO,AMORTIGUADORES POSTERIORES,1,140.7,140.7,Vendedor 10
4027,2025-04-14,Cliente 13,LA MOLINA,"LLANTAS 18""",2,71.8,143.6,Vendedor 6
4028,2025-04-15,Cliente 8,SURCO,ACEITE DE MOTOR 5W30 FULL SINTÉTICO,3,120.3,360.9,Vendedor 5
4029,2025-04-15,Cliente 12,LA MOLINA,"LLANTAS 18""",2,71.8,143.6,Vendedor 8
4030,2025-04-16,Cliente 35,LA MOLINA,"LLANTAS 18""",1,71.8,71.8,Vendedor 6
4031,2025-04-17,Cliente 17,SURCO,ACEITE DE MOTOR 5W30 FULL SINTÉTICO,2,120.3,240.6,Vendedor 2
4032,2025-04-17,Cliente 1,LA MOLINA,AMORTIGUADORES DELANTEROS,4,256.1,1024.4,Vendedor 2
4033,2025-04-17,Cliente 32,LA MOLINA,AMORTIGUADORES POSTERIORES,2,140.7,281.4,Vendedor 8
4034,2025-04-17,Cliente 13,LA MOLINA,"LLANTAS 18""",3,71.8,215.4,Vendedor 5
4035,2025-04-17,Cliente 41,LA MOLINA,BATERÍA DE 18 PLACAS,1,101.0,101.0,Vendedor 8
4036,2025-04-18,Cliente 31,SURCO,ACEITE DE MOTOR 5W30 FULL SINTÉTICO,3,120.3,360.9,Vendedor 7
4037,2025-04-18,Cliente 8,LA MOLINA,AMORTIGUADORES DELANTEROS,4,256.1,1024.4,Vendedor 3
4038,2025-04-18,Cliente 24,SURCO,AMORTIGUADORES POSTERIORES,2,140.7,281.4,Vendedor 1
4039,2025-04-18,Cliente 18,SURCO,"LLANTAS 18""",1,71.8,71.8,Vendedor 2
4040,2025-04-18,Cliente 9,LA MOLINA,BATERÍA DE 18 PLACAS,3,101.0,303.0,Vendedor 2
4041,2025-04-19,Cliente 14,LA MOLINA,ACEITE DE MOTOR 5W30 FULL SINTÉTICO,3,120.3,360.9,Vendedor 1
4042,2025-04-19,Cliente 1,SURCO,AMORTIGUADORES DELANTEROS,6,256.1,1536.6,Vendedor 2
4043,2025-04-19,Cliente 19,LA MOLINA,AMORTIGUADORES POSTERIORES,3,140.7,422.1,Vendedor 7
4044,2025-04-19,Cliente 15,SURCO,"LLANTAS 18""",2,71.8,143.6,Vendedor 10
4045,2025-04-19,Cliente 36,LA MOLINA,BATERÍA DE 18 PLACAS,1,101.0,101.0,Vendedor 6
4046,2025-04-20,Cliente 2,SURCO,ACEITE DE MOTOR 5W30 FULL SINTÉTICO,1,120.3,120.3,Vendedor 9
4047,2025-04-20,Cliente 11,SURCO,AMORTIGUADORES DELANTEROS,4,256.1,1024.4,Vendedor 7
4048,2025-04-20,Cliente 11,SURCO,AMORTIGUADORES POSTERIORES,2,140.7,281.4,Vendedor 2
4049,2025-04-20,Cliente 32,LA MOLINA,"LLANTAS 18""",4,71.8,287.2,Vendedor 2
4050,2025-04-20,Cliente 27,SURCO,BATERÍA DE 18 PLACAS,1,101.0,101.0,Vendedor 4
4051,2025-04-21,Cliente 40,LA MOLINA,ACEITE DE MOTOR 5W30 FULL SINTÉTICO,2,120.3,240.6,Vendedor 3
4052,2025-04-21,Cliente 18,LA MOLINA,AMORTIGUADORES DELANTEROS,2,256.1,512.2,Vendedor 2
4053,2025-04-21,Cliente 43,SURCO,AMORTIGUADORES POSTERIORES,1,140.7,140.7,Vendedor 5
4054,2025-04-21,Cliente 29,SURCO,"LLANTAS 18""",4,71.8,287.2,Vendedor 4
4055,2025-04-21,Cliente 6,SURCO,BATERÍA DE 18 PLACAS,1,101.0,101.0,Vendedor 7
4056,2025-04-22,Cliente 10,LA MOLINA,ACEITE DE MOTOR 5W30 FULL SINTÉTICO,4,120.3,481.2,Vendedor 7
4057,2025-04-22,Cliente 14,LA MOLINA,AMORTIGUADORES POSTERIORES,1,140.7,140.7,Vendedor 8
4058,2025-04-22,Cliente 21,SURCO,"LLANTAS 18""",3,71.8,215.4,Vendedor 1
4059,2025-04-22,Cliente 29,SURCO,BATERÍA DE 18 PLACAS,3,101.0,303.0,Vendedor 10
4060,2025-04-23,Cliente 10,LA MOLINA,ACEITE DE MOTOR 5W30 FULL SINTÉTICO,1,120.3,120.3,Vendedor 2
4061,2025-04-23,Cliente 11,LA MOLINA,AMORTIGUADORES POSTERIORES,7,140.7,984.9,Vendedor 7
4062,2025-04-24,Cliente 26,SURCO,ACEITE DE MOTOR 5W30 FULL SINTÉTICO,1,120.3,120.3,Vendedor 5
4063,2025-04-24,Cliente 15,LA MOLINA,AMORTIGUADORES POSTERIORES,3,140.7,422.1,Vendedor 7
4064,2025-04-25,Cliente 29,SURCO,AMORTIGUADORES POSTERIORES,4,140.7,562.8,Vendedor 1
4065,2025-04-26,Cliente 32,SURCO,AMORTIGUADORES POSTERIORES,1,140.7,140.7,Vendedor 7
4066,2025-05-01,Cliente 34,SURCO,AUTO HONDA ACCORD 2014,1,30500.0,30500.0,Vendedor 5
4067,2025-05-01,Cliente 10,LA MOLINA,AUTO HONDA CIVIC 2014,1,23000.0,23000.0,Vendedor 5
4068,2025-05-01,Cliente 28,SURCO,AUTO HONDA ODISSEY 2013,1,27500.0,27500.0,Vendedor 5
4069,2025-05-01,Cliente 15,SURCO,AUTO HONDA CRV 2014,1,18500.0,18500.0,Vendedor 7
4070,2025-05-01,Cliente 11,SURCO,AUTO HONDA PILOT 2013,1,24000.0,24000.0,Vendedor 9
4071,2025-05-01,Cliente 15,SURCO,AUTO HONDA FIT 2016,1,25500.0,25500.0,Vendedor 2
4072,2025-05-01,Cliente 19,SURCO,FILTRO DE COMBUSTIBLE,1,102.4,102.4,Vendedor 9
4073,2025-05-02,Cliente 2,LA MOLINA,AUTO HONDA CIVIC 2014,1,23000.0,23000.0,Vendedor 4
4074,2025-05-02,Cliente 5,SURCO,AUTO HONDA ODISSEY 2013,1,27500.0,27500.0,Vendedor 2
4075,2025-05-02,Cliente 12,LA MOLINA,AUTO HONDA CRV 2014,1,18500.0,18500.0,Vendedor 9
4076,2025-05-02,Cliente 50,SURCO,AUTO HONDA PILOT 2013,1,24000.0,24000.0,Vendedor 8
4077,2025-05-02,Cliente 47,SURCO,AUTO HONDA FIT 2016,1,25500.0,25500.0,Vendedor 3
4078,2025-05-02,Cliente 16,SURCO,FILTRO DE COMBUSTIBLE,1,102.4,102.4,Vendedor 1
4079,2025-05-03,Cliente 33,SURCO,AUTO HONDA ODISSEY 2013,1,27500.0,27500.0,Vendedor 9
4080,2025-05-03,Cliente 26,SURCO,AUTO HONDA PILOT 2013,1,24000.0,24000.0,Vendedor 3
4081,2025-05-03,Cliente 4,SURCO,AUTO HONDA FIT 2016,1,25500.0,25500.0,Vendedor 8
4082,2025-05-03,Cliente 16,SURCO,ACEITE DE MOTOR 5W30 FULL SINTÉTICO,2,91.4,182.8,Vendedor 10
4083,2025-05-03,Cliente 37,LA MOLINA,FILTRO DE COMBUSTIBLE,1,102.4,102.4,Vendedor 5
4084,2025-05-03,Cliente 30,SURCO,AMORTIGUADORES DELANTEROS,2,300.5,601.0,Vendedor 3
4085,2025-05-03,Cliente 11,SURCO,AMORTIGUADORES POSTERIORES,1,99.1,99.1,Vendedor 10
4086,2025-05-03,Cliente 25,SURCO,"LLANTAS 18""",1,67.9,67.9,Vendedor 3
4087,2025-05-03,Cliente 19,SURCO,BATERÍA DE 18 PLACAS,1,90.6,90.6,Vendedor 8
4088,2025-05-04,Cliente 44,LA MOLINA,AUTO HONDA ODISSEY 2013,1,27500.0,27500.0,Vendedor 7
4089,2025-05-04,Cliente 42,LA MOLINA,ACEITE DE MOTOR 5W30 FULL SINTÉTICO,4,91.4,365.6,Vendedor 9
4090,2025-05-04,Cliente 39,LA MOLINA,FILTRO DE COMBUSTIBLE,1,102.4,102.4,Vendedor 10
4091,2025-05-04,Cliente 34,LA MOLINA,AMORTIGUADORES DELANTEROS,2,300.5,601.0,Vendedor 7
4092,2025-05-04,Cliente 9,LA MOLINA,AMORTIGUADORES POSTERIORES,1,99.1,99.1,Vendedor 1
4093,2025-05-04,Cliente 39,SURCO,"LLANTAS 18""",2,67.9,135.8,Vendedor 6
4094,2025-05-04,Cliente 8,LA MOLINA,BATERÍA DE 18 PLACAS,1,90.6,90.6,Vendedor 10
4095,2025-05-05,Cliente 25,LA MOLINA,AUTO HONDA ODISSEY 2013,1,27500.0,27500.0,Vendedor 7
4096,2025-05-05,Cliente 2,LA MOLINA,ACEITE DE MOTOR 5W30 FULL SINTÉTICO,3,91.4,274.2,Vendedor 6
4097,2025-05-05,Cliente 13,LA MOLINA,FILTRO DE COMBUSTIBLE,1,102.4,102.4,Vendedor 1
4098,2025-05-05,Cliente 50,LA MOLINA,AMORTIGUADORES DELANTEROS,1,300.5,300.5,Vendedor 3
4099,2025-05-05,Cliente 42,SURCO,AMORTIGUADORES POSTERIORES,2,99.1,198.2,Vendedor 5
4100,2025-05-05,Cliente 10,SURCO,"LLANTAS 18""",4,67.9,271.6,Vendedor 1
4101,2025-05-05,Cliente 29,SURCO,BATERÍA DE 18 PLACAS,1,90.6,90.6,Vendedor 5
4102,2025-05-06,Cliente 26,SURCO,AUTO HONDA ODISSEY 2013,1,27500.0,27500.0,Vendedor 8
4103,2025-05-06,Cliente 14,LA MOLINA,ACEITE DE MOTOR 5W30 FULL SINTÉTICO,3,91.4,274.2,Vendedor 8
4104,2025-05-06,Cliente 27,SURCO,FILTRO DE COMBUSTIBLE,1,102.4,102.4,Vendedor 1
4105,2025-05-06,Cliente 41,SURCO,AMORTIGUADORES DELANTEROS,1,300.5,300.5,Vendedor 2
4106,2025-05-06,Cliente 4,LA MOLINA,AMORTIGUADORES POSTERIORES,2,99.1,198.2,Vendedor 6
4107,2025-05-06,Cliente 42,LA MOLINA,"LLANTAS 18""",4,67.9,271.6,Vendedor 7
4108,2025-05-06,Cliente 39,SURCO,BATERÍA DE 18 PLACAS,1,90.6,90.6,Vendedor 5
4109,2025-05-07,Cliente 3,SURCO,ACEITE DE MOTOR 5W30 FULL SINTÉTICO,3,91.4,274.2,Vendedor 8
4110,2025-05-07,Cliente 23,SURCO,FILTRO DE COMBUSTIBLE,1,102.4,102.4,Vendedor 6
4111,2025-05-07,Cliente 33,LA MOLINA,AMORTIGUADORES DELANTEROS,1,300.5,300.5,Vendedor 3
4112,2025-05-07,Cliente 10,SURCO,AMORTIGUADORES POSTERIORES,1,99.1,99.1,Vendedor 9
4113,2025-05-07,Cliente 2,SURCO,"LLANTAS 18""",3,67.9,203.7,Vendedor 9
4114,2025-05-07,Cliente 2,LA MOLINA,BATERÍA DE 18 PLACAS,1,90.6,90.6,Vendedor 8
4115,2025-05-08,Cliente 40,SURCO,ACEITE DE MOTOR 5W30 FULL SINTÉTICO,4,91.4,365.6,Vendedor 8
4116,2025-05-08,Cliente 40,LA MOLINA,FILTRO DE COMBUSTIBLE,1,102.4,102.4,Vendedor 6
4117,2025-05-08,Cliente 4,LA MOLINA,AMORTIGUADORES DELANTEROS,2,300.5,601.0,Vendedor 9
4118,2025-05-08,Cliente 29,SURCO,AMORTIGUADORES POSTERIORES,3,99.1,297.3,Vendedor 8
4119,2025-05-08,Cliente 43,LA MOLINA,"LLANTAS 18""",4,67.9,271.6,Vendedor 9
4120,2025-05-08,Cliente 25,SURCO,BATERÍA DE 18 PLACAS,1,90.6,90.6,Vendedor 6
4121,2025-05-09,Cliente 10,SURCO,ACEITE DE MOTOR 5W30 FULL SINTÉTICO,1,91.4,91.4,Vendedor 3
4122,2025-05-09,Cliente 6,SURCO,FILTRO DE COMBUSTIBLE,1,102.4,102.4,Vendedor 10
4123,2025-05-09,Cliente 26,LA MOLINA,AMORTIGUADORES DELANTEROS,2,300.5,601.0,Vendedor 4
4124,2025-05-09,Cliente 20,SURCO,AMORTIGUADORES POSTERIORES,1,99.1,99.1,Vendedor 1
4125,2025-05-09,Cliente 27,LA MOLINA,"LLANTAS 18""",2,67.9,135.8,Vendedor 10
4126,2025-05-09,Cliente 10,LA MOLINA,BATERÍA DE 18 PLACAS,1,90.6,90.6,Vendedor 7
4127,2025-05-10,Cliente 14,LA MOLINA,AUTO HONDA CIVIC 2014,1,23000.0,23000.0,Vendedor 1
4128,2025-05-10,Cliente 11,SURCO,AUTO HONDA FIT 2016,1,25500.0,25500.0,Vendedor 1
4129,2025-05-10,Cliente 47,SURCO,AUTO HONDA CITY 2016,1,33500.0,33500.0,Vendedor 8
4130,2025-05-10,Cliente 30,SURCO,FILTRO DE COMBUSTIBLE,1,102.4,102.4,Vendedor 3
4131,2025-05-10,Cliente 8,LA MOLINA,AMORTIGUADORES DELANTEROS,3,300.5,901.5,Vendedor 2
4132,2025-05-10,Cliente 22,LA MOLINA,AMORTIGUADORES POSTERIORES,3,99.1,297.3,Vendedor 10
4133,2025-05-10,Cliente 37,LA MOLINA,BATERÍA DE 18 PLACAS,2,90.6,181.2,Vendedor 9
4134,2025-05-11,Cliente 41,SURCO,AUTO HONDA FIT 2016,1,25500.0,25500.0,Vendedor 6
4135,2025-05-11,Cliente 43,SURCO,AUTO HONDA CITY 2016,1,33500.0,33500.0,Vendedor 10
4136,2025-05-11,Cliente 15,SURCO,AMORTIGUADORES DELANTEROS,3,300.5,901.5,Vendedor 1
4137,2025-05-11,Cliente 18,LA MOLINA,AMORTIGUADORES POSTERIORES,2,99.1,198.2,Vendedor 6
4138,2025-05-11,Cliente 4,SURCO,BATERÍA DE 18 PLACAS,1,90.6,90.6,Vendedor 10
4139,2025-05-12,Cliente 17,SURCO,AUTO HONDA CITY 2016,1,33500.0,33500.0,Vendedor 2
4140,2025-05-12,Cliente 15,SURCO,AMORTIGUADORES DELANTEROS,3,300.5,901.5,Vendedor 4
4141,2025-05-12,Cliente 7,SURCO,AMORTIGUADORES POSTERIORES,2,99.1,198.2,Vendedor 9
4142,2025-05-13,Cliente 27,SURCO,AUTO HONDA CITY 2016,1,33500.0,33500.0,Vendedor 10
4143,2025-05-13,Cliente 16,SURCO,AMORTIGUADORES DELANTEROS,1,300.5,300.5,Vendedor 3
4144,2025-05-13,Cliente 43,LA MOLINA,AMORTIGUADORES POSTERIORES,2,99.1,198.2,Vendedor 2
4145,2025-05-14,Cliente 26,SURCO,AUTO HONDA CITY 2016,1,33500.0,33500.0,Vendedor 7
4146,2025-05-14,Cliente 2,LA MOLINA,AMORTIGUADORES DELANTEROS,2,300.5,601.0,Vendedor 6
4147,2025-05-15,Cliente 26,LA MOLINA,AMORTIGUADORES DELANTEROS,2,300.5,601.0,Vendedor 7
4148,2025-05-16,Cliente 11,LA MOLINA,AMORTIGUADORES DELANTEROS,1,300.5,300.5,Vendedor 10
4149,2025-05-17,Cliente 6,SURCO,ACEITE DE MOTOR 5W30 FULL SINTÉTICO,1,91.4,91.4,Vendedor 2
4150,2025-05-17,Cliente 10,SURCO,AMORTIGUADORES DELANTEROS,3,300.5,901.5,Vendedor 9
4151,2025-05-17,Cliente 6,LA MOLINA,AMORTIGUADORES POSTERIORES,2,99.1,198.2,Vendedor 3
4152,2025-05-17,Cliente 31,SURCO,"LLANTAS 18""",1,67.9,67.9,Vendedor 3
4153,2025-05-17,Cliente 19,SURCO,BATERÍA DE 18 PLACAS,1,90.6,90.6,Vendedor 6
4154,2025-05-18,Cliente 43,LA MOLINA,ACEITE DE MOTOR 5W30 FULL SINTÉTICO,6,91.4,548.4,Vendedor 10
4155,2025-05-18,Cliente 11,SURCO,AMORTIGUADORES DELANTEROS,1,300.5,300.5,Vendedor 5
4156,2025-05-18,Cliente 3,SURCO,AMORTIGUADORES POSTERIORES,3,99.1,297.3,Vendedor 10
4157,2025-05-18,Cliente 40,SURCO,"LLANTAS 18""",1,67.9,67.9,Vendedor 1
4158,2025-05-18,Cliente 26,SURCO,BATERÍA DE 18 PLACAS,1,90.6,90.6,Vendedor 8
4159,2025-05-19,Cliente 38,LA MOLINA,ACEITE DE MOTOR 5W30 FULL SINTÉTICO,1,91.4,91.4,Vendedor 5
4160,2025-05-19,Cliente 40,SURCO,AMORTIGUADORES DELANTEROS,3,300.5,901.5,Vendedor 5
4161,2025-05-19,Cliente 30,SURCO,AMORTIGUADORES POSTERIORES,2,99.1,198.2,Vendedor 10
4162,2025-05-19,Cliente 11,LA MOLINA,"LLANTAS 18""",7,67.9,475.3,Vendedor 9
4163,2025-05-19,Cliente 39,LA MOLINA,BATERÍA DE 18 PLACAS,1,90.6,90.6,Vendedor 4
4164,2025-05-20,Cliente 26,SURCO,ACEITE DE MOTOR 5W30 FULL SINTÉTICO,5,91.4,457.0,Vendedor 6
4165,2025-05-20,Cliente 45,SURCO,AMORTIGUADORES DELANTEROS,3,300.5,901.5,Vendedor 8
4166,2025-05-20,Cliente 33,LA MOLINA,AMORTIGUADORES POSTERIORES,4,99.1,396.4,Vendedor 5
4167,2025-05-20,Cliente 27,LA MOLINA,"LLANTAS 18""",3,67.9,203.7,Vendedor 4
4168,2025-05-20,Cliente 14,LA MOLINA,BATERÍA DE 18 PLACAS,2,90.6,181.2,Vendedor 4
4169,2025-05-21,Cliente 46,SURCO,ACEITE DE MOTOR 5W30 FULL SINTÉTICO,4,91.4,365.6,Vendedor 3
4170,2025-05-21,Cliente 4,LA MOLINA,AMORTIGUADORES DELANTEROS,1,300.5,300.5,Vendedor 10
4171,2025-05-21,Cliente 7,SURCO,AMORTIGUADORES POSTERIORES,1,99.1,99.1,Vendedor 8
4172,2025-05-21,Cliente 47,SURCO,"LLANTAS 18""",2,67.9,135.8,Vendedor 2
4173,2025-05-21,Cliente 45,LA MOLINA,BATERÍA DE 18 PLACAS,2,90.6,181.2,Vendedor 6
4174,2025-05-22,Cliente 28,LA MOLINA,ACEITE DE MOTOR 5W30 FULL SINTÉTICO,3,91.4,274.2,Vendedor 7
4175,2025-05-22,Cliente 46,LA MOLINA,AMORTIGUADORES DELANTEROS,1,300.5,300.5,Vendedor 4
4176,2025-05-22,Cliente 24,SURCO,AMORTIGUADORES POSTERIORES,4,99.1,396.4,Vendedor 3
4177,2025-05-22,Cliente 23,SURCO,"LLANTAS 18""",4,67.9,271.6,Vendedor 2
4178,2025-05-22,Cliente 17,SURCO,BATERÍA DE 18 PLACAS,1,90.6,90.6,Vendedor 7
4179,2025-05-23,Cliente 43,LA MOLINA,AMORTIGUADORES DELANTEROS,4,300.5,1202.0,Vendedor 7
4180,2025-05-23,Cliente 9,LA MOLINA,AMORTIGUADORES POSTERIORES,3,99.1,297.3,Vendedor 6
4181,2025-05-23,Cliente 49,SURCO,"LLANTAS 18""",2,67.9,135.8,Vendedor 10
4182,2025-05-23,Cliente 11,SURCO,BATERÍA DE 18 PLACAS,2,90.6,181.2,Vendedor 5
4183,2025-05-24,Cliente 22,LA MOLINA,AMORTIGUADORES DELANTEROS,1,300.5,300.5,Vendedor 3
4184,2025-05-24,Cliente 16,LA MOLINA,AMORTIGUADORES POSTERIORES,1,99.1,99.1,Vendedor 9
4185,2025-05-25,Cliente 50,LA MOLINA,AMORTIGUADORES POSTERIORES,4,99.1,396.4,Vendedor 1
4186,2025-05-26,Cliente 1,LA MOLINA,AMORTIGUADORES POSTERIORES,3,99.1,297.3,Vendedor 2
4187,2025-05-27,Cliente 44,LA MOLINA,AMORTIGUADORES POSTERIORES,2,99.1,198.2,Vendedor 9
4188,2025-05-28,Cliente 28,LA MOLINA,AMORTIGUADORES POSTERIORES,1,99.1,99.1,Vendedor 1
4189,2025-06-01,Cliente 26,LA MOLINA,AUTO HONDA ACCORD 2014,1,24000.0,24000.0,Vendedor 5
4190,2025-06-01,Cliente 34,SURCO,AUTO HONDA CIVIC 2014,1,23500.0,23500.0,Vendedor 4
4191,2025-06-01,Cliente 15,SURCO,AUTO HONDA ODISSEY 2013,1,22500.0,22500.0,Vendedor 8
4192,2025-06-01,Cliente 26,SURCO,AUTO HONDA CRV 2014,1,18500.0,18500.0,Vendedor 1
4193,2025-06-01,Cliente 4,SURCO,AUTO HONDA PILOT 2013,1,24000.0,24000.0,Vendedor 2
4194,2025-06-01,Cliente 2,LA MOLINA,FILTRO DE COMBUSTIBLE,1,113.4,113.4,Vendedor 9
4195,2025-06-02,Cliente 35,LA MOLINA,AUTO HONDA ODISSEY 2013,1,22500.0,22500.0,Vendedor 9
4196,2025-06-02,Cliente 50,LA MOLINA,AUTO HONDA CRV 2014,1,18500.0,18500.0,Vendedor 2
4197,2025-06-02,Cliente 25,SURCO,AUTO HONDA PILOT 2013,1,24000.0,24000.0,Vendedor 9
4198,2025-06-02,Cliente 12,LA MOLINA,FILTRO DE COMBUSTIBLE,1,113.4,113.4,Vendedor 9
4199,2025-06-03,Cliente 6,LA MOLINA,AUTO HONDA ODISSEY 2013,1,22500.0,22500.0,Vendedor 6
4200,2025-06-03,Cliente 31,SURCO,AUTO HONDA CRV 2014,1,18500.0,18500.0,Vendedor 1
4201,2025-06-03,Cliente 48,SURCO,ACEITE DE MOTOR 5W30 FULL SINTÉTICO,1,120.7,120.7,Vendedor 5
4202,2025-06-03,Cliente 43,SURCO,FILTRO DE COMBUSTIBLE,1,113.4,113.4,Vendedor 5
4203,2025-06-03,Cliente 11,LA MOLINA,AMORTIGUADORES DELANTEROS,3,259.3,777.9,Vendedor 7
4204,2025-06-03,Cliente 24,SURCO,AMORTIGUADORES POSTERIORES,2,112.5,225.0,Vendedor 2
4205,2025-06-03,Cliente 35,LA MOLINA,"LLANTAS 18""",2,70.7,141.4,Vendedor 9
4206,2025-06-03,Cliente 5,SURCO,BATERÍA DE 18 PLACAS,1,93.2,93.2,Vendedor 3
4207,2025-06-04,Cliente 1,LA MOLINA,AUTO HONDA ODISSEY 2013,1,22500.0,22500.0,Vendedor 4
4208,2025-06-04,Cliente 12,LA MOLINA,ACEITE DE MOTOR 5W30 FULL SINTÉTICO,1,120.7,120.7,Vendedor 2
4209,2025-06-04,Cliente 22,LA MOLINA,FILTRO DE COMBUSTIBLE,1,113.4,113.4,Vendedor 2
4210,2025-06-04,Cliente 31,SURCO,AMORTIGUADORES DELANTEROS,4,259.3,1037.2,Vendedor 10
4211,2025-06-04,Cliente 23,SURCO,AMORTIGUADORES POSTERIORES,3,112.5,337.5,Vendedor 2
4212,2025-06-04,Cliente 25,SURCO,"LLANTAS 18""",2,70.7,141.4,Vendedor 4
4213,2025-06-04,Cliente 47,LA MOLINA,BATERÍA DE 18 PLACAS,1,93.2,93.2,Vendedor 1
4214,2025-06-05,Cliente 5,SURCO,ACEITE DE MOTOR 5W30 FULL SINTÉTICO,3,120.7,362.1,Vendedor 3
4215,2025-06-05,Cliente 22,SURCO,FILTRO DE COMBUSTIBLE,1,113.4,113.4,Vendedor 3
4216,2025-06-05,Cliente 49,LA MOLINA,AMORTIGUADORES DELANTEROS,2,259.3,518.6,Vendedor 6
4217,2025-06-05,Cliente 25,LA MOLINA,AMORTIGUADORES POSTERIORES,1,112.5,112.5,Vendedor 7
4218,2025-06-05,Cliente 14,LA MOLINA,"LLANTAS 18""",1,70.7,70.7,Vendedor 3
4219,2025-06-05,Cliente 40,SURCO,BATERÍA DE 18 PLACAS,1,93.2,93.2,Vendedor 8
4220,2025-06-06,Cliente 48,SURCO,ACEITE DE MOTOR 5W30 FULL SINTÉTICO,3,120.7,362.1,Vendedor 4
4221,2025-06-06,Cliente 36,LA MOLINA,FILTRO DE COMBUSTIBLE,1,113.4,113.4,Vendedor 8
4222,2025-06-06,Cliente 42,LA MOLINA,AMORTIGUADORES DELANTEROS,4,259.3,1037.2,Vendedor 6
4223,2025-06-06,Cliente 3,SURCO,AMORTIGUADORES POSTERIORES,2,112.5,225.0,Vendedor 8
4224,2025-06-06,Cliente 37,SURCO,"LLANTAS 18""",1,70.7,70.7,Vendedor 6
4225,2025-06-06,Cliente 43,SURCO,BATERÍA DE 18 PLACAS,1,93.2,93.2,Vendedor 6
4226,2025-06-07,Cliente 48,LA MOLINA,ACEITE DE MOTOR 5W30 FULL SINTÉTICO,3,120.7,362.1,Vendedor 1
4227,2025-06-07,Cliente 30,LA MOLINA,FILTRO DE COMBUSTIBLE,1,113.4,113.4,Vendedor 2
4228,2025-06-07,Cliente 39,SURCO,AMORTIGUADORES DELANTEROS,2,259.3,518.6,Vendedor 9
4229,2025-06-07,Cliente 38,SURCO,AMORTIGUADORES POSTERIORES,3,112.5,337.5,Vendedor 3
4230,2025-06-07,Cliente 36,LA MOLINA,"LLANTAS 18""",2,70.7,141.4,Vendedor 9
4231,2025-06-07,Cliente 8,LA MOLINA,BATERÍA DE 18 PLACAS,1,93.2,93.2,Vendedor 10
4232,2025-06-08,Cliente 16,LA MOLINA,ACEITE DE MOTOR 5W30 FULL SINTÉTICO,1,120.7,120.7,Vendedor 5
4233,2025-06-08,Cliente 19,LA MOLINA,FILTRO DE COMBUSTIBLE,1,113.4,113.4,Vendedor 1
4234,2025-06-08,Cliente 20,SURCO,AMORTIGUADORES DELANTEROS,1,259.3,259.3,Vendedor 3
4235,2025-06-08,Cliente 10,LA MOLINA,AMORTIGUADORES POSTERIORES,3,112.5,337.5,Vendedor 5
4236,2025-06-08,Cliente 5,LA MOLINA,"LLANTAS 18""",2,70.7,141.4,Vendedor 9
4237,2025-06-08,Cliente 5,LA MOLINA,BATERÍA DE 18 PLACAS,1,93.2,93.2,Vendedor 8
4238,2025-06-09,Cliente 48,LA MOLINA,AUTO HONDA ODISSEY 2013,1,22500.0,22500.0,Vendedor 5
4239,2025-06-09,Cliente 2,SURCO,AUTO HONDA PILOT 2013,1,24000.0,24000.0,Vendedor 1
4240,2025-06-09,Cliente 21,SURCO,AUTO HONDA FIT 2016,1,28500.0,28500.0,Vendedor 3
4241,2025-06-09,Cliente 9,SURCO,AUTO HONDA CITY 2016,1,28500.0,28500.0,Vendedor 9
4242,2025-06-09,Cliente 8,LA MOLINA,ACEITE DE MOTOR 5W30 FULL SINTÉTICO,1,120.7,120.7,Vendedor 2
4243,2025-06-09,Cliente 50,LA MOLINA,FILTRO DE COMBUSTIBLE,1,113.4,113.4,Vendedor 6
4244,2025-06-09,Cliente 12,SURCO,AMORTIGUADORES DELANTEROS,3,259.3,777.9,Vendedor 10
4245,2025-06-09,Cliente 15,LA MOLINA,AMORTIGUADORES POSTERIORES,2,112.5,225.0,Vendedor 1
4246,2025-06-09,Cliente 49,LA MOLINA,"LLANTAS 18""",2,70.7,141.4,Vendedor 9
4247,2025-06-09,Cliente 46,SURCO,BATERÍA DE 18 PLACAS,1,93.2,93.2,Vendedor 9
4248,2025-06-10,Cliente 36,LA MOLINA,AUTO HONDA ODISSEY 2013,1,22500.0,22500.0,Vendedor 5
4249,2025-06-10,Cliente 26,SURCO,AUTO HONDA PILOT 2013,1,24000.0,24000.0,Vendedor 1
4250,2025-06-10,Cliente 27,SURCO,AUTO HONDA FIT 2016,1,28500.0,28500.0,Vendedor 2
4251,2025-06-10,Cliente 48,LA MOLINA,ACEITE DE MOTOR 5W30 FULL SINTÉTICO,3,120.7,362.1,Vendedor 1
4252,2025-06-10,Cliente 5,SURCO,FILTRO DE COMBUSTIBLE,1,113.4,113.4,Vendedor 2
4253,2025-06-10,Cliente 7,LA MOLINA,AMORTIGUADORES DELANTEROS,1,259.3,259.3,Vendedor 8
4254,2025-06-10,Cliente 24,LA MOLINA,AMORTIGUADORES POSTERIORES,1,112.5,112.5,Vendedor 7
4255,2025-06-10,Cliente 17,SURCO,"LLANTAS 18""",3,70.7,212.1,Vendedor 3
4256,2025-06-10,Cliente 6,SURCO,BATERÍA DE 18 PLACAS,1,93.2,93.2,Vendedor 6
4257,2025-06-11,Cliente 12,SURCO,AUTO HONDA PILOT 2013,1,24000.0,24000.0,Vendedor 10
4258,2025-06-11,Cliente 41,SURCO,AUTO HONDA FIT 2016,1,28500.0,28500.0,Vendedor 1
4259,2025-06-11,Cliente 47,SURCO,ACEITE DE MOTOR 5W30 FULL SINTÉTICO,3,120.7,362.1,Vendedor 3
4260,2025-06-11,Cliente 48,SURCO,FILTRO DE COMBUSTIBLE,1,113.4,113.4,Vendedor 9
4261,2025-06-11,Cliente 44,LA MOLINA,AMORTIGUADORES POSTERIORES,3,112.5,337.5,Vendedor 9
4262,2025-06-11,Cliente 32,SURCO,"LLANTAS 18""",2,70.7,141.4,Vendedor 9
4263,2025-06-11,Cliente 4,LA MOLINA,BATERÍA DE 18 PLACAS,1,93.2,93.2,Vendedor 7
4264,2025-06-12,Cliente 13,LA MOLINA,ACEITE DE MOTOR 5W30 FULL SINTÉTICO,1,120.7,120.7,Vendedor 9
4265,2025-06-12,Cliente 23,LA MOLINA,FILTRO DE COMBUSTIBLE,1,113.4,113.4,Vendedor 3
4266,2025-06-12,Cliente 18,LA MOLINA,"LLANTAS 18""",1,70.7,70.7,Vendedor 4
4267,2025-06-12,Cliente 46,LA MOLINA,BATERÍA DE 18 PLACAS,1,93.2,93.2,Vendedor 7
4268,2025-06-13,Cliente 1,LA MOLINA,FILTRO DE COMBUSTIBLE,1,113.4,113.4,Vendedor 2
4269,2025-06-13,Cliente 45,SURCO,"LLANTAS 18""",2,70.7,141.4,Vendedor 3
4270,2025-06-17,Cliente 9,LA MOLINA,ACEITE DE MOTOR 5W30 FULL SINTÉTICO,6,120.7,724.2,Vendedor 4
4271,2025-06-17,Cliente 37,SURCO,AMORTIGUADORES DELANTEROS,3,259.3,777.9,Vendedor 1
4272,2025-06-17,Cliente 45,SURCO,AMORTIGUADORES POSTERIORES,4,112.5,450.0,Vendedor 1
4273,2025-06-17,Cliente 22,SURCO,"LLANTAS 18""",4,70.7,282.8,Vendedor 4
4274,2025-06-17,Cliente 10,LA MOLINA,BATERÍA DE 18 PLACAS,1,93.2,93.2,Vendedor 3
4275,2025-06-18,Cliente 24,SURCO,ACEITE DE MOTOR 5W30 FULL SINTÉTICO,6,120.7,724.2,Vendedor 6
4276,2025-06-18,Cliente 43,LA MOLINA,AMORTIGUADORES DELANTEROS,7,259.3,1815.1,Vendedor 9
4277,2025-06-18,Cliente 43,LA MOLINA,AMORTIGUADORES POSTERIORES,5,112.5,562.5,Vendedor 4
4278,2025-06-18,Cliente 25,SURCO,"LLANTAS 18""",2,70.7,141.4,Vendedor 6
4279,2025-06-18,Cliente 32,SURCO,BATERÍA DE 18 PLACAS,1,93.2,93.2,Vendedor 8
4280,2025-06-19,Cliente 4,LA MOLINA,ACEITE DE MOTOR 5W30 FULL SINTÉTICO,3,120.7,362.1,Vendedor 5
4281,2025-06-19,Cliente 30,LA MOLINA,AMORTIGUADORES DELANTEROS,1,259.3,259.3,Vendedor 3
4282,2025-06-19,Cliente 48,SURCO,AMORTIGUADORES POSTERIORES,1,112.5,112.5,Vendedor 8
4283,2025-06-19,Cliente 14,LA MOLINA,"LLANTAS 18""",5,70.7,353.5,Vendedor 7
4284,2025-06-19,Cliente 10,LA MOLINA,BATERÍA DE 18 PLACAS,1,93.2,93.2,Vendedor 5
4285,2025-06-20,Cliente 28,SURCO,ACEITE DE MOTOR 5W30 FULL SINTÉTICO,3,120.7,362.1,Vendedor 1
4286,2025-06-20,Cliente 38,SURCO,AMORTIGUADORES DELANTEROS,7,259.3,1815.1,Vendedor 8
4287,2025-06-20,Cliente 42,LA MOLINA,AMORTIGUADORES POSTERIORES,5,112.5,562.5,Vendedor 4
4288,2025-06-20,Cliente 45,SURCO,"LLANTAS 18""",4,70.7,282.8,Vendedor 5
4289,2025-06-20,Cliente 18,LA MOLINA,BATERÍA DE 18 PLACAS,2,93.2,186.4,Vendedor 3
4290,2025-06-21,Cliente 29,SURCO,ACEITE DE MOTOR 5W30 FULL SINTÉTICO,1,120.7,120.7,Vendedor 3
4291,2025-06-21,Cliente 42,LA MOLINA,AMORTIGUADORES DELANTEROS,1,259.3,259.3,Vendedor 8
4292,2025-06-21,Cliente 36,SURCO,AMORTIGUADORES POSTERIORES,5,112.5,562.5,Vendedor 9
4293,2025-06-21,Cliente 18,LA MOLINA,"LLANTAS 18""",2,70.7,141.4,Vendedor 6
4294,2025-06-21,Cliente 18,SURCO,BATERÍA DE 18 PLACAS,2,93.2,186.4,Vendedor 9
4295,2025-06-22,Cliente 48,LA MOLINA,ACEITE DE MOTOR 5W30 FULL SINTÉTICO,1,120.7,120.7,Vendedor 7
4296,2025-06-22,Cliente 37,LA MOLINA,AMORTIGUADORES DELANTEROS,1,259.3,259.3,Vendedor 2
4297,2025-06-22,Cliente 16,LA MOLINA,"LLANTAS 18""",3,70.7,212.1,Vendedor 9
4298,2025-06-22,Cliente 34,LA MOLINA,BATERÍA DE 18 PLACAS,1,93.2,93.2,Vendedor 1
4299,2025-06-23,Cliente 1,SURCO,BATERÍA DE 18 PLACAS,2,93.2,186.4,Vendedor 8
4300,2025-06-24,Cliente 17,SURCO,BATERÍA DE 18 PLACAS,2,93.2,186.4,Vendedor 5
4301,2025-06-25,Cliente 31,SURCO,BATERÍA DE 18 PLACAS,1,93.2,93.2,Vendedor 10
4302,2025-06-26,Cliente 31,SURCO,BATERÍA DE 18 PLACAS,1,93.2,93.2,Vendedor 4
4303,2025-07-01,Cliente 1,LA MOLINA,AUTO HONDA ACCORD 2014,1,24000.0,24000.0,Vendedor 10
4304,2025-07-01,Cliente 8,LA MOLINA,AUTO HONDA CIVIC 2014,1,25000.0,25000.0,Vendedor 5
4305,2025-07-01,Cliente 14,SURCO,AUTO HONDA ODISSEY 2013,1,22500.0,22500.0,Vendedor 2
4306,2025-07-01,Cliente 16,LA MOLINA,AUTO HONDA CRV 2014,1,20500.0,20500.0,Vendedor 10
4307,2025-07-01,Cliente 6,SURCO,AUTO HONDA FIT 2016,1,27000.0,27000.0,Vendedor 5
4308,2025-07-01,Cliente 3,SURCO,AUTO HONDA CITY 2016,1,28500.0,28500.0,Vendedor 8
4309,2025-07-01,Cliente 35,LA MOLINA,FILTRO DE COMBUSTIBLE,1,117.5,117.5,Vendedor 3
4310,2025-07-02,Cliente 27,SURCO,AUTO HONDA ACCORD 2014,1,24000.0,24000.0,Vendedor 6
4311,2025-07-02,Cliente 6,SURCO,AUTO HONDA CIVIC 2014,1,25000.0,25000.0,Vendedor 9
4312,2025-07-02,Cliente 37,SURCO,AUTO HONDA ODISSEY 2013,1,22500.0,22500.0,Vendedor 5
4313,2025-07-02,Cliente 28,SURCO,AUTO HONDA CRV 2014,1,20500.0,20500.0,Vendedor 6
4314,2025-07-02,Cliente 49,SURCO,AUTO HONDA CITY 2016,1,28500.0,28500.0,Vendedor 8
4315,2025-07-02,Cliente 2,SURCO,FILTRO DE COMBUSTIBLE,1,117.5,117.5,Vendedor 2
4316,2025-07-03,Cliente 12,SURCO,AUTO HONDA ACCORD 2014,1,24000.0,24000.0,Vendedor 3
4317,2025-07-03,Cliente 48,SURCO,AUTO HONDA CIVIC 2014,1,25000.0,25000.0,Vendedor 1
4318,2025-07-03,Cliente 13,SURCO,AUTO HONDA ODISSEY 2013,1,22500.0,22500.0,Vendedor 4
4319,2025-07-03,Cliente 9,SURCO,AUTO HONDA CRV 2014,1,20500.0,20500.0,Vendedor 5
4320,2025-07-03,Cliente 4,SURCO,AUTO HONDA CITY 2016,1,28500.0,28500.0,Vendedor 8
4321,2025-07-03,Cliente 3,SURCO,ACEITE DE MOTOR 5W30 FULL SINTÉTICO,1,111.5,111.5,Vendedor 2
4322,2025-07-03,Cliente 24,SURCO,FILTRO DE COMBUSTIBLE,1,117.5,117.5,Vendedor 5
4323,2025-07-03,Cliente 10,LA MOLINA,AMORTIGUADORES DELANTEROS,3,295.0,885.0,Vendedor 2
4324,2025-07-03,Cliente 25,LA MOLINA,AMORTIGUADORES POSTERIORES,1,122.6,122.6,Vendedor 1
4325,2025-07-03,Cliente 3,LA MOLINA,"LLANTAS 18""",1,60.7,60.7,Vendedor 9
4326,2025-07-03,Cliente 44,SURCO,BATERÍA DE 18 PLACAS,1,126.0,126.0,Vendedor 7
4327,2025-07-04,Cliente 6,SURCO,AUTO HONDA ACCORD 2014,1,24000.0,24000.0,Vendedor 3
4328,2025-07-04,Cliente 5,SURCO,AUTO HONDA ODISSEY 2013,1,22500.0,22500.0,Vendedor 3
4329,2025-07-04,Cliente 7,LA MOLINA,AUTO HONDA CRV 2014,1,20500.0,20500.0,Vendedor 7
4330,2025-07-04,Cliente 45,SURCO,AUTO HONDA CITY 2016,1,28500.0,28500.0,Vendedor 3
4331,2025-07-04,Cliente 29,LA MOLINA,ACEITE DE MOTOR 5W30 FULL SINTÉTICO,2,111.5,223.0,Vendedor 3
4332,2025-07-04,Cliente 29,SURCO,FILTRO DE COMBUSTIBLE,1,117.5,117.5,Vendedor 7
4333,2025-07-04,Cliente 18,LA MOLINA,AMORTIGUADORES DELANTEROS,1,295.0,295.0,Vendedor 6
4334,2025-07-04,Cliente 47,SURCO,AMORTIGUADORES POSTERIORES,2,122.6,245.2,Vendedor 1
4335,2025-07-04,Cliente 19,LA MOLINA,"LLANTAS 18""",1,60.7,60.7,Vendedor 7
4336,2025-07-04,Cliente 6,LA MOLINA,BATERÍA DE 18 PLACAS,1,126.0,126.0,Vendedor 10
4337,2025-07-05,Cliente 45,SURCO,AUTO HONDA CRV 2014,1,20500.0,20500.0,Vendedor 3
4338,2025-07-05,Cliente 48,SURCO,ACEITE DE MOTOR 5W30 FULL SINTÉTICO,1,111.5,111.5,Vendedor 9
4339,2025-07-05,Cliente 36,SURCO,FILTRO DE COMBUSTIBLE,1,117.5,117.5,Vendedor 8
4340,2025-07-05,Cliente 4,SURCO,AMORTIGUADORES DELANTEROS,2,295.0,590.0,Vendedor 9
4341,2025-07-05,Cliente 9,SURCO,AMORTIGUADORES POSTERIORES,1,122.6,122.6,Vendedor 4
4342,2025-07-05,Cliente 16,SURCO,"LLANTAS 18""",1,60.7,60.7,Vendedor 9
4343,2025-07-05,Cliente 22,SURCO,BATERÍA DE 18 PLACAS,1,126.0,126.0,Vendedor 9
4344,2025-07-06,Cliente 17,LA MOLINA,AUTO HONDA CRV 2014,1,20500.0,20500.0,Vendedor 5
4345,2025-07-06,Cliente 12,SURCO,ACEITE DE MOTOR 5W30 FULL SINTÉTICO,2,111.5,223.0,Vendedor 1
4346,2025-07-06,Cliente 32,LA MOLINA,FILTRO DE COMBUSTIBLE,1,117.5,117.5,Vendedor 4
4347,2025-07-06,Cliente 45,SURCO,AMORTIGUADORES DELANTEROS,1,295.0,295.0,Vendedor 2
4348,2025-07-06,Cliente 5,LA MOLINA,AMORTIGUADORES POSTERIORES,1,122.6,122.6,Vendedor 7
4349,2025-07-06,Cliente 48,SURCO,"LLANTAS 18""",3,60.7,182.1,Vendedor 6
4350,2025-07-06,Cliente 11,LA MOLINA,BATERÍA DE 18 PLACAS,1,126.0,126.0,Vendedor 5
4351,2025-07-07,Cliente 3,SURCO,ACEITE DE MOTOR 5W30 FULL SINTÉTICO,3,111.5,334.5,Vendedor 1
4352,2025-07-07,Cliente 50,SURCO,FILTRO DE COMBUSTIBLE,1,117.5,117.5,Vendedor 1
4353,2025-07-07,Cliente 6,SURCO,AMORTIGUADORES DELANTEROS,3,295.0,885.0,Vendedor 6
4354,2025-07-07,Cliente 6,SURCO,AMORTIGUADORES POSTERIORES,1,122.6,122.6,Vendedor 4
4355,2025-07-07,Cliente 29,SURCO,"LLANTAS 18""",2,60.7,121.4,Vendedor 9
4356,2025-07-07,Cliente 4,LA MOLINA,BATERÍA DE 18 PLACAS,1,126.0,126.0,Vendedor 10
4357,2025-07-08,Cliente 23,SURCO,ACEITE DE MOTOR 5W30 FULL SINTÉTICO,1,111.5,111.5,Vendedor 6
4358,2025-07-08,Cliente 44,LA MOLINA,FILTRO DE COMBUSTIBLE,1,117.5,117.5,Vendedor 2
4359,2025-07-08,Cliente 49,LA MOLINA,AMORTIGUADORES DELANTEROS,3,295.0,885.0,Vendedor 5
4360,2025-07-08,Cliente 6,SURCO,AMORTIGUADORES POSTERIORES,2,122.6,245.2,Vendedor 9
4361,2025-07-08,Cliente 19,LA MOLINA,"LLANTAS 18""",1,60.7,60.7,Vendedor 8
4362,2025-07-08,Cliente 10,SURCO,BATERÍA DE 18 PLACAS,1,126.0,126.0,Vendedor 3
4363,2025-07-09,Cliente 21,SURCO,ACEITE DE MOTOR 5W30 FULL SINTÉTICO,3,111.5,334.5,Vendedor 7
4364,2025-07-09,Cliente 3,LA MOLINA,FILTRO DE COMBUSTIBLE,1,117.5,117.5,Vendedor 9
4365,2025-07-09,Cliente 2,LA MOLINA,AMORTIGUADORES DELANTEROS,2,295.0,590.0,Vendedor 1
4366,2025-07-09,Cliente 1,SURCO,AMORTIGUADORES POSTERIORES,3,122.6,367.8,Vendedor 5
4367,2025-07-09,Cliente 23,LA MOLINA,"LLANTAS 18""",1,60.7,60.7,Vendedor 6
4368,2025-07-09,Cliente 24,SURCO,BATERÍA DE 18 PLACAS,1,126.0,126.0,Vendedor 9
4369,2025-07-10,Cliente 34,SURCO,AUTO HONDA PILOT 2013,1,27500.0,27500.0,Vendedor 3
4370,2025-07-10,Cliente 25,SURCO,AUTO HONDA CITY 2016,1,28500.0,28500.0,Vendedor 10
4371,2025-07-10,Cliente 27,SURCO,ACEITE DE MOTOR 5W30 FULL SINTÉTICO,1,111.5,111.5,Vendedor 3
4372,2025-07-10,Cliente 33,LA MOLINA,FILTRO DE COMBUSTIBLE,1,117.5,117.5,Vendedor 4
4373,2025-07-10,Cliente 43,LA MOLINA,AMORTIGUADORES DELANTEROS,1,295.0,295.0,Vendedor 1
4374,2025-07-10,Cliente 11,LA MOLINA,AMORTIGUADORES POSTERIORES,2,122.6,245.2,Vendedor 10
4375,2025-07-10,Cliente 36,SURCO,"LLANTAS 18""",2,60.7,121.4,Vendedor 1
4376,2025-07-10,Cliente 4,LA MOLINA,BATERÍA DE 18 PLACAS,1,126.0,126.0,Vendedor 7
4377,2025-07-11,Cliente 16,SURCO,AUTO HONDA PILOT 2013,1,27500.0,27500.0,Vendedor 7
4378,2025-07-11,Cliente 2,LA MOLINA,ACEITE DE MOTOR 5W30 FULL SINTÉTICO,4,111.5,446.0,Vendedor 10
4379,2025-07-11,Cliente 9,SURCO,FILTRO DE COMBUSTIBLE,1,117.5,117.5,Vendedor 2
4380,2025-07-11,Cliente 4,SURCO,AMORTIGUADORES DELANTEROS,1,295.0,295.0,Vendedor 2
4381,2025-07-11,Cliente 34,LA MOLINA,AMORTIGUADORES POSTERIORES,2,122.6,245.2,Vendedor 2
4382,2025-07-11,Cliente 17,SURCO,"LLANTAS 18""",2,60.7,121.4,Vendedor 5
4383,2025-07-11,Cliente 36,SURCO,BATERÍA DE 18 PLACAS,1,126.0,126.0,Vendedor 8
4384,2025-07-12,Cliente 16,SURCO,AUTO HONDA PILOT 2013,1,27500.0,27500.0,Vendedor 9
4385,2025-07-12,Cliente 46,LA MOLINA,ACEITE DE MOTOR 5W30 FULL SINTÉTICO,2,111.5,223.0,Vendedor 4
4386,2025-07-12,Cliente 26,SURCO,AMORTIGUADORES DELANTEROS,3,295.0,885.0,Vendedor 5
4387,2025-07-12,Cliente 44,SURCO,AMORTIGUADORES POSTERIORES,1,122.6,122.6,Vendedor 2
4388,2025-07-12,Cliente 40,LA MOLINA,"LLANTAS 18""",1,60.7,60.7,Vendedor 5
4389,2025-07-12,Cliente 34,LA MOLINA,BATERÍA DE 18 PLACAS,1,126.0,126.0,Vendedor 10
4390,2025-07-13,Cliente 20,LA MOLINA,ACEITE DE MOTOR 5W30 FULL SINTÉTICO,2,111.5,223.0,Vendedor 3
4391,2025-07-13,Cliente 49,LA MOLINA,AMORTIGUADORES POSTERIORES,1,122.6,122.6,Vendedor 3
4392,2025-07-13,Cliente 14,LA MOLINA,"LLANTAS 18""",2,60.7,121.4,Vendedor 2
4393,2025-07-14,Cliente 6,SURCO,ACEITE DE MOTOR 5W30 FULL SINTÉTICO,2,111.5,223.0,Vendedor 8
4394,2025-07-14,Cliente 41,LA MOLINA,AMORTIGUADORES POSTERIORES,2,122.6,245.2,Vendedor 7
4395,2025-07-14,Cliente 49,LA MOLINA,"LLANTAS 18""",1,60.7,60.7,Vendedor 6
4396,2025-07-15,Cliente 22,LA MOLINA,AMORTIGUADORES POSTERIORES,1,122.6,122.6,Vendedor 9
4397,2025-07-15,Cliente 19,LA MOLINA,"LLANTAS 18""",2,60.7,121.4,Vendedor 4
4398,2025-07-17,Cliente 18,LA MOLINA,ACEITE DE MOTOR 5W30 FULL SINTÉTICO,3,111.5,334.5,Vendedor 5
4399,2025-07-17,Cliente 47,SURCO,AMORTIGUADORES DELANTEROS,1,295.0,295.0,Vendedor 2
4400,2025-07-17,Cliente 36,SURCO,AMORTIGUADORES POSTERIORES,3,122.6,367.8,Vendedor 9
4401,2025-07-17,Cliente 22,LA MOLINA,"LLANTAS 18""",2,60.7,121.4,Vendedor 3
4402,2025-07-17,Cliente 44,SURCO,BATERÍA DE 18 PLACAS,2,126.0,252.0,Vendedor 6
4403,2025-07-18,Cliente 44,LA MOLINA,ACEITE DE MOTOR 5W30 FULL SINTÉTICO,1,111.5,111.5,Vendedor 1
4404,2025-07-18,Cliente 14,SURCO,AMORTIGUADORES DELANTEROS,3,295.0,885.0,Vendedor 4
4405,2025-07-18,Cliente 13,LA MOLINA,AMORTIGUADORES POSTERIORES,2,122.6,245.2,Vendedor 9
4406,2025-07-18,Cliente 46,LA MOLINA,"LLANTAS 18""",3,60.7,182.1,Vendedor 2
4407,2025-07-18,Cliente 10,SURCO,BATERÍA DE 18 PLACAS,2,126.0,252.0,Vendedor 2
4408,2025-07-19,Cliente 46,SURCO,ACEITE DE MOTOR 5W30 FULL SINTÉTICO,1,111.5,111.5,Vendedor 10
4409,2025-07-19,Cliente 47,LA MOLINA,AMORTIGUADORES DELANTEROS,4,295.0,1180.0,Vendedor 2
4410,2025-07-19,Cliente 16,SURCO,AMORTIGUADORES POSTERIORES,1,122.6,122.6,Vendedor 10
4411,2025-07-19,Cliente 32,SURCO,"LLANTAS 18""",1,60.7,60.7,Vendedor 4
4412,2025-07-19,Cliente 42,LA MOLINA,BATERÍA DE 18 PLACAS,1,126.0,126.0,Vendedor 6
4413,2025-07-20,Cliente 27,SURCO,ACEITE DE MOTOR 5W30 FULL SINTÉTICO,2,111.5,223.0,Vendedor 1
4414,2025-07-20,Cliente 49,SURCO,AMORTIGUADORES DELANTEROS,1,295.0,295.0,Vendedor 10
4415,2025-07-20,Cliente 25,LA MOLINA,AMORTIGUADORES POSTERIORES,4,122.6,490.4,Vendedor 2
4416,2025-07-20,Cliente 50,LA MOLINA,"LLANTAS 18""",3,60.7,182.1,Vendedor 9
4417,2025-07-20,Cliente 12,SURCO,BATERÍA DE 18 PLACAS,1,126.0,126.0,Vendedor 4
4418,2025-07-21,Cliente 38,SURCO,ACEITE DE MOTOR 5W30 FULL SINTÉTICO,1,111.5,111.5,Vendedor 2
4419,2025-07-21,Cliente 8,LA MOLINA,AMORTIGUADORES DELANTEROS,3,295.0,885.0,Vendedor 9
4420,2025-07-21,Cliente 16,SURCO,AMORTIGUADORES POSTERIORES,2,122.6,245.2,Vendedor 7
4421,2025-07-21,Cliente 41,SURCO,"LLANTAS 18""",3,60.7,182.1,Vendedor 8
4422,2025-07-21,Cliente 39,LA MOLINA,BATERÍA DE 18 PLACAS,2,126.0,252.0,Vendedor 2
4423,2025-07-22,Cliente 1,LA MOLINA,ACEITE DE MOTOR 5W30 FULL SINTÉTICO,6,111.5,669.0,Vendedor 10
4424,2025-07-22,Cliente 26,SURCO,AMORTIGUADORES DELANTEROS,6,295.0,1770.0,Vendedor 6
4425,2025-07-22,Cliente 4,SURCO,AMORTIGUADORES POSTERIORES,3,122.6,367.8,Vendedor 2
4426,2025-07-22,Cliente 8,SURCO,"LLANTAS 18""",3,60.7,182.1,Vendedor 9
4427,2025-07-22,Cliente 35,LA MOLINA,BATERÍA DE 18 PLACAS,2,126.0,252.0,Vendedor 5
4428,2025-07-23,Cliente 26,SURCO,ACEITE DE MOTOR 5W30 FULL SINTÉTICO,2,111.5,223.0,Vendedor 9
4429,2025-07-23,Cliente 2,LA MOLINA,AMORTIGUADORES DELANTEROS,3,295.0,885.0,Vendedor 10
4430,2025-07-23,Cliente 13,LA MOLINA,AMORTIGUADORES POSTERIORES,2,122.6,245.2,Vendedor 3
4431,2025-07-23,Cliente 39,SURCO,"LLANTAS 18""",2,60.7,121.4,Vendedor 10
4432,2025-07-24,Cliente 29,SURCO,ACEITE DE MOTOR 5W30 FULL SINTÉTICO,2,111.5,223.0,Vendedor 5
4433,2025-07-24,Cliente 27,SURCO,AMORTIGUADORES DELANTEROS,3,295.0,885.0,Vendedor 2
4434,2025-07-24,Cliente 3,LA MOLINA,AMORTIGUADORES POSTERIORES,1,122.6,122.6,Vendedor 5
4435,2025-07-24,Cliente 48,SURCO,"LLANTAS 18""",1,60.7,60.7,Vendedor 1
4436,2025-07-25,Cliente 16,LA MOLINA,ACEITE DE MOTOR 5W30 FULL SINTÉTICO,1,111.5,111.5,Vendedor 8
4437,2025-07-25,Cliente 28,SURCO,AMORTIGUADORES DELANTEROS,4,295.0,1180.0,Vendedor 1
4438,2025-07-25,Cliente 8,SURCO,AMORTIGUADORES POSTERIORES,1,122.6,122.6,Vendedor 3
4439,2025-07-26,Cliente 4,SURCO,ACEITE DE MOTOR 5W30 FULL SINTÉTICO,1,111.5,111.5,Vendedor 9
4440,2025-07-26,Cliente 25,SURCO,AMORTIGUADORES DELANTEROS,2,295.0,590.0,Vendedor 7
4441,2025-07-27,Cliente 44,SURCO,ACEITE DE MOTOR 5W30 FULL SINTÉTICO,1,111.5,111.5,Vendedor 8
4442,2025-07-28,Cliente 17,LA MOLINA,ACEITE DE MOTOR 5W30 FULL SINTÉTICO,3,111.5,334.5,Vendedor 6
4443,2025-07-29,Cliente 28,LA MOLINA,ACEITE DE MOTOR 5W30 FULL SINTÉTICO,1,111.5,111.5,Vendedor 10
4444,2025-08-01,Cliente 16,LA MOLINA,AUTO HONDA ACCORD 2014,1,18500.0,18500.0,Vendedor 8
4445,2025-08-01,Cliente 27,SURCO,AUTO HONDA CIVIC 2014,1,25000.0,25000.0,Vendedor 1
4446,2025-08-01,Cliente 15,SURCO,AUTO HONDA CRV 2014,1,29500.0,29500.0,Vendedor 6
4447,2025-08-01,Cliente 4,SURCO,AUTO HONDA PILOT 2013,1,24500.0,24500.0,Vendedor 2
4448,2025-08-01,Cliente 29,SURCO,AUTO HONDA FIT 2016,1,26000.0,26000.0,Vendedor 1
4449,2025-08-01,Cliente 33,SURCO,FILTRO DE COMBUSTIBLE,1,125.0,125.0,Vendedor 6
4450,2025-08-02,Cliente 2,SURCO,AUTO HONDA ACCORD 2014,1,18500.0,18500.0,Vendedor 8
4451,2025-08-02,Cliente 38,LA MOLINA,AUTO HONDA CIVIC 2014,1,25000.0,25000.0,Vendedor 3
4452,2025-08-02,Cliente 49,LA MOLINA,AUTO HONDA CRV 2014,1,29500.0,29500.0,Vendedor 10
4453,2025-08-02,Cliente 50,SURCO,AUTO HONDA PILOT 2013,1,24500.0,24500.0,Vendedor 10
4454,2025-08-02,Cliente 50,SURCO,AUTO HONDA FIT 2016,1,26000.0,26000.0,Vendedor 5
4455,2025-08-02,Cliente 6,LA MOLINA,FILTRO DE COMBUSTIBLE,1,125.0,125.0,Vendedor 9
4456,2025-08-03,Cliente 38,LA MOLINA,AUTO HONDA ACCORD 2014,1,18500.0,18500.0,Vendedor 7
4457,2025-08-03,Cliente 10,SURCO,AUTO HONDA CIVIC 2014,1,25000.0,25000.0,Vendedor 6
4458,2025-08-03,Cliente 19,SURCO,AUTO HONDA CRV 2014,1,29500.0,29500.0,Vendedor 1
4459,2025-08-03,Cliente 37,SURCO,AUTO HONDA FIT 2016,1,26000.0,26000.0,Vendedor 10
4460,2025-08-03,Cliente 13,SURCO,ACEITE DE MOTOR 5W30 FULL SINTÉTICO,1,100.8,100.8,Vendedor 2
4461,2025-08-03,Cliente 50,SURCO,FILTRO DE COMBUSTIBLE,1,125.0,125.0,Vendedor 4
4462,2025-08-03,Cliente 50,SURCO,AMORTIGUADORES DELANTEROS,3,271.9,815.7,Vendedor 7
4463,2025-08-03,Cliente 27,SURCO,AMORTIGUADORES POSTERIORES,2,120.6,241.2,Vendedor 10
4464,2025-08-03,Cliente 36,SURCO,"LLANTAS 18""",3,60.3,180.9,Vendedor 8
4465,2025-08-03,Cliente 26,SURCO,BATERÍA DE 18 PLACAS,1,108.9,108.9,Vendedor 2
4466,2025-08-04,Cliente 49,LA MOLINA,AUTO HONDA ACCORD 2014,1,18500.0,18500.0,Vendedor 7
4467,2025-08-04,Cliente 42,SURCO,AUTO HONDA CIVIC 2014,1,25000.0,25000.0,Vendedor 8
4468,2025-08-04,Cliente 48,LA MOLINA,AUTO HONDA CRV 2014,1,29500.0,29500.0,Vendedor 4
4469,2025-08-04,Cliente 36,SURCO,AUTO HONDA FIT 2016,1,26000.0,26000.0,Vendedor 4
4470,2025-08-04,Cliente 21,SURCO,ACEITE DE MOTOR 5W30 FULL SINTÉTICO,3,100.8,302.4,Vendedor 10
4471,2025-08-04,Cliente 42,LA MOLINA,FILTRO DE COMBUSTIBLE,1,125.0,125.0,Vendedor 4
4472,2025-08-04,Cliente 43,SURCO,AMORTIGUADORES DELANTEROS,5,271.9,1359.5,Vendedor 9
4473,2025-08-04,Cliente 1,LA MOLINA,AMORTIGUADORES POSTERIORES,1,120.6,120.6,Vendedor 6
4474,2025-08-04,Cliente 10,SURCO,"LLANTAS 18""",2,60.3,120.6,Vendedor 10
4475,2025-08-04,Cliente 22,LA MOLINA,BATERÍA DE 18 PLACAS,1,108.9,108.9,Vendedor 1
4476,2025-08-05,Cliente 26,SURCO,AUTO HONDA ACCORD 2014,1,18500.0,18500.0,Vendedor 10
4477,2025-08-05,Cliente 28,SURCO,ACEITE DE MOTOR 5W30 FULL SINTÉTICO,2,100.8,201.6,Vendedor 5
4478,2025-08-05,Cliente 36,SURCO,FILTRO DE COMBUSTIBLE,1,125.0,125.0,Vendedor 7
4479,2025-08-05,Cliente 23,LA MOLINA,AMORTIGUADORES DELANTEROS,5,271.9,1359.5,Vendedor 7
4480,2025-08-05,Cliente 1,SURCO,AMORTIGUADORES POSTERIORES,1,120.6,120.6,Vendedor 9
4481,2025-08-05,Cliente 7,LA MOLINA,"LLANTAS 18""",2,60.3,120.6,Vendedor 3
4482,2025-08-05,Cliente 34,SURCO,BATERÍA DE 18 PLACAS,1,108.9,108.9,Vendedor 6
4483,2025-08-06,Cliente 17,SURCO,ACEITE DE MOTOR 5W30 FULL SINTÉTICO,3,100.8,302.4,Vendedor 4
4484,2025-08-06,Cliente 26,LA MOLINA,FILTRO DE COMBUSTIBLE,1,125.0,125.0,Vendedor 9
4485,2025-08-06,Cliente 38,SURCO,AMORTIGUADORES DELANTEROS,2,271.9,543.8,Vendedor 5
4486,2025-08-06,Cliente 2,SURCO,AMORTIGUADORES POSTERIORES,2,120.6,241.2,Vendedor 3
4487,2025-08-06,Cliente 1,SURCO,"LLANTAS 18""",4,60.3,241.2,Vendedor 1
4488,2025-08-06,Cliente 39,LA MOLINA,BATERÍA DE 18 PLACAS,1,108.9,108.9,Vendedor 7
4489,2025-08-07,Cliente 4,SURCO,ACEITE DE MOTOR 5W30 FULL SINTÉTICO,1,100.8,100.8,Vendedor 2
4490,2025-08-07,Cliente 33,LA MOLINA,FILTRO DE COMBUSTIBLE,1,125.0,125.0,Vendedor 4
4491,2025-08-07,Cliente 43,LA MOLINA,AMORTIGUADORES DELANTEROS,1,271.9,271.9,Vendedor 4
4492,2025-08-07,Cliente 4,SURCO,AMORTIGUADORES POSTERIORES,2,120.6,241.2,Vendedor 2
4493,2025-08-07,Cliente 40,SURCO,"LLANTAS 18""",1,60.3,60.3,Vendedor 5
4494,2025-08-07,Cliente 19,SURCO,BATERÍA DE 18 PLACAS,1,108.9,108.9,Vendedor 10
4495,2025-08-08,Cliente 4,LA MOLINA,ACEITE DE MOTOR 5W30 FULL SINTÉTICO,1,100.8,100.8,Vendedor 8
4496,2025-08-08,Cliente 50,LA MOLINA,FILTRO DE COMBUSTIBLE,1,125.0,125.0,Vendedor 3
4497,2025-08-08,Cliente 38,LA MOLINA,AMORTIGUADORES DELANTEROS,5,271.9,1359.5,Vendedor 8
4498,2025-08-08,Cliente 4,SURCO,AMORTIGUADORES POSTERIORES,2,120.6,241.2,Vendedor 6
4499,2025-08-08,Cliente 18,LA MOLINA,"LLANTAS 18""",2,60.3,120.6,Vendedor 1
4500,2025-08-08,Cliente 29,LA MOLINA,BATERÍA DE 18 PLACAS,1,108.9,108.9,Vendedor 8
4501,2025-08-09,Cliente 26,SURCO,AUTO HONDA CITY 2016,1,25000.0,25000.0,Vendedor 3
4502,2025-08-09,Cliente 9,LA MOLINA,ACEITE DE MOTOR 5W30 FULL SINTÉTICO,1,100.8,100.8,Vendedor 7
4503,2025-08-09,Cliente 43,LA MOLINA,FILTRO DE COMBUSTIBLE,1,125.0,125.0,Vendedor 3
4504,2025-08-09,Cliente 23,LA MOLINA,AMORTIGUADORES DELANTEROS,4,271.9,1087.6,Vendedor 1
4505,2025-08-09,Cliente 47,LA MOLINA,AMORTIGUADORES POSTERIORES,1,120.6,120.6,Vendedor 8
4506,2025-08-09,Cliente 11,LA MOLINA,"LLANTAS 18""",4,60.3,241.2,Vendedor 10
4507,2025-08-09,Cliente 50,SURCO,BATERÍA DE 18 PLACAS,1,108.9,108.9,Vendedor 5
4508,2025-08-10,Cliente 26,SURCO,AUTO HONDA CITY 2016,1,25000.0,25000.0,Vendedor 9
4509,2025-08-10,Cliente 13,LA MOLINA,ACEITE DE MOTOR 5W30 FULL SINTÉTICO,3,100.8,302.4,Vendedor 4
4510,2025-08-10,Cliente 30,SURCO,FILTRO DE COMBUSTIBLE,1,125.0,125.0,Vendedor 4
4511,2025-08-10,Cliente 23,LA MOLINA,AMORTIGUADORES POSTERIORES,1,120.6,120.6,Vendedor 3
4512,2025-08-10,Cliente 26,LA MOLINA,"LLANTAS 18""",2,60.3,120.6,Vendedor 2
4513,2025-08-10,Cliente 35,LA MOLINA,BATERÍA DE 18 PLACAS,1,108.9,108.9,Vendedor 2
4514,2025-08-11,Cliente 1,SURCO,AUTO HONDA CITY 2016,1,25000.0,25000.0,Vendedor 4
4515,2025-08-11,Cliente 6,LA MOLINA,ACEITE DE MOTOR 5W30 FULL SINTÉTICO,2,100.8,201.6,Vendedor 10
4516,2025-08-11,Cliente 1,SURCO,FILTRO DE COMBUSTIBLE,1,125.0,125.0,Vendedor 7
4517,2025-08-11,Cliente 16,LA MOLINA,AMORTIGUADORES POSTERIORES,1,120.6,120.6,Vendedor 9
4518,2025-08-11,Cliente 30,SURCO,BATERÍA DE 18 PLACAS,1,108.9,108.9,Vendedor 8
4519,2025-08-12,Cliente 25,SURCO,AUTO HONDA CITY 2016,1,25000.0,25000.0,Vendedor 2
4520,2025-08-12,Cliente 29,LA MOLINA,ACEITE DE MOTOR 5W30 FULL SINTÉTICO,2,100.8,201.6,Vendedor 2
4521,2025-08-12,Cliente 20,LA MOLINA,FILTRO DE COMBUSTIBLE,1,125.0,125.0,Vendedor 5
4522,2025-08-12,Cliente 38,SURCO,AMORTIGUADORES POSTERIORES,1,120.6,120.6,Vendedor 6
4523,2025-08-12,Cliente 26,LA MOLINA,BATERÍA DE 18 PLACAS,1,108.9,108.9,Vendedor 5
4524,2025-08-13,Cliente 7,SURCO,AUTO HONDA CITY 2016,1,25000.0,25000.0,Vendedor 7
4525,2025-08-13,Cliente 4,LA MOLINA,ACEITE DE MOTOR 5W30 FULL SINTÉTICO,1,100.8,100.8,Vendedor 4
4526,2025-08-13,Cliente 14,LA MOLINA,FILTRO DE COMBUSTIBLE,1,125.0,125.0,Vendedor 5
4527,2025-08-13,Cliente 35,LA MOLINA,AMORTIGUADORES POSTERIORES,2,120.6,241.2,Vendedor 2
4528,2025-08-14,Cliente 12,LA MOLINA,AMORTIGUADORES POSTERIORES,2,120.6,241.2,Vendedor 2
4529,2025-08-15,Cliente 7,LA MOLINA,AMORTIGUADORES POSTERIORES,2,120.6,241.2,Vendedor 4
4530,2025-08-17,Cliente 48,LA MOLINA,ACEITE DE MOTOR 5W30 FULL SINTÉTICO,5,100.8,504.0,Vendedor 8
4531,2025-08-17,Cliente 49,SURCO,AMORTIGUADORES DELANTEROS,8,271.9,2175.2,Vendedor 7
4532,2025-08-17,Cliente 8,SURCO,AMORTIGUADORES POSTERIORES,1,120.6,120.6,Vendedor 9
4533,2025-08-17,Cliente 27,LA MOLINA,"LLANTAS 18""",2,60.3,120.6,Vendedor 1
4534,2025-08-17,Cliente 37,SURCO,BATERÍA DE 18 PLACAS,2,108.9,217.8,Vendedor 8
4535,2025-08-18,Cliente 32,SURCO,ACEITE DE MOTOR 5W30 FULL SINTÉTICO,6,100.8,604.8,Vendedor 10
4536,2025-08-18,Cliente 44,LA MOLINA,AMORTIGUADORES DELANTEROS,7,271.9,1903.3,Vendedor 2
4537,2025-08-18,Cliente 45,LA MOLINA,AMORTIGUADORES POSTERIORES,2,120.6,241.2,Vendedor 1
4538,2025-08-18,Cliente 16,LA MOLINA,"LLANTAS 18""",4,60.3,241.2,Vendedor 7
4539,2025-08-18,Cliente 24,SURCO,BATERÍA DE 18 PLACAS,1,108.9,108.9,Vendedor 1
4540,2025-08-19,Cliente 6,SURCO,ACEITE DE MOTOR 5W30 FULL SINTÉTICO,4,100.8,403.2,Vendedor 3
4541,2025-08-19,Cliente 41,SURCO,AMORTIGUADORES DELANTEROS,2,271.9,543.8,Vendedor 6
4542,2025-08-19,Cliente 6,SURCO,AMORTIGUADORES POSTERIORES,2,120.6,241.2,Vendedor 7
4543,2025-08-19,Cliente 1,LA MOLINA,"LLANTAS 18""",4,60.3,241.2,Vendedor 6
4544,2025-08-19,Cliente 44,SURCO,BATERÍA DE 18 PLACAS,2,108.9,217.8,Vendedor 5
4545,2025-08-20,Cliente 47,LA MOLINA,ACEITE DE MOTOR 5W30 FULL SINTÉTICO,4,100.8,403.2,Vendedor 2
4546,2025-08-20,Cliente 5,LA MOLINA,AMORTIGUADORES DELANTEROS,3,271.9,815.7,Vendedor 10
4547,2025-08-20,Cliente 37,LA MOLINA,AMORTIGUADORES POSTERIORES,1,120.6,120.6,Vendedor 7
4548,2025-08-20,Cliente 36,SURCO,"LLANTAS 18""",4,60.3,241.2,Vendedor 10
4549,2025-08-20,Cliente 28,LA MOLINA,BATERÍA DE 18 PLACAS,2,108.9,217.8,Vendedor 10
4550,2025-08-21,Cliente 35,LA MOLINA,ACEITE DE MOTOR 5W30 FULL SINTÉTICO,1,100.8,100.8,Vendedor 1
4551,2025-08-21,Cliente 22,SURCO,AMORTIGUADORES POSTERIORES,2,120.6,241.2,Vendedor 1
4552,2025-08-21,Cliente 43,SURCO,"LLANTAS 18""",5,60.3,301.5,Vendedor 9
4553,2025-08-21,Cliente 33,LA MOLINA,BATERÍA DE 18 PLACAS,2,108.9,217.8,Vendedor 5
4554,2025-08-22,Cliente 48,LA MOLINA,AMORTIGUADORES POSTERIORES,3,120.6,361.8,Vendedor 10
4555,2025-08-22,Cliente 42,SURCO,"LLANTAS 18""",1,60.3,60.3,Vendedor 2
4556,2025-08-22,Cliente 29,LA MOLINA,BATERÍA DE 18 PLACAS,2,108.9,217.8,Vendedor 9
4557,2025-08-23,Cliente 6,LA MOLINA,AMORTIGUADORES POSTERIORES,1,120.6,120.6,Vendedor 6
4558,2025-08-23,Cliente 29,LA MOLINA,BATERÍA DE 18 PLACAS,1,108.9,108.9,Vendedor 7
4559,2025-08-24,Cliente 2,SURCO,AMORTIGUADORES POSTERIORES,5,120.6,603.0,Vendedor 10
4560,2025-08-24,Cliente 50,LA MOLINA,BATERÍA DE 18 PLACAS,2,108.9,217.8,Vendedor 2
4561,2025-08-25,Cliente 40,LA MOLINA,AMORTIGUADORES POSTERIORES,1,120.6,120.6,Vendedor 9
4562,2025-08-25,Cliente 40,LA MOLINA,BATERÍA DE 18 PLACAS,2,108.9,217.8,Vendedor 10
4563,2025-08-26,Cliente 21,LA MOLINA,BATERÍA DE 18 PLACAS,1,108.9,108.9,Vendedor 9
4564,2025-08-27,Cliente 44,LA MOLINA,BATERÍA DE 18 PLACAS,1,108.9,108.9,Vendedor 9
4565,2025-08-28,Cliente 45,LA MOLINA,BATERÍA DE 18 PLACAS,2,108.9,217.8,Vendedor 5
4566,2025-08-29,Cliente 44,LA MOLINA,BATERÍA DE 18 PLACAS,3,108.9,326.7,Vendedor 8
4567,2025-09-01,Cliente 40,LA MOLINA,AUTO HONDA ACCORD 2014,1,25500.0,25500.0,Vendedor 5
4568,2025-09-01,Cliente 41,SURCO,AUTO HONDA CIVIC 2014,1,24000.0,24000.0,Vendedor 4
4569,2025-09-01,Cliente 44,SURCO,AUTO HONDA ODISSEY 2013,1,24000.0,24000.0,Vendedor 9
4570,2025-09-01,Cliente 26,LA MOLINA,AUTO HONDA CRV 2014,1,29500.0,29500.0,Vendedor 4
4571,2025-09-01,Cliente 35,SURCO,AUTO HONDA PILOT 2013,1,24500.0,24500.0,Vendedor 10
4572,2025-09-01,Cliente 22,SURCO,AUTO HONDA FIT 2016,1,22500.0,22500.0,Vendedor 7
4573,2025-09-01,Cliente 6,LA MOLINA,FILTRO DE COMBUSTIBLE,1,100.1,100.1,Vendedor 6
4574,2025-09-02,Cliente 22,SURCO,AUTO HONDA ACCORD 2014,1,25500.0,25500.0,Vendedor 7
4575,2025-09-02,Cliente 37,SURCO,AUTO HONDA CIVIC 2014,1,24000.0,24000.0,Vendedor 3
4576,2025-09-02,Cliente 38,LA MOLINA,AUTO HONDA ODISSEY 2013,1,24000.0,24000.0,Vendedor 4
4577,2025-09-02,Cliente 22,SURCO,AUTO HONDA CRV 2014,1,29500.0,29500.0,Vendedor 9
4578,2025-09-02,Cliente 7,SURCO,AUTO HONDA PILOT 2013,1,24500.0,24500.0,Vendedor 4
4579,2025-09-03,Cliente 2,LA MOLINA,AUTO HONDA CIVIC 2014,1,24000.0,24000.0,Vendedor 8
4580,2025-09-03,Cliente 25,LA MOLINA,AUTO HONDA ODISSEY 2013,1,24000.0,24000.0,Vendedor 9
4581,2025-09-03,Cliente 2,LA MOLINA,AUTO HONDA CRV 2014,1,29500.0,29500.0,Vendedor 10
4582,2025-09-03,Cliente 49,SURCO,AUTO HONDA PILOT 2013,1,24500.0,24500.0,Vendedor 8
4583,2025-09-03,Cliente 17,LA MOLINA,ACEITE DE MOTOR 5W30 FULL SINTÉTICO,3,99.7,299.1,Vendedor 4
4584,2025-09-03,Cliente 20,SURCO,AMORTIGUADORES DELANTEROS,1,280.5,280.5,Vendedor 10
4585,2025-09-03,Cliente 8,SURCO,AMORTIGUADORES POSTERIORES,1,127.2,127.2,Vendedor 8
4586,2025-09-03,Cliente 4,SURCO,"LLANTAS 18""",2,92.1,184.2,Vendedor 4
4587,2025-09-03,Cliente 38,LA MOLINA,BATERÍA DE 18 PLACAS,1,112.3,112.3,Vendedor 4
4588,2025-09-04,Cliente 3,LA MOLINA,AUTO HONDA CIVIC 2014,1,24000.0,24000.0,Vendedor 2
4589,2025-09-04,Cliente 14,LA MOLINA,AUTO HONDA ODISSEY 2013,1,24000.0,24000.0,Vendedor 7
4590,2025-09-04,Cliente 21,SURCO,ACEITE DE MOTOR 5W30 FULL SINTÉTICO,2,99.7,199.4,Vendedor 5
4591,2025-09-04,Cliente 21,SURCO,AMORTIGUADORES DELANTEROS,4,280.5,1122.0,Vendedor 6
4592,2025-09-04,Cliente 14,SURCO,AMORTIGUADORES POSTERIORES,1,127.2,127.2,Vendedor 3
4593,2025-09-04,Cliente 27,SURCO,"LLANTAS 18""",2,92.1,184.2,Vendedor 8
4594,2025-09-04,Cliente 16,SURCO,BATERÍA DE 18 PLACAS,1,112.3,112.3,Vendedor 7
4595,2025-09-05,Cliente 21,LA MOLINA,AUTO HONDA ODISSEY 2013,1,24000.0,24000.0,Vendedor 1
4596,2025-09-05,Cliente 10,LA MOLINA,ACEITE DE MOTOR 5W30 FULL SINTÉTICO,1,99.7,99.7,Vendedor 2
4597,2025-09-05,Cliente 3,SURCO,AMORTIGUADORES DELANTEROS,3,280.5,841.5,Vendedor 6
4598,2025-09-05,Cliente 25,LA MOLINA,AMORTIGUADORES POSTERIORES,1,127.2,127.2,Vendedor 10
4599,2025-09-05,Cliente 36,LA MOLINA,"LLANTAS 18""",1,92.1,92.1,Vendedor 1
4600,2025-09-05,Cliente 49,SURCO,BATERÍA DE 18 PLACAS,1,112.3,112.3,Vendedor 8
4601,2025-09-06,Cliente 18,SURCO,AUTO HONDA ODISSEY 2013,1,24000.0,24000.0,Vendedor 6
4602,2025-09-06,Cliente 33,SURCO,ACEITE DE MOTOR 5W30 FULL SINTÉTICO,1,99.7,99.7,Vendedor 9
4603,2025-09-06,Cliente 11,LA MOLINA,AMORTIGUADORES DELANTEROS,3,280.5,841.5,Vendedor 3
4604,2025-09-06,Cliente 27,LA MOLINA,AMORTIGUADORES POSTERIORES,2,127.2,254.4,Vendedor 1
4605,2025-09-06,Cliente 49,LA MOLINA,"LLANTAS 18""",2,92.1,184.2,Vendedor 8
4606,2025-09-06,Cliente 18,LA MOLINA,BATERÍA DE 18 PLACAS,1,112.3,112.3,Vendedor 5
4607,2025-09-07,Cliente 32,SURCO,ACEITE DE MOTOR 5W30 FULL SINTÉTICO,1,99.7,99.7,Vendedor 6
4608,2025-09-07,Cliente 35,LA MOLINA,AMORTIGUADORES DELANTEROS,3,280.5,841.5,Vendedor 6
4609,2025-09-07,Cliente 24,LA MOLINA,AMORTIGUADORES POSTERIORES,3,127.2,381.6,Vendedor 6
4610,2025-09-07,Cliente 33,SURCO,"LLANTAS 18""",2,92.1,184.2,Vendedor 3
4611,2025-09-07,Cliente 40,LA MOLINA,BATERÍA DE 18 PLACAS,1,112.3,112.3,Vendedor 2
4612,2025-09-08,Cliente 22,LA MOLINA,ACEITE DE MOTOR 5W30 FULL SINTÉTICO,1,99.7,99.7,Vendedor 1
4613,2025-09-08,Cliente 3,SURCO,AMORTIGUADORES DELANTEROS,2,280.5,561.0,Vendedor 1
4614,2025-09-08,Cliente 24,LA MOLINA,AMORTIGUADORES POSTERIORES,1,127.2,127.2,Vendedor 4
4615,2025-09-08,Cliente 16,SURCO,"LLANTAS 18""",1,92.1,92.1,Vendedor 3
4616,2025-09-08,Cliente 21,SURCO,BATERÍA DE 18 PLACAS,1,112.3,112.3,Vendedor 6
4617,2025-09-09,Cliente 14,SURCO,AUTO HONDA PILOT 2013,1,24500.0,24500.0,Vendedor 1
4618,2025-09-09,Cliente 22,SURCO,AUTO HONDA FIT 2016,1,22500.0,22500.0,Vendedor 8
4619,2025-09-09,Cliente 34,SURCO,AUTO HONDA CITY 2016,1,25000.0,25000.0,Vendedor 4
4620,2025-09-09,Cliente 36,LA MOLINA,ACEITE DE MOTOR 5W30 FULL SINTÉTICO,3,99.7,299.1,Vendedor 3
4621,2025-09-09,Cliente 20,LA MOLINA,AMORTIGUADORES DELANTEROS,1,280.5,280.5,Vendedor 5
4622,2025-09-09,Cliente 25,LA MOLINA,AMORTIGUADORES POSTERIORES,3,127.2,381.6,Vendedor 10
4623,2025-09-09,Cliente 32,SURCO,"LLANTAS 18""",2,92.1,184.2,Vendedor 4
4624,2025-09-09,Cliente 29,LA MOLINA,BATERÍA DE 18 PLACAS,1,112.3,112.3,Vendedor 8
4625,2025-09-10,Cliente 42,SURCO,AUTO HONDA FIT 2016,1,22500.0,22500.0,Vendedor 7
4626,2025-09-10,Cliente 48,SURCO,AUTO HONDA CITY 2016,1,25000.0,25000.0,Vendedor 1
4627,2025-09-10,Cliente 33,LA MOLINA,ACEITE DE MOTOR 5W30 FULL SINTÉTICO,1,99.7,99.7,Vendedor 3
4628,2025-09-10,Cliente 14,LA MOLINA,AMORTIGUADORES DELANTEROS,3,280.5,841.5,Vendedor 2
4629,2025-09-10,Cliente 12,SURCO,AMORTIGUADORES POSTERIORES,3,127.2,381.6,Vendedor 9
4630,2025-09-10,Cliente 13,SURCO,"LLANTAS 18""",1,92.1,92.1,Vendedor 2
4631,2025-09-10,Cliente 13,SURCO,BATERÍA DE 18 PLACAS,1,112.3,112.3,Vendedor 10
4632,2025-09-11,Cliente 42,SURCO,AUTO HONDA FIT 2016,1,22500.0,22500.0,Vendedor 1
4633,2025-09-11,Cliente 40,SURCO,AUTO HONDA CITY 2016,1,25000.0,25000.0,Vendedor 2
4634,2025-09-11,Cliente 48,LA MOLINA,ACEITE DE MOTOR 5W30 FULL SINTÉTICO,1,99.7,99.7,Vendedor 1
4635,2025-09-11,Cliente 27,SURCO,AMORTIGUADORES POSTERIORES,3,127.2,381.6,Vendedor 5
4636,2025-09-11,Cliente 14,LA MOLINA,"LLANTAS 18""",2,92.1,184.2,Vendedor 9
4637,2025-09-11,Cliente 23,LA MOLINA,BATERÍA DE 18 PLACAS,1,112.3,112.3,Vendedor 1
4638,2025-09-12,Cliente 50,SURCO,AUTO HONDA CITY 2016,1,25000.0,25000.0,Vendedor 8
4639,2025-09-12,Cliente 43,SURCO,ACEITE DE MOTOR 5W30 FULL SINTÉTICO,2,99.7,199.4,Vendedor 8
4640,2025-09-12,Cliente 31,SURCO,AMORTIGUADORES POSTERIORES,1,127.2,127.2,Vendedor 8
4641,2025-09-12,Cliente 48,LA MOLINA,"LLANTAS 18""",2,92.1,184.2,Vendedor 6
4642,2025-09-12,Cliente 31,SURCO,BATERÍA DE 18 PLACAS,1,112.3,112.3,Vendedor 3
4643,2025-09-13,Cliente 10,SURCO,AUTO HONDA CITY 2016,1,25000.0,25000.0,Vendedor 10
4644,2025-09-13,Cliente 10,SURCO,ACEITE DE MOTOR 5W30 FULL SINTÉTICO,1,99.7,99.7,Vendedor 10
4645,2025-09-13,Cliente 25,SURCO,AMORTIGUADORES POSTERIORES,1,127.2,127.2,Vendedor 9
4646,2025-09-13,Cliente 26,LA MOLINA,"LLANTAS 18""",1,92.1,92.1,Vendedor 1
4647,2025-09-14,Cliente 8,SURCO,ACEITE DE MOTOR 5W30 FULL SINTÉTICO,2,99.7,199.4,Vendedor 8
4648,2025-09-14,Cliente 13,LA MOLINA,"LLANTAS 18""",2,92.1,184.2,Vendedor 8
4649,2025-09-15,Cliente 21,SURCO,ACEITE DE MOTOR 5W30 FULL SINTÉTICO,1,99.7,99.7,Vendedor 3
4650,2025-09-17,Cliente 41,SURCO,ACEITE DE MOTOR 5W30 FULL SINTÉTICO,3,99.7,299.1,Vendedor 5
4651,2025-09-17,Cliente 16,SURCO,AMORTIGUADORES DELANTEROS,2,280.5,561.0,Vendedor 3
4652,2025-09-17,Cliente 45,LA MOLINA,AMORTIGUADORES POSTERIORES,3,127.2,381.6,Vendedor 4
4653,2025-09-17,Cliente 21,SURCO,"LLANTAS 18""",3,92.1,276.3,Vendedor 9
4654,2025-09-17,Cliente 27,LA MOLINA,BATERÍA DE 18 PLACAS,2,112.3,224.6,Vendedor 2
4655,2025-09-18,Cliente 48,LA MOLINA,ACEITE DE MOTOR 5W30 FULL SINTÉTICO,4,99.7,398.8,Vendedor 8
4656,2025-09-18,Cliente 26,SURCO,AMORTIGUADORES DELANTEROS,2,280.5,561.0,Vendedor 5
4657,2025-09-18,Cliente 37,SURCO,AMORTIGUADORES POSTERIORES,2,127.2,254.4,Vendedor 6
4658,2025-09-18,Cliente 37,LA MOLINA,"LLANTAS 18""",2,92.1,184.2,Vendedor 8
4659,2025-09-18,Cliente 29,SURCO,BATERÍA DE 18 PLACAS,1,112.3,112.3,Vendedor 10
4660,2025-09-19,Cliente 1,LA MOLINA,ACEITE DE MOTOR 5W30 FULL SINTÉTICO,5,99.7,498.5,Vendedor 3
4661,2025-09-19,Cliente 29,SURCO,AMORTIGUADORES DELANTEROS,5,280.5,1402.5,Vendedor 2
4662,2025-09-19,Cliente 22,SURCO,AMORTIGUADORES POSTERIORES,2,127.2,254.4,Vendedor 4
4663,2025-09-19,Cliente 49,LA MOLINA,"LLANTAS 18""",3,92.1,276.3,Vendedor 9
4664,2025-09-19,Cliente 14,SURCO,BATERÍA DE 18 PLACAS,2,112.3,224.6,Vendedor 8
4665,2025-09-20,Cliente 38,SURCO,ACEITE DE MOTOR 5W30 FULL SINTÉTICO,3,99.7,299.1,Vendedor 9
4666,2025-09-20,Cliente 9,SURCO,AMORTIGUADORES DELANTEROS,1,280.5,280.5,Vendedor 3
4667,2025-09-20,Cliente 9,SURCO,AMORTIGUADORES POSTERIORES,1,127.2,127.2,Vendedor 6
4668,2025-09-20,Cliente 36,SURCO,"LLANTAS 18""",2,92.1,184.2,Vendedor 4
4669,2025-09-20,Cliente 3,SURCO,BATERÍA DE 18 PLACAS,1,112.3,112.3,Vendedor 5
4670,2025-09-21,Cliente 39,LA MOLINA,ACEITE DE MOTOR 5W30 FULL SINTÉTICO,1,99.7,99.7,Vendedor 8
4671,2025-09-21,Cliente 44,LA MOLINA,AMORTIGUADORES DELANTEROS,8,280.5,2244.0,Vendedor 4
4672,2025-09-21,Cliente 12,LA MOLINA,AMORTIGUADORES POSTERIORES,3,127.2,381.6,Vendedor 4
4673,2025-09-21,Cliente 49,SURCO,"LLANTAS 18""",4,92.1,368.4,Vendedor 1
4674,2025-09-21,Cliente 18,SURCO,BATERÍA DE 18 PLACAS,1,112.3,112.3,Vendedor 5
4675,2025-09-22,Cliente 42,SURCO,ACEITE DE MOTOR 5W30 FULL SINTÉTICO,2,99.7,199.4,Vendedor 2
4676,2025-09-22,Cliente 30,LA MOLINA,AMORTIGUADORES DELANTEROS,2,280.5,561.0,Vendedor 2
4677,2025-09-22,Cliente 14,SURCO,AMORTIGUADORES POSTERIORES,3,127.2,381.6,Vendedor 10
4678,2025-09-22,Cliente 50,SURCO,"LLANTAS 18""",1,92.1,92.1,Vendedor 3
4679,2025-09-22,Cliente 50,LA MOLINA,BATERÍA DE 18 PLACAS,3,112.3,336.9,Vendedor 10
4680,2025-09-23,Cliente 43,SURCO,ACEITE DE MOTOR 5W30 FULL SINTÉTICO,1,99.7,99.7,Vendedor 1
4681,2025-09-23,Cliente 31,SURCO,AMORTIGUADORES POSTERIORES,2,127.2,254.4,Vendedor 5
4682,2025-09-23,Cliente 40,LA MOLINA,"LLANTAS 18""",2,92.1,184.2,Vendedor 4
4683,2025-09-24,Cliente 14,LA MOLINA,AMORTIGUADORES POSTERIORES,4,127.2,508.8,Vendedor 10
4684,2025-09-24,Cliente 39,LA MOLINA,"LLANTAS 18""",4,92.1,368.4,Vendedor 2
4685,2025-10-01,Cliente 16,LA MOLINA,AUTO HONDA ACCORD 2014,1,17500.0,17500.0,Vendedor 4
4686,2025-10-01,Cliente 3,SURCO,AUTO HONDA CIVIC 2014,1,24000.0,24000.0,Vendedor 5
4687,2025-10-01,Cliente 28,SURCO,AUTO HONDA ODISSEY 2013,1,25000.0,25000.0,Vendedor 7
4688,2025-10-01,Cliente 14,LA MOLINA,AUTO HONDA CRV 2014,1,28000.0,28000.0,Vendedor 9
4689,2025-10-01,Cliente 43,SURCO,AUTO HONDA PILOT 2013,1,30500.0,30500.0,Vendedor 3
4690,2025-10-01,Cliente 42,SURCO,AUTO HONDA FIT 2016,1,19500.0,19500.0,Vendedor 5
4691,2025-10-01,Cliente 10,SURCO,FILTRO DE COMBUSTIBLE,1,111.2,111.2,Vendedor 5
4692,2025-10-02,Cliente 2,LA MOLINA,AUTO HONDA CIVIC 2014,1,24000.0,24000.0,Vendedor 9
4693,2025-10-02,Cliente 41,LA MOLINA,AUTO HONDA ODISSEY 2013,1,25000.0,25000.0,Vendedor 9
4694,2025-10-02,Cliente 22,SURCO,AUTO HONDA CRV 2014,1,28000.0,28000.0,Vendedor 1
4695,2025-10-02,Cliente 9,LA MOLINA,FILTRO DE COMBUSTIBLE,1,111.2,111.2,Vendedor 3
4696,2025-10-03,Cliente 2,SURCO,AUTO HONDA CIVIC 2014,1,24000.0,24000.0,Vendedor 10
4697,2025-10-03,Cliente 45,SURCO,AUTO HONDA CRV 2014,1,28000.0,28000.0,Vendedor 6
4698,2025-10-03,Cliente 5,LA MOLINA,ACEITE DE MOTOR 5W30 FULL SINTÉTICO,2,135.1,270.2,Vendedor 1
4699,2025-10-03,Cliente 9,LA MOLINA,AMORTIGUADORES DELANTEROS,1,220.4,220.4,Vendedor 10
4700,2025-10-03,Cliente 50,SURCO,AMORTIGUADORES POSTERIORES,2,133.8,267.6,Vendedor 2
4701,2025-10-03,Cliente 8,LA MOLINA,"LLANTAS 18""",2,90.0,180.0,Vendedor 3
4702,2025-10-03,Cliente 13,LA MOLINA,BATERÍA DE 18 PLACAS,1,124.3,124.3,Vendedor 7
4703,2025-10-04,Cliente 36,LA MOLINA,AUTO HONDA CIVIC 2014,1,24000.0,24000.0,Vendedor 6
4704,2025-10-04,Cliente 25,LA MOLINA,AUTO HONDA CRV 2014,1,28000.0,28000.0,Vendedor 5
4705,2025-10-04,Cliente 2,SURCO,ACEITE DE MOTOR 5W30 FULL SINTÉTICO,1,135.1,135.1,Vendedor 5
4706,2025-10-04,Cliente 2,SURCO,AMORTIGUADORES DELANTEROS,1,220.4,220.4,Vendedor 3
4707,2025-10-04,Cliente 28,SURCO,AMORTIGUADORES POSTERIORES,2,133.8,267.6,Vendedor 2
4708,2025-10-04,Cliente 31,SURCO,"LLANTAS 18""",3,90.0,270.0,Vendedor 4
4709,2025-10-04,Cliente 18,LA MOLINA,BATERÍA DE 18 PLACAS,1,124.3,124.3,Vendedor 1
4710,2025-10-05,Cliente 39,SURCO,AUTO HONDA CIVIC 2014,1,24000.0,24000.0,Vendedor 10
4711,2025-10-05,Cliente 29,SURCO,AUTO HONDA CRV 2014,1,28000.0,28000.0,Vendedor 2
4712,2025-10-05,Cliente 38,LA MOLINA,ACEITE DE MOTOR 5W30 FULL SINTÉTICO,2,135.1,270.2,Vendedor 1
4713,2025-10-05,Cliente 9,SURCO,AMORTIGUADORES DELANTEROS,2,220.4,440.8,Vendedor 3
4714,2025-10-05,Cliente 22,SURCO,AMORTIGUADORES POSTERIORES,2,133.8,267.6,Vendedor 6
4715,2025-10-05,Cliente 44,SURCO,"LLANTAS 18""",3,90.0,270.0,Vendedor 1
4716,2025-10-05,Cliente 45,SURCO,BATERÍA DE 18 PLACAS,1,124.3,124.3,Vendedor 5
4717,2025-10-06,Cliente 16,LA MOLINA,AUTO HONDA CIVIC 2014,1,24000.0,24000.0,Vendedor 1
4718,2025-10-06,Cliente 40,SURCO,ACEITE DE MOTOR 5W30 FULL SINTÉTICO,1,135.1,135.1,Vendedor 6
4719,2025-10-06,Cliente 37,LA MOLINA,AMORTIGUADORES DELANTEROS,2,220.4,440.8,Vendedor 8
4720,2025-10-06,Cliente 20,LA MOLINA,AMORTIGUADORES POSTERIORES,2,133.8,267.6,Vendedor 10
4721,2025-10-06,Cliente 29,LA MOLINA,"LLANTAS 18""",1,90.0,90.0,Vendedor 10
4722,2025-10-06,Cliente 24,LA MOLINA,BATERÍA DE 18 PLACAS,1,124.3,124.3,Vendedor 5
4723,2025-10-07,Cliente 16,SURCO,ACEITE DE MOTOR 5W30 FULL SINTÉTICO,4,135.1,540.4,Vendedor 5
4724,2025-10-07,Cliente 9,SURCO,AMORTIGUADORES DELANTEROS,2,220.4,440.8,Vendedor 5
4725,2025-10-07,Cliente 1,LA MOLINA,AMORTIGUADORES POSTERIORES,2,133.8,267.6,Vendedor 2
4726,2025-10-07,Cliente 50,SURCO,"LLANTAS 18""",1,90.0,90.0,Vendedor 2
4727,2025-10-07,Cliente 3,SURCO,BATERÍA DE 18 PLACAS,1,124.3,124.3,Vendedor 4
4728,2025-10-08,Cliente 36,LA MOLINA,ACEITE DE MOTOR 5W30 FULL SINTÉTICO,1,135.1,135.1,Vendedor 4
4729,2025-10-08,Cliente 26,LA MOLINA,AMORTIGUADORES DELANTEROS,1,220.4,220.4,Vendedor 5
4730,2025-10-08,Cliente 11,LA MOLINA,AMORTIGUADORES POSTERIORES,1,133.8,133.8,Vendedor 7
4731,2025-10-08,Cliente 34,SURCO,"LLANTAS 18""",1,90.0,90.0,Vendedor 2
4732,2025-10-08,Cliente 29,LA MOLINA,BATERÍA DE 18 PLACAS,1,124.3,124.3,Vendedor 2
4733,2025-10-09,Cliente 47,SURCO,ACEITE DE MOTOR 5W30 FULL SINTÉTICO,2,135.1,270.2,Vendedor 2
4734,2025-10-09,Cliente 30,SURCO,AMORTIGUADORES DELANTEROS,3,220.4,661.2,Vendedor 2
4735,2025-10-09,Cliente 27,SURCO,AMORTIGUADORES POSTERIORES,1,133.8,133.8,Vendedor 8
4736,2025-10-09,Cliente 4,SURCO,"LLANTAS 18""",1,90.0,90.0,Vendedor 8
4737,2025-10-09,Cliente 22,SURCO,BATERÍA DE 18 PLACAS,1,124.3,124.3,Vendedor 2
4738,2025-10-10,Cliente 19,SURCO,AUTO HONDA PILOT 2013,1,30500.0,30500.0,Vendedor 6
4739,2025-10-10,Cliente 32,SURCO,AUTO HONDA FIT 2016,1,19500.0,19500.0,Vendedor 5
4740,2025-10-10,Cliente 26,SURCO,AUTO HONDA CITY 2016,1,27000.0,27000.0,Vendedor 3
4741,2025-10-10,Cliente 2,SURCO,ACEITE DE MOTOR 5W30 FULL SINTÉTICO,1,135.1,135.1,Vendedor 1
4742,2025-10-10,Cliente 23,SURCO,AMORTIGUADORES DELANTEROS,2,220.4,440.8,Vendedor 9
4743,2025-10-10,Cliente 29,LA MOLINA,AMORTIGUADORES POSTERIORES,3,133.8,401.4,Vendedor 7
4744,2025-10-10,Cliente 32,LA MOLINA,"LLANTAS 18""",4,90.0,360.0,Vendedor 1
4745,2025-10-10,Cliente 8,SURCO,BATERÍA DE 18 PLACAS,1,124.3,124.3,Vendedor 9
4746,2025-10-11,Cliente 22,SURCO,AUTO HONDA PILOT 2013,1,30500.0,30500.0,Vendedor 4
4747,2025-10-11,Cliente 39,SURCO,AUTO HONDA FIT 2016,1,19500.0,19500.0,Vendedor 7
4748,2025-10-11,Cliente 29,SURCO,AUTO HONDA CITY 2016,1,27000.0,27000.0,Vendedor 5
4749,2025-10-11,Cliente 28,LA MOLINA,ACEITE DE MOTOR 5W30 FULL SINTÉTICO,4,135.1,540.4,Vendedor 3
4750,2025-10-11,Cliente 38,LA MOLINA,AMORTIGUADORES DELANTEROS,1,220.4,220.4,Vendedor 2
4751,2025-10-11,Cliente 9,SURCO,AMORTIGUADORES POSTERIORES,3,133.8,401.4,Vendedor 8
4752,2025-10-11,Cliente 4,SURCO,"LLANTAS 18""",1,90.0,90.0,Vendedor 5
4753,2025-10-11,Cliente 27,LA MOLINA,BATERÍA DE 18 PLACAS,1,124.3,124.3,Vendedor 7
4754,2025-10-12,Cliente 20,SURCO,AUTO HONDA PILOT 2013,1,30500.0,30500.0,Vendedor 6
4755,2025-10-12,Cliente 49,SURCO,AUTO HONDA CITY 2016,1,27000.0,27000.0,Vendedor 2
4756,2025-10-12,Cliente 29,SURCO,ACEITE DE MOTOR 5W30 FULL SINTÉTICO,1,135.1,135.1,Vendedor 10
4757,2025-10-12,Cliente 8,LA MOLINA,AMORTIGUADORES DELANTEROS,4,220.4,881.6,Vendedor 5
4758,2025-10-12,Cliente 48,LA MOLINA,AMORTIGUADORES POSTERIORES,1,133.8,133.8,Vendedor 5
4759,2025-10-12,Cliente 35,LA MOLINA,"LLANTAS 18""",4,90.0,360.0,Vendedor 9
4760,2025-10-12,Cliente 46,SURCO,BATERÍA DE 18 PLACAS,1,124.3,124.3,Vendedor 10
4761,2025-10-13,Cliente 37,SURCO,AUTO HONDA PILOT 2013,1,30500.0,30500.0,Vendedor 1
4762,2025-10-13,Cliente 16,SURCO,AUTO HONDA CITY 2016,1,27000.0,27000.0,Vendedor 2
4763,2025-10-13,Cliente 3,LA MOLINA,ACEITE DE MOTOR 5W30 FULL SINTÉTICO,1,135.1,135.1,Vendedor 5
4764,2025-10-13,Cliente 42,LA MOLINA,AMORTIGUADORES DELANTEROS,1,220.4,220.4,Vendedor 10
4765,2025-10-13,Cliente 39,LA MOLINA,AMORTIGUADORES POSTERIORES,1,133.8,133.8,Vendedor 9
4766,2025-10-14,Cliente 42,SURCO,AUTO HONDA CITY 2016,1,27000.0,27000.0,Vendedor 2
4767,2025-10-17,Cliente 31,LA MOLINA,ACEITE DE MOTOR 5W30 FULL SINTÉTICO,1,135.1,135.1,Vendedor 10
4768,2025-10-17,Cliente 15,SURCO,AMORTIGUADORES DELANTEROS,3,220.4,661.2,Vendedor 3
4769,2025-10-17,Cliente 12,LA MOLINA,AMORTIGUADORES POSTERIORES,3,133.8,401.4,Vendedor 4
4770,2025-10-17,Cliente 38,LA MOLINA,"LLANTAS 18""",6,90.0,540.0,Vendedor 10
4771,2025-10-17,Cliente 1,LA MOLINA,BATERÍA DE 18 PLACAS,1,124.3,124.3,Vendedor 2
4772,2025-10-18,Cliente 11,LA MOLINA,ACEITE DE MOTOR 5W30 FULL SINTÉTICO,6,135.1,810.6,Vendedor 7
4773,2025-10-18,Cliente 14,SURCO,AMORTIGUADORES DELANTEROS,2,220.4,440.8,Vendedor 8
4774,2025-10-18,Cliente 35,LA MOLINA,AMORTIGUADORES POSTERIORES,1,133.8,133.8,Vendedor 3
4775,2025-10-18,Cliente 27,SURCO,"LLANTAS 18""",1,90.0,90.0,Vendedor 1
4776,2025-10-18,Cliente 41,SURCO,BATERÍA DE 18 PLACAS,1,124.3,124.3,Vendedor 5
4777,2025-10-19,Cliente 16,SURCO,ACEITE DE MOTOR 5W30 FULL SINTÉTICO,1,135.1,135.1,Vendedor 6
4778,2025-10-19,Cliente 10,LA MOLINA,AMORTIGUADORES DELANTEROS,5,220.4,1102.0,Vendedor 2
4779,2025-10-19,Cliente 2,LA MOLINA,AMORTIGUADORES POSTERIORES,1,133.8,133.8,Vendedor 9
4780,2025-10-19,Cliente 43,LA MOLINA,"LLANTAS 18""",5,90.0,450.0,Vendedor 9
4781,2025-10-19,Cliente 35,SURCO,BATERÍA DE 18 PLACAS,1,124.3,124.3,Vendedor 7
4782,2025-10-20,Cliente 35,LA MOLINA,ACEITE DE MOTOR 5W30 FULL SINTÉTICO,3,135.1,405.3,Vendedor 3
4783,2025-10-20,Cliente 29,SURCO,AMORTIGUADORES DELANTEROS,2,220.4,440.8,Vendedor 6
4784,2025-10-20,Cliente 37,SURCO,AMORTIGUADORES POSTERIORES,5,133.8,669.0,Vendedor 8
4785,2025-10-20,Cliente 29,LA MOLINA,"LLANTAS 18""",1,90.0,90.0,Vendedor 1
4786,2025-10-20,Cliente 2,SURCO,BATERÍA DE 18 PLACAS,1,124.3,124.3,Vendedor 5
4787,2025-10-21,Cliente 27,SURCO,ACEITE DE MOTOR 5W30 FULL SINTÉTICO,5,135.1,675.5,Vendedor 8
4788,2025-10-21,Cliente 43,LA MOLINA,AMORTIGUADORES DELANTEROS,3,220.4,661.2,Vendedor 2
4789,2025-10-21,Cliente 25,SURCO,AMORTIGUADORES POSTERIORES,2,133.8,267.6,Vendedor 10
4790,2025-10-21,Cliente 39,SURCO,"LLANTAS 18""",1,90.0,90.0,Vendedor 7
4791,2025-10-21,Cliente 11,SURCO,BATERÍA DE 18 PLACAS,1,124.3,124.3,Vendedor 9
4792,2025-10-22,Cliente 11,SURCO,ACEITE DE MOTOR 5W30 FULL SINTÉTICO,4,135.1,540.4,Vendedor 10
4793,2025-10-22,Cliente 36,LA MOLINA,AMORTIGUADORES DELANTEROS,2,220.4,440.8,Vendedor 9
4794,2025-10-22,Cliente 47,LA MOLINA,AMORTIGUADORES POSTERIORES,2,133.8,267.6,Vendedor 7
4795,2025-10-22,Cliente 18,SURCO,"LLANTAS 18""",8,90.0,720.0,Vendedor 1
4796,2025-10-22,Cliente 15,LA MOLINA,BATERÍA DE 18 PLACAS,3,124.3,372.9,Vendedor 2
4797,2025-10-23,Cliente 38,SURCO,AMORTIGUADORES DELANTEROS,3,220.4,661.2,Vendedor 7
4798,2025-10-23,Cliente 28,LA MOLINA,AMORTIGUADORES POSTERIORES,1,133.8,133.8,Vendedor 1
4799,2025-10-23,Cliente 12,SURCO,BATERÍA DE 18 PLACAS,1,124.3,124.3,Vendedor 8
4800,2025-10-24,Cliente 22,SURCO,AMORTIGUADORES POSTERIORES,4,133.8,535.2,Vendedor 7
4801,2025-10-24,Cliente 38,LA MOLINA,BATERÍA DE 18 PLACAS,1,124.3,124.3,Vendedor 7
4802,2025-10-25,Cliente 39,LA MOLINA,AMORTIGUADORES POSTERIORES,2,133.8,267.6,Vendedor 7
4803,2025-11-01,Cliente 40,SURCO,AUTO HONDA ACCORD 2014,1,17500.0,17500.0,Vendedor 1
4804,2025-11-01,Cliente 9,LA MOLINA,AUTO HONDA CIVIC 2014,1,29500.0,29500.0,Vendedor 5
4805,2025-11-01,Cliente 31,LA MOLINA,AUTO HONDA ODISSEY 2013,1,29000.0,29000.0,Vendedor 3
4806,2025-11-01,Cliente 39,LA MOLINA,AUTO HONDA CRV 2014,1,29000.0,29000.0,Vendedor 10
4807,2025-11-01,Cliente 28,SURCO,AUTO HONDA FIT 2016,1,19500.0,19500.0,Vendedor 1
4808,2025-11-01,Cliente 6,SURCO,FILTRO DE COMBUSTIBLE,1,131.2,131.2,Vendedor 5
4809,2025-11-02,Cliente 23,SURCO,AUTO HONDA ACCORD 2014,1,17500.0,17500.0,Vendedor 10
4810,2025-11-02,Cliente 14,SURCO,AUTO HONDA CIVIC 2014,1,29500.0,29500.0,Vendedor 7
4811,2025-11-02,Cliente 15,SURCO,AUTO HONDA ODISSEY 2013,1,29000.0,29000.0,Vendedor 4
4812,2025-11-02,Cliente 47,LA MOLINA,AUTO HONDA CRV 2014,1,29000.0,29000.0,Vendedor 7
4813,2025-11-02,Cliente 22,SURCO,AUTO HONDA FIT 2016,1,19500.0,19500.0,Vendedor 3
4814,2025-11-02,Cliente 17,SURCO,FILTRO DE COMBUSTIBLE,1,131.2,131.2,Vendedor 6
4815,2025-11-03,Cliente 11,SURCO,AUTO HONDA ACCORD 2014,1,17500.0,17500.0,Vendedor 6
4816,2025-11-03,Cliente 49,LA MOLINA,AUTO HONDA CIVIC 2014,1,29500.0,29500.0,Vendedor 5
4817,2025-11-03,Cliente 10,LA MOLINA,AUTO HONDA ODISSEY 2013,1,29000.0,29000.0,Vendedor 5
4818,2025-11-03,Cliente 40,SURCO,AUTO HONDA CRV 2014,1,29000.0,29000.0,Vendedor 2
4819,2025-11-03,Cliente 42,LA MOLINA,ACEITE DE MOTOR 5W30 FULL SINTÉTICO,2,131.3,262.6,Vendedor 1
4820,2025-11-03,Cliente 45,SURCO,FILTRO DE COMBUSTIBLE,1,131.2,131.2,Vendedor 5
4821,2025-11-03,Cliente 37,SURCO,AMORTIGUADORES DELANTEROS,3,284.8,854.4,Vendedor 7
4822,2025-11-03,Cliente 31,SURCO,AMORTIGUADORES POSTERIORES,2,112.6,225.2,Vendedor 8
4823,2025-11-03,Cliente 50,SURCO,"LLANTAS 18""",3,90.5,271.5,Vendedor 9
4824,2025-11-03,Cliente 45,SURCO,BATERÍA DE 18 PLACAS,1,128.3,128.3,Vendedor 5
4825,2025-11-04,Cliente 35,SURCO,AUTO HONDA ACCORD 2014,1,17500.0,17500.0,Vendedor 9
4826,2025-11-04,Cliente 26,SURCO,AUTO HONDA CIVIC 2014,1,29500.0,29500.0,Vendedor 8
4827,2025-11-04,Cliente 7,SURCO,AUTO HONDA ODISSEY 2013,1,29000.0,29000.0,Vendedor 5
4828,2025-11-04,Cliente 29,SURCO,AUTO HONDA CRV 2014,1,29000.0,29000.0,Vendedor 5
4829,2025-11-04,Cliente 15,SURCO,ACEITE DE MOTOR 5W30 FULL SINTÉTICO,2,131.3,262.6,Vendedor 6
4830,2025-11-04,Cliente 26,SURCO,FILTRO DE COMBUSTIBLE,1,131.2,131.2,Vendedor 7
4831,2025-11-04,Cliente 40,LA MOLINA,AMORTIGUADORES DELANTEROS,3,284.8,854.4,Vendedor 9
4832,2025-11-04,Cliente 45,SURCO,AMORTIGUADORES POSTERIORES,3,112.6,337.8,Vendedor 10
4833,2025-11-04,Cliente 20,LA MOLINA,"LLANTAS 18""",2,90.5,181.0,Vendedor 9
4834,2025-11-04,Cliente 37,LA MOLINA,BATERÍA DE 18 PLACAS,1,128.3,128.3,Vendedor 5
4835,2025-11-05,Cliente 21,SURCO,AUTO HONDA ACCORD 2014,1,17500.0,17500.0,Vendedor 6
4836,2025-11-05,Cliente 21,LA MOLINA,AUTO HONDA ODISSEY 2013,1,29000.0,29000.0,Vendedor 1
4837,2025-11-05,Cliente 8,LA MOLINA,AUTO HONDA CRV 2014,1,29000.0,29000.0,Vendedor 10
4838,2025-11-05,Cliente 4,SURCO,ACEITE DE MOTOR 5W30 FULL SINTÉTICO,1,131.3,131.3,Vendedor 8
4839,2025-11-05,Cliente 16,LA MOLINA,FILTRO DE COMBUSTIBLE,1,131.2,131.2,Vendedor 7
4840,2025-11-05,Cliente 8,LA MOLINA,AMORTIGUADORES DELANTEROS,1,284.8,284.8,Vendedor 2
4841,2025-11-05,Cliente 28,SURCO,AMORTIGUADORES POSTERIORES,2,112.6,225.2,Vendedor 1
4842,2025-11-05,Cliente 14,LA MOLINA,"LLANTAS 18""",1,90.5,90.5,Vendedor 7
4843,2025-11-05,Cliente 16,LA MOLINA,BATERÍA DE 18 PLACAS,1,128.3,128.3,Vendedor 7
4844,2025-11-06,Cliente 7,LA MOLINA,AUTO HONDA ACCORD 2014,1,17500.0,17500.0,Vendedor 9
4845,2025-11-06,Cliente 21,LA MOLINA,ACEITE DE MOTOR 5W30 FULL SINTÉTICO,3,131.3,393.9,Vendedor 6
4846,2025-11-06,Cliente 25,SURCO,FILTRO DE COMBUSTIBLE,1,131.2,131.2,Vendedor 8
4847,2025-11-06,Cliente 2,SURCO,AMORTIGUADORES DELANTEROS,1,284.8,284.8,Vendedor 10
4848,2025-11-06,Cliente 9,LA MOLINA,AMORTIGUADORES POSTERIORES,3,112.6,337.8,Vendedor 5
4849,2025-11-06,Cliente 12,LA MOLINA,"LLANTAS 18""",3,90.5,271.5,Vendedor 1
4850,2025-11-06,Cliente 25,LA MOLINA,BATERÍA DE 18 PLACAS,1,128.3,128.3,Vendedor 7
4851,2025-11-07,Cliente 48,LA MOLINA,AUTO HONDA ACCORD 2014,1,17500.0,17500.0,Vendedor 9
4852,2025-11-07,Cliente 28,LA MOLINA,ACEITE DE MOTOR 5W30 FULL SINTÉTICO,3,131.3,393.9,Vendedor 8
4853,2025-11-07,Cliente 4,LA MOLINA,FILTRO DE COMBUSTIBLE,1,131.2,131.2,Vendedor 6
4854,2025-11-07,Cliente 11,LA MOLINA,AMORTIGUADORES DELANTEROS,4,284.8,1139.2,Vendedor 1
4855,2025-11-07,Cliente 28,LA MOLINA,AMORTIGUADORES POSTERIORES,2,112.6,225.2,Vendedor 6
4856,2025-11-07,Cliente 22,LA MOLINA,"LLANTAS 18""",2,90.5,181.0,Vendedor 9
4857,2025-11-07,Cliente 37,SURCO,BATERÍA DE 18 PLACAS,1,128.3,128.3,Vendedor 8
4858,2025-11-08,Cliente 15,LA MOLINA,ACEITE DE MOTOR 5W30 FULL SINTÉTICO,2,131.3,262.6,Vendedor 4
4859,2025-11-08,Cliente 28,SURCO,FILTRO DE COMBUSTIBLE,1,131.2,131.2,Vendedor 3
4860,2025-11-08,Cliente 17,LA MOLINA,AMORTIGUADORES DELANTEROS,2,284.8,569.6,Vendedor 7
4861,2025-11-08,Cliente 41,SURCO,AMORTIGUADORES POSTERIORES,2,112.6,225.2,Vendedor 3
4862,2025-11-08,Cliente 45,LA MOLINA,"LLANTAS 18""",2,90.5,181.0,Vendedor 5
4863,2025-11-08,Cliente 7,SURCO,BATERÍA DE 18 PLACAS,1,128.3,128.3,Vendedor 7
4864,2025-11-09,Cliente 39,LA MOLINA,AUTO HONDA CIVIC 2014,1,29500.0,29500.0,Vendedor 10
4865,2025-11-09,Cliente 15,SURCO,AUTO HONDA PILOT 2013,1,30500.0,30500.0,Vendedor 1
4866,2025-11-09,Cliente 45,SURCO,AUTO HONDA FIT 2016,1,19500.0,19500.0,Vendedor 7
4867,2025-11-09,Cliente 8,SURCO,ACEITE DE MOTOR 5W30 FULL SINTÉTICO,1,131.3,131.3,Vendedor 3
4868,2025-11-09,Cliente 19,SURCO,FILTRO DE COMBUSTIBLE,1,131.2,131.2,Vendedor 3
4869,2025-11-09,Cliente 31,SURCO,AMORTIGUADORES DELANTEROS,4,284.8,1139.2,Vendedor 8
4870,2025-11-09,Cliente 9,LA MOLINA,AMORTIGUADORES POSTERIORES,2,112.6,225.2,Vendedor 6
4871,2025-11-09,Cliente 25,SURCO,"LLANTAS 18""",3,90.5,271.5,Vendedor 1
4872,2025-11-09,Cliente 6,SURCO,BATERÍA DE 18 PLACAS,1,128.3,128.3,Vendedor 3
4873,2025-11-10,Cliente 46,LA MOLINA,AUTO HONDA CIVIC 2014,1,29500.0,29500.0,Vendedor 2
4874,2025-11-10,Cliente 24,SURCO,AUTO HONDA PILOT 2013,1,30500.0,30500.0,Vendedor 9
4875,2025-11-10,Cliente 35,SURCO,AUTO HONDA FIT 2016,1,19500.0,19500.0,Vendedor 9
4876,2025-11-10,Cliente 4,SURCO,ACEITE DE MOTOR 5W30 FULL SINTÉTICO,3,131.3,393.9,Vendedor 1
4877,2025-11-10,Cliente 7,SURCO,FILTRO DE COMBUSTIBLE,1,131.2,131.2,Vendedor 8
4878,2025-11-10,Cliente 31,SURCO,AMORTIGUADORES DELANTEROS,2,284.8,569.6,Vendedor 8
4879,2025-11-10,Cliente 13,SURCO,AMORTIGUADORES POSTERIORES,1,112.6,112.6,Vendedor 2
4880,2025-11-10,Cliente 29,SURCO,"LLANTAS 18""",1,90.5,90.5,Vendedor 1
4881,2025-11-10,Cliente 9,LA MOLINA,BATERÍA DE 18 PLACAS,2,128.3,256.6,Vendedor 7
4882,2025-11-11,Cliente 11,SURCO,AUTO HONDA PILOT 2013,1,30500.0,30500.0,Vendedor 7
4883,2025-11-11,Cliente 10,SURCO,AUTO HONDA FIT 2016,1,19500.0,19500.0,Vendedor 2
4884,2025-11-11,Cliente 14,SURCO,ACEITE DE MOTOR 5W30 FULL SINTÉTICO,1,131.3,131.3,Vendedor 9
4885,2025-11-11,Cliente 15,LA MOLINA,FILTRO DE COMBUSTIBLE,1,131.2,131.2,Vendedor 8
4886,2025-11-11,Cliente 23,LA MOLINA,AMORTIGUADORES POSTERIORES,1,112.6,112.6,Vendedor 10
4887,2025-11-11,Cliente 49,SURCO,"LLANTAS 18""",3,90.5,271.5,Vendedor 9
4888,2025-11-11,Cliente 36,SURCO,BATERÍA DE 18 PLACAS,1,128.3,128.3,Vendedor 6
4889,2025-11-12,Cliente 24,SURCO,AUTO HONDA PILOT 2013,1,30500.0,30500.0,Vendedor 5
4890,2025-11-12,Cliente 9,SURCO,ACEITE DE MOTOR 5W30 FULL SINTÉTICO,2,131.3,262.6,Vendedor 2
4891,2025-11-12,Cliente 33,SURCO,FILTRO DE COMBUSTIBLE,1,131.2,131.2,Vendedor 6
4892,2025-11-12,Cliente 4,LA MOLINA,AMORTIGUADORES POSTERIORES,2,112.6,225.2,Vendedor 1
4893,2025-11-12,Cliente 20,SURCO,"LLANTAS 18""",1,90.5,90.5,Vendedor 6
4894,2025-11-13,Cliente 48,LA MOLINA,FILTRO DE COMBUSTIBLE,1,131.2,131.2,Vendedor 3
4895,2025-11-13,Cliente 9,LA MOLINA,AMORTIGUADORES POSTERIORES,1,112.6,112.6,Vendedor 4
4896,2025-11-14,Cliente 44,LA MOLINA,FILTRO DE COMBUSTIBLE,1,131.2,131.2,Vendedor 10
4897,2025-11-14,Cliente 29,LA MOLINA,AMORTIGUADORES POSTERIORES,1,112.6,112.6,Vendedor 7
4898,2025-11-15,Cliente 11,LA MOLINA,FILTRO DE COMBUSTIBLE,1,131.2,131.2,Vendedor 1
4899,2025-11-16,Cliente 46,LA MOLINA,FILTRO DE COMBUSTIBLE,1,131.2,131.2,Vendedor 1
4900,2025-11-17,Cliente 17,SURCO,ACEITE DE MOTOR 5W30 FULL SINTÉTICO,2,131.3,262.6,Vendedor 6
4901,2025-11-17,Cliente 3,SURCO,FILTRO DE COMBUSTIBLE,1,131.2,131.2,Vendedor 7
4902,2025-11-17,Cliente 47,LA MOLINA,AMORTIGUADORES DELANTEROS,4,284.8,1139.2,Vendedor 9
4903,2025-11-17,Cliente 40,LA MOLINA,AMORTIGUADORES POSTERIORES,2,112.6,225.2,Vendedor 4
4904,2025-11-17,Cliente 20,SURCO,"LLANTAS 18""",3,90.5,271.5,Vendedor 1
4905,2025-11-17,Cliente 33,SURCO,BATERÍA DE 18 PLACAS,1,128.3,128.3,Vendedor 2
4906,2025-11-18,Cliente 31,LA MOLINA,ACEITE DE MOTOR 5W30 FULL SINTÉTICO,4,131.3,525.2,Vendedor 9
4907,2025-11-18,Cliente 33,LA MOLINA,FILTRO DE COMBUSTIBLE,1,131.2,131.2,Vendedor 2
4908,2025-11-18,Cliente 12,LA MOLINA,AMORTIGUADORES DELANTEROS,7,284.8,1993.6,Vendedor 5
4909,2025-11-18,Cliente 43,LA MOLINA,AMORTIGUADORES POSTERIORES,3,112.6,337.8,Vendedor 6
4910,2025-11-18,Cliente 28,LA MOLINA,"LLANTAS 18""",3,90.5,271.5,Vendedor 1
4911,2025-11-18,Cliente 45,LA MOLINA,BATERÍA DE 18 PLACAS,1,128.3,128.3,Vendedor 2
4912,2025-11-19,Cliente 29,SURCO,ACEITE DE MOTOR 5W30 FULL SINTÉTICO,4,131.3,525.2,Vendedor 9
4913,2025-11-19,Cliente 1,SURCO,FILTRO DE COMBUSTIBLE,1,131.2,131.2,Vendedor 6
4914,2025-11-19,Cliente 10,SURCO,AMORTIGUADORES DELANTEROS,4,284.8,1139.2,Vendedor 9
4915,2025-11-19,Cliente 35,LA MOLINA,AMORTIGUADORES POSTERIORES,4,112.6,450.4,Vendedor 7
4916,2025-11-19,Cliente 38,LA MOLINA,"LLANTAS 18""",5,90.5,452.5,Vendedor 9
4917,2025-11-19,Cliente 49,SURCO,BATERÍA DE 18 PLACAS,3,128.3,384.9,Vendedor 10
4918,2025-11-20,Cliente 21,LA MOLINA,ACEITE DE MOTOR 5W30 FULL SINTÉTICO,1,131.3,131.3,Vendedor 8
4919,2025-11-20,Cliente 7,LA MOLINA,AMORTIGUADORES DELANTEROS,3,284.8,854.4,Vendedor 5
4920,2025-11-20,Cliente 17,SURCO,AMORTIGUADORES POSTERIORES,4,112.6,450.4,Vendedor 7
4921,2025-11-20,Cliente 6,SURCO,"LLANTAS 18""",2,90.5,181.0,Vendedor 10
4922,2025-11-20,Cliente 46,LA MOLINA,BATERÍA DE 18 PLACAS,3,128.3,384.9,Vendedor 5
4923,2025-11-21,Cliente 9,LA MOLINA,ACEITE DE MOTOR 5W30 FULL SINTÉTICO,2,131.3,262.6,Vendedor 4
4924,2025-11-21,Cliente 38,SURCO,AMORTIGUADORES DELANTEROS,6,284.8,1708.8,Vendedor 8
4925,2025-11-21,Cliente 16,SURCO,AMORTIGUADORES POSTERIORES,2,112.6,225.2,Vendedor 10
4926,2025-11-21,Cliente 8,SURCO,"LLANTAS 18""",1,90.5,90.5,Vendedor 9
4927,2025-11-21,Cliente 26,SURCO,BATERÍA DE 18 PLACAS,2,128.3,256.6,Vendedor 3
4928,2025-11-22,Cliente 12,SURCO,ACEITE DE MOTOR 5W30 FULL SINTÉTICO,4,131.3,525.2,Vendedor 9
4929,2025-11-22,Cliente 46,LA MOLINA,AMORTIGUADORES DELANTEROS,3,284.8,854.4,Vendedor 10
4930,2025-11-22,Cliente 11,SURCO,AMORTIGUADORES POSTERIORES,4,112.6,450.4,Vendedor 3
4931,2025-11-22,Cliente 8,SURCO,"LLANTAS 18""",1,90.5,90.5,Vendedor 1
4932,2025-11-22,Cliente 12,SURCO,BATERÍA DE 18 PLACAS,1,128.3,128.3,Vendedor 1
4933,2025-11-23,Cliente 45,LA MOLINA,ACEITE DE MOTOR 5W30 FULL SINTÉTICO,1,131.3,131.3,Vendedor 9
4934,2025-11-23,Cliente 25,LA MOLINA,AMORTIGUADORES POSTERIORES,1,112.6,112.6,Vendedor 2
4935,2025-11-23,Cliente 33,SURCO,"LLANTAS 18""",1,90.5,90.5,Vendedor 10
4936,2025-11-23,Cliente 46,LA MOLINA,BATERÍA DE 18 PLACAS,1,128.3,128.3,Vendedor 7
4937,2025-11-24,Cliente 36,LA MOLINA,ACEITE DE MOTOR 5W30 FULL SINTÉTICO,2,131.3,262.6,Vendedor 2
4938,2025-11-24,Cliente 6,LA MOLINA,"LLANTAS 18""",2,90.5,181.0,Vendedor 5
4939,2025-11-24,Cliente 36,SURCO,BATERÍA DE 18 PLACAS,1,128.3,128.3,Vendedor 5
4940,2025-11-25,Cliente 31,SURCO,"LLANTAS 18""",2,90.5,181.0,Vendedor 5
4941,2025-11-25,Cliente 13,SURCO,BATERÍA DE 18 PLACAS,4,128.3,513.2,Vendedor 6
4942,2025-11-26,Cliente 1,SURCO,BATERÍA DE 18 PLACAS,1,128.3,128.3,Vendedor 4
4943,2025-11-27,Cliente 1,SURCO,BATERÍA DE 18 PLACAS,2,128.3,256.6,Vendedor 6
4944,2025-12-01,Cliente 46,LA MOLINA,AUTO HONDA ACCORD 2014,1,22000.0,22000.0,Vendedor 2
4945,2025-12-01,Cliente 19,SURCO,AUTO HONDA CIVIC 2014,1,29500.0,29500.0,Vendedor 1
4946,2025-12-01,Cliente 35,LA MOLINA,AUTO HONDA ODISSEY 2013,1,26000.0,26000.0,Vendedor 6
4947,2025-12-01,Cliente 26,SURCO,AUTO HONDA CRV 2014,1,26500.0,26500.0,Vendedor 10
4948,2025-12-01,Cliente 50,SURCO,AUTO HONDA CITY 2016,1,26000.0,26000.0,Vendedor 10
4949,2025-12-01,Cliente 34,SURCO,FILTRO DE COMBUSTIBLE,1,104.1,104.1,Vendedor 10
4950,2025-12-02,Cliente 28,LA MOLINA,AUTO HONDA ACCORD 2014,1,22000.0,22000.0,Vendedor 7
4951,2025-12-02,Cliente 19,SURCO,AUTO HONDA CIVIC 2014,1,29500.0,29500.0,Vendedor 9
4952,2025-12-02,Cliente 25,SURCO,AUTO HONDA ODISSEY 2013,1,26000.0,26000.0,Vendedor 9
4953,2025-12-02,Cliente 11,LA MOLINA,AUTO HONDA CRV 2014,1,26500.0,26500.0,Vendedor 7
4954,2025-12-02,Cliente 1,SURCO,AUTO HONDA CITY 2016,1,26000.0,26000.0,Vendedor 9
4955,2025-12-02,Cliente 36,LA MOLINA,FILTRO DE COMBUSTIBLE,1,104.1,104.1,Vendedor 9
4956,2025-12-03,Cliente 40,LA MOLINA,AUTO HONDA ACCORD 2014,1,22000.0,22000.0,Vendedor 2
4957,2025-12-03,Cliente 2,LA MOLINA,AUTO HONDA CIVIC 2014,1,29500.0,29500.0,Vendedor 6
4958,2025-12-03,Cliente 12,LA MOLINA,AUTO HONDA ODISSEY 2013,1,26000.0,26000.0,Vendedor 6
4959,2025-12-03,Cliente 5,LA MOLINA,AUTO HONDA CRV 2014,1,26500.0,26500.0,Vendedor 10
4960,2025-12-03,Cliente 25,SURCO,AUTO HONDA CITY 2016,1,26000.0,26000.0,Vendedor 1
4961,2025-12-03,Cliente 2,SURCO,ACEITE DE MOTOR 5W30 FULL SINTÉTICO,2,106.0,212.0,Vendedor 2
4962,2025-12-03,Cliente 28,SURCO,FILTRO DE COMBUSTIBLE,1,104.1,104.1,Vendedor 6
4963,2025-12-03,Cliente 25,SURCO,AMORTIGUADORES DELANTEROS,4,211.4,845.6,Vendedor 1
4964,2025-12-03,Cliente 36,SURCO,AMORTIGUADORES POSTERIORES,2,136.6,273.2,Vendedor 1
4965,2025-12-03,Cliente 9,LA MOLINA,"LLANTAS 18""",1,51.1,51.1,Vendedor 2
4966,2025-12-03,Cliente 24,LA MOLINA,BATERÍA DE 18 PLACAS,1,93.9,93.9,Vendedor 6
4967,2025-12-04,Cliente 8,SURCO,AUTO HONDA CIVIC 2014,1,29500.0,29500.0,Vendedor 8
4968,2025-12-04,Cliente 30,SURCO,AUTO HONDA ODISSEY 2013,1,26000.0,26000.0,Vendedor 5
4969,2025-12-04,Cliente 43,SURCO,AUTO HONDA CRV 2014,1,26500.0,26500.0,Vendedor 3
4970,2025-12-04,Cliente 19,SURCO,AUTO HONDA CITY 2016,1,26000.0,26000.0,Vendedor 7
4971,2025-12-04,Cliente 7,SURCO,ACEITE DE MOTOR 5W30 FULL SINTÉTICO,2,106.0,212.0,Vendedor 9
4972,2025-12-04,Cliente 18,SURCO,FILTRO DE COMBUSTIBLE,1,104.1,104.1,Vendedor 2
4973,2025-12-04,Cliente 28,SURCO,AMORTIGUADORES DELANTEROS,4,211.4,845.6,Vendedor 5
4974,2025-12-04,Cliente 10,SURCO,AMORTIGUADORES POSTERIORES,1,136.6,136.6,Vendedor 10
4975,2025-12-04,Cliente 33,LA MOLINA,"LLANTAS 18""",2,51.1,102.2,Vendedor 10
4976,2025-12-04,Cliente 29,SURCO,BATERÍA DE 18 PLACAS,1,93.9,93.9,Vendedor 1
4977,2025-12-05,Cliente 47,SURCO,AUTO HONDA ODISSEY 2013,1,26000.0,26000.0,Vendedor 6
4978,2025-12-05,Cliente 9,SURCO,AUTO HONDA CRV 2014,1,26500.0,26500.0,Vendedor 2
4979,2025-12-05,Cliente 44,SURCO,AUTO HONDA CITY 2016,1,26000.0,26000.0,Vendedor 5
4980,2025-12-05,Cliente 3,LA MOLINA,ACEITE DE MOTOR 5W30 FULL SINTÉTICO,3,106.0,318.0,Vendedor 6
4981,2025-12-05,Cliente 50,LA MOLINA,FILTRO DE COMBUSTIBLE,1,104.1,104.1,Vendedor 9
4982,2025-12-05,Cliente 37,SURCO,AMORTIGUADORES DELANTEROS,2,211.4,422.8,Vendedor 3
4983,2025-12-05,Cliente 32,LA MOLINA,AMORTIGUADORES POSTERIORES,1,136.6,136.6,Vendedor 1
4984,2025-12-05,Cliente 5,SURCO,"LLANTAS 18""",1,51.1,51.1,Vendedor 7
4985,2025-12-05,Cliente 46,SURCO,BATERÍA DE 18 PLACAS,1,93.9,93.9,Vendedor 6
4986,2025-12-06,Cliente 4,LA MOLINA,ACEITE DE MOTOR 5W30 FULL SINTÉTICO,4,106.0,424.0,Vendedor 8
4987,2025-12-06,Cliente 14,SURCO,FILTRO DE COMBUSTIBLE,1,104.1,104.1,Vendedor 3
4988,2025-12-06,Cliente 12,LA MOLINA,AMORTIGUADORES DELANTEROS,3,211.4,634.2,Vendedor 9
4989,2025-12-06,Cliente 47,LA MOLINA,AMORTIGUADORES POSTERIORES,1,136.6,136.6,Vendedor 5
4990,2025-12-06,Cliente 6,SURCO,"LLANTAS 18""",1,51.1,51.1,Vendedor 8
4991,2025-12-06,Cliente 11,SURCO,BATERÍA DE 18 PLACAS,1,93.9,93.9,Vendedor 5
4992,2025-12-07,Cliente 6,SURCO,ACEITE DE MOTOR 5W30 FULL SINTÉTICO,4,106.0,424.0,Vendedor 3
4993,2025-12-07,Cliente 5,LA MOLINA,FILTRO DE COMBUSTIBLE,1,104.1,104.1,Vendedor 7
4994,2025-12-07,Cliente 31,SURCO,AMORTIGUADORES DELANTEROS,3,211.4,634.2,Vendedor 2
4995,2025-12-07,Cliente 36,LA MOLINA,AMORTIGUADORES POSTERIORES,1,136.6,136.6,Vendedor 1
4996,2025-12-07,Cliente 37,SURCO,"LLANTAS 18""",1,51.1,51.1,Vendedor 6
4997,2025-12-07,Cliente 40,SURCO,BATERÍA DE 18 PLACAS,1,93.9,93.9,Vendedor 3
4998,2025-12-08,Cliente 43,SURCO,ACEITE DE MOTOR 5W30 FULL SINTÉTICO,2,106.0,212.0,Vendedor 2
4999,2025-12-08,Cliente 12,LA MOLINA,FILTRO DE COMBUSTIBLE,1,104.1,104.1,Vendedor 7
5000,2025-12-08,Cliente 48,SURCO,AMORTIGUADORES DELANTEROS,1,211.4,211.4,Vendedor 6
5001,2025-12-08,Cliente 4,LA MOLINA,AMORTIGUADORES POSTERIORES,1,136.6,136.6,Vendedor 10
5002,2025-12-08,Cliente 3,SURCO,"LLANTAS 18""",1,51.1,51.1,Vendedor 1
5003,2025-12-08,Cliente 5,LA MOLINA,BATERÍA DE 18 PLACAS,1,93.9,93.9,Vendedor 7
5004,2025-12-09,Cliente 1,LA MOLINA,ACEITE DE MOTOR 5W30 FULL SINTÉTICO,3,106.0,318.0,Vendedor 8
5005,2025-12-09,Cliente 45,LA MOLINA,FILTRO DE COMBUSTIBLE,1,104.1,104.1,Vendedor 2
5006,2025-12-09,Cliente 45,LA MOLINA,AMORTIGUADORES DELANTEROS,3,211.4,634.2,Vendedor 5
5007,2025-12-09,Cliente 37,SURCO,AMORTIGUADORES POSTERIORES,1,136.6,136.6,Vendedor 9
5008,2025-12-09,Cliente 38,LA MOLINA,"LLANTAS 18""",2,51.1,102.2,Vendedor 9
5009,2025-12-09,Cliente 27,SURCO,BATERÍA DE 18 PLACAS,1,93.9,93.9,Vendedor 6
5010,2025-12-10,Cliente 39,SURCO,AUTO HONDA ACCORD 2014,1,22000.0,22000.0,Vendedor 5
5011,2025-12-10,Cliente 31,LA MOLINA,AUTO HONDA CIVIC 2014,1,29500.0,29500.0,Vendedor 2
5012,2025-12-10,Cliente 47,SURCO,AUTO HONDA FIT 2016,1,22500.0,22500.0,Vendedor 2
5013,2025-12-10,Cliente 31,SURCO,FILTRO DE COMBUSTIBLE,1,104.1,104.1,Vendedor 4
5014,2025-12-10,Cliente 14,SURCO,AMORTIGUADORES DELANTEROS,3,211.4,634.2,Vendedor 2
5015,2025-12-10,Cliente 22,LA MOLINA,AMORTIGUADORES POSTERIORES,1,136.6,136.6,Vendedor 1
5016,2025-12-10,Cliente 50,LA MOLINA,"LLANTAS 18""",1,51.1,51.1,Vendedor 9
5017,2025-12-10,Cliente 15,LA MOLINA,BATERÍA DE 18 PLACAS,1,93.9,93.9,Vendedor 3
5018,2025-12-11,Cliente 30,SURCO,AUTO HONDA ACCORD 2014,1,22000.0,22000.0,Vendedor 5
5019,2025-12-11,Cliente 47,SURCO,AUTO HONDA FIT 2016,1,22500.0,22500.0,Vendedor 6
5020,2025-12-11,Cliente 22,SURCO,AMORTIGUADORES DELANTEROS,3,211.4,634.2,Vendedor 3
5021,2025-12-11,Cliente 26,SURCO,AMORTIGUADORES POSTERIORES,2,136.6,273.2,Vendedor 5
5022,2025-12-11,Cliente 48,SURCO,"LLANTAS 18""",2,51.1,102.2,Vendedor 7
5023,2025-12-11,Cliente 13,LA MOLINA,BATERÍA DE 18 PLACAS,1,93.9,93.9,Vendedor 10
5024,2025-12-12,Cliente 46,SURCO,AUTO HONDA ACCORD 2014,1,22000.0,22000.0,Vendedor 5
5025,2025-12-12,Cliente 35,SURCO,AUTO HONDA FIT 2016,1,22500.0,22500.0,Vendedor 9
5026,2025-12-12,Cliente 21,SURCO,AMORTIGUADORES DELANTEROS,2,211.4,422.8,Vendedor 4
5027,2025-12-12,Cliente 26,LA MOLINA,AMORTIGUADORES POSTERIORES,4,136.6,546.4,Vendedor 3
5028,2025-12-12,Cliente 22,LA MOLINA,"LLANTAS 18""",1,51.1,51.1,Vendedor 1
5029,2025-12-12,Cliente 29,LA MOLINA,BATERÍA DE 18 PLACAS,1,93.9,93.9,Vendedor 5
5030,2025-12-13,Cliente 29,LA MOLINA,AMORTIGUADORES DELANTEROS,4,211.4,845.6,Vendedor 10
5031,2025-12-13,Cliente 6,LA MOLINA,AMORTIGUADORES POSTERIORES,1,136.6,136.6,Vendedor 6
5032,2025-12-13,Cliente 14,SURCO,"LLANTAS 18""",2,51.1,102.2,Vendedor 10
5033,2025-12-14,Cliente 35,LA MOLINA,AMORTIGUADORES DELANTEROS,1,211.4,211.4,Vendedor 6
5034,2025-12-14,Cliente 3,SURCO,AMORTIGUADORES POSTERIORES,3,136.6,409.8,Vendedor 8
5035,2025-12-14,Cliente 43,SURCO,"LLANTAS 18""",2,51.1,102.2,Vendedor 10
5036,2025-12-15,Cliente 30,LA MOLINA,AMORTIGUADORES DELANTEROS,1,211.4,211.4,Vendedor 9
5037,2025-12-15,Cliente 39,SURCO,AMORTIGUADORES POSTERIORES,1,136.6,136.6,Vendedor 1
5038,2025-12-15,Cliente 19,LA MOLINA,"LLANTAS 18""",1,51.1,51.1,Vendedor 8
5039,2025-12-16,Cliente 44,LA MOLINA,AMORTIGUADORES DELANTEROS,4,211.4,845.6,Vendedor 3
5040,2025-12-16,Cliente 46,LA MOLINA,"LLANTAS 18""",1,51.1,51.1,Vendedor 10
5041,2025-12-17,Cliente 21,SURCO,ACEITE DE MOTOR 5W30 FULL SINTÉTICO,3,106.0,318.0,Vendedor 5
5042,2025-12-17,Cliente 1,SURCO,AMORTIGUADORES DELANTEROS,1,211.4,211.4,Vendedor 2
5043,2025-12-17,Cliente 29,SURCO,AMORTIGUADORES POSTERIORES,2,136.6,273.2,Vendedor 6
5044,2025-12-17,Cliente 1,SURCO,"LLANTAS 18""",2,51.1,102.2,Vendedor 3
5045,2025-12-17,Cliente 6,SURCO,BATERÍA DE 18 PLACAS,2,93.9,187.8,Vendedor 6
5046,2025-12-18,Cliente 14,LA MOLINA,ACEITE DE MOTOR 5W30 FULL SINTÉTICO,1,106.0,106.0,Vendedor 3
5047,2025-12-18,Cliente 29,LA MOLINA,AMORTIGUADORES DELANTEROS,3,211.4,634.2,Vendedor 10
5048,2025-12-18,Cliente 29,SURCO,AMORTIGUADORES POSTERIORES,3,136.6,409.8,Vendedor 5
5049,2025-12-18,Cliente 7,LA MOLINA,"LLANTAS 18""",1,51.1,51.1,Vendedor 8
5050,2025-12-18,Cliente 30,SURCO,BATERÍA DE 18 PLACAS,1,93.9,93.9,Vendedor 10
5051,2025-12-19,Cliente 46,LA MOLINA,ACEITE DE MOTOR 5W30 FULL SINTÉTICO,1,106.0,106.0,Vendedor 10
5052,2025-12-19,Cliente 42,LA MOLINA,AMORTIGUADORES DELANTEROS,2,211.4,422.8,Vendedor 1
5053,2025-12-19,Cliente 4,SURCO,AMORTIGUADORES POSTERIORES,2,136.6,273.2,Vendedor 1
5054,2025-12-19,Cliente 44,LA MOLINA,"LLANTAS 18""",2,51.1,102.2,Vendedor 10
5055,2025-12-19,Cliente 50,LA MOLINA,BATERÍA DE 18 PLACAS,1,93.9,93.9,Vendedor 1
5056,2025-12-20,Cliente 1,SURCO,ACEITE DE MOTOR 5W30 FULL SINTÉTICO,4,106.0,424.0,Vendedor 5
5057,2025-12-20,Cliente 3,SURCO,AMORTIGUADORES DELANTEROS,3,211.4,634.2,Vendedor 4
5058,2025-12-20,Cliente 33,SURCO,AMORTIGUADORES POSTERIORES,2,136.6,273.2,Vendedor 10
5059,2025-12-20,Cliente 5,SURCO,"LLANTAS 18""",2,51.1,102.2,Vendedor 9
5060,2025-12-20,Cliente 15,SURCO,BATERÍA DE 18 PLACAS,2,93.9,187.8,Vendedor 6
5061,2025-12-21,Cliente 23,LA MOLINA,ACEITE DE MOTOR 5W30 FULL SINTÉTICO,3,106.0,318.0,Vendedor 4
5062,2025-12-21,Cliente 10,SURCO,AMORTIGUADORES DELANTEROS,3,211.4,634.2,Vendedor 1
5063,2025-12-21,Cliente 5,LA MOLINA,AMORTIGUADORES POSTERIORES,3,136.6,409.8,Vendedor 1
5064,2025-12-21,Cliente 32,LA MOLINA,"LLANTAS 18""",1,51.1,51.1,Vendedor 10
5065,2025-12-21,Cliente 26,LA MOLINA,BATERÍA DE 18 PLACAS,1,93.9,93.9,Vendedor 10
5066,2025-12-22,Cliente 5,SURCO,ACEITE DE MOTOR 5W30 FULL SINTÉTICO,7,106.0,742.0,Vendedor 9
5067,2025-12-22,Cliente 31,SURCO,AMORTIGUADORES DELANTEROS,3,211.4,634.2,Vendedor 5
5068,2025-12-22,Cliente 31,LA MOLINA,AMORTIGUADORES POSTERIORES,1,136.6,136.6,Vendedor 9
5069,2025-12-22,Cliente 46,SURCO,"LLANTAS 18""",2,51.1,102.2,Vendedor 4
5070,2025-12-22,Cliente 20,LA MOLINA,BATERÍA DE 18 PLACAS,1,93.9,93.9,Vendedor 10
5071,2025-12-23,Cliente 2,SURCO,ACEITE DE MOTOR 5W30 FULL SINTÉTICO,6,106.0,636.0,Vendedor 1
5072,2025-12-23,Cliente 25,LA MOLINA,AMORTIGUADORES POSTERIORES,4,136.6,546.4,Vendedor 3
5073,2025-12-23,Cliente 1,LA MOLINA,"LLANTAS 18""",2,51.1,102.2,Vendedor 4
5074,2025-12-23,Cliente 1,LA MOLINA,BATERÍA DE 18 PLACAS,1,93.9,93.9,Vendedor 2
5075,2025-12-24,Cliente 25,SURCO,ACEITE DE MOTOR 5W30 FULL SINTÉTICO,7,106.0,742.0,Vendedor 6
5076,2025-12-24,Cliente 12,LA MOLINA,AMORTIGUADORES POSTERIORES,2,136.6,273.2,Vendedor 5
5077,2025-12-24,Cliente 35,LA MOLINA,"LLANTAS 18""",1,51.1,51.1,Vendedor 5
5078,2025-12-24,Cliente 41,LA MOLINA,BATERÍA DE 18 PLACAS,1,93.9,93.9,Vendedor 3
5079,2025-12-25,Cliente 15,LA MOLINA,ACEITE DE MOTOR 5W30 FULL SINTÉTICO,5,106.0,530.0,Vendedor 4
5080,2025-12-25,Cliente 1,SURCO,"LLANTAS 18""",1,51.1,51.1,Vendedor 1
5081,2025-12-26,Cliente 16,LA MOLINA,"LLANTAS 18""",1,51.1,51.1,Vendedor 1
5082,2025-12-27,Cliente 16,SURCO,"LLANTAS 18""",3,51.1,153.3,Vendedor 1
