Fecha,Tipo,Almacen,ID_Producto,Producto,Cantidad_Stock,Entidad
2026-01-01,Salida,LA MOLINA,1,AUTO HONDA ACCORD 2014,1,Cliente 42
2026-01-01,Salida,LA MOLINA,2,AUTO HONDA CIVIC 2014,1,Cliente 35
2026-01-01,Salida,LA MOLINA,3,AUTO HONDA ODISSEY 2013,1,Cliente 30
2026-01-01,Salida,LA MOLINA,4,AUTO HONDA CRV 2014,1,Cliente 35
2026-01-01,Salida,LA MOLINA,5,AUTO HONDA PILOT 2013,1,Cliente 19
2026-01-01,Salida,LA MOLINA,6,AUTO HONDA FIT 2016,1,Cliente 25
2026-01-01,Salida,LA MOLINA,7,AUTO HONDA CITY 2016,1,Cliente 28
2026-01-01,Salida,LA MOLINA,8,CAMIONETA HONDA ELEMENT 2013,1,Cliente 18
2026-01-01,Salida,LA MOLINA,9,CAMIONETA HONDA CROSSTOUR 2013,1,Cliente 17
2026-01-01,Salida,LA MOLINA,10,CAMIONETA HONDA CR-Z 2015,1,Cliente 7
2026-01-01,Salida,LA MOLINA,11,CAMIONETA HONDA RID LINE PICK UP 2014,1,Cliente 49
2026-01-01,Salida,LA MOLINA,38,ACEITE DE MOTOR 5W30 FULL SINTÉTICO,1,Cliente 38
2026-01-01,Salida,LA MOLINA,39,FILTRO DE COMBUSTIBLE,1,Cliente 14
2026-01-01,Salida,LA MOLINA,40,AMORTIGUADORES DELANTEROS,1,Cliente 21
2026-01-01,Salida,LA MOLINA,41,AMORTIGUADORES POSTERIORES,1,Cliente 44
2026-01-01,Salida,LA MOLINA,42,"LLANTAS 18""",1,Cliente 15
2026-01-01,Salida,LA MOLINA,43,BATERÍA DE 18 PLACAS,1,Cliente 6
2026-01-01,Salida,SURCO,1,AUTO HONDA ACCORD 2014,1,Cliente 21
2026-01-01,Salida,SURCO,2,AUTO HONDA CIVIC 2014,1,Cliente 46
2026-01-01,Salida,SURCO,3,AUTO HONDA ODISSEY 2013,1,Cliente 34
2026-01-01,Salida,SURCO,4,AUTO HONDA CRV 2014,1,Cliente 14
2026-01-01,Salida,SURCO,5,AUTO HONDA PILOT 2013,1,Cliente 8
2026-01-01,Salida,SURCO,6,AUTO HONDA FIT 2016,1,Cliente 25
2026-01-01,Salida,SURCO,7,AUTO HONDA CITY 2016,1,Cliente 36
2026-01-01,Salida,SURCO,8,CAMIONETA HONDA ELEMENT 2013,1,Cliente 27
2026-01-01,Salida,SURCO,9,CAMIONETA HONDA CROSSTOUR 2013,1,Cliente 41
2026-01-01,Salida,SURCO,10,CAMIONETA HONDA CR-Z 2015,1,Cliente 49
2026-01-01,Salida,SURCO,11,CAMIONETA HONDA RID LINE PICK UP 2014,1,Cliente 46
2026-01-01,Salida,SURCO,38,ACEITE DE MOTOR 5W30 FULL SINTÉTICO,1,Cliente 19
2026-01-01,Salida,SURCO,39,FILTRO DE COMBUSTIBLE,1,Cliente 17
2026-01-01,Salida,SURCO,40,AMORTIGUADORES DELANTEROS,1,Cliente 15
2026-01-01,Salida,SURCO,41,AMORTIGUADORES POSTERIORES,1,Cliente 9
2026-01-01,Salida,SURCO,42,"LLANTAS 18""",1,Cliente 47
2026-01-01,Salida,SURCO,43,BATERÍA DE 18 PLACAS,1,Cliente 16
2026-01-02,Entrada,LA MOLINA,5,AUTO HONDA PILOT 2013,1,Prov Vehículos
2026-01-02,Entrada,LA MOLINA,6,AUTO HONDA FIT 2016,1,Prov Vehículos
2026-01-02,Entrada,LA MOLINA,7,AUTO HONDA CITY 2016,1,Prov Vehículos
2026-01-02,Entrada,LA MOLINA,8,CAMIONETA HONDA ELEMENT 2013,1,Prov Vehículos
2026-01-02,Entrada,LA MOLINA,9,CAMIONETA HONDA CROSSTOUR 2013,1,Prov Vehículos
2026-01-02,Entrada,LA MOLINA,10,CAMIONETA HONDA CR-Z 2015,1,Prov Vehículos
2026-01-02,Entrada,LA MOLINA,11,CAMIONETA HONDA RID LINE PICK UP 2014,1,Prov Vehículos
2026-01-02,Entrada,LA MOLINA,38,ACEITE DE MOTOR 5W30 FULL SINTÉTICO,1,Prov Repuestos
2026-01-02,Entrada,LA MOLINA,40,AMORTIGUADORES DELANTEROS,1,Prov Repuestos
2026-01-02,Entrada,LA MOLINA,41,AMORTIGUADORES POSTERIORES,1,Prov Repuestos
2026-01-02,Entrada,LA MOLINA,42,"LLANTAS 18""",1,Prov Repuestos
2026-01-02,Entrada,LA MOLINA,43,BATERÍA DE 18 PLACAS,1,Prov Repuestos
2026-01-02,Entrada,SURCO,7,AUTO HONDA CITY 2016,1,Prov Vehículos
2026-01-02,Entrada,SURCO,8,CAMIONETA HONDA ELEMENT 2013,1,Prov Vehículos
2026-01-02,Entrada,SURCO,9,CAMIONETA HONDA CROSSTOUR 2013,1,Prov Vehículos
2026-01-02,Entrada,SURCO,10,CAMIONETA HONDA CR-Z 2015,1,Prov Vehículos
2026-01-02,Entrada,SURCO,11,CAMIONETA HONDA RID LINE PICK UP 2014,1,Prov Vehículos
2026-01-02,Entrada,SURCO,38,ACEITE DE MOTOR 5W30 FULL SINTÉTICO,1,Prov Repuestos
2026-01-02,Entrada,SURCO,40,AMORTIGUADORES DELANTEROS,1,Prov Repuestos
2026-01-02,Entrada,SURCO,41,AMORTIGUADORES POSTERIORES,1,Prov Repuestos
2026-01-02,Entrada,SURCO,42,"LLANTAS 18""",1,Prov Repuestos
2026-01-02,Entrada,SURCO,43,BATERÍA DE 18 PLACAS,1,Prov Repuestos
2026-01-02,Salida,LA MOLINA,1,AUTO HONDA ACCORD 2014,1,Cliente 29
2026-01-02,Salida,LA MOLINA,2,AUTO HONDA CIVIC 2014,1,Cliente 18
2026-01-02,Salida,LA MOLINA,3,AUTO HONDA ODISSEY 2013,1,Cliente 16
2026-01-02,Salida,LA MOLINA,4,AUTO HONDA CRV 2014,1,Cliente 49
2026-01-02,Salida,LA MOLINA,6,AUTO HONDA FIT 2016,1,Cliente 29
2026-01-02,Salida,LA MOLINA,7,AUTO HONDA CITY 2016,1,Cliente 7
2026-01-02,Salida,LA MOLINA,8,CAMIONETA HONDA ELEMENT 2013,1,Cliente 5
2026-01-02,Salida,LA MOLINA,38,ACEITE DE MOTOR 5W30 FULL SINTÉTICO,1,Cliente 19
2026-01-02,Salida,LA MOLINA,39,FILTRO DE COMBUSTIBLE,1,Cliente 39
2026-01-02,Salida,LA MOLINA,40,AMORTIGUADORES DELANTEROS,1,Cliente 10
2026-01-02,Salida,LA MOLINA,41,AMORTIGUADORES POSTERIORES,1,Cliente 33
2026-01-02,Salida,LA MOLINA,42,"LLANTAS 18""",1,Cliente 17
2026-01-02,Salida,LA MOLINA,43,BATERÍA DE 18 PLACAS,1,Cliente 25
2026-01-02,Salida,SURCO,1,AUTO HONDA ACCORD 2014,1,Cliente 40
2026-01-02,Salida,SURCO,2,AUTO HONDA CIVIC 2014,1,Cliente 1
2026-01-02,Salida,SURCO,3,AUTO HONDA ODISSEY 2013,1,Cliente 50
2026-01-02,Salida,SURCO,4,AUTO HONDA CRV 2014,1,Cliente 21
2026-01-02,Salida,SURCO,38,ACEITE DE MOTOR 5W30 FULL SINTÉTICO,1,Cliente 12
2026-01-02,Salida,SURCO,39,FILTRO DE COMBUSTIBLE,1,Cliente 42
2026-01-02,Salida,SURCO,40,AMORTIGUADORES DELANTEROS,1,Cliente 5
2026-01-02,Salida,SURCO,41,AMORTIGUADORES POSTERIORES,1,Cliente 47
2026-01-02,Salida,SURCO,42,"LLANTAS 18""",1,Cliente 49
2026-01-02,Salida,SURCO,43,BATERÍA DE 18 PLACAS,1,Cliente 22
2026-01-03,Entrada,LA MOLINA,6,AUTO HONDA FIT 2016,1,Prov Vehículos
2026-01-03,Entrada,LA MOLINA,7,AUTO HONDA CITY 2016,1,Prov Vehículos
2026-01-03,Entrada,LA MOLINA,8,CAMIONETA HONDA ELEMENT 2013,1,Prov Vehículos
2026-01-03,Entrada,LA MOLINA,38,ACEITE DE MOTOR 5W30 FULL SINTÉTICO,1,Prov Repuestos
2026-01-03,Entrada,LA MOLINA,40,AMORTIGUADORES DELANTEROS,1,Prov Repuestos
2026-01-03,Entrada,LA MOLINA,41,AMORTIGUADORES POSTERIORES,1,Prov Repuestos
2026-01-03,Entrada,LA MOLINA,42,"LLANTAS 18""",1,Prov Repuestos
2026-01-03,Entrada,LA MOLINA,43,BATERÍA DE 18 PLACAS,1,Prov Repuestos
2026-01-03,Entrada,SURCO,38,ACEITE DE MOTOR 5W30 FULL SINTÉTICO,1,Prov Repuestos
2026-01-03,Entrada,SURCO,40,AMORTIGUADORES DELANTEROS,1,Prov Repuestos
2026-01-03,Entrada,SURCO,41,AMORTIGUADORES POSTERIORES,1,Prov Repuestos
2026-01-03,Entrada,SURCO,42,"LLANTAS 18""",1,Prov Repuestos
2026-01-03,Entrada,SURCO,43,BATERÍA DE 18 PLACAS,1,Prov Repuestos
2026-01-03,Salida,LA MOLINA,1,AUTO HONDA ACCORD 2014,1,Cliente 18
2026-01-03,Salida,LA MOLINA,7,AUTO HONDA CITY 2016,1,Cliente 28
2026-01-03,Salida,LA MOLINA,38,ACEITE DE MOTOR 5W30 FULL SINTÉTICO,1,Cliente 22
2026-01-03,Salida,LA MOLINA,39,FILTRO DE COMBUSTIBLE,1,Cliente 29
2026-01-03,Salida,LA MOLINA,40,AMORTIGUADORES DELANTEROS,1,Cliente 41
2026-01-03,Salida,LA MOLINA,41,AMORTIGUADORES POSTERIORES,1,Cliente 31
2026-01-03,Salida,LA MOLINA,42,"LLANTAS 18""",1,Cliente 30
2026-01-03,Salida,LA MOLINA,43,BATERÍA DE 18 PLACAS,1,Cliente 15
2026-01-03,Salida,SURCO,1,AUTO HONDA ACCORD 2014,1,Cliente 34
2026-01-03,Salida,SURCO,2,AUTO HONDA CIVIC 2014,1,Cliente 30
2026-01-03,Salida,SURCO,3,AUTO HONDA ODISSEY 2013,1,Cliente 35
2026-01-03,Salida,SURCO,4,AUTO HONDA CRV 2014,1,Cliente 29
2026-01-03,Salida,SURCO,38,ACEITE DE MOTOR 5W30 FULL SINTÉTICO,1,Cliente 46
2026-01-03,Salida,SURCO,39,FILTRO DE COMBUSTIBLE,1,Cliente 45
2026-01-03,Salida,SURCO,40,AMORTIGUADORES DELANTEROS,1,Cliente 34
2026-01-03,Salida,SURCO,41,AMORTIGUADORES POSTERIORES,1,Cliente 21
2026-01-03,Salida,SURCO,42,"LLANTAS 18""",1,Cliente 20
2026-01-03,Salida,SURCO,43,BATERÍA DE 18 PLACAS,1,Cliente 34
2026-01-04,Entrada,LA MOLINA,1,AUTO HONDA ACCORD 2014,1,Prov Vehículos
2026-01-04,Entrada,LA MOLINA,7,AUTO HONDA CITY 2016,1,Prov Vehículos
2026-01-04,Entrada,LA MOLINA,38,ACEITE DE MOTOR 5W30 FULL SINTÉTICO,1,Prov Repuestos
2026-01-04,Entrada,LA MOLINA,40,AMORTIGUADORES DELANTEROS,1,Prov Repuestos
2026-01-04,Entrada,LA MOLINA,41,AMORTIGUADORES POSTERIORES,1,Prov Repuestos
2026-01-04,Entrada,LA MOLINA,42,"LLANTAS 18""",1,Prov Repuestos
2026-01-04,Entrada,LA MOLINA,43,BATERÍA DE 18 PLACAS,1,Prov Repuestos
2026-01-04,Entrada,SURCO,1,AUTO HONDA ACCORD 2014,1,Prov Vehículos
2026-01-04,Entrada,SURCO,2,AUTO HONDA CIVIC 2014,1,Prov Vehículos
2026-01-04,Entrada,SURCO,3,AUTO HONDA ODISSEY 2013,1,Prov Vehículos
2026-01-04,Entrada,SURCO,4,AUTO HONDA CRV 2014,1,Prov Vehículos
2026-01-04,Entrada,SURCO,38,ACEITE DE MOTOR 5W30 FULL SINTÉTICO,1,Prov Repuestos
2026-01-04,Entrada,SURCO,40,AMORTIGUADORES DELANTEROS,1,Prov Repuestos
2026-01-04,Entrada,SURCO,41,AMORTIGUADORES POSTERIORES,1,Prov Repuestos
2026-01-04,Entrada,SURCO,42,"LLANTAS 18""",1,Prov Repuestos
2026-01-04,Entrada,SURCO,43,BATERÍA DE 18 PLACAS,1,Prov Repuestos
2026-01-04,Salida,LA MOLINA,7,AUTO HONDA CITY 2016,1,Cliente 28
2026-01-04,Salida,LA MOLINA,38,ACEITE DE MOTOR 5W30 FULL SINTÉTICO,1,Cliente 46
2026-01-04,Salida,LA MOLINA,39,FILTRO DE COMBUSTIBLE,1,Cliente 41
2026-01-04,Salida,LA MOLINA,40,AMORTIGUADORES DELANTEROS,1,Cliente 33
2026-01-04,Salida,LA MOLINA,41,AMORTIGUADORES POSTERIORES,1,Cliente 25
2026-01-04,Salida,LA MOLINA,42,"LLANTAS 18""",1,Cliente 43
2026-01-04,Salida,LA MOLINA,43,BATERÍA DE 18 PLACAS,1,Cliente 11
2026-01-04,Salida,SURCO,38,ACEITE DE MOTOR 5W30 FULL SINTÉTICO,1,Cliente 27
2026-01-04,Salida,SURCO,39,FILTRO DE COMBUSTIBLE,1,Cliente 44
2026-01-04,Salida,SURCO,40,AMORTIGUADORES DELANTEROS,1,Cliente 24
2026-01-04,Salida,SURCO,41,AMORTIGUADORES POSTERIORES,1,Cliente 41
2026-01-04,Salida,SURCO,42,"LLANTAS 18""",1,Cliente 50
2026-01-04,Salida,SURCO,43,BATERÍA DE 18 PLACAS,1,Cliente 30
2026-01-05,Entrada,LA MOLINA,7,AUTO HONDA CITY 2016,1,Prov Vehículos
2026-01-05,Entrada,LA MOLINA,38,ACEITE DE MOTOR 5W30 FULL SINTÉTICO,1,Prov Repuestos
2026-01-05,Entrada,LA MOLINA,40,AMORTIGUADORES DELANTEROS,1,Prov Repuestos
2026-01-05,Entrada,LA MOLINA,41,AMORTIGUADORES POSTERIORES,1,Prov Repuestos
2026-01-05,Entrada,LA MOLINA,42,"LLANTAS 18""",1,Prov Repuestos
2026-01-05,Entrada,LA MOLINA,43,BATERÍA DE 18 PLACAS,1,Prov Repuestos
2026-01-05,Entrada,SURCO,38,ACEITE DE MOTOR 5W30 FULL SINTÉTICO,1,Prov Repuestos
2026-01-05,Entrada,SURCO,40,AMORTIGUADORES DELANTEROS,1,Prov Repuestos
2026-01-05,Entrada,SURCO,41,AMORTIGUADORES POSTERIORES,1,Prov Repuestos
2026-01-05,Entrada,SURCO,42,"LLANTAS 18""",1,Prov Repuestos
2026-01-05,Entrada,SURCO,43,BATERÍA DE 18 PLACAS,1,Prov Repuestos
2026-01-05,Salida,LA MOLINA,38,ACEITE DE MOTOR 5W30 FULL SINTÉTICO,1,Cliente 11
2026-01-05,Salida,LA MOLINA,39,FILTRO DE COMBUSTIBLE,1,Cliente 43
2026-01-05,Salida,LA MOLINA,40,AMORTIGUADORES DELANTEROS,1,Cliente 48
2026-01-05,Salida,LA MOLINA,41,AMORTIGUADORES POSTERIORES,1,Cliente 46
2026-01-05,Salida,LA MOLINA,42,"LLANTAS 18""",1,Cliente 15
2026-01-05,Salida,LA MOLINA,43,BATERÍA DE 18 PLACAS,1,Cliente 27
2026-01-05,Salida,SURCO,38,ACEITE DE MOTOR 5W30 FULL SINTÉTICO,1,Cliente 16
2026-01-05,Salida,SURCO,39,FILTRO DE COMBUSTIBLE,1,Cliente 22
2026-01-05,Salida,SURCO,40,AMORTIGUADORES DELANTEROS,1,Cliente 26
2026-01-05,Salida,SURCO,41,AMORTIGUADORES POSTERIORES,1,Cliente 14
2026-01-05,Salida,SURCO,42,"LLANTAS 18""",1,Cliente 16
2026-01-05,Salida,SURCO,43,BATERÍA DE 18 PLACAS,1,Cliente 16
2026-01-06,Entrada,LA MOLINA,38,ACEITE DE MOTOR 5W30 FULL SINTÉTICO,1,Prov Repuestos
2026-01-06,Entrada,LA MOLINA,40,AMORTIGUADORES DELANTEROS,1,Prov Repuestos
2026-01-06,Entrada,LA MOLINA,41,AMORTIGUADORES POSTERIORES,1,Prov Repuestos
2026-01-06,Entrada,LA MOLINA,42,"LLANTAS 18""",1,Prov Repuestos
2026-01-06,Entrada,LA MOLINA,43,BATERÍA DE 18 PLACAS,1,Prov Repuestos
2026-01-06,Entrada,SURCO,38,ACEITE DE MOTOR 5W30 FULL SINTÉTICO,1,Prov Repuestos
2026-01-06,Entrada,SURCO,40,AMORTIGUADORES DELANTEROS,1,Prov Repuestos
2026-01-06,Entrada,SURCO,41,AMORTIGUADORES POSTERIORES,1,Prov Repuestos
2026-01-06,Entrada,SURCO,42,"LLANTAS 18""",1,Prov Repuestos
2026-01-06,Entrada,SURCO,43,BATERÍA DE 18 PLACAS,1,Prov Repuestos
2026-01-06,Salida,LA MOLINA,38,ACEITE DE MOTOR 5W30 FULL SINTÉTICO,1,Cliente 4
2026-01-06,Salida,LA MOLINA,40,AMORTIGUADORES DELANTEROS,1,Cliente 34
2026-01-06,Salida,LA MOLINA,41,AMORTIGUADORES POSTERIORES,1,Cliente 16
2026-01-06,Salida,LA MOLINA,42,"LLANTAS 18""",1,Cliente 33
2026-01-06,Salida,LA MOLINA,43,BATERÍA DE 18 PLACAS,1,Cliente 11
2026-01-06,Salida,SURCO,38,ACEITE DE MOTOR 5W30 FULL SINTÉTICO,1,Cliente 4
2026-01-06,Salida,SURCO,40,AMORTIGUADORES DELANTEROS,1,Cliente 48
2026-01-06,Salida,SURCO,41,AMORTIGUADORES POSTERIORES,1,Cliente 8
2026-01-06,Salida,SURCO,42,"LLANTAS 18""",1,Cliente 32
2026-01-06,Salida,SURCO,43,BATERÍA DE 18 PLACAS,1,Cliente 37
2026-01-07,Entrada,LA MOLINA,38,ACEITE DE MOTOR 5W30 FULL SINTÉTICO,1,Prov Repuestos
2026-01-07,Entrada,LA MOLINA,40,AMORTIGUADORES DELANTEROS,1,Prov Repuestos
2026-01-07,Entrada,LA MOLINA,41,AMORTIGUADORES POSTERIORES,1,Prov Repuestos
2026-01-07,Entrada,LA MOLINA,42,"LLANTAS 18""",1,Prov Repuestos
2026-01-07,Entrada,LA MOLINA,43,BATERÍA DE 18 PLACAS,1,Prov Repuestos
2026-01-07,Entrada,SURCO,38,ACEITE DE MOTOR 5W30 FULL SINTÉTICO,1,Prov Repuestos
2026-01-07,Entrada,SURCO,40,AMORTIGUADORES DELANTEROS,1,Prov Repuestos
2026-01-07,Entrada,SURCO,41,AMORTIGUADORES POSTERIORES,1,Prov Repuestos
2026-01-07,Entrada,SURCO,42,"LLANTAS 18""",1,Prov Repuestos
2026-01-07,Entrada,SURCO,43,BATERÍA DE 18 PLACAS,1,Prov Repuestos
2026-01-07,Salida,LA MOLINA,38,ACEITE DE MOTOR 5W30 FULL SINTÉTICO,1,Cliente 22
2026-01-07,Salida,LA MOLINA,40,AMORTIGUADORES DELANTEROS,1,Cliente 48
2026-01-07,Salida,LA MOLINA,41,AMORTIGUADORES POSTERIORES,1,Cliente 6
2026-01-07,Salida,LA MOLINA,42,"LLANTAS 18""",1,Cliente 10
2026-01-07,Salida,LA MOLINA,43,BATERÍA DE 18 PLACAS,1,Cliente 28
2026-01-07,Salida,SURCO,38,ACEITE DE MOTOR 5W30 FULL SINTÉTICO,1,Cliente 4
2026-01-07,Salida,SURCO,40,AMORTIGUADORES DELANTEROS,1,Cliente 4
2026-01-07,Salida,SURCO,41,AMORTIGUADORES POSTERIORES,1,Cliente 49
2026-01-07,Salida,SURCO,42,"LLANTAS 18""",1,Cliente 3
2026-01-07,Salida,SURCO,43,BATERÍA DE 18 PLACAS,1,Cliente 28
2026-01-08,Entrada,LA MOLINA,38,ACEITE DE MOTOR 5W30 FULL SINTÉTICO,1,Prov Repuestos
2026-01-08,Entrada,LA MOLINA,40,AMORTIGUADORES DELANTEROS,1,Prov Repuestos
2026-01-08,Entrada,LA MOLINA,41,AMORTIGUADORES POSTERIORES,1,Prov Repuestos
2026-01-08,Entrada,LA MOLINA,42,"LLANTAS 18""",1,Prov Repuestos
2026-01-08,Entrada,LA MOLINA,43,BATERÍA DE 18 PLACAS,1,Prov Repuestos
2026-01-08,Entrada,SURCO,38,ACEITE DE MOTOR 5W30 FULL SINTÉTICO,1,Prov Repuestos
2026-01-08,Entrada,SURCO,40,AMORTIGUADORES DELANTEROS,1,Prov Repuestos
2026-01-08,Entrada,SURCO,41,AMORTIGUADORES POSTERIORES,1,Prov Repuestos
2026-01-08,Entrada,SURCO,42,"LLANTAS 18""",1,Prov Repuestos
2026-01-08,Entrada,SURCO,43,BATERÍA DE 18 PLACAS,1,Prov Repuestos
2026-01-08,Salida,LA MOLINA,38,ACEITE DE MOTOR 5W30 FULL SINTÉTICO,1,Cliente 3
2026-01-08,Salida,LA MOLINA,40,AMORTIGUADORES DELANTEROS,1,Cliente 24
2026-01-08,Salida,LA MOLINA,41,AMORTIGUADORES POSTERIORES,1,Cliente 33
2026-01-08,Salida,LA MOLINA,42,"LLANTAS 18""",1,Cliente 17
2026-01-08,Salida,LA MOLINA,43,BATERÍA DE 18 PLACAS,1,Cliente 36
2026-01-08,Salida,SURCO,38,ACEITE DE MOTOR 5W30 FULL SINTÉTICO,1,Cliente 10
2026-01-08,Salida,SURCO,40,AMORTIGUADORES DELANTEROS,1,Cliente 39
2026-01-08,Salida,SURCO,41,AMORTIGUADORES POSTERIORES,1,Cliente 5
2026-01-08,Salida,SURCO,42,"LLANTAS 18""",1,Cliente 43
2026-01-08,Salida,SURCO,43,BATERÍA DE 18 PLACAS,1,Cliente 11
2026-01-09,Entrada,LA MOLINA,38,ACEITE DE MOTOR 5W30 FULL SINTÉTICO,1,Prov Repuestos
2026-01-09,Entrada,LA MOLINA,40,AMORTIGUADORES DELANTEROS,1,Prov Repuestos
2026-01-09,Entrada,LA MOLINA,41,AMORTIGUADORES POSTERIORES,1,Prov Repuestos
2026-01-09,Entrada,LA MOLINA,42,"LLANTAS 18""",1,Prov Repuestos
2026-01-09,Entrada,LA MOLINA,43,BATERÍA DE 18 PLACAS,1,Prov Repuestos
2026-01-09,Entrada,SURCO,38,ACEITE DE MOTOR 5W30 FULL SINTÉTICO,1,Prov Repuestos
2026-01-09,Entrada,SURCO,40,AMORTIGUADORES DELANTEROS,1,Prov Repuestos
2026-01-09,Entrada,SURCO,41,AMORTIGUADORES POSTERIORES,1,Prov Repuestos
2026-01-09,Entrada,SURCO,42,"LLANTAS 18""",1,Prov Repuestos
2026-01-09,Entrada,SURCO,43,BATERÍA DE 18 PLACAS,1,Prov Repuestos
2026-01-09,Salida,LA MOLINA,38,ACEITE DE MOTOR 5W30 FULL SINTÉTICO,1,Cliente 22
2026-01-09,Salida,LA MOLINA,40,AMORTIGUADORES DELANTEROS,1,Cliente 12
2026-01-09,Salida,LA MOLINA,41,AMORTIGUADORES POSTERIORES,1,Cliente 23
2026-01-09,Salida,LA MOLINA,42,"LLANTAS 18""",1,Cliente 25
2026-01-09,Salida,LA MOLINA,43,BATERÍA DE 18 PLACAS,1,Cliente 35
2026-01-09,Salida,SURCO,38,ACEITE DE MOTOR 5W30 FULL SINTÉTICO,1,Cliente 17
2026-01-09,Salida,SURCO,40,AMORTIGUADORES DELANTEROS,1,Cliente 40
2026-01-09,Salida,SURCO,41,AMORTIGUADORES POSTERIORES,1,Cliente 39
2026-01-09,Salida,SURCO,42,"LLANTAS 18""",1,Cliente 21
2026-01-09,Salida,SURCO,43,BATERÍA DE 18 PLACAS,1,Cliente 27
2026-01-10,Entrada,LA MOLINA,38,ACEITE DE MOTOR 5W30 FULL SINTÉTICO,1,Prov Repuestos
2026-01-10,Entrada,LA MOLINA,40,AMORTIGUADORES DELANTEROS,1,Prov Repuestos
2026-01-10,Entrada,LA MOLINA,41,AMORTIGUADORES POSTERIORES,1,Prov Repuestos
2026-01-10,Entrada,LA MOLINA,42,"LLANTAS 18""",1,Prov Repuestos
2026-01-10,Entrada,LA MOLINA,43,BATERÍA DE 18 PLACAS,1,Prov Repuestos
2026-01-10,Entrada,SURCO,38,ACEITE DE MOTOR 5W30 FULL SINTÉTICO,1,Prov Repuestos
2026-01-10,Entrada,SURCO,40,AMORTIGUADORES DELANTEROS,1,Prov Repuestos
2026-01-10,Entrada,SURCO,41,AMORTIGUADORES POSTERIORES,1,Prov Repuestos
2026-01-10,Entrada,SURCO,42,"LLANTAS 18""",1,Prov Repuestos
2026-01-10,Entrada,SURCO,43,BATERÍA DE 18 PLACAS,1,Prov Repuestos
2026-01-10,Salida,LA MOLINA,38,ACEITE DE MOTOR 5W30 FULL SINTÉTICO,1,Cliente 27
2026-01-10,Salida,LA MOLINA,40,AMORTIGUADORES DELANTEROS,1,Cliente 30
2026-01-10,Salida,LA MOLINA,41,AMORTIGUADORES POSTERIORES,1,Cliente 44
2026-01-10,Salida,LA MOLINA,42,"LLANTAS 18""",1,Cliente 29
2026-01-10,Salida,LA MOLINA,43,BATERÍA DE 18 PLACAS,1,Cliente 27
2026-01-10,Salida,SURCO,38,ACEITE DE MOTOR 5W30 FULL SINTÉTICO,1,Cliente 12
2026-01-10,Salida,SURCO,40,AMORTIGUADORES DELANTEROS,1,Cliente 32
2026-01-10,Salida,SURCO,41,AMORTIGUADORES POSTERIORES,1,Cliente 39
2026-01-10,Salida,SURCO,42,"LLANTAS 18""",1,Cliente 41
2026-01-11,Entrada,LA MOLINA,38,ACEITE DE MOTOR 5W30 FULL SINTÉTICO,1,Prov Repuestos
2026-01-11,Entrada,LA MOLINA,40,AMORTIGUADORES DELANTEROS,1,Prov Repuestos
2026-01-11,Entrada,LA MOLINA,41,AMORTIGUADORES POSTERIORES,1,Prov Repuestos
2026-01-11,Entrada,LA MOLINA,42,"LLANTAS 18""",1,Prov Repuestos
2026-01-11,Entrada,LA MOLINA,43,BATERÍA DE 18 PLACAS,1,Prov Repuestos
2026-01-11,Entrada,SURCO,38,ACEITE DE MOTOR 5W30 FULL SINTÉTICO,1,Prov Repuestos
2026-01-11,Entrada,SURCO,40,AMORTIGUADORES DELANTEROS,1,Prov Repuestos
2026-01-11,Entrada,SURCO,41,AMORTIGUADORES POSTERIORES,1,Prov Repuestos
2026-01-11,Entrada,SURCO,42,"LLANTAS 18""",1,Prov Repuestos
2026-01-11,Salida,LA MOLINA,38,ACEITE DE MOTOR 5W30 FULL SINTÉTICO,1,Cliente 1
2026-01-11,Salida,LA MOLINA,40,AMORTIGUADORES DELANTEROS,1,Cliente 3
2026-01-11,Salida,LA MOLINA,41,AMORTIGUADORES POSTERIORES,1,Cliente 7
2026-01-11,Salida,LA MOLINA,42,"LLANTAS 18""",1,Cliente 48
2026-01-11,Salida,LA MOLINA,43,BATERÍA DE 18 PLACAS,1,Cliente 6
2026-01-11,Salida,SURCO,38,ACEITE DE MOTOR 5W30 FULL SINTÉTICO,1,Cliente 19
2026-01-11,Salida,SURCO,40,AMORTIGUADORES DELANTEROS,1,Cliente 6
2026-01-11,Salida,SURCO,41,AMORTIGUADORES POSTERIORES,1,Cliente 27
2026-01-11,Salida,SURCO,42,"LLANTAS 18""",1,Cliente 39
2026-01-12,Entrada,LA MOLINA,38,ACEITE DE MOTOR 5W30 FULL SINTÉTICO,1,Prov Repuestos
2026-01-12,Entrada,LA MOLINA,40,AMORTIGUADORES DELANTEROS,1,Prov Repuestos
2026-01-12,Entrada,LA MOLINA,41,AMORTIGUADORES POSTERIORES,1,Prov Repuestos
2026-01-12,Entrada,LA MOLINA,42,"LLANTAS 18""",1,Prov Repuestos
2026-01-12,Entrada,LA MOLINA,43,BATERÍA DE 18 PLACAS,1,Prov Repuestos
2026-01-12,Entrada,SURCO,38,ACEITE DE MOTOR 5W30 FULL SINTÉTICO,1,Prov Repuestos
2026-01-12,Entrada,SURCO,40,AMORTIGUADORES DELANTEROS,1,Prov Repuestos
2026-01-12,Entrada,SURCO,41,AMORTIGUADORES POSTERIORES,1,Prov Repuestos
2026-01-12,Entrada,SURCO,42,"LLANTAS 18""",1,Prov Repuestos
2026-01-12,Salida,LA MOLINA,38,ACEITE DE MOTOR 5W30 FULL SINTÉTICO,1,Cliente 14
2026-01-12,Salida,LA MOLINA,40,AMORTIGUADORES DELANTEROS,1,Cliente 28
2026-01-12,Salida,LA MOLINA,41,AMORTIGUADORES POSTERIORES,1,Cliente 19
2026-01-12,Salida,LA MOLINA,42,"LLANTAS 18""",1,Cliente 12
2026-01-12,Salida,SURCO,38,ACEITE DE MOTOR 5W30 FULL SINTÉTICO,1,Cliente 18
2026-01-12,Salida,SURCO,40,AMORTIGUADORES DELANTEROS,1,Cliente 31
2026-01-12,Salida,SURCO,41,AMORTIGUADORES POSTERIORES,1,Cliente 8
2026-01-12,Salida,SURCO,42,"LLANTAS 18""",1,Cliente 49
2026-01-13,Entrada,LA MOLINA,38,ACEITE DE MOTOR 5W30 FULL SINTÉTICO,1,Prov Repuestos
2026-01-13,Entrada,LA MOLINA,40,AMORTIGUADORES DELANTEROS,1,Prov Repuestos
2026-01-13,Entrada,LA MOLINA,41,AMORTIGUADORES POSTERIORES,1,Prov Repuestos
2026-01-13,Entrada,LA MOLINA,42,"LLANTAS 18""",1,Prov Repuestos
2026-01-13,Entrada,SURCO,38,ACEITE DE MOTOR 5W30 FULL SINTÉTICO,1,Prov Repuestos
2026-01-13,Entrada,SURCO,40,AMORTIGUADORES DELANTEROS,1,Prov Repuestos
2026-01-13,Entrada,SURCO,41,AMORTIGUADORES POSTERIORES,1,Prov Repuestos
2026-01-13,Entrada,SURCO,42,"LLANTAS 18""",1,Prov Repuestos
2026-01-13,Salida,LA MOLINA,38,ACEITE DE MOTOR 5W30 FULL SINTÉTICO,1,Cliente 6
2026-01-13,Salida,LA MOLINA,40,AMORTIGUADORES DELANTEROS,1,Cliente 20
2026-01-13,Salida,LA MOLINA,41,AMORTIGUADORES POSTERIORES,1,Cliente 6
2026-01-13,Salida,LA MOLINA,42,"LLANTAS 18""",1,Cliente 43
2026-01-13,Salida,SURCO,38,ACEITE DE MOTOR 5W30 FULL SINTÉTICO,1,Cliente 46
2026-01-13,Salida,SURCO,40,AMORTIGUADORES DELANTEROS,1,Cliente 25
2026-01-13,Salida,SURCO,41,AMORTIGUADORES POSTERIORES,1,Cliente 18
2026-01-13,Salida,SURCO,42,"LLANTAS 18""",1,Cliente 20
2026-01-14,Entrada,LA MOLINA,38,ACEITE DE MOTOR 5W30 FULL SINTÉTICO,1,Prov Repuestos
2026-01-14,Entrada,LA MOLINA,40,AMORTIGUADORES DELANTEROS,1,Prov Repuestos
2026-01-14,Entrada,LA MOLINA,41,AMORTIGUADORES POSTERIORES,1,Prov Repuestos
2026-01-14,Entrada,LA MOLINA,42,"LLANTAS 18""",1,Prov Repuestos
2026-01-14,Entrada,SURCO,38,ACEITE DE MOTOR 5W30 FULL SINTÉTICO,1,Prov Repuestos
2026-01-14,Entrada,SURCO,40,AMORTIGUADORES DELANTEROS,1,Prov Repuestos
2026-01-14,Entrada,SURCO,41,AMORTIGUADORES POSTERIORES,1,Prov Repuestos
2026-01-14,Entrada,SURCO,42,"LLANTAS 18""",1,Prov Repuestos
2026-01-14,Salida,LA MOLINA,38,ACEITE DE MOTOR 5W30 FULL SINTÉTICO,1,Cliente 13
2026-01-14,Salida,LA MOLINA,40,AMORTIGUADORES DELANTEROS,1,Cliente 30
2026-01-14,Salida,LA MOLINA,41,AMORTIGUADORES POSTERIORES,1,Cliente 33
2026-01-14,Salida,LA MOLINA,42,"LLANTAS 18""",1,Cliente 30
2026-01-14,Salida,SURCO,38,ACEITE DE MOTOR 5W30 FULL SINTÉTICO,1,Cliente 3
2026-01-14,Salida,SURCO,40,AMORTIGUADORES DELANTEROS,1,Cliente 6
2026-01-14,Salida,SURCO,41,AMORTIGUADORES POSTERIORES,1,Cliente 13
2026-01-14,Salida,SURCO,42,"LLANTAS 18""",1,Cliente 29
2026-01-14,Control,SURCO,1,AUTO HONDA ACCORD 2014,0,
2026-01-14,Control,SURCO,2,AUTO HONDA CIVIC 2014,0,
2026-01-14,Control,SURCO,3,AUTO HONDA ODISSEY 2013,0,
2026-01-14,Control,SURCO,4,AUTO HONDA CRV 2014,0,
2026-01-14,Control,SURCO,5,AUTO HONDA PILOT 2013,4,
2026-01-14,Control,SURCO,6,AUTO HONDA FIT 2016,1,
2026-01-14,Control,SURCO,7,AUTO HONDA CITY 2016,0,
2026-01-14,Control,SURCO,8,CAMIONETA HONDA ELEMENT 2013,0,
2026-01-14,Control,SURCO,9,CAMIONETA HONDA CROSSTOUR 2013,0,
2026-01-14,Control,SURCO,10,CAMIONETA HONDA CR-Z 2015,0,
2026-01-14,Control,SURCO,11,CAMIONETA HONDA RID LINE PICK UP 2014,0,
2026-01-14,Control,SURCO,38,ACEITE DE MOTOR 5W30 FULL SINTÉTICO,-1,
2026-01-14,Control,SURCO,39,FILTRO DE COMBUSTIBLE,18,
2026-01-14,Control,SURCO,40,AMORTIGUADORES DELANTEROS,-1,
2026-01-14,Control,SURCO,41,AMORTIGUADORES POSTERIORES,-1,
2026-01-14,Control,SURCO,42,"LLANTAS 18""",-1,
2026-01-14,Control,SURCO,43,BATERÍA DE 18 PLACAS,0,
2026-01-14,Control,LA MOLINA,1,AUTO HONDA ACCORD 2014,0,
2026-01-14,Control,LA MOLINA,2,AUTO HONDA CIVIC 2014,1,
2026-01-14,Control,LA MOLINA,3,AUTO HONDA ODISSEY 2013,1,
2026-01-14,Control,LA MOLINA,4,AUTO HONDA CRV 2014,1,
2026-01-14,Control,LA MOLINA,5,AUTO HONDA PILOT 2013,0,
2026-01-14,Control,LA MOLINA,6,AUTO HONDA FIT 2016,0,
2026-01-14,Control,LA MOLINA,7,AUTO HONDA CITY 2016,0,
2026-01-14,Control,LA MOLINA,8,CAMIONETA HONDA ELEMENT 2013,0,
2026-01-14,Control,LA MOLINA,9,CAMIONETA HONDA CROSSTOUR 2013,0,
2026-01-14,Control,LA MOLINA,10,CAMIONETA HONDA CR-Z 2015,0,
2026-01-14,Control,LA MOLINA,11,CAMIONETA HONDA RID LINE PICK UP 2014,0,
2026-01-14,Control,LA MOLINA,38,ACEITE DE MOTOR 5W30 FULL SINTÉTICO,-1,
2026-01-14,Control,LA MOLINA,39,FILTRO DE COMBUSTIBLE,162,
2026-01-14,Control,LA MOLINA,40,AMORTIGUADORES DELANTEROS,-1,
2026-01-14,Control,LA MOLINA,41,AMORTIGUADORES POSTERIORES,-1,
2026-01-14,Control,LA MOLINA,42,"LLANTAS 18""",-1,
2026-01-14,Control,LA MOLINA,43,BATERÍA DE 18 PLACAS,0,
2026-01-15,Entrada,LA MOLINA,38,ACEITE DE MOTOR 5W30 FULL SINTÉTICO,1,Prov Repuestos
2026-01-15,Entrada,LA MOLINA,40,AMORTIGUADORES DELANTEROS,1,Prov Repuestos
2026-01-15,Entrada,LA MOLINA,41,AMORTIGUADORES POSTERIORES,1,Prov Repuestos
2026-01-15,Entrada,LA MOLINA,42,"LLANTAS 18""",1,Prov Repuestos
2026-01-15,Entrada,SURCO,38,ACEITE DE MOTOR 5W30 FULL SINTÉTICO,1,Prov Repuestos
2026-01-15,Entrada,SURCO,40,AMORTIGUADORES DELANTEROS,1,Prov Repuestos
2026-01-15,Entrada,SURCO,41,AMORTIGUADORES POSTERIORES,1,Prov Repuestos
2026-01-15,Entrada,SURCO,42,"LLANTAS 18""",1,Prov Repuestos
2026-01-15,Salida,LA MOLINA,38,ACEITE DE MOTOR 5W30 FULL SINTÉTICO,1,Cliente 23
2026-01-15,Salida,LA MOLINA,40,AMORTIGUADORES DELANTEROS,1,Cliente 36
2026-01-15,Salida,LA MOLINA,41,AMORTIGUADORES POSTERIORES,1,Cliente 31
2026-01-15,Salida,LA MOLINA,42,"LLANTAS 18""",1,Cliente 9
2026-01-15,Salida,SURCO,38,ACEITE DE MOTOR 5W30 FULL SINTÉTICO,1,Cliente 2
2026-01-15,Salida,SURCO,40,AMORTIGUADORES DELANTEROS,1,Cliente 45
2026-01-15,Salida,SURCO,41,AMORTIGUADORES POSTERIORES,1,Cliente 34
2026-01-15,Salida,SURCO,42,"LLANTAS 18""",1,Cliente 32
2026-01-16,Entrada,LA MOLINA,38,ACEITE DE MOTOR 5W30 FULL SINTÉTICO,1,Prov Repuestos
2026-01-16,Entrada,LA MOLINA,40,AMORTIGUADORES DELANTEROS,1,Prov Repuestos
2026-01-16,Entrada,LA MOLINA,41,AMORTIGUADORES POSTERIORES,1,Prov Repuestos
2026-01-16,Entrada,LA MOLINA,42,"LLANTAS 18""",1,Prov Repuestos
2026-01-16,Entrada,SURCO,38,ACEITE DE MOTOR 5W30 FULL SINTÉTICO,1,Prov Repuestos
2026-01-16,Entrada,SURCO,40,AMORTIGUADORES DELANTEROS,1,Prov Repuestos
2026-01-16,Entrada,SURCO,41,AMORTIGUADORES POSTERIORES,1,Prov Repuestos
2026-01-16,Entrada,SURCO,42,"LLANTAS 18""",1,Prov Repuestos
2026-01-16,Salida,LA MOLINA,38,ACEITE DE MOTOR 5W30 FULL SINTÉTICO,1,Cliente 4
2026-01-16,Salida,LA MOLINA,40,AMORTIGUADORES DELANTEROS,1,Cliente 29
2026-01-16,Salida,LA MOLINA,41,AMORTIGUADORES POSTERIORES,1,Cliente 50
2026-01-16,Salida,LA MOLINA,42,"LLANTAS 18""",1,Cliente 4
2026-01-16,Salida,SURCO,38,ACEITE DE MOTOR 5W30 FULL SINTÉTICO,1,Cliente 7
2026-01-16,Salida,SURCO,40,AMORTIGUADORES DELANTEROS,1,Cliente 26
2026-01-16,Salida,SURCO,41,AMORTIGUADORES POSTERIORES,1,Cliente 20
2026-01-16,Salida,SURCO,42,"LLANTAS 18""",1,Cliente 37
2026-01-17,Entrada,LA MOLINA,38,ACEITE DE MOTOR 5W30 FULL SINTÉTICO,1,Prov Repuestos
2026-01-17,Entrada,LA MOLINA,40,AMORTIGUADORES DELANTEROS,1,Prov Repuestos
2026-01-17,Entrada,LA MOLINA,41,AMORTIGUADORES POSTERIORES,1,Prov Repuestos
2026-01-17,Entrada,LA MOLINA,42,"LLANTAS 18""",1,Prov Repuestos
2026-01-17,Entrada,SURCO,38,ACEITE DE MOTOR 5W30 FULL SINTÉTICO,1,Prov Repuestos
2026-01-17,Entrada,SURCO,40,AMORTIGUADORES DELANTEROS,1,Prov Repuestos
2026-01-17,Entrada,SURCO,41,AMORTIGUADORES POSTERIORES,1,Prov Repuestos
2026-01-17,Entrada,SURCO,42,"LLANTAS 18""",1,Prov Repuestos
2026-01-17,Salida,LA MOLINA,38,ACEITE DE MOTOR 5W30 FULL SINTÉTICO,1,Cliente 20
2026-01-17,Salida,LA MOLINA,40,AMORTIGUADORES DELANTEROS,1,Cliente 47
2026-01-17,Salida,LA MOLINA,41,AMORTIGUADORES POSTERIORES,1,Cliente 1
2026-01-17,Salida,LA MOLINA,42,"LLANTAS 18""",1,Cliente 27
2026-01-17,Salida,SURCO,38,ACEITE DE MOTOR 5W30 FULL SINTÉTICO,1,Cliente 28
2026-01-17,Salida,SURCO,40,AMORTIGUADORES DELANTEROS,1,Cliente 3
2026-01-17,Salida,SURCO,41,AMORTIGUADORES POSTERIORES,1,Cliente 15
2026-01-17,Salida,SURCO,42,"LLANTAS 18""",1,Cliente 5
2026-01-18,Entrada,LA MOLINA,38,ACEITE DE MOTOR 5W30 FULL SINTÉTICO,1,Prov Repuestos
2026-01-18,Entrada,LA MOLINA,40,AMORTIGUADORES DELANTEROS,1,Prov Repuestos
2026-01-18,Entrada,LA MOLINA,41,AMORTIGUADORES POSTERIORES,1,Prov Repuestos
2026-01-18,Entrada,LA MOLINA,42,"LLANTAS 18""",1,Prov Repuestos
2026-01-18,Entrada,SURCO,38,ACEITE DE MOTOR 5W30 FULL SINTÉTICO,1,Prov Repuestos
2026-01-18,Entrada,SURCO,40,AMORTIGUADORES DELANTEROS,1,Prov Repuestos
2026-01-18,Entrada,SURCO,41,AMORTIGUADORES POSTERIORES,1,Prov Repuestos
2026-01-18,Entrada,SURCO,42,"LLANTAS 18""",1,Prov Repuestos
2026-01-18,Salida,LA MOLINA,38,ACEITE DE MOTOR 5W30 FULL SINTÉTICO,1,Cliente 7
2026-01-18,Salida,LA MOLINA,40,AMORTIGUADORES DELANTEROS,1,Cliente 10
2026-01-18,Salida,LA MOLINA,41,AMORTIGUADORES POSTERIORES,1,Cliente 16
2026-01-18,Salida,LA MOLINA,42,"LLANTAS 18""",1,Cliente 19
2026-01-18,Salida,SURCO,38,ACEITE DE MOTOR 5W30 FULL SINTÉTICO,1,Cliente 6
2026-01-18,Salida,SURCO,40,AMORTIGUADORES DELANTEROS,1,Cliente 17
2026-01-18,Salida,SURCO,41,AMORTIGUADORES POSTERIORES,1,Cliente 25
2026-01-18,Salida,SURCO,42,"LLANTAS 18""",1,Cliente 2
2026-01-19,Entrada,LA MOLINA,38,ACEITE DE MOTOR 5W30 FULL SINTÉTICO,1,Prov Repuestos
2026-01-19,Entrada,LA MOLINA,40,AMORTIGUADORES DELANTEROS,1,Prov Repuestos
2026-01-19,Entrada,LA MOLINA,41,AMORTIGUADORES POSTERIORES,1,Prov Repuestos
2026-01-19,Entrada,LA MOLINA,42,"LLANTAS 18""",1,Prov Repuestos
2026-01-19,Entrada,SURCO,38,ACEITE DE MOTOR 5W30 FULL SINTÉTICO,1,Prov Repuestos
2026-01-19,Entrada,SURCO,40,AMORTIGUADORES DELANTEROS,1,Prov Repuestos
2026-01-19,Entrada,SURCO,41,AMORTIGUADORES POSTERIORES,1,Prov Repuestos
2026-01-19,Entrada,SURCO,42,"LLANTAS 18""",1,Prov Repuestos
2026-01-19,Salida,LA MOLINA,38,ACEITE DE MOTOR 5W30 FULL SINTÉTICO,1,Cliente 14
2026-01-19,Salida,LA MOLINA,40,AMORTIGUADORES DELANTEROS,1,Cliente 31
2026-01-19,Salida,LA MOLINA,41,AMORTIGUADORES POSTERIORES,1,Cliente 9
2026-01-19,Salida,LA MOLINA,42,"LLANTAS 18""",1,Cliente 17
2026-01-19,Salida,SURCO,38,ACEITE DE MOTOR 5W30 FULL SINTÉTICO,1,Cliente 14
2026-01-19,Salida,SURCO,40,AMORTIGUADORES DELANTEROS,1,Cliente 9
2026-01-20,Entrada,LA MOLINA,38,ACEITE DE MOTOR 5W30 FULL SINTÉTICO,1,Prov Repuestos
2026-01-20,Entrada,LA MOLINA,40,AMORTIGUADORES DELANTEROS,1,Prov Repuestos
2026-01-20,Entrada,LA MOLINA,41,AMORTIGUADORES POSTERIORES,1,Prov Repuestos
2026-01-20,Entrada,LA MOLINA,42,"LLANTAS 18""",1,Prov Repuestos
2026-01-20,Entrada,SURCO,38,ACEITE DE MOTOR 5W30 FULL SINTÉTICO,1,Prov Repuestos
2026-01-20,Entrada,SURCO,40,AMORTIGUADORES DELANTEROS,1,Prov Repuestos
2026-01-20,Salida,LA MOLINA,38,ACEITE DE MOTOR 5W30 FULL SINTÉTICO,1,Cliente 38
2026-01-20,Salida,LA MOLINA,40,AMORTIGUADORES DELANTEROS,1,Cliente 10
2026-01-20,Salida,LA MOLINA,41,AMORTIGUADORES POSTERIORES,1,Cliente 12
2026-01-20,Salida,SURCO,38,ACEITE DE MOTOR 5W30 FULL SINTÉTICO,1,Cliente 35
2026-01-20,Salida,SURCO,40,AMORTIGUADORES DELANTEROS,1,Cliente 7
2026-01-21,Entrada,LA MOLINA,38,ACEITE DE MOTOR 5W30 FULL SINTÉTICO,1,Prov Repuestos
2026-01-21,Entrada,LA MOLINA,40,AMORTIGUADORES DELANTEROS,1,Prov Repuestos
2026-01-21,Entrada,LA MOLINA,41,AMORTIGUADORES POSTERIORES,1,Prov Repuestos
2026-01-21,Entrada,SURCO,38,ACEITE DE MOTOR 5W30 FULL SINTÉTICO,1,Prov Repuestos
2026-01-21,Entrada,SURCO,40,AMORTIGUADORES DELANTEROS,1,Prov Repuestos
2026-01-21,Salida,LA MOLINA,38,ACEITE DE MOTOR 5W30 FULL SINTÉTICO,1,Cliente 35
2026-01-21,Salida,LA MOLINA,40,AMORTIGUADORES DELANTEROS,1,Cliente 1
2026-01-21,Salida,LA MOLINA,41,AMORTIGUADORES POSTERIORES,1,Cliente 37
2026-01-21,Salida,SURCO,38,ACEITE DE MOTOR 5W30 FULL SINTÉTICO,1,Cliente 3
2026-01-21,Salida,SURCO,40,AMORTIGUADORES DELANTEROS,1,Cliente 13
2026-01-22,Entrada,LA MOLINA,38,ACEITE DE MOTOR 5W30 FULL SINTÉTICO,1,Prov Repuestos
2026-01-22,Entrada,LA MOLINA,40,AMORTIGUADORES DELANTEROS,1,Prov Repuestos
2026-01-22,Entrada,LA MOLINA,41,AMORTIGUADORES POSTERIORES,1,Prov Repuestos
2026-01-22,Entrada,SURCO,38,ACEITE DE MOTOR 5W30 FULL SINTÉTICO,1,Prov Repuestos
2026-01-22,Entrada,SURCO,40,AMORTIGUADORES DELANTEROS,1,Prov Repuestos
2026-01-22,Salida,LA MOLINA,38,ACEITE DE MOTOR 5W30 FULL SINTÉTICO,1,Cliente 49
2026-01-22,Salida,LA MOLINA,40,AMORTIGUADORES DELANTEROS,1,Cliente 47
2026-01-22,Salida,SURCO,38,ACEITE DE MOTOR 5W30 FULL SINTÉTICO,1,Cliente 21
2026-01-22,Salida,SURCO,40,AMORTIGUADORES DELANTEROS,1,Cliente 43
2026-01-23,Entrada,LA MOLINA,38,ACEITE DE MOTOR 5W30 FULL SINTÉTICO,1,Prov Repuestos
2026-01-23,Entrada,LA MOLINA,40,AMORTIGUADORES DELANTEROS,1,Prov Repuestos
2026-01-23,Entrada,SURCO,38,ACEITE DE MOTOR 5W30 FULL SINTÉTICO,1,Prov Repuestos
2026-01-23,Entrada,SURCO,40,AMORTIGUADORES DELANTEROS,1,Prov Repuestos
2026-01-23,Salida,LA MOLINA,38,ACEITE DE MOTOR 5W30 FULL SINTÉTICO,1,Cliente 27
2026-01-23,Salida,LA MOLINA,40,AMORTIGUADORES DELANTEROS,1,Cliente 27
2026-01-23,Salida,SURCO,38,ACEITE DE MOTOR 5W30 FULL SINTÉTICO,1,Cliente 45
2026-01-23,Salida,SURCO,40,AMORTIGUADORES DELANTEROS,1,Cliente 2
2026-01-24,Entrada,LA MOLINA,38,ACEITE DE MOTOR 5W30 FULL SINTÉTICO,1,Prov Repuestos
2026-01-24,Entrada,LA MOLINA,40,AMORTIGUADORES DELANTEROS,1,Prov Repuestos
2026-01-24,Entrada,SURCO,38,ACEITE DE MOTOR 5W30 FULL SINTÉTICO,1,Prov Repuestos
2026-01-24,Entrada,SURCO,40,AMORTIGUADORES DELANTEROS,1,Prov Repuestos
2026-01-24,Salida,LA MOLINA,40,AMORTIGUADORES DELANTEROS,1,Cliente 30
2026-01-24,Salida,SURCO,38,ACEITE DE MOTOR 5W30 FULL SINTÉTICO,1,Cliente 33
2026-01-25,Entrada,LA MOLINA,40,AMORTIGUADORES DELANTEROS,1,Prov Repuestos
2026-01-25,Entrada,SURCO,38,ACEITE DE MOTOR 5W30 FULL SINTÉTICO,1,Prov Repuestos
2026-01-25,Salida,LA MOLINA,40,AMORTIGUADORES DELANTEROS,1,Cliente 4
2026-01-26,Entrada,LA MOLINA,40,AMORTIGUADORES DELANTEROS,1,Prov Repuestos
2026-01-26,Salida,LA MOLINA,40,AMORTIGUADORES DELANTEROS,1,Cliente 1
2026-01-27,Entrada,LA MOLINA,40,AMORTIGUADORES DELANTEROS,1,Prov Repuestos
2026-01-27,Salida,LA MOLINA,40,AMORTIGUADORES DELANTEROS,1,Cliente 25
2026-01-28,Entrada,LA MOLINA,40,AMORTIGUADORES DELANTEROS,1,Prov Repuestos
2026-01-28,Salida,LA MOLINA,40,AMORTIGUADORES DELANTEROS,1,Cliente 34
2026-01-29,Entrada,LA MOLINA,40,AMORTIGUADORES DELANTEROS,1,Prov Repuestos
2026-01-29,Salida,LA MOLINA,40,AMORTIGUADORES DELANTEROS,1,Cliente 47
2026-01-30,Entrada,LA MOLINA,40,AMORTIGUADORES DELANTEROS,1,Prov Repuestos
2026-01-30,Salida,LA MOLINA,40,AMORTIGUADORES DELANTEROS,1,Cliente 37
2026-01-31,Entrada,LA MOLINA,40,AMORTIGUADORES DELANTEROS,1,Prov Repuestos
2026-01-31,Control,SURCO,1,AUTO HONDA ACCORD 2014,0,
2026-01-31,Control,SURCO,2,AUTO HONDA CIVIC 2014,0,
2026-01-31,Control,SURCO,3,AUTO HONDA ODISSEY 2013,0,
2026-01-31,Control,SURCO,4,AUTO HONDA CRV 2014,0,
2026-01-31,Control,SURCO,5,AUTO HONDA PILOT 2013,4,
2026-01-31,Control,SURCO,6,AUTO HONDA FIT 2016,1,
2026-01-31,Control,SURCO,7,AUTO HONDA CITY 2016,0,
2026-01-31,Control,SURCO,8,CAMIONETA HONDA ELEMENT 2013,0,
2026-01-31,Control,SURCO,9,CAMIONETA HONDA CROSSTOUR 2013,0,
2026-01-31,Control,SURCO,10,CAMIONETA HONDA CR-Z 2015,0,
2026-01-31,Control,SURCO,11,CAMIONETA HONDA RID LINE PICK UP 2014,0,
2026-01-31,Control,SURCO,38,ACEITE DE MOTOR 5W30 FULL SINTÉTICO,0,
2026-01-31,Control,SURCO,39,FILTRO DE COMBUSTIBLE,18,
2026-01-31,Control,SURCO,40,AMORTIGUADORES DELANTEROS,0,
2026-01-31,Control,SURCO,41,AMORTIGUADORES POSTERIORES,0,
2026-01-31,Control,SURCO,42,"LLANTAS 18""",0,
2026-01-31,Control,SURCO,43,BATERÍA DE 18 PLACAS,0,
2026-01-31,Control,LA MOLINA,1,AUTO HONDA ACCORD 2014,0,
2026-01-31,Control,LA MOLINA,2,AUTO HONDA CIVIC 2014,1,
2026-01-31,Control,LA MOLINA,3,AUTO HONDA ODISSEY 2013,1,
2026-01-31,Control,LA MOLINA,4,AUTO HONDA CRV 2014,1,
2026-01-31,Control,LA MOLINA,5,AUTO HONDA PILOT 2013,0,
2026-01-31,Control,LA MOLINA,6,AUTO HONDA FIT 2016,0,
2026-01-31,Control,LA MOLINA,7,AUTO HONDA CITY 2016,0,
2026-01-31,Control,LA MOLINA,8,CAMIONETA HONDA ELEMENT 2013,0,
2026-01-31,Control,LA MOLINA,9,CAMIONETA HONDA CROSSTOUR 2013,0,
2026-01-31,Control,LA MOLINA,10,CAMIONETA HONDA CR-Z 2015,0,
2026-01-31,Control,LA MOLINA,11,CAMIONETA HONDA RID LINE PICK UP 2014,0,
2026-01-31,Control,LA MOLINA,38,ACEITE DE MOTOR 5W30 FULL SINTÉTICO,0,
2026-01-31,Control,LA MOLINA,39,FILTRO DE COMBUSTIBLE,162,
2026-01-31,Control,LA MOLINA,40,AMORTIGUADORES DELANTEROS,0,
2026-01-31,Control,LA MOLINA,41,AMORTIGUADORES POSTERIORES,0,
2026-01-31,Control,LA MOLINA,42,"LLANTAS 18""",0,
2026-01-31,Control,LA MOLINA,43,BATERÍA DE 18 PLACAS,0,
2026-02-01,Salida,LA MOLINA,1,AUTO HONDA ACCORD 2014,1,Cliente 46
2026-02-01,Salida,LA MOLINA,2,AUTO HONDA CIVIC 2014,1,Cliente 15
2026-02-01,Salida,LA MOLINA,3,AUTO HONDA ODISSEY 2013,1,Cliente 48
2026-02-01,Salida,LA MOLINA,4,AUTO HONDA CRV 2014,1,Cliente 16
2026-02-01,Salida,LA MOLINA,5,AUTO HONDA PILOT 2013,1,Cliente 19
2026-02-01,Salida,LA MOLINA,6,AUTO HONDA FIT 2016,1,Cliente 31
2026-02-01,Salida,LA MOLINA,7,AUTO HONDA CITY 2016,1,Cliente 4
2026-02-01,Salida,LA MOLINA,8,CAMIONETA HONDA ELEMENT 2013,1,Cliente 9
2026-02-01,Salida,LA MOLINA,9,CAMIONETA HONDA CROSSTOUR 2013,1,Cliente 3
2026-02-01,Salida,LA MOLINA,10,CAMIONETA HONDA CR-Z 2015,1,Cliente 27
2026-02-01,Salida,LA MOLINA,11,CAMIONETA HONDA RID LINE PICK UP 2014,1,Cliente 16
2026-02-01,Salida,LA MOLINA,38,ACEITE DE MOTOR 5W30 FULL SINTÉTICO,1,Cliente 22
2026-02-01,Salida,LA MOLINA,39,FILTRO DE COMBUSTIBLE,1,Cliente 26
2026-02-01,Salida,LA MOLINA,40,AMORTIGUADORES DELANTEROS,1,Cliente 38
2026-02-01,Salida,LA MOLINA,41,AMORTIGUADORES POSTERIORES,1,Cliente 45
2026-02-01,Salida,LA MOLINA,42,"LLANTAS 18""",1,Cliente 3
2026-02-01,Salida,LA MOLINA,43,BATERÍA DE 18 PLACAS,1,Cliente 45
2026-02-01,Salida,SURCO,1,AUTO HONDA ACCORD 2014,1,Cliente 17
2026-02-01,Salida,SURCO,2,AUTO HONDA CIVIC 2014,1,Cliente 14
2026-02-01,Salida,SURCO,3,AUTO HONDA ODISSEY 2013,1,Cliente 17
2026-02-01,Salida,SURCO,4,AUTO HONDA CRV 2014,1,Cliente 31
2026-02-01,Salida,SURCO,5,AUTO HONDA PILOT 2013,1,Cliente 43
2026-02-01,Salida,SURCO,6,AUTO HONDA FIT 2016,1,Cliente 16
2026-02-01,Salida,SURCO,7,AUTO HONDA CITY 2016,1,Cliente 15
2026-02-01,Salida,SURCO,8,CAMIONETA HONDA ELEMENT 2013,1,Cliente 21
2026-02-01,Salida,SURCO,9,CAMIONETA HONDA CROSSTOUR 2013,1,Cliente 27
2026-02-01,Salida,SURCO,10,CAMIONETA HONDA CR-Z 2015,1,Cliente 20
2026-02-01,Salida,SURCO,11,CAMIONETA HONDA RID LINE PICK UP 2014,1,Cliente 42
2026-02-01,Salida,SURCO,38,ACEITE DE MOTOR 5W30 FULL SINTÉTICO,1,Cliente 39
2026-02-01,Salida,SURCO,39,FILTRO DE COMBUSTIBLE,1,Cliente 42
2026-02-01,Salida,SURCO,40,AMORTIGUADORES DELANTEROS,1,Cliente 14
2026-02-01,Salida,SURCO,41,AMORTIGUADORES POSTERIORES,1,Cliente 44
2026-02-01,Salida,SURCO,42,"LLANTAS 18""",1,Cliente 35
2026-02-01,Salida,SURCO,43,BATERÍA DE 18 PLACAS,1,Cliente 27
2026-02-02,Entrada,LA MOLINA,1,AUTO HONDA ACCORD 2014,1,Prov Vehículos
2026-02-02,Entrada,LA MOLINA,5,AUTO HONDA PILOT 2013,1,Prov Vehículos
2026-02-02,Entrada,LA MOLINA,6,AUTO HONDA FIT 2016,1,Prov Vehículos
2026-02-02,Entrada,LA MOLINA,7,AUTO HONDA CITY 2016,1,Prov Vehículos
2026-02-02,Entrada,LA MOLINA,8,CAMIONETA HONDA ELEMENT 2013,1,Prov Vehículos
2026-02-02,Entrada,LA MOLINA,9,CAMIONETA HONDA CROSSTOUR 2013,1,Prov Vehículos
2026-02-02,Entrada,LA MOLINA,10,CAMIONETA HONDA CR-Z 2015,1,Prov Vehículos
2026-02-02,Entrada,LA MOLINA,11,CAMIONETA HONDA RID LINE PICK UP 2014,1,Prov Vehículos
2026-02-02,Entrada,LA MOLINA,38,ACEITE DE MOTOR 5W30 FULL SINTÉTICO,1,Prov Repuestos
2026-02-02,Entrada,LA MOLINA,40,AMORTIGUADORES DELANTEROS,1,Prov Repuestos
2026-02-02,Entrada,LA MOLINA,41,AMORTIGUADORES POSTERIORES,1,Prov Repuestos
2026-02-02,Entrada,LA MOLINA,42,"LLANTAS 18""",1,Prov Repuestos
2026-02-02,Entrada,LA MOLINA,43,BATERÍA DE 18 PLACAS,1,Prov Repuestos
2026-02-02,Entrada,SURCO,1,AUTO HONDA ACCORD 2014,1,Prov Vehículos
2026-02-02,Entrada,SURCO,2,AUTO HONDA CIVIC 2014,1,Prov Vehículos
2026-02-02,Entrada,SURCO,3,AUTO HONDA ODISSEY 2013,1,Prov Vehículos
2026-02-02,Entrada,SURCO,4,AUTO HONDA CRV 2014,1,Prov Vehículos
2026-02-02,Entrada,SURCO,7,AUTO HONDA CITY 2016,1,Prov Vehículos
2026-02-02,Entrada,SURCO,8,CAMIONETA HONDA ELEMENT 2013,1,Prov Vehículos
2026-02-02,Entrada,SURCO,9,CAMIONETA HONDA CROSSTOUR 2013,1,Prov Vehículos
2026-02-02,Entrada,SURCO,10,CAMIONETA HONDA CR-Z 2015,1,Prov Vehículos
2026-02-02,Entrada,SURCO,11,CAMIONETA HONDA RID LINE PICK UP 2014,1,Prov Vehículos
2026-02-02,Entrada,SURCO,38,ACEITE DE MOTOR 5W30 FULL SINTÉTICO,1,Prov Repuestos
2026-02-02,Entrada,SURCO,40,AMORTIGUADORES DELANTEROS,1,Prov Repuestos
2026-02-02,Entrada,SURCO,41,AMORTIGUADORES POSTERIORES,1,Prov Repuestos
2026-02-02,Entrada,SURCO,42,"LLANTAS 18""",1,Prov Repuestos
2026-02-02,Entrada,SURCO,43,BATERÍA DE 18 PLACAS,1,Prov Repuestos
2026-02-02,Salida,LA MOLINA,1,AUTO HONDA ACCORD 2014,1,Cliente 24
2026-02-02,Salida,LA MOLINA,2,AUTO HONDA CIVIC 2014,1,Cliente 15
2026-02-02,Salida,LA MOLINA,3,AUTO HONDA ODISSEY 2013,1,Cliente 4
2026-02-02,Salida,LA MOLINA,4,AUTO HONDA CRV 2014,1,Cliente 47
2026-02-02,Salida,LA MOLINA,5,AUTO HONDA PILOT 2013,1,Cliente 27
2026-02-02,Salida,LA MOLINA,6,AUTO HONDA FIT 2016,1,Cliente 38
2026-02-02,Salida,LA MOLINA,7,AUTO HONDA CITY 2016,1,Cliente 25
2026-02-02,Salida,LA MOLINA,8,CAMIONETA HONDA ELEMENT 2013,1,Cliente 27
2026-02-02,Salida,LA MOLINA,38,ACEITE DE MOTOR 5W30 FULL SINTÉTICO,1,Cliente 35
2026-02-02,Salida,LA MOLINA,39,FILTRO DE COMBUSTIBLE,1,Cliente 48
2026-02-02,Salida,LA MOLINA,40,AMORTIGUADORES DELANTEROS,1,Cliente 18
2026-02-02,Salida,LA MOLINA,41,AMORTIGUADORES POSTERIORES,1,Cliente 14
2026-02-02,Salida,LA MOLINA,42,"LLANTAS 18""",1,Cliente 50
2026-02-02,Salida,LA MOLINA,43,BATERÍA DE 18 PLACAS,1,Cliente 17
2026-02-02,Salida,SURCO,1,AUTO HONDA ACCORD 2014,1,Cliente 8
2026-02-02,Salida,SURCO,2,AUTO HONDA CIVIC 2014,1,Cliente 25
2026-02-02,Salida,SURCO,3,AUTO HONDA ODISSEY 2013,1,Cliente 9
2026-02-02,Salida,SURCO,4,AUTO HONDA CRV 2014,1,Cliente 34
2026-02-02,Salida,SURCO,38,ACEITE DE MOTOR 5W30 FULL SINTÉTICO,1,Cliente 2
2026-02-02,Salida,SURCO,39,FILTRO DE COMBUSTIBLE,1,Cliente 11
2026-02-02,Salida,SURCO,40,AMORTIGUADORES DELANTEROS,1,Cliente 5
2026-02-02,Salida,SURCO,41,AMORTIGUADORES POSTERIORES,1,Cliente 14
2026-02-02,Salida,SURCO,42,"LLANTAS 18""",1,Cliente 17
2026-02-02,Salida,SURCO,43,BATERÍA DE 18 PLACAS,1,Cliente 36
2026-02-03,Entrada,LA MOLINA,1,AUTO HONDA ACCORD 2014,1,Prov Vehículos
2026-02-03,Entrada,LA MOLINA,2,AUTO HONDA CIVIC 2014,1,Prov Vehículos
2026-02-03,Entrada,LA MOLINA,3,AUTO HONDA ODISSEY 2013,1,Prov Vehículos
2026-02-03,Entrada,LA MOLINA,4,AUTO HONDA CRV 2014,1,Prov Vehículos
2026-02-03,Entrada,LA MOLINA,5,AUTO HONDA PILOT 2013,1,Prov Vehículos
2026-02-03,Entrada,LA MOLINA,6,AUTO HONDA FIT 2016,1,Prov Vehículos
2026-02-03,Entrada,LA MOLINA,7,AUTO HONDA CITY 2016,1,Prov Vehículos
2026-02-03,Entrada,LA MOLINA,8,CAMIONETA HONDA ELEMENT 2013,1,Prov Vehículos
2026-02-03,Entrada,LA MOLINA,38,ACEITE DE MOTOR 5W30 FULL SINTÉTICO,1,Prov Repuestos
2026-02-03,Entrada,LA MOLINA,40,AMORTIGUADORES DELANTEROS,1,Prov Repuestos
2026-02-03,Entrada,LA MOLINA,41,AMORTIGUADORES POSTERIORES,1,Prov Repuestos
2026-02-03,Entrada,LA MOLINA,42,"LLANTAS 18""",1,Prov Repuestos
2026-02-03,Entrada,LA MOLINA,43,BATERÍA DE 18 PLACAS,1,Prov Repuestos
2026-02-03,Entrada,SURCO,1,AUTO HONDA ACCORD 2014,1,Prov Vehículos
2026-02-03,Entrada,SURCO,2,AUTO HONDA CIVIC 2014,1,Prov Vehículos
2026-02-03,Entrada,SURCO,3,AUTO HONDA ODISSEY 2013,1,Prov Vehículos
2026-02-03,Entrada,SURCO,4,AUTO HONDA CRV 2014,1,Prov Vehículos
2026-02-03,Entrada,SURCO,38,ACEITE DE MOTOR 5W30 FULL SINTÉTICO,1,Prov Repuestos
2026-02-03,Entrada,SURCO,40,AMORTIGUADORES DELANTEROS,1,Prov Repuestos
2026-02-03,Entrada,SURCO,41,AMORTIGUADORES POSTERIORES,1,Prov Repuestos
2026-02-03,Entrada,SURCO,42,"LLANTAS 18""",1,Prov Repuestos
2026-02-03,Entrada,SURCO,43,BATERÍA DE 18 PLACAS,1,Prov Repuestos
2026-02-03,Salida,LA MOLINA,1,AUTO HONDA ACCORD 2014,1,Cliente 30
2026-02-03,Salida,LA MOLINA,7,AUTO HONDA CITY 2016,1,Cliente 34
2026-02-03,Salida,LA MOLINA,38,ACEITE DE MOTOR 5W30 FULL SINTÉTICO,1,Cliente 50
2026-02-03,Salida,LA MOLINA,39,FILTRO DE COMBUSTIBLE,1,Cliente 20
2026-02-03,Salida,LA MOLINA,40,AMORTIGUADORES DELANTEROS,1,Cliente 23
2026-02-03,Salida,LA MOLINA,41,AMORTIGUADORES POSTERIORES,1,Cliente 19
2026-02-03,Salida,LA MOLINA,42,"LLANTAS 18""",1,Cliente 45
2026-02-03,Salida,LA MOLINA,43,BATERÍA DE 18 PLACAS,1,Cliente 22
2026-02-03,Salida,SURCO,1,AUTO HONDA ACCORD 2014,1,Cliente 2
2026-02-03,Salida,SURCO,2,AUTO HONDA CIVIC 2014,1,Cliente 29
2026-02-03,Salida,SURCO,3,AUTO HONDA ODISSEY 2013,1,Cliente 11
2026-02-03,Salida,SURCO,4,AUTO HONDA CRV 2014,1,Cliente 46
2026-02-03,Salida,SURCO,38,ACEITE DE MOTOR 5W30 FULL SINTÉTICO,1,Cliente 6
2026-02-03,Salida,SURCO,39,FILTRO DE COMBUSTIBLE,1,Cliente 24
2026-02-03,Salida,SURCO,40,AMORTIGUADORES DELANTEROS,1,Cliente 48
2026-02-03,Salida,SURCO,41,AMORTIGUADORES POSTERIORES,1,Cliente 45
2026-02-03,Salida,SURCO,42,"LLANTAS 18""",1,Cliente 12
2026-02-03,Salida,SURCO,43,BATERÍA DE 18 PLACAS,1,Cliente 46
2026-02-04,Entrada,LA MOLINA,1,AUTO HONDA ACCORD 2014,1,Prov Vehículos
2026-02-04,Entrada,LA MOLINA,7,AUTO HONDA CITY 2016,1,Prov Vehículos
2026-02-04,Entrada,LA MOLINA,38,ACEITE DE MOTOR 5W30 FULL SINTÉTICO,1,Prov Repuestos
2026-02-04,Entrada,LA MOLINA,40,AMORTIGUADORES DELANTEROS,1,Prov Repuestos
2026-02-04,Entrada,LA MOLINA,41,AMORTIGUADORES POSTERIORES,1,Prov Repuestos
2026-02-04,Entrada,LA MOLINA,42,"LLANTAS 18""",1,Prov Repuestos
2026-02-04,Entrada,LA MOLINA,43,BATERÍA DE 18 PLACAS,1,Prov Repuestos
2026-02-04,Entrada,SURCO,1,AUTO HONDA ACCORD 2014,1,Prov Vehículos
2026-02-04,Entrada,SURCO,2,AUTO HONDA CIVIC 2014,1,Prov Vehículos
2026-02-04,Entrada,SURCO,3,AUTO HONDA ODISSEY 2013,1,Prov Vehículos
2026-02-04,Entrada,SURCO,4,AUTO HONDA CRV 2014,1,Prov Vehículos
2026-02-04,Entrada,SURCO,38,ACEITE DE MOTOR 5W30 FULL SINTÉTICO,1,Prov Repuestos
2026-02-04,Entrada,SURCO,40,AMORTIGUADORES DELANTEROS,1,Prov Repuestos
2026-02-04,Entrada,SURCO,41,AMORTIGUADORES POSTERIORES,1,Prov Repuestos
2026-02-04,Entrada,SURCO,42,"LLANTAS 18""",1,Prov Repuestos
2026-02-04,Entrada,SURCO,43,BATERÍA DE 18 PLACAS,1,Prov Repuestos
2026-02-04,Salida,LA MOLINA,7,AUTO HONDA CITY 2016,1,Cliente 13
2026-02-04,Salida,LA MOLINA,38,ACEITE DE MOTOR 5W30 FULL SINTÉTICO,1,Cliente 17
2026-02-04,Salida,LA MOLINA,39,FILTRO DE COMBUSTIBLE,1,Cliente 24
2026-02-04,Salida,LA MOLINA,40,AMORTIGUADORES DELANTEROS,1,Cliente 20
2026-02-04,Salida,LA MOLINA,41,AMORTIGUADORES POSTERIORES,1,Cliente 12
2026-02-04,Salida,LA MOLINA,42,"LLANTAS 18""",1,Cliente 13
2026-02-04,Salida,LA MOLINA,43,BATERÍA DE 18 PLACAS,1,Cliente 16
2026-02-04,Salida,SURCO,38,ACEITE DE MOTOR 5W30 FULL SINTÉTICO,1,Cliente 40
2026-02-04,Salida,SURCO,39,FILTRO DE COMBUSTIBLE,1,Cliente 31
2026-02-04,Salida,SURCO,40,AMORTIGUADORES DELANTEROS,1,Cliente 39
2026-02-04,Salida,SURCO,41,AMORTIGUADORES POSTERIORES,1,Cliente 4
2026-02-04,Salida,SURCO,42,"LLANTAS 18""",1,Cliente 47
2026-02-04,Salida,SURCO,43,BATERÍA DE 18 PLACAS,1,Cliente 7
2026-02-05,Entrada,LA MOLINA,7,AUTO HONDA CITY 2016,1,Prov Vehículos
2026-02-05,Entrada,LA MOLINA,38,ACEITE DE MOTOR 5W30 FULL SINTÉTICO,1,Prov Repuestos
2026-02-05,Entrada,LA MOLINA,40,AMORTIGUADORES DELANTEROS,1,Prov Repuestos
2026-02-05,Entrada,LA MOLINA,41,AMORTIGUADORES POSTERIORES,1,Prov Repuestos
2026-02-05,Entrada,LA MOLINA,42,"LLANTAS 18""",1,Prov Repuestos
2026-02-05,Entrada,LA MOLINA,43,BATERÍA DE 18 PLACAS,1,Prov Repuestos
2026-02-05,Entrada,SURCO,38,ACEITE DE MOTOR 5W30 FULL SINTÉTICO,1,Prov Repuestos
2026-02-05,Entrada,SURCO,40,AMORTIGUADORES DELANTEROS,1,Prov Repuestos
2026-02-05,Entrada,SURCO,41,AMORTIGUADORES POSTERIORES,1,Prov Repuestos
2026-02-05,Entrada,SURCO,42,"LLANTAS 18""",1,Prov Repuestos
2026-02-05,Entrada,SURCO,43,BATERÍA DE 18 PLACAS,1,Prov Repuestos
2026-02-05,Salida,LA MOLINA,38,ACEITE DE MOTOR 5W30 FULL SINTÉTICO,1,Cliente 42
2026-02-05,Salida,LA MOLINA,39,FILTRO DE COMBUSTIBLE,1,Cliente 46
2026-02-05,Salida,LA MOLINA,40,AMORTIGUADORES DELANTEROS,1,Cliente 30
2026-02-05,Salida,LA MOLINA,41,AMORTIGUADORES POSTERIORES,1,Cliente 43
2026-02-05,Salida,LA MOLINA,42,"LLANTAS 18""",1,Cliente 3
2026-02-05,Salida,LA MOLINA,43,BATERÍA DE 18 PLACAS,1,Cliente 1
2026-02-05,Salida,SURCO,38,ACEITE DE MOTOR 5W30 FULL SINTÉTICO,1,Cliente 20
2026-02-05,Salida,SURCO,39,FILTRO DE COMBUSTIBLE,1,Cliente 14
2026-02-05,Salida,SURCO,40,AMORTIGUADORES DELANTEROS,1,Cliente 27
2026-02-05,Salida,SURCO,41,AMORTIGUADORES POSTERIORES,1,Cliente 28
2026-02-05,Salida,SURCO,42,"LLANTAS 18""",1,Cliente 41
2026-02-05,Salida,SURCO,43,BATERÍA DE 18 PLACAS,1,Cliente 8
2026-02-06,Entrada,LA MOLINA,38,ACEITE DE MOTOR 5W30 FULL SINTÉTICO,1,Prov Repuestos
2026-02-06,Entrada,LA MOLINA,40,AMORTIGUADORES DELANTEROS,1,Prov Repuestos
2026-02-06,Entrada,LA MOLINA,41,AMORTIGUADORES POSTERIORES,1,Prov Repuestos
2026-02-06,Entrada,LA MOLINA,42,"LLANTAS 18""",1,Prov Repuestos
2026-02-06,Entrada,LA MOLINA,43,BATERÍA DE 18 PLACAS,1,Prov Repuestos
2026-02-06,Entrada,SURCO,38,ACEITE DE MOTOR 5W30 FULL SINTÉTICO,1,Prov Repuestos
2026-02-06,Entrada,SURCO,40,AMORTIGUADORES DELANTEROS,1,Prov Repuestos
2026-02-06,Entrada,SURCO,41,AMORTIGUADORES POSTERIORES,1,Prov Repuestos
2026-02-06,Entrada,SURCO,42,"LLANTAS 18""",1,Prov Repuestos
2026-02-06,Entrada,SURCO,43,BATERÍA DE 18 PLACAS,1,Prov Repuestos
2026-02-06,Salida,LA MOLINA,38,ACEITE DE MOTOR 5W30 FULL SINTÉTICO,1,Cliente 50
2026-02-06,Salida,LA MOLINA,40,AMORTIGUADORES DELANTEROS,1,Cliente 29
2026-02-06,Salida,LA MOLINA,41,AMORTIGUADORES POSTERIORES,1,Cliente 3
2026-02-06,Salida,LA MOLINA,42,"LLANTAS 18""",1,Cliente 39
2026-02-06,Salida,LA MOLINA,43,BATERÍA DE 18 PLACAS,1,Cliente 35
2026-02-06,Salida,SURCO,38,ACEITE DE MOTOR 5W30 FULL SINTÉTICO,1,Cliente 44
2026-02-06,Salida,SURCO,40,AMORTIGUADORES DELANTEROS,1,Cliente 30
2026-02-06,Salida,SURCO,41,AMORTIGUADORES POSTERIORES,1,Cliente 36
2026-02-06,Salida,SURCO,42,"LLANTAS 18""",1,Cliente 6
2026-02-06,Salida,SURCO,43,BATERÍA DE 18 PLACAS,1,Cliente 40
2026-02-07,Entrada,LA MOLINA,38,ACEITE DE MOTOR 5W30 FULL SINTÉTICO,1,Prov Repuestos
2026-02-07,Entrada,LA MOLINA,40,AMORTIGUADORES DELANTEROS,1,Prov Repuestos
2026-02-07,Entrada,LA MOLINA,41,AMORTIGUADORES POSTERIORES,1,Prov Repuestos
2026-02-07,Entrada,LA MOLINA,42,"LLANTAS 18""",1,Prov Repuestos
2026-02-07,Entrada,LA MOLINA,43,BATERÍA DE 18 PLACAS,1,Prov Repuestos
2026-02-07,Entrada,SURCO,38,ACEITE DE MOTOR 5W30 FULL SINTÉTICO,1,Prov Repuestos
2026-02-07,Entrada,SURCO,40,AMORTIGUADORES DELANTEROS,1,Prov Repuestos
2026-02-07,Entrada,SURCO,41,AMORTIGUADORES POSTERIORES,1,Prov Repuestos
2026-02-07,Entrada,SURCO,42,"LLANTAS 18""",1,Prov Repuestos
2026-02-07,Entrada,SURCO,43,BATERÍA DE 18 PLACAS,1,Prov Repuestos
2026-02-07,Salida,LA MOLINA,38,ACEITE DE MOTOR 5W30 FULL SINTÉTICO,1,Cliente 34
2026-02-07,Salida,LA MOLINA,40,AMORTIGUADORES DELANTEROS,1,Cliente 29
2026-02-07,Salida,LA MOLINA,41,AMORTIGUADORES POSTERIORES,1,Cliente 18
2026-02-07,Salida,LA MOLINA,42,"LLANTAS 18""",1,Cliente 43
2026-02-07,Salida,LA MOLINA,43,BATERÍA DE 18 PLACAS,1,Cliente 49
2026-02-07,Salida,SURCO,38,ACEITE DE MOTOR 5W30 FULL SINTÉTICO,1,Cliente 29
2026-02-07,Salida,SURCO,40,AMORTIGUADORES DELANTEROS,1,Cliente 50
2026-02-07,Salida,SURCO,41,AMORTIGUADORES POSTERIORES,1,Cliente 17
2026-02-07,Salida,SURCO,42,"LLANTAS 18""",1,Cliente 16
2026-02-07,Salida,SURCO,43,BATERÍA DE 18 PLACAS,1,Cliente 9
2026-02-08,Entrada,LA MOLINA,38,ACEITE DE MOTOR 5W30 FULL SINTÉTICO,1,Prov Repuestos
2026-02-08,Entrada,LA MOLINA,40,AMORTIGUADORES DELANTEROS,1,Prov Repuestos
2026-02-08,Entrada,LA MOLINA,41,AMORTIGUADORES POSTERIORES,1,Prov Repuestos
2026-02-08,Entrada,LA MOLINA,42,"LLANTAS 18""",1,Prov Repuestos
2026-02-08,Entrada,LA MOLINA,43,BATERÍA DE 18 PLACAS,1,Prov Repuestos
2026-02-08,Entrada,SURCO,38,ACEITE DE MOTOR 5W30 FULL SINTÉTICO,1,Prov Repuestos
2026-02-08,Entrada,SURCO,40,AMORTIGUADORES DELANTEROS,1,Prov Repuestos
2026-02-08,Entrada,SURCO,41,AMORTIGUADORES POSTERIORES,1,Prov Repuestos
2026-02-08,Entrada,SURCO,42,"LLANTAS 18""",1,Prov Repuestos
2026-02-08,Entrada,SURCO,43,BATERÍA DE 18 PLACAS,1,Prov Repuestos
2026-02-08,Salida,LA MOLINA,38,ACEITE DE MOTOR 5W30 FULL SINTÉTICO,1,Cliente 48
2026-02-08,Salida,LA MOLINA,40,AMORTIGUADORES DELANTEROS,1,Cliente 12
2026-02-08,Salida,LA MOLINA,41,AMORTIGUADORES POSTERIORES,1,Cliente 45
2026-02-08,Salida,LA MOLINA,42,"LLANTAS 18""",1,Cliente 21
2026-02-08,Salida,LA MOLINA,43,BATERÍA DE 18 PLACAS,1,Cliente 18
2026-02-08,Salida,SURCO,38,ACEITE DE MOTOR 5W30 FULL SINTÉTICO,1,Cliente 12
2026-02-08,Salida,SURCO,40,AMORTIGUADORES DELANTEROS,1,Cliente 20
2026-02-08,Salida,SURCO,41,AMORTIGUADORES POSTERIORES,1,Cliente 24
2026-02-08,Salida,SURCO,42,"LLANTAS 18""",1,Cliente 33
2026-02-08,Salida,SURCO,43,BATERÍA DE 18 PLACAS,1,Cliente 42
2026-02-09,Entrada,LA MOLINA,38,ACEITE DE MOTOR 5W30 FULL SINTÉTICO,1,Prov Repuestos
2026-02-09,Entrada,LA MOLINA,40,AMORTIGUADORES DELANTEROS,1,Prov Repuestos
2026-02-09,Entrada,LA MOLINA,41,AMORTIGUADORES POSTERIORES,1,Prov Repuestos
2026-02-09,Entrada,LA MOLINA,42,"LLANTAS 18""",1,Prov Repuestos
2026-02-09,Entrada,LA MOLINA,43,BATERÍA DE 18 PLACAS,1,Prov Repuestos
2026-02-09,Entrada,SURCO,38,ACEITE DE MOTOR 5W30 FULL SINTÉTICO,1,Prov Repuestos
2026-02-09,Entrada,SURCO,40,AMORTIGUADORES DELANTEROS,1,Prov Repuestos
2026-02-09,Entrada,SURCO,41,AMORTIGUADORES POSTERIORES,1,Prov Repuestos
2026-02-09,Entrada,SURCO,42,"LLANTAS 18""",1,Prov Repuestos
2026-02-09,Entrada,SURCO,43,BATERÍA DE 18 PLACAS,1,Prov Repuestos
2026-02-09,Salida,LA MOLINA,38,ACEITE DE MOTOR 5W30 FULL SINTÉTICO,1,Cliente 7
2026-02-09,Salida,LA MOLINA,40,AMORTIGUADORES DELANTEROS,1,Cliente 44
2026-02-09,Salida,LA MOLINA,41,AMORTIGUADORES POSTERIORES,1,Cliente 41
2026-02-09,Salida,LA MOLINA,42,"LLANTAS 18""",1,Cliente 50
2026-02-09,Salida,LA MOLINA,43,BATERÍA DE 18 PLACAS,1,Cliente 46
2026-02-09,Salida,SURCO,38,ACEITE DE MOTOR 5W30 FULL SINTÉTICO,1,Cliente 45
2026-02-09,Salida,SURCO,40,AMORTIGUADORES DELANTEROS,1,Cliente 36
2026-02-09,Salida,SURCO,41,AMORTIGUADORES POSTERIORES,1,Cliente 11
2026-02-09,Salida,SURCO,42,"LLANTAS 18""",1,Cliente 15
2026-02-09,Salida,SURCO,43,BATERÍA DE 18 PLACAS,1,Cliente 19
2026-02-10,Entrada,LA MOLINA,38,ACEITE DE MOTOR 5W30 FULL SINTÉTICO,1,Prov Repuestos
2026-02-10,Entrada,LA MOLINA,40,AMORTIGUADORES DELANTEROS,1,Prov Repuestos
2026-02-10,Entrada,LA MOLINA,41,AMORTIGUADORES POSTERIORES,1,Prov Repuestos
2026-02-10,Entrada,LA MOLINA,42,"LLANTAS 18""",1,Prov Repuestos
2026-02-10,Entrada,LA MOLINA,43,BATERÍA DE 18 PLACAS,1,Prov Repuestos
2026-02-10,Entrada,SURCO,38,ACEITE DE MOTOR 5W30 FULL SINTÉTICO,1,Prov Repuestos
2026-02-10,Entrada,SURCO,40,AMORTIGUADORES DELANTEROS,1,Prov Repuestos
2026-02-10,Entrada,SURCO,41,AMORTIGUADORES POSTERIORES,1,Prov Repuestos
2026-02-10,Entrada,SURCO,42,"LLANTAS 18""",1,Prov Repuestos
2026-02-10,Entrada,SURCO,43,BATERÍA DE 18 PLACAS,1,Prov Repuestos
2026-02-10,Salida,LA MOLINA,38,ACEITE DE MOTOR 5W30 FULL SINTÉTICO,1,Cliente 7
2026-02-10,Salida,LA MOLINA,40,AMORTIGUADORES DELANTEROS,1,Cliente 10
2026-02-10,Salida,LA MOLINA,41,AMORTIGUADORES POSTERIORES,1,Cliente 40
2026-02-10,Salida,LA MOLINA,42,"LLANTAS 18""",1,Cliente 40
2026-02-10,Salida,LA MOLINA,43,BATERÍA DE 18 PLACAS,1,Cliente 14
2026-02-10,Salida,SURCO,38,ACEITE DE MOTOR 5W30 FULL SINTÉTICO,1,Cliente 7
2026-02-10,Salida,SURCO,40,AMORTIGUADORES DELANTEROS,1,Cliente 17
2026-02-10,Salida,SURCO,41,AMORTIGUADORES POSTERIORES,1,Cliente 4
2026-02-10,Salida,SURCO,42,"LLANTAS 18""",1,Cliente 33
2026-02-11,Entrada,LA MOLINA,38,ACEITE DE MOTOR 5W30 FULL SINTÉTICO,1,Prov Repuestos
2026-02-11,Entrada,LA MOLINA,40,AMORTIGUADORES DELANTEROS,1,Prov Repuestos
2026-02-11,Entrada,LA MOLINA,41,AMORTIGUADORES POSTERIORES,1,Prov Repuestos
2026-02-11,Entrada,LA MOLINA,42,"LLANTAS 18""",1,Prov Repuestos
2026-02-11,Entrada,LA MOLINA,43,BATERÍA DE 18 PLACAS,1,Prov Repuestos
2026-02-11,Entrada,SURCO,38,ACEITE DE MOTOR 5W30 FULL SINTÉTICO,1,Prov Repuestos
2026-02-11,Entrada,SURCO,40,AMORTIGUADORES DELANTEROS,1,Prov Repuestos
2026-02-11,Entrada,SURCO,41,AMORTIGUADORES POSTERIORES,1,Prov Repuestos
2026-02-11,Entrada,SURCO,42,"LLANTAS 18""",1,Prov Repuestos
2026-02-11,Salida,LA MOLINA,38,ACEITE DE MOTOR 5W30 FULL SINTÉTICO,1,Cliente 19
2026-02-11,Salida,LA MOLINA,40,AMORTIGUADORES DELANTEROS,1,Cliente 49
2026-02-11,Salida,LA MOLINA,41,AMORTIGUADORES POSTERIORES,1,Cliente 39
2026-02-11,Salida,LA MOLINA,42,"LLANTAS 18""",1,Cliente 7
2026-02-11,Salida,LA MOLINA,43,BATERÍA DE 18 PLACAS,1,Cliente 28
2026-02-11,Salida,SURCO,38,ACEITE DE MOTOR 5W30 FULL SINTÉTICO,1,Cliente 3
2026-02-11,Salida,SURCO,40,AMORTIGUADORES DELANTEROS,1,Cliente 12
2026-02-11,Salida,SURCO,41,AMORTIGUADORES POSTERIORES,1,Cliente 8
2026-02-11,Salida,SURCO,42,"LLANTAS 18""",1,Cliente 3
2026-02-12,Entrada,LA MOLINA,38,ACEITE DE MOTOR 5W30 FULL SINTÉTICO,1,Prov Repuestos
2026-02-12,Entrada,LA MOLINA,40,AMORTIGUADORES DELANTEROS,1,Prov Repuestos
2026-02-12,Entrada,LA MOLINA,41,AMORTIGUADORES POSTERIORES,1,Prov Repuestos
2026-02-12,Entrada,LA MOLINA,42,"LLANTAS 18""",1,Prov Repuestos
2026-02-12,Entrada,LA MOLINA,43,BATERÍA DE 18 PLACAS,1,Prov Repuestos
2026-02-12,Entrada,SURCO,38,ACEITE DE MOTOR 5W30 FULL SINTÉTICO,1,Prov Repuestos
2026-02-12,Entrada,SURCO,40,AMORTIGUADORES DELANTEROS,1,Prov Repuestos
2026-02-12,Entrada,SURCO,41,AMORTIGUADORES POSTERIORES,1,Prov Repuestos
2026-02-12,Entrada,SURCO,42,"LLANTAS 18""",1,Prov Repuestos
2026-02-12,Salida,LA MOLINA,38,ACEITE DE MOTOR 5W30 FULL SINTÉTICO,1,Cliente 45
2026-02-12,Salida,LA MOLINA,40,AMORTIGUADORES DELANTEROS,1,Cliente 47
2026-02-12,Salida,LA MOLINA,41,AMORTIGUADORES POSTERIORES,1,Cliente 28
2026-02-12,Salida,LA MOLINA,42,"LLANTAS 18""",1,Cliente 42
2026-02-12,Salida,SURCO,38,ACEITE DE MOTOR 5W30 FULL SINTÉTICO,1,Cliente 15
2026-02-12,Salida,SURCO,40,AMORTIGUADORES DELANTEROS,1,Cliente 1
2026-02-12,Salida,SURCO,41,AMORTIGUADORES POSTERIORES,1,Cliente 46
2026-02-12,Salida,SURCO,42,"LLANTAS 18""",1,Cliente 49
2026-02-13,Entrada,LA MOLINA,38,ACEITE DE MOTOR 5W30 FULL SINTÉTICO,1,Prov Repuestos
2026-02-13,Entrada,LA MOLINA,40,AMORTIGUADORES DELANTEROS,1,Prov Repuestos
2026-02-13,Entrada,LA MOLINA,41,AMORTIGUADORES POSTERIORES,1,Prov Repuestos
2026-02-13,Entrada,LA MOLINA,42,"LLANTAS 18""",1,Prov Repuestos
2026-02-13,Entrada,SURCO,38,ACEITE DE MOTOR 5W30 FULL SINTÉTICO,1,Prov Repuestos
2026-02-13,Entrada,SURCO,40,AMORTIGUADORES DELANTEROS,1,Prov Repuestos
2026-02-13,Entrada,SURCO,41,AMORTIGUADORES POSTERIORES,1,Prov Repuestos
2026-02-13,Entrada,SURCO,42,"LLANTAS 18""",1,Prov Repuestos
2026-02-13,Salida,LA MOLINA,38,ACEITE DE MOTOR 5W30 FULL SINTÉTICO,1,Cliente 6
2026-02-13,Salida,LA MOLINA,40,AMORTIGUADORES DELANTEROS,1,Cliente 46
2026-02-13,Salida,LA MOLINA,41,AMORTIGUADORES POSTERIORES,1,Cliente 14
2026-02-13,Salida,LA MOLINA,42,"LLANTAS 18""",1,Cliente 5
2026-02-13,Salida,SURCO,38,ACEITE DE MOTOR 5W30 FULL SINTÉTICO,1,Cliente 16
2026-02-13,Salida,SURCO,40,AMORTIGUADORES DELANTEROS,1,Cliente 2
2026-02-13,Salida,SURCO,41,AMORTIGUADORES POSTERIORES,1,Cliente 18
2026-02-13,Salida,SURCO,42,"LLANTAS 18""",1,Cliente 39
2026-02-14,Entrada,LA MOLINA,38,ACEITE DE MOTOR 5W30 FULL SINTÉTICO,1,Prov Repuestos
2026-02-14,Entrada,LA MOLINA,40,AMORTIGUADORES DELANTEROS,1,Prov Repuestos
2026-02-14,Entrada,LA MOLINA,41,AMORTIGUADORES POSTERIORES,1,Prov Repuestos
2026-02-14,Entrada,LA MOLINA,42,"LLANTAS 18""",1,Prov Repuestos
2026-02-14,Entrada,SURCO,38,ACEITE DE MOTOR 5W30 FULL SINTÉTICO,1,Prov Repuestos
2026-02-14,Entrada,SURCO,40,AMORTIGUADORES DELANTEROS,1,Prov Repuestos
2026-02-14,Entrada,SURCO,41,AMORTIGUADORES POSTERIORES,1,Prov Repuestos
2026-02-14,Entrada,SURCO,42,"LLANTAS 18""",1,Prov Repuestos
2026-02-14,Salida,LA MOLINA,38,ACEITE DE MOTOR 5W30 FULL SINTÉTICO,1,Cliente 32
2026-02-14,Salida,LA MOLINA,40,AMORTIGUADORES DELANTEROS,1,Cliente 32
2026-02-14,Salida,LA MOLINA,41,AMORTIGUADORES POSTERIORES,1,Cliente 3
2026-02-14,Salida,LA MOLINA,42,"LLANTAS 18""",1,Cliente 47
2026-02-14,Salida,SURCO,38,ACEITE DE MOTOR 5W30 FULL SINTÉTICO,1,Cliente 47
2026-02-14,Salida,SURCO,40,AMORTIGUADORES DELANTEROS,1,Cliente 24
2026-02-14,Salida,SURCO,41,AMORTIGUADORES POSTERIORES,1,Cliente 20
2026-02-14,Salida,SURCO,42,"LLANTAS 18""",1,Cliente 36
2026-02-14,Control,SURCO,1,AUTO HONDA ACCORD 2014,0,
2026-02-14,Control,SURCO,2,AUTO HONDA CIVIC 2014,0,
2026-02-14,Control,SURCO,3,AUTO HONDA ODISSEY 2013,0,
2026-02-14,Control,SURCO,4,AUTO HONDA CRV 2014,0,
2026-02-14,Control,SURCO,5,AUTO HONDA PILOT 2013,3,
2026-02-14,Control,SURCO,6,AUTO HONDA FIT 2016,0,
2026-02-14,Control,SURCO,7,AUTO HONDA CITY 2016,0,
2026-02-14,Control,SURCO,8,CAMIONETA HONDA ELEMENT 2013,0,
2026-02-14,Control,SURCO,9,CAMIONETA HONDA CROSSTOUR 2013,0,
2026-02-14,Control,SURCO,10,CAMIONETA HONDA CR-Z 2015,0,
2026-02-14,Control,SURCO,11,CAMIONETA HONDA RID LINE PICK UP 2014,0,
2026-02-14,Control,SURCO,38,ACEITE DE MOTOR 5W30 FULL SINTÉTICO,-1,
2026-02-14,Control,SURCO,39,FILTRO DE COMBUSTIBLE,13,
2026-02-14,Control,SURCO,40,AMORTIGUADORES DELANTEROS,-1,
2026-02-14,Control,SURCO,41,AMORTIGUADORES POSTERIORES,-1,
2026-02-14,Control,SURCO,42,"LLANTAS 18""",-1,
2026-02-14,Control,SURCO,43,BATERÍA DE 18 PLACAS,0,
2026-02-14,Control,LA MOLINA,1,AUTO HONDA ACCORD 2014,0,
2026-02-14,Control,LA MOLINA,2,AUTO HONDA CIVIC 2014,0,
2026-02-14,Control,LA MOLINA,3,AUTO HONDA ODISSEY 2013,0,
2026-02-14,Control,LA MOLINA,4,AUTO HONDA CRV 2014,0,
2026-02-14,Control,LA MOLINA,5,AUTO HONDA PILOT 2013,0,
2026-02-14,Control,LA MOLINA,6,AUTO HONDA FIT 2016,0,
2026-02-14,Control,LA MOLINA,7,AUTO HONDA CITY 2016,0,
2026-02-14,Control,LA MOLINA,8,CAMIONETA HONDA ELEMENT 2013,0,
2026-02-14,Control,LA MOLINA,9,CAMIONETA HONDA CROSSTOUR 2013,0,
2026-02-14,Control,LA MOLINA,10,CAMIONETA HONDA CR-Z 2015,0,
2026-02-14,Control,LA MOLINA,11,CAMIONETA HONDA RID LINE PICK UP 2014,0,
2026-02-14,Control,LA MOLINA,38,ACEITE DE MOTOR 5W30 FULL SINTÉTICO,-1,
2026-02-14,Control,LA MOLINA,39,FILTRO DE COMBUSTIBLE,157,
2026-02-14,Control,LA MOLINA,40,AMORTIGUADORES DELANTEROS,-1,
2026-02-14,Control,LA MOLINA,41,AMORTIGUADORES POSTERIORES,-1,
2026-02-14,Control,LA MOLINA,42,"LLANTAS 18""",-1,
2026-02-14,Control,LA MOLINA,43,BATERÍA DE 18 PLACAS,0,
2026-02-15,Entrada,LA MOLINA,38,ACEITE DE MOTOR 5W30 FULL SINTÉTICO,1,Prov Repuestos
2026-02-15,Entrada,LA MOLINA,40,AMORTIGUADORES DELANTEROS,1,Prov Repuestos
2026-02-15,Entrada,LA MOLINA,41,AMORTIGUADORES POSTERIORES,1,Prov Repuestos
2026-02-15,Entrada,LA MOLINA,42,"LLANTAS 18""",1,Prov Repuestos
2026-02-15,Entrada,SURCO,38,ACEITE DE MOTOR 5W30 FULL SINTÉTICO,1,Prov Repuestos
2026-02-15,Entrada,SURCO,40,AMORTIGUADORES DELANTEROS,1,Prov Repuestos
2026-02-15,Entrada,SURCO,41,AMORTIGUADORES POSTERIORES,1,Prov Repuestos
2026-02-15,Entrada,SURCO,42,"LLANTAS 18""",1,Prov Repuestos
2026-02-15,Salida,LA MOLINA,38,ACEITE DE MOTOR 5W30 FULL SINTÉTICO,1,Cliente 2
2026-02-15,Salida,LA MOLINA,40,AMORTIGUADORES DELANTEROS,1,Cliente 38
2026-02-15,Salida,LA MOLINA,41,AMORTIGUADORES POSTERIORES,1,Cliente 34
2026-02-15,Salida,LA MOLINA,42,"LLANTAS 18""",1,Cliente 49
2026-02-15,Salida,SURCO,38,ACEITE DE MOTOR 5W30 FULL SINTÉTICO,1,Cliente 31
2026-02-15,Salida,SURCO,40,AMORTIGUADORES DELANTEROS,1,Cliente 37
2026-02-15,Salida,SURCO,41,AMORTIGUADORES POSTERIORES,1,Cliente 43
2026-02-15,Salida,SURCO,42,"LLANTAS 18""",1,Cliente 20
2026-02-16,Entrada,LA MOLINA,38,ACEITE DE MOTOR 5W30 FULL SINTÉTICO,1,Prov Repuestos
2026-02-16,Entrada,LA MOLINA,40,AMORTIGUADORES DELANTEROS,1,Prov Repuestos
2026-02-16,Entrada,LA MOLINA,41,AMORTIGUADORES POSTERIORES,1,Prov Repuestos
2026-02-16,Entrada,LA MOLINA,42,"LLANTAS 18""",1,Prov Repuestos
2026-02-16,Entrada,SURCO,38,ACEITE DE MOTOR 5W30 FULL SINTÉTICO,1,Prov Repuestos
2026-02-16,Entrada,SURCO,40,AMORTIGUADORES DELANTEROS,1,Prov Repuestos
2026-02-16,Entrada,SURCO,41,AMORTIGUADORES POSTERIORES,1,Prov Repuestos
2026-02-16,Entrada,SURCO,42,"LLANTAS 18""",1,Prov Repuestos
2026-02-16,Salida,LA MOLINA,38,ACEITE DE MOTOR 5W30 FULL SINTÉTICO,1,Cliente 3
2026-02-16,Salida,LA MOLINA,40,AMORTIGUADORES DELANTEROS,1,Cliente 30
2026-02-16,Salida,LA MOLINA,41,AMORTIGUADORES POSTERIORES,1,Cliente 30
2026-02-16,Salida,LA MOLINA,42,"LLANTAS 18""",1,Cliente 24
2026-02-16,Salida,SURCO,38,ACEITE DE MOTOR 5W30 FULL SINTÉTICO,1,Cliente 42
2026-02-16,Salida,SURCO,40,AMORTIGUADORES DELANTEROS,1,Cliente 41
2026-02-16,Salida,SURCO,41,AMORTIGUADORES POSTERIORES,1,Cliente 21
2026-02-16,Salida,SURCO,42,"LLANTAS 18""",1,Cliente 5
2026-02-17,Entrada,LA MOLINA,38,ACEITE DE MOTOR 5W30 FULL SINTÉTICO,1,Prov Repuestos
2026-02-17,Entrada,LA MOLINA,40,AMORTIGUADORES DELANTEROS,1,Prov Repuestos
2026-02-17,Entrada,LA MOLINA,41,AMORTIGUADORES POSTERIORES,1,Prov Repuestos
2026-02-17,Entrada,LA MOLINA,42,"LLANTAS 18""",1,Prov Repuestos
2026-02-17,Entrada,SURCO,38,ACEITE DE MOTOR 5W30 FULL SINTÉTICO,1,Prov Repuestos
2026-02-17,Entrada,SURCO,40,AMORTIGUADORES DELANTEROS,1,Prov Repuestos
2026-02-17,Entrada,SURCO,41,AMORTIGUADORES POSTERIORES,1,Prov Repuestos
2026-02-17,Entrada,SURCO,42,"LLANTAS 18""",1,Prov Repuestos
2026-02-17,Salida,LA MOLINA,38,ACEITE DE MOTOR 5W30 FULL SINTÉTICO,1,Cliente 39
2026-02-17,Salida,LA MOLINA,40,AMORTIGUADORES DELANTEROS,1,Cliente 16
2026-02-17,Salida,LA MOLINA,41,AMORTIGUADORES POSTERIORES,1,Cliente 30
2026-02-17,Salida,LA MOLINA,42,"LLANTAS 18""",1,Cliente 23
2026-02-17,Salida,SURCO,38,ACEITE DE MOTOR 5W30 FULL SINTÉTICO,1,Cliente 23
2026-02-17,Salida,SURCO,40,AMORTIGUADORES DELANTEROS,1,Cliente 41
2026-02-17,Salida,SURCO,41,AMORTIGUADORES POSTERIORES,1,Cliente 3
2026-02-17,Salida,SURCO,42,"LLANTAS 18""",1,Cliente 15
2026-02-18,Entrada,LA MOLINA,38,ACEITE DE MOTOR 5W30 FULL SINTÉTICO,1,Prov Repuestos
2026-02-18,Entrada,LA MOLINA,40,AMORTIGUADORES DELANTEROS,1,Prov Repuestos
2026-02-18,Entrada,LA MOLINA,41,AMORTIGUADORES POSTERIORES,1,Prov Repuestos
2026-02-18,Entrada,LA MOLINA,42,"LLANTAS 18""",1,Prov Repuestos
2026-02-18,Entrada,SURCO,38,ACEITE DE MOTOR 5W30 FULL SINTÉTICO,1,Prov Repuestos
2026-02-18,Entrada,SURCO,40,AMORTIGUADORES DELANTEROS,1,Prov Repuestos
2026-02-18,Entrada,SURCO,41,AMORTIGUADORES POSTERIORES,1,Prov Repuestos
2026-02-18,Entrada,SURCO,42,"LLANTAS 18""",1,Prov Repuestos
2026-02-18,Salida,LA MOLINA,38,ACEITE DE MOTOR 5W30 FULL SINTÉTICO,1,Cliente 18
2026-02-18,Salida,LA MOLINA,40,AMORTIGUADORES DELANTEROS,1,Cliente 28
2026-02-18,Salida,LA MOLINA,41,AMORTIGUADORES POSTERIORES,1,Cliente 33
2026-02-18,Salida,LA MOLINA,42,"LLANTAS 18""",1,Cliente 32
2026-02-18,Salida,SURCO,38,ACEITE DE MOTOR 5W30 FULL SINTÉTICO,1,Cliente 9
2026-02-18,Salida,SURCO,40,AMORTIGUADORES DELANTEROS,1,Cliente 9
2026-02-18,Salida,SURCO,41,AMORTIGUADORES POSTERIORES,1,Cliente 46
2026-02-18,Salida,SURCO,42,"LLANTAS 18""",1,Cliente 4
2026-02-19,Entrada,LA MOLINA,38,ACEITE DE MOTOR 5W30 FULL SINTÉTICO,1,Prov Repuestos
2026-02-19,Entrada,LA MOLINA,40,AMORTIGUADORES DELANTEROS,1,Prov Repuestos
2026-02-19,Entrada,LA MOLINA,41,AMORTIGUADORES POSTERIORES,1,Prov Repuestos
2026-02-19,Entrada,LA MOLINA,42,"LLANTAS 18""",1,Prov Repuestos
2026-02-19,Entrada,SURCO,38,ACEITE DE MOTOR 5W30 FULL SINTÉTICO,1,Prov Repuestos
2026-02-19,Entrada,SURCO,40,AMORTIGUADORES DELANTEROS,1,Prov Repuestos
2026-02-19,Entrada,SURCO,41,AMORTIGUADORES POSTERIORES,1,Prov Repuestos
2026-02-19,Entrada,SURCO,42,"LLANTAS 18""",1,Prov Repuestos
2026-02-19,Salida,LA MOLINA,38,ACEITE DE MOTOR 5W30 FULL SINTÉTICO,1,Cliente 44
2026-02-19,Salida,LA MOLINA,40,AMORTIGUADORES DELANTEROS,1,Cliente 41
2026-02-19,Salida,LA MOLINA,41,AMORTIGUADORES POSTERIORES,1,Cliente 48
2026-02-19,Salida,LA MOLINA,42,"LLANTAS 18""",1,Cliente 1
2026-02-19,Salida,SURCO,38,ACEITE DE MOTOR 5W30 FULL SINTÉTICO,1,Cliente 29
2026-02-19,Salida,SURCO,40,AMORTIGUADORES DELANTEROS,1,Cliente 33
2026-02-20,Entrada,LA MOLINA,38,ACEITE DE MOTOR 5W30 FULL SINTÉTICO,1,Prov Repuestos
2026-02-20,Entrada,LA MOLINA,40,AMORTIGUADORES DELANTEROS,1,Prov Repuestos
2026-02-20,Entrada,LA MOLINA,41,AMORTIGUADORES POSTERIORES,1,Prov Repuestos
2026-02-20,Entrada,LA MOLINA,42,"LLANTAS 18""",1,Prov Repuestos
2026-02-20,Entrada,SURCO,38,ACEITE DE MOTOR 5W30 FULL SINTÉTICO,1,Prov Repuestos
2026-02-20,Entrada,SURCO,40,AMORTIGUADORES DELANTEROS,1,Prov Repuestos
2026-02-20,Salida,LA MOLINA,38,ACEITE DE MOTOR 5W30 FULL SINTÉTICO,1,Cliente 9
2026-02-20,Salida,LA MOLINA,40,AMORTIGUADORES DELANTEROS,1,Cliente 4
2026-02-20,Salida,LA MOLINA,41,AMORTIGUADORES POSTERIORES,1,Cliente 22
2026-02-20,Salida,SURCO,38,ACEITE DE MOTOR 5W30 FULL SINTÉTICO,1,Cliente 17
2026-02-20,Salida,SURCO,40,AMORTIGUADORES DELANTEROS,1,Cliente 21
2026-02-21,Entrada,LA MOLINA,38,ACEITE DE MOTOR 5W30 FULL SINTÉTICO,1,Prov Repuestos
2026-02-21,Entrada,LA MOLINA,40,AMORTIGUADORES DELANTEROS,1,Prov Repuestos
2026-02-21,Entrada,LA MOLINA,41,AMORTIGUADORES POSTERIORES,1,Prov Repuestos
2026-02-21,Entrada,SURCO,38,ACEITE DE MOTOR 5W30 FULL SINTÉTICO,1,Prov Repuestos
2026-02-21,Entrada,SURCO,40,AMORTIGUADORES DELANTEROS,1,Prov Repuestos
2026-02-21,Salida,LA MOLINA,40,AMORTIGUADORES DELANTEROS,1,Cliente 44
2026-02-21,Salida,LA MOLINA,41,AMORTIGUADORES POSTERIORES,1,Cliente 38
2026-02-21,Salida,SURCO,40,AMORTIGUADORES DELANTEROS,1,Cliente 13
2026-02-22,Entrada,LA MOLINA,40,AMORTIGUADORES DELANTEROS,1,Prov Repuestos
2026-02-22,Entrada,LA MOLINA,41,AMORTIGUADORES POSTERIORES,1,Prov Repuestos
2026-02-22,Entrada,SURCO,40,AMORTIGUADORES DELANTEROS,1,Prov Repuestos
2026-02-22,Salida,LA MOLINA,40,AMORTIGUADORES DELANTEROS,1,Cliente 40
2026-02-22,Salida,SURCO,40,AMORTIGUADORES DELANTEROS,1,Cliente 40
2026-02-23,Entrada,LA MOLINA,40,AMORTIGUADORES DELANTEROS,1,Prov Repuestos
2026-02-23,Entrada,SURCO,40,AMORTIGUADORES DELANTEROS,1,Prov Repuestos
2026-02-23,Salida,LA MOLINA,40,AMORTIGUADORES DELANTEROS,1,Cliente 13
2026-02-23,Salida,SURCO,40,AMORTIGUADORES DELANTEROS,1,Cliente 45
2026-02-24,Entrada,LA MOLINA,40,AMORTIGUADORES DELANTEROS,1,Prov Repuestos
2026-02-24,Entrada,SURCO,40,AMORTIGUADORES DELANTEROS,1,Prov Repuestos
2026-02-24,Salida,LA MOLINA,40,AMORTIGUADORES DELANTEROS,1,Cliente 10
2026-02-25,Entrada,LA MOLINA,40,AMORTIGUADORES DELANTEROS,1,Prov Repuestos
2026-02-25,Salida,LA MOLINA,40,AMORTIGUADORES DELANTEROS,1,Cliente 41
2026-02-26,Entrada,LA MOLINA,40,AMORTIGUADORES DELANTEROS,1,Prov Repuestos
2026-02-26,Salida,LA MOLINA,40,AMORTIGUADORES DELANTEROS,1,Cliente 22
2026-02-27,Entrada,LA MOLINA,40,AMORTIGUADORES DELANTEROS,1,Prov Repuestos
2026-02-27,Salida,LA MOLINA,40,AMORTIGUADORES DELANTEROS,1,Cliente 27
2026-02-28,Entrada,LA MOLINA,40,AMORTIGUADORES DELANTEROS,1,Prov Repuestos
2026-02-28,Salida,LA MOLINA,40,AMORTIGUADORES DELANTEROS,3,Cliente 41
2026-02-28,Control,SURCO,1,AUTO HONDA ACCORD 2014,0,
2026-02-28,Control,SURCO,2,AUTO HONDA CIVIC 2014,0,
2026-02-28,Control,SURCO,3,AUTO HONDA ODISSEY 2013,0,
2026-02-28,Control,SURCO,4,AUTO HONDA CRV 2014,0,
2026-02-28,Control,SURCO,5,AUTO HONDA PILOT 2013,3,
2026-02-28,Control,SURCO,6,AUTO HONDA FIT 2016,0,
2026-02-28,Control,SURCO,7,AUTO HONDA CITY 2016,0,
2026-02-28,Control,SURCO,8,CAMIONETA HONDA ELEMENT 2013,0,
2026-02-28,Control,SURCO,9,CAMIONETA HONDA CROSSTOUR 2013,0,
2026-02-28,Control,SURCO,10,CAMIONETA HONDA CR-Z 2015,0,
2026-02-28,Control,SURCO,11,CAMIONETA HONDA RID LINE PICK UP 2014,0,
2026-02-28,Control,SURCO,38,ACEITE DE MOTOR 5W30 FULL SINTÉTICO,0,
2026-02-28,Control,SURCO,39,FILTRO DE COMBUSTIBLE,13,
2026-02-28,Control,SURCO,40,AMORTIGUADORES DELANTEROS,0,
2026-02-28,Control,SURCO,41,AMORTIGUADORES POSTERIORES,0,
2026-02-28,Control,SURCO,42,"LLANTAS 18""",0,
2026-02-28,Control,SURCO,43,BATERÍA DE 18 PLACAS,0,
2026-02-28,Control,LA MOLINA,1,AUTO HONDA ACCORD 2014,0,
2026-02-28,Control,LA MOLINA,2,AUTO HONDA CIVIC 2014,0,
2026-02-28,Control,LA MOLINA,3,AUTO HONDA ODISSEY 2013,0,
2026-02-28,Control,LA MOLINA,4,AUTO HONDA CRV 2014,0,
2026-02-28,Control,LA MOLINA,5,AUTO HONDA PILOT 2013,0,
2026-02-28,Control,LA MOLINA,6,AUTO HONDA FIT 2016,0,
2026-02-28,Control,LA MOLINA,7,AUTO HONDA CITY 2016,0,
2026-02-28,Control,LA MOLINA,8,CAMIONETA HONDA ELEMENT 2013,0,
2026-02-28,Control,LA MOLINA,9,CAMIONETA HONDA CROSSTOUR 2013,0,
2026-02-28,Control,LA MOLINA,10,CAMIONETA HONDA CR-Z 2015,0,
2026-02-28,Control,LA MOLINA,11,CAMIONETA HONDA RID LINE PICK UP 2014,0,
2026-02-28,Control,LA MOLINA,38,ACEITE DE MOTOR 5W30 FULL SINTÉTICO,0,
2026-02-28,Control,LA MOLINA,39,FILTRO DE COMBUSTIBLE,157,
2026-02-28,Control,LA MOLINA,40,AMORTIGUADORES DELANTEROS,-3,
2026-02-28,Control,LA MOLINA,41,AMORTIGUADORES POSTERIORES,0,
2026-02-28,Control,LA MOLINA,42,"LLANTAS 18""",0,
2026-02-28,Control,LA MOLINA,43,BATERÍA DE 18 PLACAS,0,
2026-03-01,Entrada,LA MOLINA,40,AMORTIGUADORES DELANTEROS,3,Prov Repuestos
2026-03-01,Salida,LA MOLINA,1,AUTO HONDA ACCORD 2014,1,Cliente 33
2026-03-01,Salida,LA MOLINA,2,AUTO HONDA CIVIC 2014,1,Cliente 24
2026-03-01,Salida,LA MOLINA,3,AUTO HONDA ODISSEY 2013,1,Cliente 23
2026-03-01,Salida,LA MOLINA,4,AUTO HONDA CRV 2014,1,Cliente 39
2026-03-01,Salida,LA MOLINA,5,AUTO HONDA PILOT 2013,1,Cliente 23
2026-03-01,Salida,LA MOLINA,6,AUTO HONDA FIT 2016,1,Cliente 32
2026-03-01,Salida,LA MOLINA,7,AUTO HONDA CITY 2016,1,Cliente 40
2026-03-01,Salida,LA MOLINA,8,CAMIONETA HONDA ELEMENT 2013,1,Cliente 4
2026-03-01,Salida,LA MOLINA,9,CAMIONETA HONDA CROSSTOUR 2013,1,Cliente 4
2026-03-01,Salida,LA MOLINA,10,CAMIONETA HONDA CR-Z 2015,1,Cliente 39
2026-03-01,Salida,LA MOLINA,11,CAMIONETA HONDA RID LINE PICK UP 2014,1,Cliente 23
2026-03-01,Salida,LA MOLINA,38,ACEITE DE MOTOR 5W30 FULL SINTÉTICO,1,Cliente 37
2026-03-01,Salida,LA MOLINA,39,FILTRO DE COMBUSTIBLE,1,Cliente 20
2026-03-01,Salida,LA MOLINA,40,AMORTIGUADORES DELANTEROS,1,Cliente 4
2026-03-01,Salida,LA MOLINA,41,AMORTIGUADORES POSTERIORES,1,Cliente 30
2026-03-01,Salida,LA MOLINA,42,"LLANTAS 18""",1,Cliente 50
2026-03-01,Salida,LA MOLINA,43,BATERÍA DE 18 PLACAS,1,Cliente 6
2026-03-01,Salida,SURCO,1,AUTO HONDA ACCORD 2014,1,Cliente 41
2026-03-01,Salida,SURCO,2,AUTO HONDA CIVIC 2014,1,Cliente 29
2026-03-01,Salida,SURCO,3,AUTO HONDA ODISSEY 2013,1,Cliente 26
2026-03-01,Salida,SURCO,4,AUTO HONDA CRV 2014,1,Cliente 15
2026-03-01,Salida,SURCO,5,AUTO HONDA PILOT 2013,1,Cliente 47
2026-03-01,Salida,SURCO,6,AUTO HONDA FIT 2016,1,Cliente 29
2026-03-01,Salida,SURCO,7,AUTO HONDA CITY 2016,1,Cliente 24
2026-03-01,Salida,SURCO,8,CAMIONETA HONDA ELEMENT 2013,1,Cliente 49
2026-03-01,Salida,SURCO,9,CAMIONETA HONDA CROSSTOUR 2013,1,Cliente 14
2026-03-01,Salida,SURCO,10,CAMIONETA HONDA CR-Z 2015,1,Cliente 15
2026-03-01,Salida,SURCO,11,CAMIONETA HONDA RID LINE PICK UP 2014,1,Cliente 48
2026-03-01,Salida,SURCO,38,ACEITE DE MOTOR 5W30 FULL SINTÉTICO,1,Cliente 12
2026-03-01,Salida,SURCO,39,FILTRO DE COMBUSTIBLE,1,Cliente 43
2026-03-01,Salida,SURCO,40,AMORTIGUADORES DELANTEROS,1,Cliente 26
2026-03-01,Salida,SURCO,41,AMORTIGUADORES POSTERIORES,1,Cliente 7
2026-03-01,Salida,SURCO,42,"LLANTAS 18""",1,Cliente 13
2026-03-01,Salida,SURCO,43,BATERÍA DE 18 PLACAS,1,Cliente 44
2026-03-02,Entrada,LA MOLINA,1,AUTO HONDA ACCORD 2014,1,Prov Vehículos
2026-03-02,Entrada,LA MOLINA,2,AUTO HONDA CIVIC 2014,1,Prov Vehículos
2026-03-02,Entrada,LA MOLINA,3,AUTO HONDA ODISSEY 2013,1,Prov Vehículos
2026-03-02,Entrada,LA MOLINA,4,AUTO HONDA CRV 2014,1,Prov Vehículos
2026-03-02,Entrada,LA MOLINA,5,AUTO HONDA PILOT 2013,1,Prov Vehículos
2026-03-02,Entrada,LA MOLINA,6,AUTO HONDA FIT 2016,1,Prov Vehículos
2026-03-02,Entrada,LA MOLINA,7,AUTO HONDA CITY 2016,1,Prov Vehículos
2026-03-02,Entrada,LA MOLINA,8,CAMIONETA HONDA ELEMENT 2013,1,Prov Vehículos
2026-03-02,Entrada,LA MOLINA,9,CAMIONETA HONDA CROSSTOUR 2013,1,Prov Vehículos
2026-03-02,Entrada,LA MOLINA,10,CAMIONETA HONDA CR-Z 2015,1,Prov Vehículos
2026-03-02,Entrada,LA MOLINA,11,CAMIONETA HONDA RID LINE PICK UP 2014,1,Prov Vehículos
2026-03-02,Entrada,LA MOLINA,38,ACEITE DE MOTOR 5W30 FULL SINTÉTICO,1,Prov Repuestos
2026-03-02,Entrada,LA MOLINA,40,AMORTIGUADORES DELANTEROS,1,Prov Repuestos
2026-03-02,Entrada,LA MOLINA,41,AMORTIGUADORES POSTERIORES,1,Prov Repuestos
2026-03-02,Entrada,LA MOLINA,42,"LLANTAS 18""",1,Prov Repuestos
2026-03-02,Entrada,LA MOLINA,43,BATERÍA DE 18 PLACAS,1,Prov Repuestos
2026-03-02,Entrada,SURCO,1,AUTO HONDA ACCORD 2014,1,Prov Vehículos
2026-03-02,Entrada,SURCO,2,AUTO HONDA CIVIC 2014,1,Prov Vehículos
2026-03-02,Entrada,SURCO,3,AUTO HONDA ODISSEY 2013,1,Prov Vehículos
2026-03-02,Entrada,SURCO,4,AUTO HONDA CRV 2014,1,Prov Vehículos
2026-03-02,Entrada,SURCO,6,AUTO HONDA FIT 2016,1,Prov Vehículos
2026-03-02,Entrada,SURCO,7,AUTO HONDA CITY 2016,1,Prov Vehículos
2026-03-02,Entrada,SURCO,8,CAMIONETA HONDA ELEMENT 2013,1,Prov Vehículos
2026-03-02,Entrada,SURCO,9,CAMIONETA HONDA CROSSTOUR 2013,1,Prov Vehículos
2026-03-02,Entrada,SURCO,10,CAMIONETA HONDA CR-Z 2015,1,Prov Vehículos
2026-03-02,Entrada,SURCO,11,CAMIONETA HONDA RID LINE PICK UP 2014,1,Prov Vehículos
2026-03-02,Entrada,SURCO,38,ACEITE DE MOTOR 5W30 FULL SINTÉTICO,1,Prov Repuestos
2026-03-02,Entrada,SURCO,40,AMORTIGUADORES DELANTEROS,1,Prov Repuestos
2026-03-02,Entrada,SURCO,41,AMORTIGUADORES POSTERIORES,1,Prov Repuestos
2026-03-02,Entrada,SURCO,42,"LLANTAS 18""",1,Prov Repuestos
2026-03-02,Entrada,SURCO,43,BATERÍA DE 18 PLACAS,1,Prov Repuestos
2026-03-02,Salida,LA MOLINA,1,AUTO HONDA ACCORD 2014,1,Cliente 39
2026-03-02,Salida,LA MOLINA,2,AUTO HONDA CIVIC 2014,1,Cliente 28
2026-03-02,Salida,LA MOLINA,3,AUTO HONDA ODISSEY 2013,1,Cliente 36
2026-03-02,Salida,LA MOLINA,4,AUTO HONDA CRV 2014,1,Cliente 43
2026-03-02,Salida,LA MOLINA,5,AUTO HONDA PILOT 2013,1,Cliente 47
2026-03-02,Salida,LA MOLINA,6,AUTO HONDA FIT 2016,1,Cliente 35
2026-03-02,Salida,LA MOLINA,7,AUTO HONDA CITY 2016,1,Cliente 39
2026-03-02,Salida,LA MOLINA,8,CAMIONETA HONDA ELEMENT 2013,1,Cliente 26
2026-03-02,Salida,LA MOLINA,38,ACEITE DE MOTOR 5W30 FULL SINTÉTICO,1,Cliente 42
2026-03-02,Salida,LA MOLINA,39,FILTRO DE COMBUSTIBLE,1,Cliente 34
2026-03-02,Salida,LA MOLINA,40,AMORTIGUADORES DELANTEROS,1,Cliente 24
2026-03-02,Salida,LA MOLINA,41,AMORTIGUADORES POSTERIORES,1,Cliente 1
2026-03-02,Salida,LA MOLINA,42,"LLANTAS 18""",1,Cliente 35
2026-03-02,Salida,LA MOLINA,43,BATERÍA DE 18 PLACAS,1,Cliente 4
2026-03-02,Salida,SURCO,1,AUTO HONDA ACCORD 2014,1,Cliente 27
2026-03-02,Salida,SURCO,2,AUTO HONDA CIVIC 2014,1,Cliente 18
2026-03-02,Salida,SURCO,3,AUTO HONDA ODISSEY 2013,1,Cliente 47
2026-03-02,Salida,SURCO,4,AUTO HONDA CRV 2014,1,Cliente 11
2026-03-02,Salida,SURCO,38,ACEITE DE MOTOR 5W30 FULL SINTÉTICO,1,Cliente 2
2026-03-02,Salida,SURCO,39,FILTRO DE COMBUSTIBLE,1,Cliente 21
2026-03-02,Salida,SURCO,40,AMORTIGUADORES DELANTEROS,1,Cliente 4
2026-03-02,Salida,SURCO,41,AMORTIGUADORES POSTERIORES,1,Cliente 8
2026-03-02,Salida,SURCO,42,"LLANTAS 18""",1,Cliente 42
2026-03-02,Salida,SURCO,43,BATERÍA DE 18 PLACAS,1,Cliente 25
2026-03-03,Entrada,LA MOLINA,1,AUTO HONDA ACCORD 2014,1,Prov Vehículos
2026-03-03,Entrada,LA MOLINA,2,AUTO HONDA CIVIC 2014,1,Prov Vehículos
2026-03-03,Entrada,LA MOLINA,3,AUTO HONDA ODISSEY 2013,1,Prov Vehículos
2026-03-03,Entrada,LA MOLINA,4,AUTO HONDA CRV 2014,1,Prov Vehículos
2026-03-03,Entrada,LA MOLINA,5,AUTO HONDA PILOT 2013,1,Prov Vehículos
2026-03-03,Entrada,LA MOLINA,6,AUTO HONDA FIT 2016,1,Prov Vehículos
2026-03-03,Entrada,LA MOLINA,7,AUTO HONDA CITY 2016,1,Prov Vehículos
2026-03-03,Entrada,LA MOLINA,8,CAMIONETA HONDA ELEMENT 2013,1,Prov Vehículos
2026-03-03,Entrada,LA MOLINA,38,ACEITE DE MOTOR 5W30 FULL SINTÉTICO,1,Prov Repuestos
2026-03-03,Entrada,LA MOLINA,40,AMORTIGUADORES DELANTEROS,1,Prov Repuestos
2026-03-03,Entrada,LA MOLINA,41,AMORTIGUADORES POSTERIORES,1,Prov Repuestos
2026-03-03,Entrada,LA MOLINA,42,"LLANTAS 18""",1,Prov Repuestos
2026-03-03,Entrada,LA MOLINA,43,BATERÍA DE 18 PLACAS,1,Prov Repuestos
2026-03-03,Entrada,SURCO,1,AUTO HONDA ACCORD 2014,1,Prov Vehículos
2026-03-03,Entrada,SURCO,2,AUTO HONDA CIVIC 2014,1,Prov Vehículos
2026-03-03,Entrada,SURCO,3,AUTO HONDA ODISSEY 2013,1,Prov Vehículos
2026-03-03,Entrada,SURCO,4,AUTO HONDA CRV 2014,1,Prov Vehículos
2026-03-03,Entrada,SURCO,38,ACEITE DE MOTOR 5W30 FULL SINTÉTICO,1,Prov Repuestos
2026-03-03,Entrada,SURCO,40,AMORTIGUADORES DELANTEROS,1,Prov Repuestos
2026-03-03,Entrada,SURCO,41,AMORTIGUADORES POSTERIORES,1,Prov Repuestos
2026-03-03,Entrada,SURCO,42,"LLANTAS 18""",1,Prov Repuestos
2026-03-03,Entrada,SURCO,43,BATERÍA DE 18 PLACAS,1,Prov Repuestos
2026-03-03,Salida,LA MOLINA,1,AUTO HONDA ACCORD 2014,1,Cliente 44
2026-03-03,Salida,LA MOLINA,5,AUTO HONDA PILOT 2013,1,Cliente 13
2026-03-03,Salida,LA MOLINA,7,AUTO HONDA CITY 2016,1,Cliente 8
2026-03-03,Salida,LA MOLINA,38,ACEITE DE MOTOR 5W30 FULL SINTÉTICO,1,Cliente 31
2026-03-03,Salida,LA MOLINA,39,FILTRO DE COMBUSTIBLE,1,Cliente 37
2026-03-03,Salida,LA MOLINA,40,AMORTIGUADORES DELANTEROS,1,Cliente 32
2026-03-03,Salida,LA MOLINA,41,AMORTIGUADORES POSTERIORES,1,Cliente 10
2026-03-03,Salida,LA MOLINA,42,"LLANTAS 18""",1,Cliente 35
2026-03-03,Salida,LA MOLINA,43,BATERÍA DE 18 PLACAS,1,Cliente 15
2026-03-03,Salida,SURCO,1,AUTO HONDA ACCORD 2014,1,Cliente 20
2026-03-03,Salida,SURCO,2,AUTO HONDA CIVIC 2014,1,Cliente 20
2026-03-03,Salida,SURCO,3,AUTO HONDA ODISSEY 2013,1,Cliente 8
2026-03-03,Salida,SURCO,4,AUTO HONDA CRV 2014,1,Cliente 47
2026-03-03,Salida,SURCO,38,ACEITE DE MOTOR 5W30 FULL SINTÉTICO,1,Cliente 25
2026-03-03,Salida,SURCO,39,FILTRO DE COMBUSTIBLE,1,Cliente 10
2026-03-03,Salida,SURCO,40,AMORTIGUADORES DELANTEROS,1,Cliente 37
2026-03-03,Salida,SURCO,41,AMORTIGUADORES POSTERIORES,1,Cliente 42
2026-03-03,Salida,SURCO,42,"LLANTAS 18""",1,Cliente 27
2026-03-03,Salida,SURCO,43,BATERÍA DE 18 PLACAS,1,Cliente 6
2026-03-04,Entrada,LA MOLINA,1,AUTO HONDA ACCORD 2014,1,Prov Vehículos
2026-03-04,Entrada,LA MOLINA,5,AUTO HONDA PILOT 2013,1,Prov Vehículos
2026-03-04,Entrada,LA MOLINA,7,AUTO HONDA CITY 2016,1,Prov Vehículos
2026-03-04,Entrada,LA MOLINA,38,ACEITE DE MOTOR 5W30 FULL SINTÉTICO,1,Prov Repuestos
2026-03-04,Entrada,LA MOLINA,40,AMORTIGUADORES DELANTEROS,1,Prov Repuestos
2026-03-04,Entrada,LA MOLINA,41,AMORTIGUADORES POSTERIORES,1,Prov Repuestos
2026-03-04,Entrada,LA MOLINA,42,"LLANTAS 18""",1,Prov Repuestos
2026-03-04,Entrada,LA MOLINA,43,BATERÍA DE 18 PLACAS,1,Prov Repuestos
2026-03-04,Entrada,SURCO,1,AUTO HONDA ACCORD 2014,1,Prov Vehículos
2026-03-04,Entrada,SURCO,2,AUTO HONDA CIVIC 2014,1,Prov Vehículos
2026-03-04,Entrada,SURCO,3,AUTO HONDA ODISSEY 2013,1,Prov Vehículos
2026-03-04,Entrada,SURCO,4,AUTO HONDA CRV 2014,1,Prov Vehículos
2026-03-04,Entrada,SURCO,38,ACEITE DE MOTOR 5W30 FULL SINTÉTICO,1,Prov Repuestos
2026-03-04,Entrada,SURCO,40,AMORTIGUADORES DELANTEROS,1,Prov Repuestos
2026-03-04,Entrada,SURCO,41,AMORTIGUADORES POSTERIORES,1,Prov Repuestos
2026-03-04,Entrada,SURCO,42,"LLANTAS 18""",1,Prov Repuestos
2026-03-04,Entrada,SURCO,43,BATERÍA DE 18 PLACAS,1,Prov Repuestos
2026-03-04,Salida,LA MOLINA,7,AUTO HONDA CITY 2016,1,Cliente 43
2026-03-04,Salida,LA MOLINA,38,ACEITE DE MOTOR 5W30 FULL SINTÉTICO,1,Cliente 34
2026-03-04,Salida,LA MOLINA,39,FILTRO DE COMBUSTIBLE,1,Cliente 45
2026-03-04,Salida,LA MOLINA,40,AMORTIGUADORES DELANTEROS,1,Cliente 16
2026-03-04,Salida,LA MOLINA,41,AMORTIGUADORES POSTERIORES,1,Cliente 25
2026-03-04,Salida,LA MOLINA,42,"LLANTAS 18""",1,Cliente 14
2026-03-04,Salida,LA MOLINA,43,BATERÍA DE 18 PLACAS,1,Cliente 28
2026-03-04,Salida,SURCO,38,ACEITE DE MOTOR 5W30 FULL SINTÉTICO,1,Cliente 50
2026-03-04,Salida,SURCO,39,FILTRO DE COMBUSTIBLE,1,Cliente 6
2026-03-04,Salida,SURCO,40,AMORTIGUADORES DELANTEROS,1,Cliente 40
2026-03-04,Salida,SURCO,41,AMORTIGUADORES POSTERIORES,1,Cliente 41
2026-03-04,Salida,SURCO,42,"LLANTAS 18""",1,Cliente 13
2026-03-04,Salida,SURCO,43,BATERÍA DE 18 PLACAS,1,Cliente 42
2026-03-05,Entrada,LA MOLINA,7,AUTO HONDA CITY 2016,1,Prov Vehículos
2026-03-05,Entrada,LA MOLINA,38,ACEITE DE MOTOR 5W30 FULL SINTÉTICO,1,Prov Repuestos
2026-03-05,Entrada,LA MOLINA,40,AMORTIGUADORES DELANTEROS,1,Prov Repuestos
2026-03-05,Entrada,LA MOLINA,41,AMORTIGUADORES POSTERIORES,1,Prov Repuestos
2026-03-05,Entrada,LA MOLINA,42,"LLANTAS 18""",1,Prov Repuestos
2026-03-05,Entrada,LA MOLINA,43,BATERÍA DE 18 PLACAS,1,Prov Repuestos
2026-03-05,Entrada,SURCO,38,ACEITE DE MOTOR 5W30 FULL SINTÉTICO,1,Prov Repuestos
2026-03-05,Entrada,SURCO,40,AMORTIGUADORES DELANTEROS,1,Prov Repuestos
2026-03-05,Entrada,SURCO,41,AMORTIGUADORES POSTERIORES,1,Prov Repuestos
2026-03-05,Entrada,SURCO,42,"LLANTAS 18""",1,Prov Repuestos
2026-03-05,Entrada,SURCO,43,BATERÍA DE 18 PLACAS,1,Prov Repuestos
2026-03-05,Salida,LA MOLINA,38,ACEITE DE MOTOR 5W30 FULL SINTÉTICO,1,Cliente 44
2026-03-05,Salida,LA MOLINA,39,FILTRO DE COMBUSTIBLE,1,Cliente 22
2026-03-05,Salida,LA MOLINA,40,AMORTIGUADORES DELANTEROS,1,Cliente 11
2026-03-05,Salida,LA MOLINA,41,AMORTIGUADORES POSTERIORES,1,Cliente 18
2026-03-05,Salida,LA MOLINA,42,"LLANTAS 18""",1,Cliente 7
2026-03-05,Salida,LA MOLINA,43,BATERÍA DE 18 PLACAS,1,Cliente 49
2026-03-05,Salida,SURCO,38,ACEITE DE MOTOR 5W30 FULL SINTÉTICO,1,Cliente 17
2026-03-05,Salida,SURCO,39,FILTRO DE COMBUSTIBLE,1,Cliente 45
2026-03-05,Salida,SURCO,40,AMORTIGUADORES DELANTEROS,1,Cliente 42
2026-03-05,Salida,SURCO,41,AMORTIGUADORES POSTERIORES,1,Cliente 32
2026-03-05,Salida,SURCO,42,"LLANTAS 18""",1,Cliente 48
2026-03-05,Salida,SURCO,43,BATERÍA DE 18 PLACAS,1,Cliente 28
2026-03-06,Entrada,LA MOLINA,38,ACEITE DE MOTOR 5W30 FULL SINTÉTICO,1,Prov Repuestos
2026-03-06,Entrada,LA MOLINA,40,AMORTIGUADORES DELANTEROS,1,Prov Repuestos
2026-03-06,Entrada,LA MOLINA,41,AMORTIGUADORES POSTERIORES,1,Prov Repuestos
2026-03-06,Entrada,LA MOLINA,42,"LLANTAS 18""",1,Prov Repuestos
2026-03-06,Entrada,LA MOLINA,43,BATERÍA DE 18 PLACAS,1,Prov Repuestos
2026-03-06,Entrada,SURCO,38,ACEITE DE MOTOR 5W30 FULL SINTÉTICO,1,Prov Repuestos
2026-03-06,Entrada,SURCO,40,AMORTIGUADORES DELANTEROS,1,Prov Repuestos
2026-03-06,Entrada,SURCO,41,AMORTIGUADORES POSTERIORES,1,Prov Repuestos
2026-03-06,Entrada,SURCO,42,"LLANTAS 18""",1,Prov Repuestos
2026-03-06,Entrada,SURCO,43,BATERÍA DE 18 PLACAS,1,Prov Repuestos
2026-03-06,Salida,LA MOLINA,38,ACEITE DE MOTOR 5W30 FULL SINTÉTICO,1,Cliente 39
2026-03-06,Salida,LA MOLINA,40,AMORTIGUADORES DELANTEROS,1,Cliente 45
2026-03-06,Salida,LA MOLINA,41,AMORTIGUADORES POSTERIORES,1,Cliente 21
2026-03-06,Salida,LA MOLINA,42,"LLANTAS 18""",1,Cliente 34
2026-03-06,Salida,LA MOLINA,43,BATERÍA DE 18 PLACAS,1,Cliente 24
2026-03-06,Salida,SURCO,38,ACEITE DE MOTOR 5W30 FULL SINTÉTICO,1,Cliente 25
2026-03-06,Salida,SURCO,40,AMORTIGUADORES DELANTEROS,1,Cliente 28
2026-03-06,Salida,SURCO,41,AMORTIGUADORES POSTERIORES,1,Cliente 10
2026-03-06,Salida,SURCO,42,"LLANTAS 18""",1,Cliente 14
2026-03-06,Salida,SURCO,43,BATERÍA DE 18 PLACAS,1,Cliente 28
2026-03-07,Entrada,LA MOLINA,38,ACEITE DE MOTOR 5W30 FULL SINTÉTICO,1,Prov Repuestos
2026-03-07,Entrada,LA MOLINA,40,AMORTIGUADORES DELANTEROS,1,Prov Repuestos
2026-03-07,Entrada,LA MOLINA,41,AMORTIGUADORES POSTERIORES,1,Prov Repuestos
2026-03-07,Entrada,LA MOLINA,42,"LLANTAS 18""",1,Prov Repuestos
2026-03-07,Entrada,LA MOLINA,43,BATERÍA DE 18 PLACAS,1,Prov Repuestos
2026-03-07,Entrada,SURCO,38,ACEITE DE MOTOR 5W30 FULL SINTÉTICO,1,Prov Repuestos
2026-03-07,Entrada,SURCO,40,AMORTIGUADORES DELANTEROS,1,Prov Repuestos
2026-03-07,Entrada,SURCO,41,AMORTIGUADORES POSTERIORES,1,Prov Repuestos
2026-03-07,Entrada,SURCO,42,"LLANTAS 18""",1,Prov Repuestos
2026-03-07,Entrada,SURCO,43,BATERÍA DE 18 PLACAS,1,Prov Repuestos
2026-03-07,Salida,LA MOLINA,38,ACEITE DE MOTOR 5W30 FULL SINTÉTICO,1,Cliente 30
2026-03-07,Salida,LA MOLINA,40,AMORTIGUADORES DELANTEROS,1,Cliente 47
2026-03-07,Salida,LA MOLINA,41,AMORTIGUADORES POSTERIORES,1,Cliente 27
2026-03-07,Salida,LA MOLINA,42,"LLANTAS 18""",1,Cliente 47
2026-03-07,Salida,LA MOLINA,43,BATERÍA DE 18 PLACAS,1,Cliente 39
2026-03-07,Salida,SURCO,38,ACEITE DE MOTOR 5W30 FULL SINTÉTICO,1,Cliente 3
2026-03-07,Salida,SURCO,40,AMORTIGUADORES DELANTEROS,1,Cliente 24
2026-03-07,Salida,SURCO,41,AMORTIGUADORES POSTERIORES,1,Cliente 37
2026-03-07,Salida,SURCO,42,"LLANTAS 18""",1,Cliente 28
2026-03-07,Salida,SURCO,43,BATERÍA DE 18 PLACAS,1,Cliente 26
2026-03-08,Entrada,LA MOLINA,38,ACEITE DE MOTOR 5W30 FULL SINTÉTICO,1,Prov Repuestos
2026-03-08,Entrada,LA MOLINA,40,AMORTIGUADORES DELANTEROS,1,Prov Repuestos
2026-03-08,Entrada,LA MOLINA,41,AMORTIGUADORES POSTERIORES,1,Prov Repuestos
2026-03-08,Entrada,LA MOLINA,42,"LLANTAS 18""",1,Prov Repuestos
2026-03-08,Entrada,LA MOLINA,43,BATERÍA DE 18 PLACAS,1,Prov Repuestos
2026-03-08,Entrada,SURCO,38,ACEITE DE MOTOR 5W30 FULL SINTÉTICO,1,Prov Repuestos
2026-03-08,Entrada,SURCO,40,AMORTIGUADORES DELANTEROS,1,Prov Repuestos
2026-03-08,Entrada,SURCO,41,AMORTIGUADORES POSTERIORES,1,Prov Repuestos
2026-03-08,Entrada,SURCO,42,"LLANTAS 18""",1,Prov Repuestos
2026-03-08,Entrada,SURCO,43,BATERÍA DE 18 PLACAS,1,Prov Repuestos
2026-03-08,Salida,LA MOLINA,38,ACEITE DE MOTOR 5W30 FULL SINTÉTICO,1,Cliente 12
2026-03-08,Salida,LA MOLINA,40,AMORTIGUADORES DELANTEROS,1,Cliente 45
2026-03-08,Salida,LA MOLINA,41,AMORTIGUADORES POSTERIORES,1,Cliente 35
2026-03-08,Salida,LA MOLINA,42,"LLANTAS 18""",1,Cliente 14
2026-03-08,Salida,LA MOLINA,43,BATERÍA DE 18 PLACAS,1,Cliente 15
2026-03-08,Salida,SURCO,38,ACEITE DE MOTOR 5W30 FULL SINTÉTICO,1,Cliente 13
2026-03-08,Salida,SURCO,40,AMORTIGUADORES DELANTEROS,1,Cliente 42
2026-03-08,Salida,SURCO,41,AMORTIGUADORES POSTERIORES,1,Cliente 22
2026-03-08,Salida,SURCO,42,"LLANTAS 18""",1,Cliente 6
2026-03-08,Salida,SURCO,43,BATERÍA DE 18 PLACAS,1,Cliente 3
2026-03-09,Entrada,LA MOLINA,38,ACEITE DE MOTOR 5W30 FULL SINTÉTICO,1,Prov Repuestos
2026-03-09,Entrada,LA MOLINA,40,AMORTIGUADORES DELANTEROS,1,Prov Repuestos
2026-03-09,Entrada,LA MOLINA,41,AMORTIGUADORES POSTERIORES,1,Prov Repuestos
2026-03-09,Entrada,LA MOLINA,42,"LLANTAS 18""",1,Prov Repuestos
2026-03-09,Entrada,LA MOLINA,43,BATERÍA DE 18 PLACAS,1,Prov Repuestos
2026-03-09,Entrada,SURCO,38,ACEITE DE MOTOR 5W30 FULL SINTÉTICO,1,Prov Repuestos
2026-03-09,Entrada,SURCO,40,AMORTIGUADORES DELANTEROS,1,Prov Repuestos
2026-03-09,Entrada,SURCO,41,AMORTIGUADORES POSTERIORES,1,Prov Repuestos
2026-03-09,Entrada,SURCO,42,"LLANTAS 18""",1,Prov Repuestos
2026-03-09,Entrada,SURCO,43,BATERÍA DE 18 PLACAS,1,Prov Repuestos
2026-03-09,Salida,LA MOLINA,38,ACEITE DE MOTOR 5W30 FULL SINTÉTICO,1,Cliente 39
2026-03-09,Salida,LA MOLINA,40,AMORTIGUADORES DELANTEROS,1,Cliente 5
2026-03-09,Salida,LA MOLINA,41,AMORTIGUADORES POSTERIORES,1,Cliente 19
2026-03-09,Salida,LA MOLINA,42,"LLANTAS 18""",1,Cliente 17
2026-03-09,Salida,LA MOLINA,43,BATERÍA DE 18 PLACAS,1,Cliente 31
2026-03-09,Salida,SURCO,38,ACEITE DE MOTOR 5W30 FULL SINTÉTICO,1,Cliente 34
2026-03-09,Salida,SURCO,40,AMORTIGUADORES DELANTEROS,1,Cliente 24
2026-03-09,Salida,SURCO,41,AMORTIGUADORES POSTERIORES,1,Cliente 14
2026-03-09,Salida,SURCO,42,"LLANTAS 18""",1,Cliente 39
2026-03-09,Salida,SURCO,43,BATERÍA DE 18 PLACAS,1,Cliente 2
2026-03-10,Entrada,LA MOLINA,38,ACEITE DE MOTOR 5W30 FULL SINTÉTICO,1,Prov Repuestos
2026-03-10,Entrada,LA MOLINA,40,AMORTIGUADORES DELANTEROS,1,Prov Repuestos
2026-03-10,Entrada,LA MOLINA,41,AMORTIGUADORES POSTERIORES,1,Prov Repuestos
2026-03-10,Entrada,LA MOLINA,42,"LLANTAS 18""",1,Prov Repuestos
2026-03-10,Entrada,LA MOLINA,43,BATERÍA DE 18 PLACAS,1,Prov Repuestos
2026-03-10,Entrada,SURCO,38,ACEITE DE MOTOR 5W30 FULL SINTÉTICO,1,Prov Repuestos
2026-03-10,Entrada,SURCO,40,AMORTIGUADORES DELANTEROS,1,Prov Repuestos
2026-03-10,Entrada,SURCO,41,AMORTIGUADORES POSTERIORES,1,Prov Repuestos
2026-03-10,Entrada,SURCO,42,"LLANTAS 18""",1,Prov Repuestos
2026-03-10,Entrada,SURCO,43,BATERÍA DE 18 PLACAS,1,Prov Repuestos
2026-03-10,Salida,LA MOLINA,38,ACEITE DE MOTOR 5W30 FULL SINTÉTICO,1,Cliente 34
2026-03-10,Salida,LA MOLINA,40,AMORTIGUADORES DELANTEROS,1,Cliente 26
2026-03-10,Salida,LA MOLINA,41,AMORTIGUADORES POSTERIORES,1,Cliente 18
2026-03-10,Salida,LA MOLINA,42,"LLANTAS 18""",1,Cliente 45
2026-03-10,Salida,LA MOLINA,43,BATERÍA DE 18 PLACAS,1,Cliente 3
2026-03-10,Salida,SURCO,38,ACEITE DE MOTOR 5W30 FULL SINTÉTICO,1,Cliente 7
2026-03-10,Salida,SURCO,40,AMORTIGUADORES DELANTEROS,1,Cliente 25
2026-03-10,Salida,SURCO,41,AMORTIGUADORES POSTERIORES,1,Cliente 28
2026-03-10,Salida,SURCO,42,"LLANTAS 18""",1,Cliente 8
2026-03-11,Entrada,LA MOLINA,38,ACEITE DE MOTOR 5W30 FULL SINTÉTICO,1,Prov Repuestos
2026-03-11,Entrada,LA MOLINA,40,AMORTIGUADORES DELANTEROS,1,Prov Repuestos
2026-03-11,Entrada,LA MOLINA,41,AMORTIGUADORES POSTERIORES,1,Prov Repuestos
2026-03-11,Entrada,LA MOLINA,42,"LLANTAS 18""",1,Prov Repuestos
2026-03-11,Entrada,LA MOLINA,43,BATERÍA DE 18 PLACAS,1,Prov Repuestos
2026-03-11,Entrada,SURCO,38,ACEITE DE MOTOR 5W30 FULL SINTÉTICO,1,Prov Repuestos
2026-03-11,Entrada,SURCO,40,AMORTIGUADORES DELANTEROS,1,Prov Repuestos
2026-03-11,Entrada,SURCO,41,AMORTIGUADORES POSTERIORES,1,Prov Repuestos
2026-03-11,Entrada,SURCO,42,"LLANTAS 18""",1,Prov Repuestos
2026-03-11,Salida,LA MOLINA,38,ACEITE DE MOTOR 5W30 FULL SINTÉTICO,1,Cliente 12
2026-03-11,Salida,LA MOLINA,40,AMORTIGUADORES DELANTEROS,1,Cliente 47
2026-03-11,Salida,LA MOLINA,41,AMORTIGUADORES POSTERIORES,1,Cliente 35
2026-03-11,Salida,LA MOLINA,42,"LLANTAS 18""",1,Cliente 7
2026-03-11,Salida,LA MOLINA,43,BATERÍA DE 18 PLACAS,1,Cliente 7
2026-03-11,Salida,SURCO,38,ACEITE DE MOTOR 5W30 FULL SINTÉTICO,1,Cliente 37
2026-03-11,Salida,SURCO,40,AMORTIGUADORES DELANTEROS,1,Cliente 11
2026-03-11,Salida,SURCO,41,AMORTIGUADORES POSTERIORES,1,Cliente 6
2026-03-11,Salida,SURCO,42,"LLANTAS 18""",1,Cliente 27
2026-03-12,Entrada,LA MOLINA,38,ACEITE DE MOTOR 5W30 FULL SINTÉTICO,1,Prov Repuestos
2026-03-12,Entrada,LA MOLINA,40,AMORTIGUADORES DELANTEROS,1,Prov Repuestos
2026-03-12,Entrada,LA MOLINA,41,AMORTIGUADORES POSTERIORES,1,Prov Repuestos
2026-03-12,Entrada,LA MOLINA,42,"LLANTAS 18""",1,Prov Repuestos
2026-03-12,Entrada,LA MOLINA,43,BATERÍA DE 18 PLACAS,1,Prov Repuestos
2026-03-12,Entrada,SURCO,38,ACEITE DE MOTOR 5W30 FULL SINTÉTICO,1,Prov Repuestos
2026-03-12,Entrada,SURCO,40,AMORTIGUADORES DELANTEROS,1,Prov Repuestos
2026-03-12,Entrada,SURCO,41,AMORTIGUADORES POSTERIORES,1,Prov Repuestos
2026-03-12,Entrada,SURCO,42,"LLANTAS 18""",1,Prov Repuestos
2026-03-12,Salida,LA MOLINA,38,ACEITE DE MOTOR 5W30 FULL SINTÉTICO,1,Cliente 10
2026-03-12,Salida,LA MOLINA,40,AMORTIGUADORES DELANTEROS,1,Cliente 18
2026-03-12,Salida,LA MOLINA,41,AMORTIGUADORES POSTERIORES,1,Cliente 11
2026-03-12,Salida,LA MOLINA,42,"LLANTAS 18""",1,Cliente 8
2026-03-12,Salida,SURCO,38,ACEITE DE MOTOR 5W30 FULL SINTÉTICO,1,Cliente 30
2026-03-12,Salida,SURCO,40,AMORTIGUADORES DELANTEROS,1,Cliente 10
2026-03-12,Salida,SURCO,41,AMORTIGUADORES POSTERIORES,1,Cliente 34
2026-03-12,Salida,SURCO,42,"LLANTAS 18""",1,Cliente 41
2026-03-13,Entrada,LA MOLINA,38,ACEITE DE MOTOR 5W30 FULL SINTÉTICO,1,Prov Repuestos
2026-03-13,Entrada,LA MOLINA,40,AMORTIGUADORES DELANTEROS,1,Prov Repuestos
2026-03-13,Entrada,LA MOLINA,41,AMORTIGUADORES POSTERIORES,1,Prov Repuestos
2026-03-13,Entrada,LA MOLINA,42,"LLANTAS 18""",1,Prov Repuestos
2026-03-13,Entrada,SURCO,38,ACEITE DE MOTOR 5W30 FULL SINTÉTICO,1,Prov Repuestos
2026-03-13,Entrada,SURCO,40,AMORTIGUADORES DELANTEROS,1,Prov Repuestos
2026-03-13,Entrada,SURCO,41,AMORTIGUADORES POSTERIORES,1,Prov Repuestos
2026-03-13,Entrada,SURCO,42,"LLANTAS 18""",1,Prov Repuestos
2026-03-13,Salida,LA MOLINA,38,ACEITE DE MOTOR 5W30 FULL SINTÉTICO,1,Cliente 43
2026-03-13,Salida,LA MOLINA,40,AMORTIGUADORES DELANTEROS,1,Cliente 35
2026-03-13,Salida,LA MOLINA,41,AMORTIGUADORES POSTERIORES,1,Cliente 6
2026-03-13,Salida,LA MOLINA,42,"LLANTAS 18""",1,Cliente 13
2026-03-13,Salida,SURCO,38,ACEITE DE MOTOR 5W30 FULL SINTÉTICO,1,Cliente 20
2026-03-13,Salida,SURCO,40,AMORTIGUADORES DELANTEROS,1,Cliente 31
2026-03-13,Salida,SURCO,41,AMORTIGUADORES POSTERIORES,1,Cliente 28
2026-03-13,Salida,SURCO,42,"LLANTAS 18""",1,Cliente 15
2026-03-14,Entrada,LA MOLINA,38,ACEITE DE MOTOR 5W30 FULL SINTÉTICO,1,Prov Repuestos
2026-03-14,Entrada,LA MOLINA,40,AMORTIGUADORES DELANTEROS,1,Prov Repuestos
2026-03-14,Entrada,LA MOLINA,41,AMORTIGUADORES POSTERIORES,1,Prov Repuestos
2026-03-14,Entrada,LA MOLINA,42,"LLANTAS 18""",1,Prov Repuestos
2026-03-14,Entrada,SURCO,38,ACEITE DE MOTOR 5W30 FULL SINTÉTICO,1,Prov Repuestos
2026-03-14,Entrada,SURCO,40,AMORTIGUADORES DELANTEROS,1,Prov Repuestos
2026-03-14,Entrada,SURCO,41,AMORTIGUADORES POSTERIORES,1,Prov Repuestos
2026-03-14,Entrada,SURCO,42,"LLANTAS 18""",1,Prov Repuestos
2026-03-14,Salida,LA MOLINA,38,ACEITE DE MOTOR 5W30 FULL SINTÉTICO,1,Cliente 36
2026-03-14,Salida,LA MOLINA,40,AMORTIGUADORES DELANTEROS,1,Cliente 49
2026-03-14,Salida,LA MOLINA,41,AMORTIGUADORES POSTERIORES,1,Cliente 17
2026-03-14,Salida,LA MOLINA,42,"LLANTAS 18""",1,Cliente 8
2026-03-14,Salida,SURCO,38,ACEITE DE MOTOR 5W30 FULL SINTÉTICO,1,Cliente 39
2026-03-14,Salida,SURCO,40,AMORTIGUADORES DELANTEROS,1,Cliente 45
2026-03-14,Salida,SURCO,41,AMORTIGUADORES POSTERIORES,1,Cliente 11
2026-03-14,Salida,SURCO,42,"LLANTAS 18""",1,Cliente 29
2026-03-14,Control,SURCO,1,AUTO HONDA ACCORD 2014,0,
2026-03-14,Control,SURCO,2,AUTO HONDA CIVIC 2014,0,
2026-03-14,Control,SURCO,3,AUTO HONDA ODISSEY 2013,0,
2026-03-14,Control,SURCO,4,AUTO HONDA CRV 2014,0,
2026-03-14,Control,SURCO,5,AUTO HONDA PILOT 2013,2,
2026-03-14,Control,SURCO,6,AUTO HONDA FIT 2016,0,
2026-03-14,Control,SURCO,7,AUTO HONDA CITY 2016,0,
2026-03-14,Control,SURCO,8,CAMIONETA HONDA ELEMENT 2013,0,
2026-03-14,Control,SURCO,9,CAMIONETA HONDA CROSSTOUR 2013,0,
2026-03-14,Control,SURCO,10,CAMIONETA HONDA CR-Z 2015,0,
2026-03-14,Control,SURCO,11,CAMIONETA HONDA RID LINE PICK UP 2014,0,
2026-03-14,Control,SURCO,38,ACEITE DE MOTOR 5W30 FULL SINTÉTICO,-1,
2026-03-14,Control,SURCO,39,FILTRO DE COMBUSTIBLE,8,
2026-03-14,Control,SURCO,40,AMORTIGUADORES DELANTEROS,-1,
2026-03-14,Control,SURCO,41,AMORTIGUADORES POSTERIORES,-1,
2026-03-14,Control,SURCO,42,"LLANTAS 18""",-1,
2026-03-14,Control,SURCO,43,BATERÍA DE 18 PLACAS,0,
2026-03-14,Control,LA MOLINA,1,AUTO HONDA ACCORD 2014,0,
2026-03-14,Control,LA MOLINA,2,AUTO HONDA CIVIC 2014,0,
2026-03-14,Control,LA MOLINA,3,AUTO HONDA ODISSEY 2013,0,
2026-03-14,Control,LA MOLINA,4,AUTO HONDA CRV 2014,0,
2026-03-14,Control,LA MOLINA,5,AUTO HONDA PILOT 2013,0,
2026-03-14,Control,LA MOLINA,6,AUTO HONDA FIT 2016,0,
2026-03-14,Control,LA MOLINA,7,AUTO HONDA CITY 2016,0,
2026-03-14,Control,LA MOLINA,8,CAMIONETA HONDA ELEMENT 2013,0,
2026-03-14,Control,LA MOLINA,9,CAMIONETA HONDA CROSSTOUR 2013,0,
2026-03-14,Control,LA MOLINA,10,CAMIONETA HONDA CR-Z 2015,0,
2026-03-14,Control,LA MOLINA,11,CAMIONETA HONDA RID LINE PICK UP 2014,0,
2026-03-14,Control,LA MOLINA,38,ACEITE DE MOTOR 5W30 FULL SINTÉTICO,-1,
2026-03-14,Control,LA MOLINA,39,FILTRO DE COMBUSTIBLE,152,
2026-03-14,Control,LA MOLINA,40,AMORTIGUADORES DELANTEROS,-1,
2026-03-14,Control,LA MOLINA,41,AMORTIGUADORES POSTERIORES,-1,
2026-03-14,Control,LA MOLINA,42,"LLANTAS 18""",-1,
2026-03-14,Control,LA MOLINA,43,BATERÍA DE 18 PLACAS,0,
2026-03-15,Entrada,LA MOLINA,38,ACEITE DE MOTOR 5W30 FULL SINTÉTICO,1,Prov Repuestos
2026-03-15,Entrada,LA MOLINA,40,AMORTIGUADORES DELANTEROS,1,Prov Repuestos
2026-03-15,Entrada,LA MOLINA,41,AMORTIGUADORES POSTERIORES,1,Prov Repuestos
2026-03-15,Entrada,LA MOLINA,42,"LLANTAS 18""",1,Prov Repuestos
2026-03-15,Entrada,SURCO,38,ACEITE DE MOTOR 5W30 FULL SINTÉTICO,1,Prov Repuestos
2026-03-15,Entrada,SURCO,40,AMORTIGUADORES DELANTEROS,1,Prov Repuestos
2026-03-15,Entrada,SURCO,41,AMORTIGUADORES POSTERIORES,1,Prov Repuestos
2026-03-15,Entrada,SURCO,42,"LLANTAS 18""",1,Prov Repuestos
2026-03-15,Salida,LA MOLINA,38,ACEITE DE MOTOR 5W30 FULL SINTÉTICO,1,Cliente 37
2026-03-15,Salida,LA MOLINA,40,AMORTIGUADORES DELANTEROS,1,Cliente 50
2026-03-15,Salida,LA MOLINA,41,AMORTIGUADORES POSTERIORES,1,Cliente 25
2026-03-15,Salida,LA MOLINA,42,"LLANTAS 18""",1,Cliente 4
2026-03-15,Salida,SURCO,38,ACEITE DE MOTOR 5W30 FULL SINTÉTICO,1,Cliente 30
2026-03-15,Salida,SURCO,40,AMORTIGUADORES DELANTEROS,1,Cliente 42
2026-03-15,Salida,SURCO,41,AMORTIGUADORES POSTERIORES,1,Cliente 15
2026-03-15,Salida,SURCO,42,"LLANTAS 18""",1,Cliente 41
2026-03-16,Entrada,LA MOLINA,38,ACEITE DE MOTOR 5W30 FULL SINTÉTICO,1,Prov Repuestos
2026-03-16,Entrada,LA MOLINA,40,AMORTIGUADORES DELANTEROS,1,Prov Repuestos
2026-03-16,Entrada,LA MOLINA,41,AMORTIGUADORES POSTERIORES,1,Prov Repuestos
2026-03-16,Entrada,LA MOLINA,42,"LLANTAS 18""",1,Prov Repuestos
2026-03-16,Entrada,SURCO,38,ACEITE DE MOTOR 5W30 FULL SINTÉTICO,1,Prov Repuestos
2026-03-16,Entrada,SURCO,40,AMORTIGUADORES DELANTEROS,1,Prov Repuestos
2026-03-16,Entrada,SURCO,41,AMORTIGUADORES POSTERIORES,1,Prov Repuestos
2026-03-16,Entrada,SURCO,42,"LLANTAS 18""",1,Prov Repuestos
2026-03-16,Salida,LA MOLINA,38,ACEITE DE MOTOR 5W30 FULL SINTÉTICO,1,Cliente 4
2026-03-16,Salida,LA MOLINA,40,AMORTIGUADORES DELANTEROS,1,Cliente 31
2026-03-16,Salida,LA MOLINA,41,AMORTIGUADORES POSTERIORES,1,Cliente 38
2026-03-16,Salida,LA MOLINA,42,"LLANTAS 18""",1,Cliente 18
2026-03-16,Salida,SURCO,38,ACEITE DE MOTOR 5W30 FULL SINTÉTICO,1,Cliente 14
2026-03-16,Salida,SURCO,40,AMORTIGUADORES DELANTEROS,1,Cliente 37
2026-03-16,Salida,SURCO,41,AMORTIGUADORES POSTERIORES,1,Cliente 25
2026-03-16,Salida,SURCO,42,"LLANTAS 18""",1,Cliente 41
2026-03-17,Entrada,LA MOLINA,38,ACEITE DE MOTOR 5W30 FULL SINTÉTICO,1,Prov Repuestos
2026-03-17,Entrada,LA MOLINA,40,AMORTIGUADORES DELANTEROS,1,Prov Repuestos
2026-03-17,Entrada,LA MOLINA,41,AMORTIGUADORES POSTERIORES,1,Prov Repuestos
2026-03-17,Entrada,LA MOLINA,42,"LLANTAS 18""",1,Prov Repuestos
2026-03-17,Entrada,SURCO,38,ACEITE DE MOTOR 5W30 FULL SINTÉTICO,1,Prov Repuestos
2026-03-17,Entrada,SURCO,40,AMORTIGUADORES DELANTEROS,1,Prov Repuestos
2026-03-17,Entrada,SURCO,41,AMORTIGUADORES POSTERIORES,1,Prov Repuestos
2026-03-17,Entrada,SURCO,42,"LLANTAS 18""",1,Prov Repuestos
2026-03-17,Salida,LA MOLINA,38,ACEITE DE MOTOR 5W30 FULL SINTÉTICO,1,Cliente 6
2026-03-17,Salida,LA MOLINA,40,AMORTIGUADORES DELANTEROS,1,Cliente 6
2026-03-17,Salida,LA MOLINA,41,AMORTIGUADORES POSTERIORES,1,Cliente 9
2026-03-17,Salida,LA MOLINA,42,"LLANTAS 18""",1,Cliente 19
2026-03-17,Salida,SURCO,38,ACEITE DE MOTOR 5W30 FULL SINTÉTICO,1,Cliente 45
2026-03-17,Salida,SURCO,40,AMORTIGUADORES DELANTEROS,1,Cliente 16
2026-03-17,Salida,SURCO,41,AMORTIGUADORES POSTERIORES,1,Cliente 50
2026-03-17,Salida,SURCO,42,"LLANTAS 18""",1,Cliente 9
2026-03-18,Entrada,LA MOLINA,38,ACEITE DE MOTOR 5W30 FULL SINTÉTICO,1,Prov Repuestos
2026-03-18,Entrada,LA MOLINA,40,AMORTIGUADORES DELANTEROS,1,Prov Repuestos
2026-03-18,Entrada,LA MOLINA,41,AMORTIGUADORES POSTERIORES,1,Prov Repuestos
2026-03-18,Entrada,LA MOLINA,42,"LLANTAS 18""",1,Prov Repuestos
2026-03-18,Entrada,SURCO,38,ACEITE DE MOTOR 5W30 FULL SINTÉTICO,1,Prov Repuestos
2026-03-18,Entrada,SURCO,40,AMORTIGUADORES DELANTEROS,1,Prov Repuestos
2026-03-18,Entrada,SURCO,41,AMORTIGUADORES POSTERIORES,1,Prov Repuestos
2026-03-18,Entrada,SURCO,42,"LLANTAS 18""",1,Prov Repuestos
2026-03-18,Salida,LA MOLINA,38,ACEITE DE MOTOR 5W30 FULL SINTÉTICO,1,Cliente 7
2026-03-18,Salida,LA MOLINA,40,AMORTIGUADORES DELANTEROS,1,Cliente 27
2026-03-18,Salida,LA MOLINA,41,AMORTIGUADORES POSTERIORES,1,Cliente 38
2026-03-18,Salida,LA MOLINA,42,"LLANTAS 18""",1,Cliente 8
2026-03-18,Salida,SURCO,38,ACEITE DE MOTOR 5W30 FULL SINTÉTICO,1,Cliente 14
2026-03-18,Salida,SURCO,40,AMORTIGUADORES DELANTEROS,1,Cliente 32
2026-03-18,Salida,SURCO,41,AMORTIGUADORES POSTERIORES,1,Cliente 41
2026-03-18,Salida,SURCO,42,"LLANTAS 18""",1,Cliente 15
2026-03-19,Entrada,LA MOLINA,38,ACEITE DE MOTOR 5W30 FULL SINTÉTICO,1,Prov Repuestos
2026-03-19,Entrada,LA MOLINA,40,AMORTIGUADORES DELANTEROS,1,Prov Repuestos
2026-03-19,Entrada,LA MOLINA,41,AMORTIGUADORES POSTERIORES,1,Prov Repuestos
2026-03-19,Entrada,LA MOLINA,42,"LLANTAS 18""",1,Prov Repuestos
2026-03-19,Entrada,SURCO,38,ACEITE DE MOTOR 5W30 FULL SINTÉTICO,1,Prov Repuestos
2026-03-19,Entrada,SURCO,40,AMORTIGUADORES DELANTEROS,1,Prov Repuestos
2026-03-19,Entrada,SURCO,41,AMORTIGUADORES POSTERIORES,1,Prov Repuestos
2026-03-19,Entrada,SURCO,42,"LLANTAS 18""",1,Prov Repuestos
2026-03-19,Salida,LA MOLINA,38,ACEITE DE MOTOR 5W30 FULL SINTÉTICO,1,Cliente 43
2026-03-19,Salida,LA MOLINA,40,AMORTIGUADORES DELANTEROS,1,Cliente 49
2026-03-19,Salida,LA MOLINA,41,AMORTIGUADORES POSTERIORES,1,Cliente 44
2026-03-19,Salida,LA MOLINA,42,"LLANTAS 18""",1,Cliente 45
2026-03-19,Salida,SURCO,38,ACEITE DE MOTOR 5W30 FULL SINTÉTICO,1,Cliente 50
2026-03-19,Salida,SURCO,40,AMORTIGUADORES DELANTEROS,1,Cliente 9
2026-03-20,Entrada,LA MOLINA,38,ACEITE DE MOTOR 5W30 FULL SINTÉTICO,1,Prov Repuestos
2026-03-20,Entrada,LA MOLINA,40,AMORTIGUADORES DELANTEROS,1,Prov Repuestos
2026-03-20,Entrada,LA MOLINA,41,AMORTIGUADORES POSTERIORES,1,Prov Repuestos
2026-03-20,Entrada,LA MOLINA,42,"LLANTAS 18""",1,Prov Repuestos
2026-03-20,Entrada,SURCO,38,ACEITE DE MOTOR 5W30 FULL SINTÉTICO,1,Prov Repuestos
2026-03-20,Entrada,SURCO,40,AMORTIGUADORES DELANTEROS,1,Prov Repuestos
2026-03-20,Salida,LA MOLINA,38,ACEITE DE MOTOR 5W30 FULL SINTÉTICO,1,Cliente 26
2026-03-20,Salida,LA MOLINA,40,AMORTIGUADORES DELANTEROS,1,Cliente 9
2026-03-20,Salida,LA MOLINA,41,AMORTIGUADORES POSTERIORES,1,Cliente 8
2026-03-20,Salida,SURCO,38,ACEITE DE MOTOR 5W30 FULL SINTÉTICO,1,Cliente 39
2026-03-20,Salida,SURCO,40,AMORTIGUADORES DELANTEROS,1,Cliente 36
2026-03-21,Entrada,LA MOLINA,38,ACEITE DE MOTOR 5W30 FULL SINTÉTICO,1,Prov Repuestos
2026-03-21,Entrada,LA MOLINA,40,AMORTIGUADORES DELANTEROS,1,Prov Repuestos
2026-03-21,Entrada,LA MOLINA,41,AMORTIGUADORES POSTERIORES,1,Prov Repuestos
2026-03-21,Entrada,SURCO,38,ACEITE DE MOTOR 5W30 FULL SINTÉTICO,1,Prov Repuestos
2026-03-21,Entrada,SURCO,40,AMORTIGUADORES DELANTEROS,1,Prov Repuestos
2026-03-21,Salida,LA MOLINA,40,AMORTIGUADORES DELANTEROS,1,Cliente 49
2026-03-21,Salida,LA MOLINA,41,AMORTIGUADORES POSTERIORES,1,Cliente 26
2026-03-21,Salida,SURCO,40,AMORTIGUADORES DELANTEROS,1,Cliente 29
2026-03-22,Entrada,LA MOLINA,40,AMORTIGUADORES DELANTEROS,1,Prov Repuestos
2026-03-22,Entrada,LA MOLINA,41,AMORTIGUADORES POSTERIORES,1,Prov Repuestos
2026-03-22,Entrada,SURCO,40,AMORTIGUADORES DELANTEROS,1,Prov Repuestos
2026-03-22,Salida,LA MOLINA,40,AMORTIGUADORES DELANTEROS,1,Cliente 50
2026-03-22,Salida,SURCO,40,AMORTIGUADORES DELANTEROS,1,Cliente 17
2026-03-23,Entrada,LA MOLINA,40,AMORTIGUADORES DELANTEROS,1,Prov Repuestos
2026-03-23,Entrada,SURCO,40,AMORTIGUADORES DELANTEROS,1,Prov Repuestos
2026-03-23,Salida,LA MOLINA,40,AMORTIGUADORES DELANTEROS,1,Cliente 50
2026-03-23,Salida,SURCO,40,AMORTIGUADORES DELANTEROS,1,Cliente 29
2026-03-24,Entrada,LA MOLINA,40,AMORTIGUADORES DELANTEROS,1,Prov Repuestos
2026-03-24,Entrada,SURCO,40,AMORTIGUADORES DELANTEROS,1,Prov Repuestos
2026-03-24,Salida,LA MOLINA,40,AMORTIGUADORES DELANTEROS,1,Cliente 27
2026-03-25,Entrada,LA MOLINA,40,AMORTIGUADORES DELANTEROS,1,Prov Repuestos
2026-03-25,Salida,LA MOLINA,40,AMORTIGUADORES DELANTEROS,1,Cliente 1
2026-03-26,Entrada,LA MOLINA,40,AMORTIGUADORES DELANTEROS,1,Prov Repuestos
2026-03-26,Salida,LA MOLINA,40,AMORTIGUADORES DELANTEROS,1,Cliente 5
2026-03-27,Entrada,LA MOLINA,40,AMORTIGUADORES DELANTEROS,1,Prov Repuestos
2026-03-27,Salida,LA MOLINA,40,AMORTIGUADORES DELANTEROS,1,Cliente 28
2026-03-28,Entrada,LA MOLINA,40,AMORTIGUADORES DELANTEROS,1,Prov Repuestos
2026-03-28,Salida,LA MOLINA,40,AMORTIGUADORES DELANTEROS,1,Cliente 44
2026-03-29,Entrada,LA MOLINA,40,AMORTIGUADORES DELANTEROS,1,Prov Repuestos
2026-03-29,Salida,LA MOLINA,40,AMORTIGUADORES DELANTEROS,1,Cliente 43
2026-03-30,Entrada,LA MOLINA,40,AMORTIGUADORES DELANTEROS,1,Prov Repuestos
2026-03-30,Salida,LA MOLINA,40,AMORTIGUADORES DELANTEROS,1,Cliente 47
2026-03-31,Entrada,LA MOLINA,40,AMORTIGUADORES DELANTEROS,1,Prov Repuestos
2026-03-31,Control,SURCO,1,AUTO HONDA ACCORD 2014,0,
2026-03-31,Control,SURCO,2,AUTO HONDA CIVIC 2014,0,
2026-03-31,Control,SURCO,3,AUTO HONDA ODISSEY 2013,0,
2026-03-31,Control,SURCO,4,AUTO HONDA CRV 2014,0,
2026-03-31,Control,SURCO,5,AUTO HONDA PILOT 2013,2,
2026-03-31,Control,SURCO,6,AUTO HONDA FIT 2016,0,
2026-03-31,Control,SURCO,7,AUTO HONDA CITY 2016,0,
2026-03-31,Control,SURCO,8,CAMIONETA HONDA ELEMENT 2013,0,
2026-03-31,Control,SURCO,9,CAMIONETA HONDA CROSSTOUR 2013,0,
2026-03-31,Control,SURCO,10,CAMIONETA HONDA CR-Z 2015,0,
2026-03-31,Control,SURCO,11,CAMIONETA HONDA RID LINE PICK UP 2014,0,
2026-03-31,Control,SURCO,38,ACEITE DE MOTOR 5W30 FULL SINTÉTICO,0,
2026-03-31,Control,SURCO,39,FILTRO DE COMBUSTIBLE,8,
2026-03-31,Control,SURCO,40,AMORTIGUADORES DELANTEROS,0,
2026-03-31,Control,SURCO,41,AMORTIGUADORES POSTERIORES,0,
2026-03-31,Control,SURCO,42,"LLANTAS 18""",0,
2026-03-31,Control,SURCO,43,BATERÍA DE 18 PLACAS,0,
2026-03-31,Control,LA MOLINA,1,AUTO HONDA ACCORD 2014,0,
2026-03-31,Control,LA MOLINA,2,AUTO HONDA CIVIC 2014,0,
2026-03-31,Control,LA MOLINA,3,AUTO HONDA ODISSEY 2013,0,
2026-03-31,Control,LA MOLINA,4,AUTO HONDA CRV 2014,0,
2026-03-31,Control,LA MOLINA,5,AUTO HONDA PILOT 2013,0,
2026-03-31,Control,LA MOLINA,6,AUTO HONDA FIT 2016,0,
2026-03-31,Control,LA MOLINA,7,AUTO HONDA CITY 2016,0,
2026-03-31,Control,LA MOLINA,8,CAMIONETA HONDA ELEMENT 2013,0,
2026-03-31,Control,LA MOLINA,9,CAMIONETA HONDA CROSSTOUR 2013,0,
2026-03-31,Control,LA MOLINA,10,CAMIONETA HONDA CR-Z 2015,0,
2026-03-31,Control,LA MOLINA,11,CAMIONETA HONDA RID LINE PICK UP 2014,0,
2026-03-31,Control,LA MOLINA,38,ACEITE DE MOTOR 5W30 FULL SINTÉTICO,0,
2026-03-31,Control,LA MOLINA,39,FILTRO DE COMBUSTIBLE,152,
2026-03-31,Control,LA MOLINA,40,AMORTIGUADORES DELANTEROS,0,
2026-03-31,Control,LA MOLINA,41,AMORTIGUADORES POSTERIORES,0,
2026-03-31,Control,LA MOLINA,42,"LLANTAS 18""",0,
2026-03-31,Control,LA MOLINA,43,BATERÍA DE 18 PLACAS,0,
2026-04-01,Salida,LA MOLINA,1,AUTO HONDA ACCORD 2014,1,Cliente 49
2026-04-01,Salida,LA MOLINA,2,AUTO HONDA CIVIC 2014,1,Cliente 37
2026-04-01,Salida,LA MOLINA,3,AUTO HONDA ODISSEY 2013,1,Cliente 30
2026-04-01,Salida,LA MOLINA,4,AUTO HONDA CRV 2014,1,Cliente 7
2026-04-01,Salida,LA MOLINA,5,AUTO HONDA PILOT 2013,1,Cliente 18
2026-04-01,Salida,LA MOLINA,6,AUTO HONDA FIT 2016,1,Cliente 50
2026-04-01,Salida,LA MOLINA,7,AUTO HONDA CITY 2016,1,Cliente 7
2026-04-01,Salida,LA MOLINA,8,CAMIONETA HONDA ELEMENT 2013,1,Cliente 37
2026-04-01,Salida,LA MOLINA,9,CAMIONETA HONDA CROSSTOUR 2013,1,Cliente 9
2026-04-01,Salida,LA MOLINA,10,CAMIONETA HONDA CR-Z 2015,1,Cliente 48
2026-04-01,Salida,LA MOLINA,11,CAMIONETA HONDA RID LINE PICK UP 2014,1,Cliente 13
2026-04-01,Salida,LA MOLINA,38,ACEITE DE MOTOR 5W30 FULL SINTÉTICO,1,Cliente 7
2026-04-01,Salida,LA MOLINA,39,FILTRO DE COMBUSTIBLE,1,Cliente 31
2026-04-01,Salida,LA MOLINA,40,AMORTIGUADORES DELANTEROS,1,Cliente 1
2026-04-01,Salida,LA MOLINA,41,AMORTIGUADORES POSTERIORES,1,Cliente 36
2026-04-01,Salida,LA MOLINA,42,"LLANTAS 18""",1,Cliente 36
2026-04-01,Salida,LA MOLINA,43,BATERÍA DE 18 PLACAS,1,Cliente 16
2026-04-01,Salida,SURCO,1,AUTO HONDA ACCORD 2014,1,Cliente 49
2026-04-01,Salida,SURCO,2,AUTO HONDA CIVIC 2014,1,Cliente 21
2026-04-01,Salida,SURCO,3,AUTO HONDA ODISSEY 2013,1,Cliente 27
2026-04-01,Salida,SURCO,4,AUTO HONDA CRV 2014,1,Cliente 28
2026-04-01,Salida,SURCO,5,AUTO HONDA PILOT 2013,1,Cliente 32
2026-04-01,Salida,SURCO,6,AUTO HONDA FIT 2016,1,Cliente 35
2026-04-01,Salida,SURCO,7,AUTO HONDA CITY 2016,1,Cliente 41
2026-04-01,Salida,SURCO,8,CAMIONETA HONDA ELEMENT 2013,1,Cliente 45
2026-04-01,Salida,SURCO,9,CAMIONETA HONDA CROSSTOUR 2013,1,Cliente 41
2026-04-01,Salida,SURCO,10,CAMIONETA HONDA CR-Z 2015,1,Cliente 44
2026-04-01,Salida,SURCO,11,CAMIONETA HONDA RID LINE PICK UP 2014,1,Cliente 26
2026-04-01,Salida,SURCO,38,ACEITE DE MOTOR 5W30 FULL SINTÉTICO,1,Cliente 39
2026-04-01,Salida,SURCO,39,FILTRO DE COMBUSTIBLE,1,Cliente 43
2026-04-01,Salida,SURCO,40,AMORTIGUADORES DELANTEROS,1,Cliente 37
2026-04-01,Salida,SURCO,41,AMORTIGUADORES POSTERIORES,1,Cliente 46
2026-04-01,Salida,SURCO,42,"LLANTAS 18""",1,Cliente 4
2026-04-01,Salida,SURCO,43,BATERÍA DE 18 PLACAS,1,Cliente 5
2026-04-02,Entrada,LA MOLINA,1,AUTO HONDA ACCORD 2014,1,Prov Vehículos
2026-04-02,Entrada,LA MOLINA,2,AUTO HONDA CIVIC 2014,1,Prov Vehículos
2026-04-02,Entrada,LA MOLINA,3,AUTO HONDA ODISSEY 2013,1,Prov Vehículos
2026-04-02,Entrada,LA MOLINA,4,AUTO HONDA CRV 2014,1,Prov Vehículos
2026-04-02,Entrada,LA MOLINA,5,AUTO HONDA PILOT 2013,1,Prov Vehículos
2026-04-02,Entrada,LA MOLINA,6,AUTO HONDA FIT 2016,1,Prov Vehículos
2026-04-02,Entrada,LA MOLINA,7,AUTO HONDA CITY 2016,1,Prov Vehículos
2026-04-02,Entrada,LA MOLINA,8,CAMIONETA HONDA ELEMENT 2013,1,Prov Vehículos
2026-04-02,Entrada,LA MOLINA,9,CAMIONETA HONDA CROSSTOUR 2013,1,Prov Vehículos
2026-04-02,Entrada,LA MOLINA,10,CAMIONETA HONDA CR-Z 2015,1,Prov Vehículos
2026-04-02,Entrada,LA MOLINA,11,CAMIONETA HONDA RID LINE PICK UP 2014,1,Prov Vehículos
2026-04-02,Entrada,LA MOLINA,38,ACEITE DE MOTOR 5W30 FULL SINTÉTICO,1,Prov Repuestos
2026-04-02,Entrada,LA MOLINA,40,AMORTIGUADORES DELANTEROS,1,Prov Repuestos
2026-04-02,Entrada,LA MOLINA,41,AMORTIGUADORES POSTERIORES,1,Prov Repuestos
2026-04-02,Entrada,LA MOLINA,42,"LLANTAS 18""",1,Prov Repuestos
2026-04-02,Entrada,LA MOLINA,43,BATERÍA DE 18 PLACAS,1,Prov Repuestos
2026-04-02,Entrada,SURCO,1,AUTO HONDA ACCORD 2014,1,Prov Vehículos
2026-04-02,Entrada,SURCO,2,AUTO HONDA CIVIC 2014,1,Prov Vehículos
2026-04-02,Entrada,SURCO,3,AUTO HONDA ODISSEY 2013,1,Prov Vehículos
2026-04-02,Entrada,SURCO,4,AUTO HONDA CRV 2014,1,Prov Vehículos
2026-04-02,Entrada,SURCO,6,AUTO HONDA FIT 2016,1,Prov Vehículos
2026-04-02,Entrada,SURCO,7,AUTO HONDA CITY 2016,1,Prov Vehículos
2026-04-02,Entrada,SURCO,8,CAMIONETA HONDA ELEMENT 2013,1,Prov Vehículos
2026-04-02,Entrada,SURCO,9,CAMIONETA HONDA CROSSTOUR 2013,1,Prov Vehículos
2026-04-02,Entrada,SURCO,10,CAMIONETA HONDA CR-Z 2015,1,Prov Vehículos
2026-04-02,Entrada,SURCO,11,CAMIONETA HONDA RID LINE PICK UP 2014,1,Prov Vehículos
2026-04-02,Entrada,SURCO,38,ACEITE DE MOTOR 5W30 FULL SINTÉTICO,1,Prov Repuestos
2026-04-02,Entrada,SURCO,40,AMORTIGUADORES DELANTEROS,1,Prov Repuestos
2026-04-02,Entrada,SURCO,41,AMORTIGUADORES POSTERIORES,1,Prov Repuestos
2026-04-02,Entrada,SURCO,42,"LLANTAS 18""",1,Prov Repuestos
2026-04-02,Entrada,SURCO,43,BATERÍA DE 18 PLACAS,1,Prov Repuestos
2026-04-02,Salida,LA MOLINA,1,AUTO HONDA ACCORD 2014,1,Cliente 49
2026-04-02,Salida,LA MOLINA,2,AUTO HONDA CIVIC 2014,1,Cliente 44
2026-04-02,Salida,LA MOLINA,3,AUTO HONDA ODISSEY 2013,1,Cliente 4
2026-04-02,Salida,LA MOLINA,4,AUTO HONDA CRV 2014,1,Cliente 36
2026-04-02,Salida,LA MOLINA,6,AUTO HONDA FIT 2016,1,Cliente 38
2026-04-02,Salida,LA MOLINA,7,AUTO HONDA CITY 2016,1,Cliente 6
2026-04-02,Salida,LA MOLINA,8,CAMIONETA HONDA ELEMENT 2013,1,Cliente 39
2026-04-02,Salida,LA MOLINA,38,ACEITE DE MOTOR 5W30 FULL SINTÉTICO,1,Cliente 36
2026-04-02,Salida,LA MOLINA,39,FILTRO DE COMBUSTIBLE,1,Cliente 41
2026-04-02,Salida,LA MOLINA,40,AMORTIGUADORES DELANTEROS,1,Cliente 38
2026-04-02,Salida,LA MOLINA,41,AMORTIGUADORES POSTERIORES,1,Cliente 26
2026-04-02,Salida,LA MOLINA,42,"LLANTAS 18""",1,Cliente 2
2026-04-02,Salida,LA MOLINA,43,BATERÍA DE 18 PLACAS,1,Cliente 19
2026-04-02,Salida,SURCO,1,AUTO HONDA ACCORD 2014,1,Cliente 32
2026-04-02,Salida,SURCO,2,AUTO HONDA CIVIC 2014,1,Cliente 22
2026-04-02,Salida,SURCO,3,AUTO HONDA ODISSEY 2013,1,Cliente 16
2026-04-02,Salida,SURCO,4,AUTO HONDA CRV 2014,1,Cliente 29
2026-04-02,Salida,SURCO,38,ACEITE DE MOTOR 5W30 FULL SINTÉTICO,1,Cliente 12
2026-04-02,Salida,SURCO,39,FILTRO DE COMBUSTIBLE,1,Cliente 9
2026-04-02,Salida,SURCO,40,AMORTIGUADORES DELANTEROS,1,Cliente 50
2026-04-02,Salida,SURCO,41,AMORTIGUADORES POSTERIORES,1,Cliente 12
2026-04-02,Salida,SURCO,42,"LLANTAS 18""",1,Cliente 16
2026-04-02,Salida,SURCO,43,BATERÍA DE 18 PLACAS,1,Cliente 14
2026-04-03,Entrada,LA MOLINA,1,AUTO HONDA ACCORD 2014,1,Prov Vehículos
2026-04-03,Entrada,LA MOLINA,2,AUTO HONDA CIVIC 2014,1,Prov Vehículos
2026-04-03,Entrada,LA MOLINA,3,AUTO HONDA ODISSEY 2013,1,Prov Vehículos
2026-04-03,Entrada,LA MOLINA,4,AUTO HONDA CRV 2014,1,Prov Vehículos
2026-04-03,Entrada,LA MOLINA,6,AUTO HONDA FIT 2016,1,Prov Vehículos
2026-04-03,Entrada,LA MOLINA,7,AUTO HONDA CITY 2016,1,Prov Vehículos
2026-04-03,Entrada,LA MOLINA,8,CAMIONETA HONDA ELEMENT 2013,1,Prov Vehículos
2026-04-03,Entrada,LA MOLINA,38,ACEITE DE MOTOR 5W30 FULL SINTÉTICO,1,Prov Repuestos
2026-04-03,Entrada,LA MOLINA,40,AMORTIGUADORES DELANTEROS,1,Prov Repuestos
2026-04-03,Entrada,LA MOLINA,41,AMORTIGUADORES POSTERIORES,1,Prov Repuestos
2026-04-03,Entrada,LA MOLINA,42,"LLANTAS 18""",1,Prov Repuestos
2026-04-03,Entrada,LA MOLINA,43,BATERÍA DE 18 PLACAS,1,Prov Repuestos
2026-04-03,Entrada,SURCO,1,AUTO HONDA ACCORD 2014,1,Prov Vehículos
2026-04-03,Entrada,SURCO,2,AUTO HONDA CIVIC 2014,1,Prov Vehículos
2026-04-03,Entrada,SURCO,3,AUTO HONDA ODISSEY 2013,1,Prov Vehículos
2026-04-03,Entrada,SURCO,4,AUTO HONDA CRV 2014,1,Prov Vehículos
2026-04-03,Entrada,SURCO,38,ACEITE DE MOTOR 5W30 FULL SINTÉTICO,1,Prov Repuestos
2026-04-03,Entrada,SURCO,40,AMORTIGUADORES DELANTEROS,1,Prov Repuestos
2026-04-03,Entrada,SURCO,41,AMORTIGUADORES POSTERIORES,1,Prov Repuestos
2026-04-03,Entrada,SURCO,42,"LLANTAS 18""",1,Prov Repuestos
2026-04-03,Entrada,SURCO,43,BATERÍA DE 18 PLACAS,1,Prov Repuestos
2026-04-03,Salida,LA MOLINA,1,AUTO HONDA ACCORD 2014,1,Cliente 11
2026-04-03,Salida,LA MOLINA,7,AUTO HONDA CITY 2016,1,Cliente 17
2026-04-03,Salida,LA MOLINA,38,ACEITE DE MOTOR 5W30 FULL SINTÉTICO,1,Cliente 36
2026-04-03,Salida,LA MOLINA,39,FILTRO DE COMBUSTIBLE,1,Cliente 18
2026-04-03,Salida,LA MOLINA,40,AMORTIGUADORES DELANTEROS,1,Cliente 18
2026-04-03,Salida,LA MOLINA,41,AMORTIGUADORES POSTERIORES,1,Cliente 8
2026-04-03,Salida,LA MOLINA,42,"LLANTAS 18""",1,Cliente 15
2026-04-03,Salida,LA MOLINA,43,BATERÍA DE 18 PLACAS,1,Cliente 25
2026-04-03,Salida,SURCO,1,AUTO HONDA ACCORD 2014,1,Cliente 48
2026-04-03,Salida,SURCO,2,AUTO HONDA CIVIC 2014,1,Cliente 12
2026-04-03,Salida,SURCO,3,AUTO HONDA ODISSEY 2013,1,Cliente 50
2026-04-03,Salida,SURCO,4,AUTO HONDA CRV 2014,1,Cliente 7
2026-04-03,Salida,SURCO,38,ACEITE DE MOTOR 5W30 FULL SINTÉTICO,1,Cliente 44
2026-04-03,Salida,SURCO,39,FILTRO DE COMBUSTIBLE,1,Cliente 44
2026-04-03,Salida,SURCO,40,AMORTIGUADORES DELANTEROS,1,Cliente 4
2026-04-03,Salida,SURCO,41,AMORTIGUADORES POSTERIORES,1,Cliente 48
2026-04-03,Salida,SURCO,42,"LLANTAS 18""",1,Cliente 28
2026-04-03,Salida,SURCO,43,BATERÍA DE 18 PLACAS,1,Cliente 12
2026-04-04,Entrada,LA MOLINA,1,AUTO HONDA ACCORD 2014,1,Prov Vehículos
2026-04-04,Entrada,LA MOLINA,7,AUTO HONDA CITY 2016,1,Prov Vehículos
2026-04-04,Entrada,LA MOLINA,38,ACEITE DE MOTOR 5W30 FULL SINTÉTICO,1,Prov Repuestos
2026-04-04,Entrada,LA MOLINA,40,AMORTIGUADORES DELANTEROS,1,Prov Repuestos
2026-04-04,Entrada,LA MOLINA,41,AMORTIGUADORES POSTERIORES,1,Prov Repuestos
2026-04-04,Entrada,LA MOLINA,42,"LLANTAS 18""",1,Prov Repuestos
2026-04-04,Entrada,LA MOLINA,43,BATERÍA DE 18 PLACAS,1,Prov Repuestos
2026-04-04,Entrada,SURCO,1,AUTO HONDA ACCORD 2014,1,Prov Vehículos
2026-04-04,Entrada,SURCO,2,AUTO HONDA CIVIC 2014,1,Prov Vehículos
2026-04-04,Entrada,SURCO,3,AUTO HONDA ODISSEY 2013,1,Prov Vehículos
2026-04-04,Entrada,SURCO,4,AUTO HONDA CRV 2014,1,Prov Vehículos
2026-04-04,Entrada,SURCO,38,ACEITE DE MOTOR 5W30 FULL SINTÉTICO,1,Prov Repuestos
2026-04-04,Entrada,SURCO,40,AMORTIGUADORES DELANTEROS,1,Prov Repuestos
2026-04-04,Entrada,SURCO,41,AMORTIGUADORES POSTERIORES,1,Prov Repuestos
2026-04-04,Entrada,SURCO,42,"LLANTAS 18""",1,Prov Repuestos
2026-04-04,Entrada,SURCO,43,BATERÍA DE 18 PLACAS,1,Prov Repuestos
2026-04-04,Salida,LA MOLINA,7,AUTO HONDA CITY 2016,1,Cliente 30
2026-04-04,Salida,LA MOLINA,38,ACEITE DE MOTOR 5W30 FULL SINTÉTICO,1,Cliente 4
2026-04-04,Salida,LA MOLINA,39,FILTRO DE COMBUSTIBLE,1,Cliente 25
2026-04-04,Salida,LA MOLINA,40,AMORTIGUADORES DELANTEROS,1,Cliente 42
2026-04-04,Salida,LA MOLINA,41,AMORTIGUADORES POSTERIORES,1,Cliente 41
2026-04-04,Salida,LA MOLINA,42,"LLANTAS 18""",1,Cliente 11
2026-04-04,Salida,LA MOLINA,43,BATERÍA DE 18 PLACAS,1,Cliente 32
2026-04-04,Salida,SURCO,38,ACEITE DE MOTOR 5W30 FULL SINTÉTICO,1,Cliente 16
2026-04-04,Salida,SURCO,39,FILTRO DE COMBUSTIBLE,1,Cliente 45
2026-04-04,Salida,SURCO,40,AMORTIGUADORES DELANTEROS,1,Cliente 19
2026-04-04,Salida,SURCO,41,AMORTIGUADORES POSTERIORES,1,Cliente 30
2026-04-04,Salida,SURCO,42,"LLANTAS 18""",1,Cliente 39
2026-04-04,Salida,SURCO,43,BATERÍA DE 18 PLACAS,1,Cliente 38
2026-04-05,Entrada,LA MOLINA,7,AUTO HONDA CITY 2016,1,Prov Vehículos
2026-04-05,Entrada,LA MOLINA,38,ACEITE DE MOTOR 5W30 FULL SINTÉTICO,1,Prov Repuestos
2026-04-05,Entrada,LA MOLINA,40,AMORTIGUADORES DELANTEROS,1,Prov Repuestos
2026-04-05,Entrada,LA MOLINA,41,AMORTIGUADORES POSTERIORES,1,Prov Repuestos
2026-04-05,Entrada,LA MOLINA,42,"LLANTAS 18""",1,Prov Repuestos
2026-04-05,Entrada,LA MOLINA,43,BATERÍA DE 18 PLACAS,1,Prov Repuestos
2026-04-05,Entrada,SURCO,38,ACEITE DE MOTOR 5W30 FULL SINTÉTICO,1,Prov Repuestos
2026-04-05,Entrada,SURCO,40,AMORTIGUADORES DELANTEROS,1,Prov Repuestos
2026-04-05,Entrada,SURCO,41,AMORTIGUADORES POSTERIORES,1,Prov Repuestos
2026-04-05,Entrada,SURCO,42,"LLANTAS 18""",1,Prov Repuestos
2026-04-05,Entrada,SURCO,43,BATERÍA DE 18 PLACAS,1,Prov Repuestos
2026-04-05,Salida,LA MOLINA,38,ACEITE DE MOTOR 5W30 FULL SINTÉTICO,1,Cliente 38
2026-04-05,Salida,LA MOLINA,39,FILTRO DE COMBUSTIBLE,1,Cliente 25
2026-04-05,Salida,LA MOLINA,40,AMORTIGUADORES DELANTEROS,1,Cliente 49
2026-04-05,Salida,LA MOLINA,41,AMORTIGUADORES POSTERIORES,1,Cliente 18
2026-04-05,Salida,LA MOLINA,42,"LLANTAS 18""",1,Cliente 46
2026-04-05,Salida,LA MOLINA,43,BATERÍA DE 18 PLACAS,1,Cliente 38
2026-04-05,Salida,SURCO,38,ACEITE DE MOTOR 5W30 FULL SINTÉTICO,1,Cliente 33
2026-04-05,Salida,SURCO,39,FILTRO DE COMBUSTIBLE,1,Cliente 50
2026-04-05,Salida,SURCO,40,AMORTIGUADORES DELANTEROS,1,Cliente 10
2026-04-05,Salida,SURCO,41,AMORTIGUADORES POSTERIORES,1,Cliente 26
2026-04-05,Salida,SURCO,42,"LLANTAS 18""",1,Cliente 22
2026-04-05,Salida,SURCO,43,BATERÍA DE 18 PLACAS,1,Cliente 43
2026-04-06,Entrada,LA MOLINA,38,ACEITE DE MOTOR 5W30 FULL SINTÉTICO,1,Prov Repuestos
2026-04-06,Entrada,LA MOLINA,40,AMORTIGUADORES DELANTEROS,1,Prov Repuestos
2026-04-06,Entrada,LA MOLINA,41,AMORTIGUADORES POSTERIORES,1,Prov Repuestos
2026-04-06,Entrada,LA MOLINA,42,"LLANTAS 18""",1,Prov Repuestos
2026-04-06,Entrada,LA MOLINA,43,BATERÍA DE 18 PLACAS,1,Prov Repuestos
2026-04-06,Entrada,SURCO,38,ACEITE DE MOTOR 5W30 FULL SINTÉTICO,1,Prov Repuestos
2026-04-06,Entrada,SURCO,40,AMORTIGUADORES DELANTEROS,1,Prov Repuestos
2026-04-06,Entrada,SURCO,41,AMORTIGUADORES POSTERIORES,1,Prov Repuestos
2026-04-06,Entrada,SURCO,42,"LLANTAS 18""",1,Prov Repuestos
2026-04-06,Entrada,SURCO,43,BATERÍA DE 18 PLACAS,1,Prov Repuestos
2026-04-06,Salida,LA MOLINA,38,ACEITE DE MOTOR 5W30 FULL SINTÉTICO,1,Cliente 15
2026-04-06,Salida,LA MOLINA,40,AMORTIGUADORES DELANTEROS,1,Cliente 1
2026-04-06,Salida,LA MOLINA,41,AMORTIGUADORES POSTERIORES,1,Cliente 39
2026-04-06,Salida,LA MOLINA,42,"LLANTAS 18""",1,Cliente 18
2026-04-06,Salida,LA MOLINA,43,BATERÍA DE 18 PLACAS,1,Cliente 43
2026-04-06,Salida,SURCO,38,ACEITE DE MOTOR 5W30 FULL SINTÉTICO,1,Cliente 21
2026-04-06,Salida,SURCO,40,AMORTIGUADORES DELANTEROS,1,Cliente 4
2026-04-06,Salida,SURCO,41,AMORTIGUADORES POSTERIORES,1,Cliente 13
2026-04-06,Salida,SURCO,42,"LLANTAS 18""",1,Cliente 1
2026-04-06,Salida,SURCO,43,BATERÍA DE 18 PLACAS,1,Cliente 18
2026-04-07,Entrada,LA MOLINA,38,ACEITE DE MOTOR 5W30 FULL SINTÉTICO,1,Prov Repuestos
2026-04-07,Entrada,LA MOLINA,40,AMORTIGUADORES DELANTEROS,1,Prov Repuestos
2026-04-07,Entrada,LA MOLINA,41,AMORTIGUADORES POSTERIORES,1,Prov Repuestos
2026-04-07,Entrada,LA MOLINA,42,"LLANTAS 18""",1,Prov Repuestos
2026-04-07,Entrada,LA MOLINA,43,BATERÍA DE 18 PLACAS,1,Prov Repuestos
2026-04-07,Entrada,SURCO,38,ACEITE DE MOTOR 5W30 FULL SINTÉTICO,1,Prov Repuestos
2026-04-07,Entrada,SURCO,40,AMORTIGUADORES DELANTEROS,1,Prov Repuestos
2026-04-07,Entrada,SURCO,41,AMORTIGUADORES POSTERIORES,1,Prov Repuestos
2026-04-07,Entrada,SURCO,42,"LLANTAS 18""",1,Prov Repuestos
2026-04-07,Entrada,SURCO,43,BATERÍA DE 18 PLACAS,1,Prov Repuestos
2026-04-07,Salida,LA MOLINA,38,ACEITE DE MOTOR 5W30 FULL SINTÉTICO,1,Cliente 40
2026-04-07,Salida,LA MOLINA,40,AMORTIGUADORES DELANTEROS,1,Cliente 40
2026-04-07,Salida,LA MOLINA,41,AMORTIGUADORES POSTERIORES,1,Cliente 6
2026-04-07,Salida,LA MOLINA,42,"LLANTAS 18""",1,Cliente 38
2026-04-07,Salida,LA MOLINA,43,BATERÍA DE 18 PLACAS,1,Cliente 2
2026-04-07,Salida,SURCO,38,ACEITE DE MOTOR 5W30 FULL SINTÉTICO,1,Cliente 26
2026-04-07,Salida,SURCO,40,AMORTIGUADORES DELANTEROS,1,Cliente 20
2026-04-07,Salida,SURCO,41,AMORTIGUADORES POSTERIORES,1,Cliente 10
2026-04-07,Salida,SURCO,42,"LLANTAS 18""",1,Cliente 37
2026-04-07,Salida,SURCO,43,BATERÍA DE 18 PLACAS,1,Cliente 13
2026-04-08,Entrada,LA MOLINA,38,ACEITE DE MOTOR 5W30 FULL SINTÉTICO,1,Prov Repuestos
2026-04-08,Entrada,LA MOLINA,40,AMORTIGUADORES DELANTEROS,1,Prov Repuestos
2026-04-08,Entrada,LA MOLINA,41,AMORTIGUADORES POSTERIORES,1,Prov Repuestos
2026-04-08,Entrada,LA MOLINA,42,"LLANTAS 18""",1,Prov Repuestos
2026-04-08,Entrada,LA MOLINA,43,BATERÍA DE 18 PLACAS,1,Prov Repuestos
2026-04-08,Entrada,SURCO,38,ACEITE DE MOTOR 5W30 FULL SINTÉTICO,1,Prov Repuestos
2026-04-08,Entrada,SURCO,40,AMORTIGUADORES DELANTEROS,1,Prov Repuestos
2026-04-08,Entrada,SURCO,41,AMORTIGUADORES POSTERIORES,1,Prov Repuestos
2026-04-08,Entrada,SURCO,42,"LLANTAS 18""",1,Prov Repuestos
2026-04-08,Entrada,SURCO,43,BATERÍA DE 18 PLACAS,1,Prov Repuestos
2026-04-08,Salida,LA MOLINA,38,ACEITE DE MOTOR 5W30 FULL SINTÉTICO,1,Cliente 12
2026-04-08,Salida,LA MOLINA,40,AMORTIGUADORES DELANTEROS,1,Cliente 44
2026-04-08,Salida,LA MOLINA,41,AMORTIGUADORES POSTERIORES,1,Cliente 45
2026-04-08,Salida,LA MOLINA,42,"LLANTAS 18""",1,Cliente 25
2026-04-08,Salida,LA MOLINA,43,BATERÍA DE 18 PLACAS,1,Cliente 29
2026-04-08,Salida,SURCO,38,ACEITE DE MOTOR 5W30 FULL SINTÉTICO,1,Cliente 18
2026-04-08,Salida,SURCO,40,AMORTIGUADORES DELANTEROS,1,Cliente 37
2026-04-08,Salida,SURCO,41,AMORTIGUADORES POSTERIORES,1,Cliente 20
2026-04-08,Salida,SURCO,42,"LLANTAS 18""",1,Cliente 26
2026-04-08,Salida,SURCO,43,BATERÍA DE 18 PLACAS,1,Cliente 8
2026-04-09,Entrada,LA MOLINA,38,ACEITE DE MOTOR 5W30 FULL SINTÉTICO,1,Prov Repuestos
2026-04-09,Entrada,LA MOLINA,40,AMORTIGUADORES DELANTEROS,1,Prov Repuestos
2026-04-09,Entrada,LA MOLINA,41,AMORTIGUADORES POSTERIORES,1,Prov Repuestos
2026-04-09,Entrada,LA MOLINA,42,"LLANTAS 18""",1,Prov Repuestos
2026-04-09,Entrada,LA MOLINA,43,BATERÍA DE 18 PLACAS,1,Prov Repuestos
2026-04-09,Entrada,SURCO,38,ACEITE DE MOTOR 5W30 FULL SINTÉTICO,1,Prov Repuestos
2026-04-09,Entrada,SURCO,40,AMORTIGUADORES DELANTEROS,1,Prov Repuestos
2026-04-09,Entrada,SURCO,41,AMORTIGUADORES POSTERIORES,1,Prov Repuestos
2026-04-09,Entrada,SURCO,42,"LLANTAS 18""",1,Prov Repuestos
2026-04-09,Entrada,SURCO,43,BATERÍA DE 18 PLACAS,1,Prov Repuestos
2026-04-09,Salida,LA MOLINA,38,ACEITE DE MOTOR 5W30 FULL SINTÉTICO,1,Cliente 14
2026-04-09,Salida,LA MOLINA,40,AMORTIGUADORES DELANTEROS,1,Cliente 23
2026-04-09,Salida,LA MOLINA,41,AMORTIGUADORES POSTERIORES,1,Cliente 20
2026-04-09,Salida,LA MOLINA,42,"LLANTAS 18""",1,Cliente 14
2026-04-09,Salida,LA MOLINA,43,BATERÍA DE 18 PLACAS,1,Cliente 17
2026-04-09,Salida,SURCO,38,ACEITE DE MOTOR 5W30 FULL SINTÉTICO,1,Cliente 50
2026-04-09,Salida,SURCO,40,AMORTIGUADORES DELANTEROS,1,Cliente 19
2026-04-09,Salida,SURCO,41,AMORTIGUADORES POSTERIORES,1,Cliente 22
2026-04-09,Salida,SURCO,42,"LLANTAS 18""",1,Cliente 24
2026-04-09,Salida,SURCO,43,BATERÍA DE 18 PLACAS,1,Cliente 47
2026-04-10,Entrada,LA MOLINA,38,ACEITE DE MOTOR 5W30 FULL SINTÉTICO,1,Prov Repuestos
2026-04-10,Entrada,LA MOLINA,40,AMORTIGUADORES DELANTEROS,1,Prov Repuestos
2026-04-10,Entrada,LA MOLINA,41,AMORTIGUADORES POSTERIORES,1,Prov Repuestos
2026-04-10,Entrada,LA MOLINA,42,"LLANTAS 18""",1,Prov Repuestos
2026-04-10,Entrada,LA MOLINA,43,BATERÍA DE 18 PLACAS,1,Prov Repuestos
2026-04-10,Entrada,SURCO,38,ACEITE DE MOTOR 5W30 FULL SINTÉTICO,1,Prov Repuestos
2026-04-10,Entrada,SURCO,40,AMORTIGUADORES DELANTEROS,1,Prov Repuestos
2026-04-10,Entrada,SURCO,41,AMORTIGUADORES POSTERIORES,1,Prov Repuestos
2026-04-10,Entrada,SURCO,42,"LLANTAS 18""",1,Prov Repuestos
2026-04-10,Entrada,SURCO,43,BATERÍA DE 18 PLACAS,1,Prov Repuestos
2026-04-10,Salida,LA MOLINA,38,ACEITE DE MOTOR 5W30 FULL SINTÉTICO,1,Cliente 14
2026-04-10,Salida,LA MOLINA,40,AMORTIGUADORES DELANTEROS,1,Cliente 49
2026-04-10,Salida,LA MOLINA,41,AMORTIGUADORES POSTERIORES,1,Cliente 48
2026-04-10,Salida,LA MOLINA,42,"LLANTAS 18""",1,Cliente 40
2026-04-10,Salida,LA MOLINA,43,BATERÍA DE 18 PLACAS,1,Cliente 21
2026-04-10,Salida,SURCO,38,ACEITE DE MOTOR 5W30 FULL SINTÉTICO,1,Cliente 37
2026-04-10,Salida,SURCO,40,AMORTIGUADORES DELANTEROS,1,Cliente 45
2026-04-10,Salida,SURCO,41,AMORTIGUADORES POSTERIORES,1,Cliente 47
2026-04-10,Salida,SURCO,42,"LLANTAS 18""",1,Cliente 41
2026-04-11,Entrada,LA MOLINA,38,ACEITE DE MOTOR 5W30 FULL SINTÉTICO,1,Prov Repuestos
2026-04-11,Entrada,LA MOLINA,40,AMORTIGUADORES DELANTEROS,1,Prov Repuestos
2026-04-11,Entrada,LA MOLINA,41,AMORTIGUADORES POSTERIORES,1,Prov Repuestos
2026-04-11,Entrada,LA MOLINA,42,"LLANTAS 18""",1,Prov Repuestos
2026-04-11,Entrada,LA MOLINA,43,BATERÍA DE 18 PLACAS,1,Prov Repuestos
2026-04-11,Entrada,SURCO,38,ACEITE DE MOTOR 5W30 FULL SINTÉTICO,1,Prov Repuestos
2026-04-11,Entrada,SURCO,40,AMORTIGUADORES DELANTEROS,1,Prov Repuestos
2026-04-11,Entrada,SURCO,41,AMORTIGUADORES POSTERIORES,1,Prov Repuestos
2026-04-11,Entrada,SURCO,42,"LLANTAS 18""",1,Prov Repuestos
2026-04-11,Salida,LA MOLINA,38,ACEITE DE MOTOR 5W30 FULL SINTÉTICO,1,Cliente 13
2026-04-11,Salida,LA MOLINA,40,AMORTIGUADORES DELANTEROS,1,Cliente 39
2026-04-11,Salida,LA MOLINA,41,AMORTIGUADORES POSTERIORES,1,Cliente 19
2026-04-11,Salida,LA MOLINA,42,"LLANTAS 18""",1,Cliente 38
2026-04-11,Salida,LA MOLINA,43,BATERÍA DE 18 PLACAS,1,Cliente 16
2026-04-11,Salida,SURCO,38,ACEITE DE MOTOR 5W30 FULL SINTÉTICO,1,Cliente 29
2026-04-11,Salida,SURCO,40,AMORTIGUADORES DELANTEROS,1,Cliente 5
2026-04-11,Salida,SURCO,41,AMORTIGUADORES POSTERIORES,1,Cliente 20
2026-04-11,Salida,SURCO,42,"LLANTAS 18""",1,Cliente 7
2026-04-12,Entrada,LA MOLINA,38,ACEITE DE MOTOR 5W30 FULL SINTÉTICO,1,Prov Repuestos
2026-04-12,Entrada,LA MOLINA,40,AMORTIGUADORES DELANTEROS,1,Prov Repuestos
2026-04-12,Entrada,LA MOLINA,41,AMORTIGUADORES POSTERIORES,1,Prov Repuestos
2026-04-12,Entrada,LA MOLINA,42,"LLANTAS 18""",1,Prov Repuestos
2026-04-12,Entrada,LA MOLINA,43,BATERÍA DE 18 PLACAS,1,Prov Repuestos
2026-04-12,Entrada,SURCO,38,ACEITE DE MOTOR 5W30 FULL SINTÉTICO,1,Prov Repuestos
2026-04-12,Entrada,SURCO,40,AMORTIGUADORES DELANTEROS,1,Prov Repuestos
2026-04-12,Entrada,SURCO,41,AMORTIGUADORES POSTERIORES,1,Prov Repuestos
2026-04-12,Entrada,SURCO,42,"LLANTAS 18""",1,Prov Repuestos
2026-04-12,Salida,LA MOLINA,38,ACEITE DE MOTOR 5W30 FULL SINTÉTICO,1,Cliente 9
2026-04-12,Salida,LA MOLINA,40,AMORTIGUADORES DELANTEROS,1,Cliente 27
2026-04-12,Salida,LA MOLINA,41,AMORTIGUADORES POSTERIORES,1,Cliente 47
2026-04-12,Salida,LA MOLINA,42,"LLANTAS 18""",1,Cliente 49
2026-04-12,Salida,SURCO,38,ACEITE DE MOTOR 5W30 FULL SINTÉTICO,1,Cliente 24
2026-04-12,Salida,SURCO,40,AMORTIGUADORES DELANTEROS,1,Cliente 32
2026-04-12,Salida,SURCO,41,AMORTIGUADORES POSTERIORES,1,Cliente 49
2026-04-12,Salida,SURCO,42,"LLANTAS 18""",1,Cliente 29
2026-04-13,Entrada,LA MOLINA,38,ACEITE DE MOTOR 5W30 FULL SINTÉTICO,1,Prov Repuestos
2026-04-13,Entrada,LA MOLINA,40,AMORTIGUADORES DELANTEROS,1,Prov Repuestos
2026-04-13,Entrada,LA MOLINA,41,AMORTIGUADORES POSTERIORES,1,Prov Repuestos
2026-04-13,Entrada,LA MOLINA,42,"LLANTAS 18""",1,Prov Repuestos
2026-04-13,Entrada,SURCO,38,ACEITE DE MOTOR 5W30 FULL SINTÉTICO,1,Prov Repuestos
2026-04-13,Entrada,SURCO,40,AMORTIGUADORES DELANTEROS,1,Prov Repuestos
2026-04-13,Entrada,SURCO,41,AMORTIGUADORES POSTERIORES,1,Prov Repuestos
2026-04-13,Entrada,SURCO,42,"LLANTAS 18""",1,Prov Repuestos
2026-04-13,Salida,LA MOLINA,38,ACEITE DE MOTOR 5W30 FULL SINTÉTICO,1,Cliente 15
2026-04-13,Salida,LA MOLINA,40,AMORTIGUADORES DELANTEROS,1,Cliente 24
2026-04-13,Salida,LA MOLINA,41,AMORTIGUADORES POSTERIORES,1,Cliente 21
2026-04-13,Salida,LA MOLINA,42,"LLANTAS 18""",1,Cliente 18
2026-04-13,Salida,SURCO,38,ACEITE DE MOTOR 5W30 FULL SINTÉTICO,1,Cliente 25
2026-04-13,Salida,SURCO,40,AMORTIGUADORES DELANTEROS,1,Cliente 15
2026-04-13,Salida,SURCO,41,AMORTIGUADORES POSTERIORES,1,Cliente 10
2026-04-13,Salida,SURCO,42,"LLANTAS 18""",1,Cliente 25
2026-04-14,Entrada,LA MOLINA,38,ACEITE DE MOTOR 5W30 FULL SINTÉTICO,1,Prov Repuestos
2026-04-14,Entrada,LA MOLINA,40,AMORTIGUADORES DELANTEROS,1,Prov Repuestos
2026-04-14,Entrada,LA MOLINA,41,AMORTIGUADORES POSTERIORES,1,Prov Repuestos
2026-04-14,Entrada,LA MOLINA,42,"LLANTAS 18""",1,Prov Repuestos
2026-04-14,Entrada,SURCO,38,ACEITE DE MOTOR 5W30 FULL SINTÉTICO,1,Prov Repuestos
2026-04-14,Entrada,SURCO,40,AMORTIGUADORES DELANTEROS,1,Prov Repuestos
2026-04-14,Entrada,SURCO,41,AMORTIGUADORES POSTERIORES,1,Prov Repuestos
2026-04-14,Entrada,SURCO,42,"LLANTAS 18""",1,Prov Repuestos
2026-04-14,Salida,LA MOLINA,38,ACEITE DE MOTOR 5W30 FULL SINTÉTICO,1,Cliente 41
2026-04-14,Salida,LA MOLINA,40,AMORTIGUADORES DELANTEROS,1,Cliente 31
2026-04-14,Salida,LA MOLINA,41,AMORTIGUADORES POSTERIORES,1,Cliente 13
2026-04-14,Salida,LA MOLINA,42,"LLANTAS 18""",1,Cliente 44
2026-04-14,Salida,SURCO,38,ACEITE DE MOTOR 5W30 FULL SINTÉTICO,1,Cliente 29
2026-04-14,Salida,SURCO,40,AMORTIGUADORES DELANTEROS,1,Cliente 41
2026-04-14,Salida,SURCO,41,AMORTIGUADORES POSTERIORES,1,Cliente 2
2026-04-14,Salida,SURCO,42,"LLANTAS 18""",1,Cliente 10
2026-04-14,Control,SURCO,1,AUTO HONDA ACCORD 2014,0,
2026-04-14,Control,SURCO,2,AUTO HONDA CIVIC 2014,0,
2026-04-14,Control,SURCO,3,AUTO HONDA ODISSEY 2013,0,
2026-04-14,Control,SURCO,4,AUTO HONDA CRV 2014,0,
2026-04-14,Control,SURCO,5,AUTO HONDA PILOT 2013,1,
2026-04-14,Control,SURCO,6,AUTO HONDA FIT 2016,0,
2026-04-14,Control,SURCO,7,AUTO HONDA CITY 2016,0,
2026-04-14,Control,SURCO,8,CAMIONETA HONDA ELEMENT 2013,0,
2026-04-14,Control,SURCO,9,CAMIONETA HONDA CROSSTOUR 2013,0,
2026-04-14,Control,SURCO,10,CAMIONETA HONDA CR-Z 2015,0,
2026-04-14,Control,SURCO,11,CAMIONETA HONDA RID LINE PICK UP 2014,0,
2026-04-14,Control,SURCO,38,ACEITE DE MOTOR 5W30 FULL SINTÉTICO,-1,
2026-04-14,Control,SURCO,39,FILTRO DE COMBUSTIBLE,3,
2026-04-14,Control,SURCO,40,AMORTIGUADORES DELANTEROS,-1,
2026-04-14,Control,SURCO,41,AMORTIGUADORES POSTERIORES,-1,
2026-04-14,Control,SURCO,42,"LLANTAS 18""",-1,
2026-04-14,Control,SURCO,43,BATERÍA DE 18 PLACAS,0,
2026-04-14,Control,LA MOLINA,1,AUTO HONDA ACCORD 2014,0,
2026-04-14,Control,LA MOLINA,2,AUTO HONDA CIVIC 2014,0,
2026-04-14,Control,LA MOLINA,3,AUTO HONDA ODISSEY 2013,0,
2026-04-14,Control,LA MOLINA,4,AUTO HONDA CRV 2014,0,
2026-04-14,Control,LA MOLINA,5,AUTO HONDA PILOT 2013,0,
2026-04-14,Control,LA MOLINA,6,AUTO HONDA FIT 2016,0,
2026-04-14,Control,LA MOLINA,7,AUTO HONDA CITY 2016,0,
2026-04-14,Control,LA MOLINA,8,CAMIONETA HONDA ELEMENT 2013,0,
2026-04-14,Control,LA MOLINA,9,CAMIONETA HONDA CROSSTOUR 2013,0,
2026-04-14,Control,LA MOLINA,10,CAMIONETA HONDA CR-Z 2015,0,
2026-04-14,Control,LA MOLINA,11,CAMIONETA HONDA RID LINE PICK UP 2014,0,
2026-04-14,Control,LA MOLINA,38,ACEITE DE MOTOR 5W30 FULL SINTÉTICO,-1,
2026-04-14,Control,LA MOLINA,39,FILTRO DE COMBUSTIBLE,147,
2026-04-14,Control,LA MOLINA,40,AMORTIGUADORES DELANTEROS,-1,
2026-04-14,Control,LA MOLINA,41,AMORTIGUADORES POSTERIORES,-1,
2026-04-14,Control,LA MOLINA,42,"LLANTAS 18""",-1,
2026-04-14,Control,LA MOLINA,43,BATERÍA DE 18 PLACAS,0,
2026-04-15,Entrada,LA MOLINA,38,ACEITE DE MOTOR 5W30 FULL SINTÉTICO,1,Prov Repuestos
2026-04-15,Entrada,LA MOLINA,40,AMORTIGUADORES DELANTEROS,1,Prov Repuestos
2026-04-15,Entrada,LA MOLINA,41,AMORTIGUADORES POSTERIORES,1,Prov Repuestos
2026-04-15,Entrada,LA MOLINA,42,"LLANTAS 18""",1,Prov Repuestos
2026-04-15,Entrada,SURCO,38,ACEITE DE MOTOR 5W30 FULL SINTÉTICO,1,Prov Repuestos
2026-04-15,Entrada,SURCO,40,AMORTIGUADORES DELANTEROS,1,Prov Repuestos
2026-04-15,Entrada,SURCO,41,AMORTIGUADORES POSTERIORES,1,Prov Repuestos
2026-04-15,Entrada,SURCO,42,"LLANTAS 18""",1,Prov Repuestos
2026-04-15,Salida,LA MOLINA,38,ACEITE DE MOTOR 5W30 FULL SINTÉTICO,1,Cliente 30
2026-04-15,Salida,LA MOLINA,40,AMORTIGUADORES DELANTEROS,1,Cliente 50
2026-04-15,Salida,LA MOLINA,41,AMORTIGUADORES POSTERIORES,1,Cliente 37
2026-04-15,Salida,LA MOLINA,42,"LLANTAS 18""",1,Cliente 42
2026-04-15,Salida,SURCO,38,ACEITE DE MOTOR 5W30 FULL SINTÉTICO,1,Cliente 17
2026-04-15,Salida,SURCO,40,AMORTIGUADORES DELANTEROS,1,Cliente 5
2026-04-15,Salida,SURCO,41,AMORTIGUADORES POSTERIORES,1,Cliente 16
2026-04-15,Salida,SURCO,42,"LLANTAS 18""",1,Cliente 30
2026-04-16,Entrada,LA MOLINA,38,ACEITE DE MOTOR 5W30 FULL SINTÉTICO,1,Prov Repuestos
2026-04-16,Entrada,LA MOLINA,40,AMORTIGUADORES DELANTEROS,1,Prov Repuestos
2026-04-16,Entrada,LA MOLINA,41,AMORTIGUADORES POSTERIORES,1,Prov Repuestos
2026-04-16,Entrada,LA MOLINA,42,"LLANTAS 18""",1,Prov Repuestos
2026-04-16,Entrada,SURCO,38,ACEITE DE MOTOR 5W30 FULL SINTÉTICO,1,Prov Repuestos
2026-04-16,Entrada,SURCO,40,AMORTIGUADORES DELANTEROS,1,Prov Repuestos
2026-04-16,Entrada,SURCO,41,AMORTIGUADORES POSTERIORES,1,Prov Repuestos
2026-04-16,Entrada,SURCO,42,"LLANTAS 18""",1,Prov Repuestos
2026-04-16,Salida,LA MOLINA,38,ACEITE DE MOTOR 5W30 FULL SINTÉTICO,1,Cliente 36
2026-04-16,Salida,LA MOLINA,40,AMORTIGUADORES DELANTEROS,1,Cliente 17
2026-04-16,Salida,LA MOLINA,41,AMORTIGUADORES POSTERIORES,1,Cliente 34
2026-04-16,Salida,LA MOLINA,42,"LLANTAS 18""",1,Cliente 43
2026-04-16,Salida,SURCO,38,ACEITE DE MOTOR 5W30 FULL SINTÉTICO,1,Cliente 20
2026-04-16,Salida,SURCO,40,AMORTIGUADORES DELANTEROS,1,Cliente 22
2026-04-16,Salida,SURCO,41,AMORTIGUADORES POSTERIORES,1,Cliente 49
2026-04-16,Salida,SURCO,42,"LLANTAS 18""",1,Cliente 40
2026-04-17,Entrada,LA MOLINA,38,ACEITE DE MOTOR 5W30 FULL SINTÉTICO,1,Prov Repuestos
2026-04-17,Entrada,LA MOLINA,40,AMORTIGUADORES DELANTEROS,1,Prov Repuestos
2026-04-17,Entrada,LA MOLINA,41,AMORTIGUADORES POSTERIORES,1,Prov Repuestos
2026-04-17,Entrada,LA MOLINA,42,"LLANTAS 18""",1,Prov Repuestos
2026-04-17,Entrada,SURCO,38,ACEITE DE MOTOR 5W30 FULL SINTÉTICO,1,Prov Repuestos
2026-04-17,Entrada,SURCO,40,AMORTIGUADORES DELANTEROS,1,Prov Repuestos
2026-04-17,Entrada,SURCO,41,AMORTIGUADORES POSTERIORES,1,Prov Repuestos
2026-04-17,Entrada,SURCO,42,"LLANTAS 18""",1,Prov Repuestos
2026-04-17,Salida,LA MOLINA,38,ACEITE DE MOTOR 5W30 FULL SINTÉTICO,1,Cliente 15
2026-04-17,Salida,LA MOLINA,40,AMORTIGUADORES DELANTEROS,1,Cliente 34
2026-04-17,Salida,LA MOLINA,41,AMORTIGUADORES POSTERIORES,1,Cliente 26
2026-04-17,Salida,LA MOLINA,42,"LLANTAS 18""",1,Cliente 39
2026-04-17,Salida,SURCO,38,ACEITE DE MOTOR 5W30 FULL SINTÉTICO,1,Cliente 46
2026-04-17,Salida,SURCO,40,AMORTIGUADORES DELANTEROS,1,Cliente 35
2026-04-17,Salida,SURCO,41,AMORTIGUADORES POSTERIORES,1,Cliente 29
2026-04-17,Salida,SURCO,42,"LLANTAS 18""",1,Cliente 31
2026-04-18,Entrada,LA MOLINA,38,ACEITE DE MOTOR 5W30 FULL SINTÉTICO,1,Prov Repuestos
2026-04-18,Entrada,LA MOLINA,40,AMORTIGUADORES DELANTEROS,1,Prov Repuestos
2026-04-18,Entrada,LA MOLINA,41,AMORTIGUADORES POSTERIORES,1,Prov Repuestos
2026-04-18,Entrada,LA MOLINA,42,"LLANTAS 18""",1,Prov Repuestos
2026-04-18,Entrada,SURCO,38,ACEITE DE MOTOR 5W30 FULL SINTÉTICO,1,Prov Repuestos
2026-04-18,Entrada,SURCO,40,AMORTIGUADORES DELANTEROS,1,Prov Repuestos
2026-04-18,Entrada,SURCO,41,AMORTIGUADORES POSTERIORES,1,Prov Repuestos
2026-04-18,Entrada,SURCO,42,"LLANTAS 18""",1,Prov Repuestos
2026-04-18,Salida,LA MOLINA,38,ACEITE DE MOTOR 5W30 FULL SINTÉTICO,1,Cliente 45
2026-04-18,Salida,LA MOLINA,40,AMORTIGUADORES DELANTEROS,1,Cliente 37
2026-04-18,Salida,LA MOLINA,41,AMORTIGUADORES POSTERIORES,1,Cliente 26
2026-04-18,Salida,LA MOLINA,42,"LLANTAS 18""",1,Cliente 35
2026-04-18,Salida,SURCO,38,ACEITE DE MOTOR 5W30 FULL SINTÉTICO,1,Cliente 13
2026-04-18,Salida,SURCO,40,AMORTIGUADORES DELANTEROS,1,Cliente 49
2026-04-18,Salida,SURCO,41,AMORTIGUADORES POSTERIORES,1,Cliente 17
2026-04-18,Salida,SURCO,42,"LLANTAS 18""",1,Cliente 41
2026-04-19,Entrada,LA MOLINA,38,ACEITE DE MOTOR 5W30 FULL SINTÉTICO,1,Prov Repuestos
2026-04-19,Entrada,LA MOLINA,40,AMORTIGUADORES DELANTEROS,1,Prov Repuestos
2026-04-19,Entrada,LA MOLINA,41,AMORTIGUADORES POSTERIORES,1,Prov Repuestos
2026-04-19,Entrada,LA MOLINA,42,"LLANTAS 18""",1,Prov Repuestos
2026-04-19,Entrada,SURCO,38,ACEITE DE MOTOR 5W30 FULL SINTÉTICO,1,Prov Repuestos
2026-04-19,Entrada,SURCO,40,AMORTIGUADORES DELANTEROS,1,Prov Repuestos
2026-04-19,Entrada,SURCO,41,AMORTIGUADORES POSTERIORES,1,Prov Repuestos
2026-04-19,Entrada,SURCO,42,"LLANTAS 18""",1,Prov Repuestos
2026-04-19,Salida,LA MOLINA,40,AMORTIGUADORES DELANTEROS,1,Cliente 8
2026-04-19,Salida,LA MOLINA,41,AMORTIGUADORES POSTERIORES,1,Cliente 34
2026-04-19,Salida,LA MOLINA,42,"LLANTAS 18""",1,Cliente 16
2026-04-19,Salida,SURCO,38,ACEITE DE MOTOR 5W30 FULL SINTÉTICO,1,Cliente 28
2026-04-19,Salida,SURCO,40,AMORTIGUADORES DELANTEROS,1,Cliente 10
2026-04-20,Entrada,LA MOLINA,40,AMORTIGUADORES DELANTEROS,1,Prov Repuestos
2026-04-20,Entrada,LA MOLINA,41,AMORTIGUADORES POSTERIORES,1,Prov Repuestos
2026-04-20,Entrada,LA MOLINA,42,"LLANTAS 18""",1,Prov Repuestos
2026-04-20,Entrada,SURCO,38,ACEITE DE MOTOR 5W30 FULL SINTÉTICO,1,Prov Repuestos
2026-04-20,Entrada,SURCO,40,AMORTIGUADORES DELANTEROS,1,Prov Repuestos
2026-04-20,Salida,LA MOLINA,40,AMORTIGUADORES DELANTEROS,1,Cliente 17
2026-04-20,Salida,LA MOLINA,41,AMORTIGUADORES POSTERIORES,1,Cliente 43
2026-04-20,Salida,SURCO,40,AMORTIGUADORES DELANTEROS,1,Cliente 6
2026-04-21,Entrada,LA MOLINA,40,AMORTIGUADORES DELANTEROS,1,Prov Repuestos
2026-04-21,Entrada,LA MOLINA,41,AMORTIGUADORES POSTERIORES,1,Prov Repuestos
2026-04-21,Entrada,SURCO,40,AMORTIGUADORES DELANTEROS,1,Prov Repuestos
2026-04-21,Salida,LA MOLINA,40,AMORTIGUADORES DELANTEROS,1,Cliente 29
2026-04-21,Salida,LA MOLINA,41,AMORTIGUADORES POSTERIORES,1,Cliente 11
2026-04-21,Salida,SURCO,40,AMORTIGUADORES DELANTEROS,1,Cliente 24
2026-04-22,Entrada,LA MOLINA,40,AMORTIGUADORES DELANTEROS,1,Prov Repuestos
2026-04-22,Entrada,LA MOLINA,41,AMORTIGUADORES POSTERIORES,1,Prov Repuestos
2026-04-22,Entrada,SURCO,40,AMORTIGUADORES DELANTEROS,1,Prov Repuestos
2026-04-22,Salida,LA MOLINA,40,AMORTIGUADORES DELANTEROS,1,Cliente 20
2026-04-22,Salida,SURCO,40,AMORTIGUADORES DELANTEROS,1,Cliente 37
2026-04-23,Entrada,LA MOLINA,40,AMORTIGUADORES DELANTEROS,1,Prov Repuestos
2026-04-23,Entrada,SURCO,40,AMORTIGUADORES DELANTEROS,1,Prov Repuestos
2026-04-23,Salida,LA MOLINA,40,AMORTIGUADORES DELANTEROS,1,Cliente 48
2026-04-23,Salida,SURCO,40,AMORTIGUADORES DELANTEROS,1,Cliente 8
2026-04-24,Entrada,LA MOLINA,40,AMORTIGUADORES DELANTEROS,1,Prov Repuestos
2026-04-24,Entrada,SURCO,40,AMORTIGUADORES DELANTEROS,1,Prov Repuestos
2026-04-24,Salida,LA MOLINA,40,AMORTIGUADORES DELANTEROS,1,Cliente 13
2026-04-25,Entrada,LA MOLINA,40,AMORTIGUADORES DELANTEROS,1,Prov Repuestos
2026-04-25,Salida,LA MOLINA,40,AMORTIGUADORES DELANTEROS,1,Cliente 20
2026-04-26,Entrada,LA MOLINA,40,AMORTIGUADORES DELANTEROS,1,Prov Repuestos
2026-04-26,Salida,LA MOLINA,40,AMORTIGUADORES DELANTEROS,1,Cliente 29
2026-04-27,Entrada,LA MOLINA,40,AMORTIGUADORES DELANTEROS,1,Prov Repuestos
2026-04-27,Salida,LA MOLINA,40,AMORTIGUADORES DELANTEROS,1,Cliente 28
2026-04-28,Entrada,LA MOLINA,40,AMORTIGUADORES DELANTEROS,1,Prov Repuestos
2026-04-28,Salida,LA MOLINA,40,AMORTIGUADORES DELANTEROS,1,Cliente 14
2026-04-29,Entrada,LA MOLINA,40,AMORTIGUADORES DELANTEROS,1,Prov Repuestos
2026-04-29,Salida,LA MOLINA,40,AMORTIGUADORES DELANTEROS,1,Cliente 20
2026-04-30,Entrada,LA MOLINA,40,AMORTIGUADORES DELANTEROS,1,Prov Repuestos
2026-04-30,Salida,LA MOLINA,40,AMORTIGUADORES DELANTEROS,1,Cliente 7
2026-04-30,Control,SURCO,1,AUTO HONDA ACCORD 2014,0,
2026-04-30,Control,SURCO,2,AUTO HONDA CIVIC 2014,0,
2026-04-30,Control,SURCO,3,AUTO HONDA ODISSEY 2013,0,
2026-04-30,Control,SURCO,4,AUTO HONDA CRV 2014,0,
2026-04-30,Control,SURCO,5,AUTO HONDA PILOT 2013,1,
2026-04-30,Control,SURCO,6,AUTO HONDA FIT 2016,0,
2026-04-30,Control,SURCO,7,AUTO HONDA CITY 2016,0,
2026-04-30,Control,SURCO,8,CAMIONETA HONDA ELEMENT 2013,0,
2026-04-30,Control,SURCO,9,CAMIONETA HONDA CROSSTOUR 2013,0,
2026-04-30,Control,SURCO,10,CAMIONETA HONDA CR-Z 2015,0,
2026-04-30,Control,SURCO,11,CAMIONETA HONDA RID LINE PICK UP 2014,0,
2026-04-30,Control,SURCO,38,ACEITE DE MOTOR 5W30 FULL SINTÉTICO,0,
2026-04-30,Control,SURCO,39,FILTRO DE COMBUSTIBLE,3,
2026-04-30,Control,SURCO,40,AMORTIGUADORES DELANTEROS,0,
2026-04-30,Control,SURCO,41,AMORTIGUADORES POSTERIORES,0,
2026-04-30,Control,SURCO,42,"LLANTAS 18""",0,
2026-04-30,Control,SURCO,43,BATERÍA DE 18 PLACAS,0,
2026-04-30,Control,LA MOLINA,1,AUTO HONDA ACCORD 2014,0,
2026-04-30,Control,LA MOLINA,2,AUTO HONDA CIVIC 2014,0,
2026-04-30,Control,LA MOLINA,3,AUTO HONDA ODISSEY 2013,0,
2026-04-30,Control,LA MOLINA,4,AUTO HONDA CRV 2014,0,
2026-04-30,Control,LA MOLINA,5,AUTO HONDA PILOT 2013,0,
2026-04-30,Control,LA MOLINA,6,AUTO HONDA FIT 2016,0,
2026-04-30,Control,LA MOLINA,7,AUTO HONDA CITY 2016,0,
2026-04-30,Control,LA MOLINA,8,CAMIONETA HONDA ELEMENT 2013,0,
2026-04-30,Control,LA MOLINA,9,CAMIONETA HONDA CROSSTOUR 2013,0,
2026-04-30,Control,LA MOLINA,10,CAMIONETA HONDA CR-Z 2015,0,
2026-04-30,Control,LA MOLINA,11,CAMIONETA HONDA RID LINE PICK UP 2014,0,
2026-04-30,Control,LA MOLINA,38,ACEITE DE MOTOR 5W30 FULL SINTÉTICO,0,
2026-04-30,Control,LA MOLINA,39,FILTRO DE COMBUSTIBLE,147,
2026-04-30,Control,LA MOLINA,40,AMORTIGUADORES DELANTEROS,-1,
2026-04-30,Control,LA MOLINA,41,AMORTIGUADORES POSTERIORES,0,
2026-04-30,Control,LA MOLINA,42,"LLANTAS 18""",0,
2026-04-30,Control,LA MOLINA,43,BATERÍA DE 18 PLACAS,0,
