id_venta,fecha,id_cliente,id_almacen,id_producto,producto,cantidad,precio_venta,monto,id_vendedor
1,2023-01-02,53,1,1,AUTO HONDA ACCORD 2014,1,35894,35894,3
2,2023-01-09,151,1,1,AUTO HONDA ACCORD 2014,1,35894,35894,1
3,2023-01-03,89,2,1,AUTO HONDA ACCORD 2014,1,35894,35894,4
4,2023-01-25,90,2,2,AUTO HONDA CIVIC 2014,1,23803,23803,4
5,2023-01-14,194,1,2,AUTO HONDA CIVIC 2014,1,23803,23803,3
6,2023-01-09,93,1,2,AUTO HONDA CIVIC 2014,1,23803,23803,1
7,2023-01-04,62,2,2,AUTO HONDA CIVIC 2014,1,23803,23803,4
8,2023-01-27,81,2,2,AUTO HONDA CIVIC 2014,1,23803,23803,2
9,2023-01-28,87,1,2,AUTO HONDA CIVIC 2014,1,23803,23803,1
10,2023-01-02,137,1,2,AUTO HONDA CIVIC 2014,1,23803,23803,1
11,2023-01-13,156,1,2,AUTO HONDA CIVIC 2014,1,23803,23803,3
12,2023-01-18,76,2,4,AUTO HONDA CRV 2014,1,31718,31718,2
13,2023-01-18,88,2,4,AUTO HONDA CRV 2014,1,31718,31718,4
14,2023-01-11,115,2,4,AUTO HONDA CRV 2014,1,31718,31718,2
15,2023-01-11,126,1,4,AUTO HONDA CRV 2014,1,31718,31718,1
16,2023-01-28,188,2,4,AUTO HONDA CRV 2014,1,31718,31718,2
17,2023-01-02,170,2,4,AUTO HONDA CRV 2014,1,31718,31718,3
18,2023-01-06,171,2,4,AUTO HONDA CRV 2014,1,31718,31718,1
19,2023-01-05,137,1,5,AUTO HONDA PILOT 2013,1,21940,21940,4
20,2023-01-11,186,1,5,AUTO HONDA PILOT 2013,1,21940,21940,1
21,2023-01-18,153,2,5,AUTO HONDA PILOT 2013,1,21940,21940,3
22,2023-01-11,7,2,5,AUTO HONDA PILOT 2013,1,21940,21940,3
23,2023-01-23,141,1,5,AUTO HONDA PILOT 2013,1,21940,21940,2
24,2023-01-08,10,2,5,AUTO HONDA PILOT 2013,1,21940,21940,2
25,2023-01-06,31,2,5,AUTO HONDA PILOT 2013,1,21940,21940,2
26,2023-01-01,114,2,6,AUTO HONDA FIT 2016,1,30359,30359,3
27,2023-01-14,199,1,6,AUTO HONDA FIT 2016,1,30359,30359,1
28,2023-01-25,59,1,6,AUTO HONDA FIT 2016,1,30359,30359,1
29,2023-01-03,170,1,6,AUTO HONDA FIT 2016,1,30359,30359,3
30,2023-01-20,186,1,6,AUTO HONDA FIT 2016,1,30359,30359,4
31,2023-01-13,158,2,6,AUTO HONDA FIT 2016,1,30359,30359,3
32,2023-01-03,140,2,6,AUTO HONDA FIT 2016,1,30359,30359,2
33,2023-01-01,40,1,6,AUTO HONDA FIT 2016,1,30359,30359,4
34,2023-01-11,56,1,7,AUTO HONDA CITY 2016,1,29758,29758,4
35,2023-01-24,75,2,7,AUTO HONDA CITY 2016,1,29758,29758,3
36,2023-01-15,13,1,7,AUTO HONDA CITY 2016,1,29758,29758,3
37,2023-01-04,161,1,7,AUTO HONDA CITY 2016,1,29758,29758,4
38,2023-01-02,158,1,8,CAMIONETA HONDA ELEMENT 2013,1,52453,52453,3
39,2023-01-03,157,2,8,CAMIONETA HONDA ELEMENT 2013,1,52453,52453,1
40,2023-01-22,161,1,8,CAMIONETA HONDA ELEMENT 2013,1,52453,52453,3
41,2023-01-05,195,2,8,CAMIONETA HONDA ELEMENT 2013,1,52453,52453,2
42,2023-01-05,118,1,9,CAMIONETA HONDA CROSSTOUR 2013,1,46040,46040,1
43,2023-01-26,164,2,9,CAMIONETA HONDA CROSSTOUR 2013,1,46040,46040,3
44,2023-01-01,138,1,9,CAMIONETA HONDA CROSSTOUR 2013,1,46040,46040,1
45,2023-01-10,42,2,9,CAMIONETA HONDA CROSSTOUR 2013,1,46040,46040,1
46,2023-01-14,32,1,9,CAMIONETA HONDA CROSSTOUR 2013,1,46040,46040,3
47,2023-01-19,170,1,10,CAMIONETA HONDA CR-Z 2015,1,40128,40128,3
48,2023-01-16,110,1,10,CAMIONETA HONDA CR-Z 2015,1,40128,40128,2
49,2023-01-09,121,1,10,CAMIONETA HONDA CR-Z 2015,1,40128,40128,1
50,2023-01-16,129,2,10,CAMIONETA HONDA CR-Z 2015,1,40128,40128,2
51,2023-01-27,111,2,10,CAMIONETA HONDA CR-Z 2015,1,40128,40128,2
52,2023-01-02,35,1,11,CAMIONETA HONDA RID LINE PICK UP 2014,1,57264,57264,3
53,2023-01-25,176,1,11,CAMIONETA HONDA RID LINE PICK UP 2014,1,57264,57264,4
54,2023-01-10,132,1,11,CAMIONETA HONDA RID LINE PICK UP 2014,1,57264,57264,4
55,2023-01-11,122,2,11,CAMIONETA HONDA RID LINE PICK UP 2014,1,57264,57264,1
56,2023-01-26,165,1,38,ACEITE DE MOTOR 5W30 FULL SINTÉTICO,17,100,1700,1
57,2023-01-07,112,2,38,ACEITE DE MOTOR 5W30 FULL SINTÉTICO,16,100,1600,4
58,2023-01-21,80,1,38,ACEITE DE MOTOR 5W30 FULL SINTÉTICO,20,100,2000,1
59,2023-01-19,93,2,38,ACEITE DE MOTOR 5W30 FULL SINTÉTICO,17,100,1700,3
60,2023-01-01,70,1,38,ACEITE DE MOTOR 5W30 FULL SINTÉTICO,11,100,1100,4
61,2023-01-25,33,2,38,ACEITE DE MOTOR 5W30 FULL SINTÉTICO,13,100,1300,2
62,2023-01-14,45,2,38,ACEITE DE MOTOR 5W30 FULL SINTÉTICO,17,100,1700,4
63,2023-01-21,139,1,38,ACEITE DE MOTOR 5W30 FULL SINTÉTICO,18,100,1800,2
64,2023-01-17,28,2,38,ACEITE DE MOTOR 5W30 FULL SINTÉTICO,16,100,1600,3
65,2023-01-14,74,1,38,ACEITE DE MOTOR 5W30 FULL SINTÉTICO,3,100,300,2
66,2023-01-17,50,2,39,FILTRO DE COMBUSTIBLE,12,95,1140,1
67,2023-01-28,65,1,39,FILTRO DE COMBUSTIBLE,1,95,95,3
68,2023-01-24,171,2,39,FILTRO DE COMBUSTIBLE,2,95,190,4
69,2023-01-16,132,2,39,FILTRO DE COMBUSTIBLE,1,95,95,4
70,2023-01-06,139,2,39,FILTRO DE COMBUSTIBLE,2,95,190,3
71,2023-01-11,171,2,40,AMORTIGUADORES DELANTEROS,11,248,2728,1
72,2023-01-13,195,2,40,AMORTIGUADORES DELANTEROS,18,248,4464,1
73,2023-01-24,180,1,40,AMORTIGUADORES DELANTEROS,3,248,744,2
74,2023-01-13,148,2,40,AMORTIGUADORES DELANTEROS,15,248,3720,1
75,2023-01-25,198,1,40,AMORTIGUADORES DELANTEROS,19,248,4712,1
76,2023-01-01,37,1,40,AMORTIGUADORES DELANTEROS,11,248,2728,1
77,2023-01-19,128,1,40,AMORTIGUADORES DELANTEROS,7,248,1736,3
78,2023-01-27,104,2,40,AMORTIGUADORES DELANTEROS,3,248,744,4
79,2023-01-01,163,1,40,AMORTIGUADORES DELANTEROS,12,248,2976,4
80,2023-01-08,43,1,40,AMORTIGUADORES DELANTEROS,12,248,2976,3
81,2023-01-18,60,2,40,AMORTIGUADORES DELANTEROS,13,248,3224,3
82,2023-01-24,146,2,40,AMORTIGUADORES DELANTEROS,17,248,4216,2
83,2023-01-21,142,1,40,AMORTIGUADORES DELANTEROS,2,248,496,1
84,2023-01-16,92,2,40,AMORTIGUADORES DELANTEROS,10,248,2480,3
85,2023-01-18,88,2,40,AMORTIGUADORES DELANTEROS,8,248,1984,2
86,2023-01-06,53,1,40,AMORTIGUADORES DELANTEROS,16,248,3968,4
87,2023-01-18,137,1,40,AMORTIGUADORES DELANTEROS,2,248,496,2
88,2023-01-13,185,2,40,AMORTIGUADORES DELANTEROS,2,248,496,2
89,2023-01-02,37,1,40,AMORTIGUADORES DELANTEROS,1,248,248,4
90,2023-01-05,150,1,41,AMORTIGUADORES POSTERIORES,1,120,120,4
91,2023-01-07,33,2,41,AMORTIGUADORES POSTERIORES,15,120,1800,4
92,2023-01-09,147,2,41,AMORTIGUADORES POSTERIORES,1,120,120,1
93,2023-01-22,23,2,41,AMORTIGUADORES POSTERIORES,12,120,1440,1
94,2023-01-14,168,2,41,AMORTIGUADORES POSTERIORES,9,120,1080,1
95,2023-01-01,86,1,41,AMORTIGUADORES POSTERIORES,14,120,1680,4
96,2023-01-20,39,2,41,AMORTIGUADORES POSTERIORES,4,120,480,4
97,2023-01-17,103,1,41,AMORTIGUADORES POSTERIORES,3,120,360,4
98,2023-01-23,103,1,41,AMORTIGUADORES POSTERIORES,12,120,1440,4
99,2023-01-03,59,2,41,AMORTIGUADORES POSTERIORES,3,120,360,3
100,2023-01-01,130,2,41,AMORTIGUADORES POSTERIORES,14,120,1680,1
101,2023-01-13,94,1,41,AMORTIGUADORES POSTERIORES,18,120,2160,3
102,2023-01-18,132,1,41,AMORTIGUADORES POSTERIORES,1,120,120,4
103,2023-01-01,25,1,41,AMORTIGUADORES POSTERIORES,4,120,480,4
104,2023-01-09,166,2,42,"LLANTAS 18""",11,68,748,3
105,2023-01-02,158,1,42,"LLANTAS 18""",16,68,1088,4
106,2023-01-11,103,1,42,"LLANTAS 18""",18,68,1224,4
107,2023-01-12,8,1,42,"LLANTAS 18""",14,68,952,4
108,2023-01-21,147,1,42,"LLANTAS 18""",1,68,68,4
109,2023-01-14,58,2,42,"LLANTAS 18""",6,68,408,3
110,2023-01-23,42,2,42,"LLANTAS 18""",3,68,204,3
111,2023-01-12,161,2,42,"LLANTAS 18""",5,68,340,1
112,2023-01-24,196,2,42,"LLANTAS 18""",8,68,544,2
113,2023-01-27,3,1,42,"LLANTAS 18""",3,68,204,4
114,2023-01-02,152,1,42,"LLANTAS 18""",11,68,748,1
115,2023-01-13,121,1,42,"LLANTAS 18""",3,68,204,3
116,2023-01-10,128,1,43,BATERÍA DE 18 PLACAS,18,125,2250,4
117,2023-01-21,173,1,43,BATERÍA DE 18 PLACAS,5,125,625,1
118,2023-01-25,110,2,43,BATERÍA DE 18 PLACAS,10,125,1250,1
119,2023-01-12,55,1,43,BATERÍA DE 18 PLACAS,13,125,1625,3
120,2023-01-18,1,2,43,BATERÍA DE 18 PLACAS,5,125,625,3
121,2023-01-17,36,2,43,BATERÍA DE 18 PLACAS,6,125,750,4
122,2023-01-21,183,1,43,BATERÍA DE 18 PLACAS,1,125,125,2
123,2023-01-26,43,1,43,BATERÍA DE 18 PLACAS,2,125,250,4
124,2023-01-14,10,2,43,BATERÍA DE 18 PLACAS,2,125,250,3
125,2023-02-02,178,1,1,AUTO HONDA ACCORD 2014,1,26157,26157,4
126,2023-02-24,168,2,1,AUTO HONDA ACCORD 2014,1,26157,26157,3
127,2023-02-05,180,1,1,AUTO HONDA ACCORD 2014,1,26157,26157,4
128,2023-02-15,47,1,1,AUTO HONDA ACCORD 2014,1,26157,26157,1
129,2023-02-22,9,2,1,AUTO HONDA ACCORD 2014,1,26157,26157,4
130,2023-02-01,70,1,1,AUTO HONDA ACCORD 2014,1,26157,26157,4
131,2023-02-12,175,1,1,AUTO HONDA ACCORD 2014,1,26157,26157,4
132,2023-02-15,169,1,1,AUTO HONDA ACCORD 2014,1,26157,26157,4
133,2023-02-28,170,1,1,AUTO HONDA ACCORD 2014,1,26157,26157,4
134,2023-02-24,155,2,1,AUTO HONDA ACCORD 2014,1,26157,26157,1
135,2023-02-24,116,2,2,AUTO HONDA CIVIC 2014,1,24660,24660,3
136,2023-02-24,13,1,2,AUTO HONDA CIVIC 2014,1,24660,24660,1
137,2023-02-23,14,2,3,AUTO HONDA ODISSEY 2013,1,22799,22799,2
138,2023-02-22,10,2,3,AUTO HONDA ODISSEY 2013,1,22799,22799,1
139,2023-02-15,165,2,3,AUTO HONDA ODISSEY 2013,1,22799,22799,1
140,2023-02-10,137,2,3,AUTO HONDA ODISSEY 2013,1,22799,22799,2
141,2023-02-14,167,1,3,AUTO HONDA ODISSEY 2013,1,22799,22799,2
142,2023-02-26,21,1,4,AUTO HONDA CRV 2014,1,26738,26738,1
143,2023-02-25,67,1,4,AUTO HONDA CRV 2014,1,26738,26738,1
144,2023-02-01,38,1,4,AUTO HONDA CRV 2014,1,26738,26738,2
145,2023-02-06,20,2,5,AUTO HONDA PILOT 2013,1,26870,26870,3
146,2023-02-17,112,2,5,AUTO HONDA PILOT 2013,1,26870,26870,2
147,2023-02-11,34,1,5,AUTO HONDA PILOT 2013,1,26870,26870,2
148,2023-02-28,127,1,6,AUTO HONDA FIT 2016,1,27435,27435,2
149,2023-02-17,186,2,6,AUTO HONDA FIT 2016,1,27435,27435,3
150,2023-02-17,61,1,6,AUTO HONDA FIT 2016,1,27435,27435,1
151,2023-02-18,58,2,6,AUTO HONDA FIT 2016,1,27435,27435,1
152,2023-02-05,198,1,6,AUTO HONDA FIT 2016,1,27435,27435,4
153,2023-02-11,77,2,7,AUTO HONDA CITY 2016,1,33489,33489,3
154,2023-02-17,5,1,7,AUTO HONDA CITY 2016,1,33489,33489,4
155,2023-02-04,36,1,7,AUTO HONDA CITY 2016,1,33489,33489,3
156,2023-02-18,139,2,7,AUTO HONDA CITY 2016,1,33489,33489,1
157,2023-02-24,177,2,7,AUTO HONDA CITY 2016,1,33489,33489,4
158,2023-02-12,61,2,8,CAMIONETA HONDA ELEMENT 2013,1,31823,31823,1
159,2023-02-08,101,1,8,CAMIONETA HONDA ELEMENT 2013,1,31823,31823,3
160,2023-02-19,84,2,8,CAMIONETA HONDA ELEMENT 2013,1,31823,31823,4
161,2023-02-11,68,1,8,CAMIONETA HONDA ELEMENT 2013,1,31823,31823,1
162,2023-02-03,37,2,9,CAMIONETA HONDA CROSSTOUR 2013,1,37759,37759,1
163,2023-02-09,198,2,9,CAMIONETA HONDA CROSSTOUR 2013,1,37759,37759,2
164,2023-02-17,76,1,10,CAMIONETA HONDA CR-Z 2015,1,32563,32563,2
165,2023-02-08,172,2,10,CAMIONETA HONDA CR-Z 2015,1,32563,32563,1
166,2023-02-07,35,1,10,CAMIONETA HONDA CR-Z 2015,1,32563,32563,3
167,2023-02-11,2,1,10,CAMIONETA HONDA CR-Z 2015,1,32563,32563,2
168,2023-02-09,67,2,11,CAMIONETA HONDA RID LINE PICK UP 2014,1,50280,50280,2
169,2023-02-13,55,2,11,CAMIONETA HONDA RID LINE PICK UP 2014,1,50280,50280,2
170,2023-02-17,137,1,38,ACEITE DE MOTOR 5W30 FULL SINTÉTICO,2,153,306,1
171,2023-02-07,3,1,38,ACEITE DE MOTOR 5W30 FULL SINTÉTICO,3,153,459,3
172,2023-02-07,167,2,38,ACEITE DE MOTOR 5W30 FULL SINTÉTICO,17,153,2601,3
173,2023-02-07,40,1,38,ACEITE DE MOTOR 5W30 FULL SINTÉTICO,1,153,153,3
174,2023-02-19,171,1,38,ACEITE DE MOTOR 5W30 FULL SINTÉTICO,9,153,1377,4
175,2023-02-03,4,1,38,ACEITE DE MOTOR 5W30 FULL SINTÉTICO,8,153,1224,1
176,2023-02-11,71,2,38,ACEITE DE MOTOR 5W30 FULL SINTÉTICO,20,153,3060,2
177,2023-02-11,180,2,38,ACEITE DE MOTOR 5W30 FULL SINTÉTICO,3,153,459,2
178,2023-02-18,27,2,38,ACEITE DE MOTOR 5W30 FULL SINTÉTICO,18,153,2754,2
179,2023-02-26,153,1,38,ACEITE DE MOTOR 5W30 FULL SINTÉTICO,5,153,765,4
180,2023-02-05,39,2,38,ACEITE DE MOTOR 5W30 FULL SINTÉTICO,18,153,2754,3
181,2023-02-16,143,1,38,ACEITE DE MOTOR 5W30 FULL SINTÉTICO,16,153,2448,3
182,2023-02-25,37,1,38,ACEITE DE MOTOR 5W30 FULL SINTÉTICO,4,153,612,2
183,2023-02-09,131,2,39,FILTRO DE COMBUSTIBLE,1,95,95,1
184,2023-02-28,157,2,39,FILTRO DE COMBUSTIBLE,5,95,475,1
185,2023-02-11,40,1,40,AMORTIGUADORES DELANTEROS,16,329,5264,2
186,2023-02-08,68,2,40,AMORTIGUADORES DELANTEROS,13,329,4277,2
187,2023-02-05,61,1,40,AMORTIGUADORES DELANTEROS,17,329,5593,4
188,2023-02-21,158,1,40,AMORTIGUADORES DELANTEROS,20,329,6580,3
189,2023-02-26,14,1,40,AMORTIGUADORES DELANTEROS,1,329,329,1
190,2023-02-20,187,1,40,AMORTIGUADORES DELANTEROS,20,329,6580,1
191,2023-02-11,116,2,40,AMORTIGUADORES DELANTEROS,16,329,5264,3
192,2023-02-04,19,1,40,AMORTIGUADORES DELANTEROS,19,329,6251,3
193,2023-02-12,35,1,41,AMORTIGUADORES POSTERIORES,2,101,202,1
194,2023-02-12,55,2,41,AMORTIGUADORES POSTERIORES,15,101,1515,4
195,2023-02-11,190,2,41,AMORTIGUADORES POSTERIORES,14,101,1414,3
196,2023-02-07,99,1,41,AMORTIGUADORES POSTERIORES,12,101,1212,3
197,2023-02-11,49,1,41,AMORTIGUADORES POSTERIORES,15,101,1515,3
198,2023-02-27,180,2,41,AMORTIGUADORES POSTERIORES,7,101,707,1
199,2023-02-13,19,1,41,AMORTIGUADORES POSTERIORES,6,101,606,2
200,2023-02-27,114,1,41,AMORTIGUADORES POSTERIORES,2,101,202,2
201,2023-02-13,103,2,41,AMORTIGUADORES POSTERIORES,14,101,1414,3
202,2023-02-09,33,1,41,AMORTIGUADORES POSTERIORES,17,101,1717,1
203,2023-02-28,32,1,41,AMORTIGUADORES POSTERIORES,6,101,606,2
204,2023-02-13,55,1,41,AMORTIGUADORES POSTERIORES,9,101,909,2
205,2023-02-03,41,2,41,AMORTIGUADORES POSTERIORES,3,101,303,4
206,2023-02-04,66,1,41,AMORTIGUADORES POSTERIORES,2,101,202,3
207,2023-02-17,132,1,41,AMORTIGUADORES POSTERIORES,1,101,101,2
208,2023-02-11,108,2,42,"LLANTAS 18""",20,61,1220,1
209,2023-02-13,20,1,42,"LLANTAS 18""",2,61,122,3
210,2023-02-19,181,1,42,"LLANTAS 18""",2,61,122,1
211,2023-02-10,37,1,42,"LLANTAS 18""",13,61,793,3
212,2023-02-15,9,2,42,"LLANTAS 18""",4,61,244,4
213,2023-02-25,58,2,42,"LLANTAS 18""",19,61,1159,2
214,2023-02-08,67,2,42,"LLANTAS 18""",11,61,671,3
215,2023-02-09,2,1,42,"LLANTAS 18""",15,61,915,4
216,2023-02-19,115,1,42,"LLANTAS 18""",15,61,915,4
217,2023-02-12,21,2,42,"LLANTAS 18""",19,61,1159,1
218,2023-02-23,5,2,42,"LLANTAS 18""",8,61,488,1
219,2023-02-17,145,1,42,"LLANTAS 18""",8,61,488,3
220,2023-02-09,86,1,42,"LLANTAS 18""",3,61,183,3
221,2023-02-02,55,1,43,BATERÍA DE 18 PLACAS,11,100,1100,2
222,2023-02-04,76,2,43,BATERÍA DE 18 PLACAS,6,100,600,3
223,2023-02-14,197,2,43,BATERÍA DE 18 PLACAS,1,100,100,4
224,2023-02-24,173,2,43,BATERÍA DE 18 PLACAS,16,100,1600,3
225,2023-02-16,98,1,43,BATERÍA DE 18 PLACAS,5,100,500,1
226,2023-02-02,195,2,43,BATERÍA DE 18 PLACAS,9,100,900,2
227,2023-02-18,183,2,43,BATERÍA DE 18 PLACAS,4,100,400,2
228,2023-02-11,124,1,43,BATERÍA DE 18 PLACAS,1,100,100,3
229,2023-02-08,20,2,43,BATERÍA DE 18 PLACAS,1,100,100,1
230,2023-03-20,30,2,1,AUTO HONDA ACCORD 2014,1,27283,27283,1
231,2023-03-28,105,2,1,AUTO HONDA ACCORD 2014,1,27283,27283,2
232,2023-03-02,73,1,1,AUTO HONDA ACCORD 2014,1,27283,27283,1
233,2023-03-15,180,2,1,AUTO HONDA ACCORD 2014,1,27283,27283,4
234,2023-03-17,10,1,2,AUTO HONDA CIVIC 2014,1,22799,22799,4
235,2023-03-20,136,1,2,AUTO HONDA CIVIC 2014,1,22799,22799,1
236,2023-03-25,11,2,2,AUTO HONDA CIVIC 2014,1,22799,22799,1
237,2023-03-10,184,1,2,AUTO HONDA CIVIC 2014,1,22799,22799,3
238,2023-03-23,83,1,2,AUTO HONDA CIVIC 2014,1,22799,22799,4
239,2023-03-19,35,1,3,AUTO HONDA ODISSEY 2013,1,20990,20990,1
240,2023-03-01,169,1,3,AUTO HONDA ODISSEY 2013,1,20990,20990,2
241,2023-03-11,135,2,3,AUTO HONDA ODISSEY 2013,1,20990,20990,2
242,2023-03-24,23,1,4,AUTO HONDA CRV 2014,1,21866,21866,2
243,2023-03-13,168,2,4,AUTO HONDA CRV 2014,1,21866,21866,3
244,2023-03-08,139,2,4,AUTO HONDA CRV 2014,1,21866,21866,1
245,2023-03-23,124,1,5,AUTO HONDA PILOT 2013,1,30304,30304,4
246,2023-03-03,162,1,5,AUTO HONDA PILOT 2013,1,30304,30304,1
247,2023-03-28,74,1,5,AUTO HONDA PILOT 2013,1,30304,30304,4
248,2023-03-09,109,1,5,AUTO HONDA PILOT 2013,1,30304,30304,1
249,2023-03-10,126,1,5,AUTO HONDA PILOT 2013,1,30304,30304,3
250,2023-03-06,42,1,5,AUTO HONDA PILOT 2013,1,30304,30304,1
251,2023-03-14,82,1,6,AUTO HONDA FIT 2016,1,31910,31910,3
252,2023-03-12,115,2,6,AUTO HONDA FIT 2016,1,31910,31910,3
253,2023-03-14,189,1,6,AUTO HONDA FIT 2016,1,31910,31910,2
254,2023-03-02,53,1,6,AUTO HONDA FIT 2016,1,31910,31910,2
255,2023-03-20,57,1,6,AUTO HONDA FIT 2016,1,31910,31910,4
256,2023-03-01,75,2,7,AUTO HONDA CITY 2016,1,30733,30733,3
257,2023-03-16,56,1,7,AUTO HONDA CITY 2016,1,30733,30733,2
258,2023-03-22,42,1,7,AUTO HONDA CITY 2016,1,30733,30733,2
259,2023-03-06,107,2,7,AUTO HONDA CITY 2016,1,30733,30733,3
260,2023-03-07,62,2,7,AUTO HONDA CITY 2016,1,30733,30733,2
261,2023-03-02,34,2,8,CAMIONETA HONDA ELEMENT 2013,1,30142,30142,4
262,2023-03-09,171,1,8,CAMIONETA HONDA ELEMENT 2013,1,30142,30142,3
263,2023-03-17,57,1,9,CAMIONETA HONDA CROSSTOUR 2013,1,34868,34868,1
264,2023-03-06,28,1,9,CAMIONETA HONDA CROSSTOUR 2013,1,34868,34868,2
265,2023-03-25,187,1,9,CAMIONETA HONDA CROSSTOUR 2013,1,34868,34868,2
266,2023-03-24,143,2,9,CAMIONETA HONDA CROSSTOUR 2013,1,34868,34868,1
267,2023-03-17,128,2,10,CAMIONETA HONDA CR-Z 2015,1,41856,41856,4
268,2023-03-27,76,1,10,CAMIONETA HONDA CR-Z 2015,1,41856,41856,4
269,2023-03-07,17,1,10,CAMIONETA HONDA CR-Z 2015,1,41856,41856,4
270,2023-03-10,101,1,10,CAMIONETA HONDA CR-Z 2015,1,41856,41856,2
271,2023-03-16,36,1,11,CAMIONETA HONDA RID LINE PICK UP 2014,1,39060,39060,3
272,2023-03-28,197,2,11,CAMIONETA HONDA RID LINE PICK UP 2014,1,39060,39060,3
273,2023-03-15,67,2,11,CAMIONETA HONDA RID LINE PICK UP 2014,1,39060,39060,2
274,2023-03-10,137,1,38,ACEITE DE MOTOR 5W30 FULL SINTÉTICO,8,144,1152,2
275,2023-03-03,52,2,38,ACEITE DE MOTOR 5W30 FULL SINTÉTICO,17,144,2448,4
276,2023-03-15,107,2,38,ACEITE DE MOTOR 5W30 FULL SINTÉTICO,4,144,576,4
277,2023-03-18,183,1,38,ACEITE DE MOTOR 5W30 FULL SINTÉTICO,20,144,2880,1
278,2023-03-09,84,1,38,ACEITE DE MOTOR 5W30 FULL SINTÉTICO,18,144,2592,3
279,2023-03-17,186,1,38,ACEITE DE MOTOR 5W30 FULL SINTÉTICO,7,144,1008,4
280,2023-03-21,88,2,38,ACEITE DE MOTOR 5W30 FULL SINTÉTICO,3,144,432,2
281,2023-03-14,193,2,38,ACEITE DE MOTOR 5W30 FULL SINTÉTICO,7,144,1008,2
282,2023-03-26,80,2,38,ACEITE DE MOTOR 5W30 FULL SINTÉTICO,7,144,1008,2
283,2023-03-04,52,2,39,FILTRO DE COMBUSTIBLE,15,123,1845,3
284,2023-03-19,105,2,39,FILTRO DE COMBUSTIBLE,1,123,123,3
285,2023-03-25,117,2,39,FILTRO DE COMBUSTIBLE,2,123,246,3
286,2023-03-17,75,1,40,AMORTIGUADORES DELANTEROS,14,245,3430,3
287,2023-03-05,146,1,40,AMORTIGUADORES DELANTEROS,12,245,2940,1
288,2023-03-05,25,2,40,AMORTIGUADORES DELANTEROS,16,245,3920,3
289,2023-03-07,90,2,40,AMORTIGUADORES DELANTEROS,7,245,1715,2
290,2023-03-02,107,2,40,AMORTIGUADORES DELANTEROS,8,245,1960,1
291,2023-03-07,168,2,40,AMORTIGUADORES DELANTEROS,8,245,1960,1
292,2023-03-13,188,1,40,AMORTIGUADORES DELANTEROS,3,245,735,4
293,2023-03-01,33,1,40,AMORTIGUADORES DELANTEROS,1,245,245,4
294,2023-03-21,169,1,40,AMORTIGUADORES DELANTEROS,14,245,3430,2
295,2023-03-18,156,2,40,AMORTIGUADORES DELANTEROS,3,245,735,4
296,2023-03-02,7,2,40,AMORTIGUADORES DELANTEROS,1,245,245,2
297,2023-03-24,193,1,40,AMORTIGUADORES DELANTEROS,1,245,245,2
298,2023-03-23,163,1,40,AMORTIGUADORES DELANTEROS,1,245,245,2
299,2023-03-06,114,2,41,AMORTIGUADORES POSTERIORES,10,103,1030,1
300,2023-03-04,114,2,41,AMORTIGUADORES POSTERIORES,10,103,1030,1
301,2023-03-22,47,2,41,AMORTIGUADORES POSTERIORES,10,103,1030,4
302,2023-03-07,136,1,41,AMORTIGUADORES POSTERIORES,11,103,1133,3
303,2023-03-01,61,1,41,AMORTIGUADORES POSTERIORES,17,103,1751,3
304,2023-03-26,61,2,41,AMORTIGUADORES POSTERIORES,12,103,1236,3
305,2023-03-15,194,1,41,AMORTIGUADORES POSTERIORES,5,103,515,3
306,2023-03-14,174,1,41,AMORTIGUADORES POSTERIORES,8,103,824,1
307,2023-03-17,114,1,41,AMORTIGUADORES POSTERIORES,8,103,824,4
308,2023-03-13,169,2,41,AMORTIGUADORES POSTERIORES,14,103,1442,4
309,2023-03-07,30,1,41,AMORTIGUADORES POSTERIORES,9,103,927,4
310,2023-03-03,133,1,42,"LLANTAS 18""",13,47,611,4
311,2023-03-28,68,1,42,"LLANTAS 18""",16,47,752,4
312,2023-03-10,122,2,42,"LLANTAS 18""",2,47,94,2
313,2023-03-16,5,1,42,"LLANTAS 18""",5,47,235,3
314,2023-03-05,40,1,42,"LLANTAS 18""",4,47,188,3
315,2023-03-15,66,2,42,"LLANTAS 18""",4,47,188,2
316,2023-03-18,96,1,42,"LLANTAS 18""",12,47,564,4
317,2023-03-01,70,1,42,"LLANTAS 18""",20,47,940,1
318,2023-03-17,187,1,42,"LLANTAS 18""",15,47,705,4
319,2023-03-10,146,1,42,"LLANTAS 18""",6,47,282,2
320,2023-03-07,87,1,42,"LLANTAS 18""",3,47,141,4
321,2023-03-02,153,2,42,"LLANTAS 18""",4,47,188,2
322,2023-03-17,157,2,43,BATERÍA DE 18 PLACAS,4,118,472,2
323,2023-03-19,107,1,43,BATERÍA DE 18 PLACAS,4,118,472,4
324,2023-03-24,48,1,43,BATERÍA DE 18 PLACAS,11,118,1298,4
325,2023-03-25,129,1,43,BATERÍA DE 18 PLACAS,3,118,354,2
326,2023-03-13,16,2,43,BATERÍA DE 18 PLACAS,7,118,826,2
327,2023-03-14,48,1,43,BATERÍA DE 18 PLACAS,6,118,708,1
328,2023-03-16,175,2,43,BATERÍA DE 18 PLACAS,3,118,354,3
329,2023-03-28,173,2,43,BATERÍA DE 18 PLACAS,3,118,354,4
330,2023-03-01,96,1,43,BATERÍA DE 18 PLACAS,7,118,826,3
331,2023-04-06,45,2,1,AUTO HONDA ACCORD 2014,1,23201,23201,1
332,2023-04-26,29,2,1,AUTO HONDA ACCORD 2014,1,23201,23201,2
333,2023-04-26,161,2,1,AUTO HONDA ACCORD 2014,1,23201,23201,4
334,2023-04-03,137,2,1,AUTO HONDA ACCORD 2014,1,23201,23201,4
335,2023-04-11,73,2,2,AUTO HONDA CIVIC 2014,1,28018,28018,1
336,2023-04-02,47,1,2,AUTO HONDA CIVIC 2014,1,28018,28018,4
337,2023-04-04,46,1,2,AUTO HONDA CIVIC 2014,1,28018,28018,3
338,2023-04-05,145,1,2,AUTO HONDA CIVIC 2014,1,28018,28018,3
339,2023-04-08,120,2,2,AUTO HONDA CIVIC 2014,1,28018,28018,1
340,2023-04-15,136,2,3,AUTO HONDA ODISSEY 2013,1,18026,18026,3
341,2023-04-14,44,2,3,AUTO HONDA ODISSEY 2013,1,18026,18026,3
342,2023-04-07,193,1,3,AUTO HONDA ODISSEY 2013,1,18026,18026,3
343,2023-04-22,159,2,3,AUTO HONDA ODISSEY 2013,1,18026,18026,2
344,2023-04-13,30,2,3,AUTO HONDA ODISSEY 2013,1,18026,18026,3
345,2023-04-02,169,2,3,AUTO HONDA ODISSEY 2013,1,18026,18026,3
346,2023-04-02,79,1,3,AUTO HONDA ODISSEY 2013,1,18026,18026,4
347,2023-04-05,120,2,3,AUTO HONDA ODISSEY 2013,1,18026,18026,4
348,2023-04-04,38,1,3,AUTO HONDA ODISSEY 2013,1,18026,18026,2
349,2023-04-15,9,1,4,AUTO HONDA CRV 2014,1,25905,25905,2
350,2023-04-23,62,1,4,AUTO HONDA CRV 2014,1,25905,25905,2
351,2023-04-03,179,1,4,AUTO HONDA CRV 2014,1,25905,25905,2
352,2023-04-05,151,1,5,AUTO HONDA PILOT 2013,1,34640,34640,3
353,2023-04-22,128,1,5,AUTO HONDA PILOT 2013,1,34640,34640,1
354,2023-04-02,109,2,5,AUTO HONDA PILOT 2013,1,34640,34640,3
355,2023-04-12,32,1,5,AUTO HONDA PILOT 2013,1,34640,34640,3
356,2023-04-15,139,1,5,AUTO HONDA PILOT 2013,1,34640,34640,2
357,2023-04-26,102,2,5,AUTO HONDA PILOT 2013,1,34640,34640,3
358,2023-04-27,154,2,5,AUTO HONDA PILOT 2013,1,34640,34640,2
359,2023-04-07,141,1,6,AUTO HONDA FIT 2016,1,28040,28040,3
360,2023-04-27,198,2,6,AUTO HONDA FIT 2016,1,28040,28040,2
361,2023-04-08,96,1,6,AUTO HONDA FIT 2016,1,28040,28040,1
362,2023-04-08,11,1,6,AUTO HONDA FIT 2016,1,28040,28040,4
363,2023-04-26,39,2,6,AUTO HONDA FIT 2016,1,28040,28040,2
364,2023-04-14,191,1,6,AUTO HONDA FIT 2016,1,28040,28040,4
365,2023-04-11,92,1,6,AUTO HONDA FIT 2016,1,28040,28040,3
366,2023-04-22,76,1,7,AUTO HONDA CITY 2016,1,28639,28639,4
367,2023-04-05,17,2,7,AUTO HONDA CITY 2016,1,28639,28639,3
368,2023-04-03,19,1,7,AUTO HONDA CITY 2016,1,28639,28639,3
369,2023-04-22,145,2,7,AUTO HONDA CITY 2016,1,28639,28639,4
370,2023-04-01,44,1,7,AUTO HONDA CITY 2016,1,28639,28639,3
371,2023-04-10,75,1,8,CAMIONETA HONDA ELEMENT 2013,1,38711,38711,1
372,2023-04-11,158,1,8,CAMIONETA HONDA ELEMENT 2013,1,38711,38711,4
373,2023-04-22,49,1,9,CAMIONETA HONDA CROSSTOUR 2013,1,32948,32948,3
374,2023-04-13,184,2,9,CAMIONETA HONDA CROSSTOUR 2013,1,32948,32948,4
375,2023-04-12,151,2,10,CAMIONETA HONDA CR-Z 2015,1,35870,35870,4
376,2023-04-26,189,2,10,CAMIONETA HONDA CR-Z 2015,1,35870,35870,2
377,2023-04-08,32,1,10,CAMIONETA HONDA CR-Z 2015,1,35870,35870,3
378,2023-04-27,6,1,10,CAMIONETA HONDA CR-Z 2015,1,35870,35870,3
379,2023-04-02,52,1,11,CAMIONETA HONDA RID LINE PICK UP 2014,1,45972,45972,4
380,2023-04-18,131,2,38,ACEITE DE MOTOR 5W30 FULL SINTÉTICO,2,102,204,3
381,2023-04-04,87,2,38,ACEITE DE MOTOR 5W30 FULL SINTÉTICO,3,102,306,1
382,2023-04-10,66,2,38,ACEITE DE MOTOR 5W30 FULL SINTÉTICO,8,102,816,2
383,2023-04-05,170,1,38,ACEITE DE MOTOR 5W30 FULL SINTÉTICO,8,102,816,4
384,2023-04-26,118,1,38,ACEITE DE MOTOR 5W30 FULL SINTÉTICO,18,102,1836,1
385,2023-04-26,51,1,38,ACEITE DE MOTOR 5W30 FULL SINTÉTICO,1,102,102,1
386,2023-04-25,198,1,38,ACEITE DE MOTOR 5W30 FULL SINTÉTICO,20,102,2040,4
387,2023-04-09,85,2,38,ACEITE DE MOTOR 5W30 FULL SINTÉTICO,18,102,1836,1
388,2023-04-18,39,1,38,ACEITE DE MOTOR 5W30 FULL SINTÉTICO,14,102,1428,2
389,2023-04-12,134,2,38,ACEITE DE MOTOR 5W30 FULL SINTÉTICO,12,102,1224,2
390,2023-04-05,41,2,38,ACEITE DE MOTOR 5W30 FULL SINTÉTICO,11,102,1122,3
391,2023-04-02,127,1,38,ACEITE DE MOTOR 5W30 FULL SINTÉTICO,4,102,408,3
392,2023-04-10,152,1,39,FILTRO DE COMBUSTIBLE,10,157,1570,1
393,2023-04-11,6,1,39,FILTRO DE COMBUSTIBLE,1,157,157,2
394,2023-04-26,35,1,40,AMORTIGUADORES DELANTEROS,1,230,230,1
395,2023-04-17,59,2,40,AMORTIGUADORES DELANTEROS,12,230,2760,1
396,2023-04-21,109,1,40,AMORTIGUADORES DELANTEROS,1,230,230,3
397,2023-04-03,125,1,40,AMORTIGUADORES DELANTEROS,10,230,2300,1
398,2023-04-24,178,1,40,AMORTIGUADORES DELANTEROS,13,230,2990,1
399,2023-04-20,71,1,40,AMORTIGUADORES DELANTEROS,6,230,1380,3
400,2023-04-15,106,2,40,AMORTIGUADORES DELANTEROS,11,230,2530,1
401,2023-04-24,144,2,40,AMORTIGUADORES DELANTEROS,4,230,920,2
402,2023-04-24,107,2,40,AMORTIGUADORES DELANTEROS,20,230,4600,1
403,2023-04-07,73,1,40,AMORTIGUADORES DELANTEROS,18,230,4140,2
404,2023-04-21,126,2,40,AMORTIGUADORES DELANTEROS,4,230,920,2
405,2023-04-07,190,1,41,AMORTIGUADORES POSTERIORES,3,126,378,1
406,2023-04-24,146,2,41,AMORTIGUADORES POSTERIORES,7,126,882,1
407,2023-04-14,105,1,41,AMORTIGUADORES POSTERIORES,12,126,1512,2
408,2023-04-10,187,2,41,AMORTIGUADORES POSTERIORES,16,126,2016,3
409,2023-04-18,190,2,41,AMORTIGUADORES POSTERIORES,18,126,2268,2
410,2023-04-13,52,1,41,AMORTIGUADORES POSTERIORES,6,126,756,2
411,2023-04-09,84,2,41,AMORTIGUADORES POSTERIORES,1,126,126,4
412,2023-04-25,5,2,41,AMORTIGUADORES POSTERIORES,1,126,126,4
413,2023-04-25,17,2,41,AMORTIGUADORES POSTERIORES,6,126,756,1
414,2023-04-12,149,1,41,AMORTIGUADORES POSTERIORES,7,126,882,4
415,2023-04-04,178,1,41,AMORTIGUADORES POSTERIORES,6,126,756,3
416,2023-04-23,177,2,41,AMORTIGUADORES POSTERIORES,5,126,630,1
417,2023-04-04,189,2,41,AMORTIGUADORES POSTERIORES,20,126,2520,3
418,2023-04-04,142,1,41,AMORTIGUADORES POSTERIORES,1,126,126,1
419,2023-04-12,65,2,42,"LLANTAS 18""",3,37,111,1
420,2023-04-09,146,1,42,"LLANTAS 18""",2,37,74,3
421,2023-04-05,134,2,42,"LLANTAS 18""",12,37,444,3
422,2023-04-14,146,2,42,"LLANTAS 18""",9,37,333,1
423,2023-04-20,156,1,42,"LLANTAS 18""",3,37,111,2
424,2023-04-17,83,2,42,"LLANTAS 18""",9,37,333,3
425,2023-04-28,38,2,42,"LLANTAS 18""",18,37,666,3
426,2023-04-22,1,1,42,"LLANTAS 18""",4,37,148,4
427,2023-04-04,26,2,42,"LLANTAS 18""",18,37,666,3
428,2023-04-10,159,1,42,"LLANTAS 18""",11,37,407,2
429,2023-04-15,7,1,42,"LLANTAS 18""",10,37,370,4
430,2023-04-01,180,2,42,"LLANTAS 18""",8,37,296,2
431,2023-04-27,94,1,42,"LLANTAS 18""",3,37,111,1
432,2023-04-20,145,2,42,"LLANTAS 18""",4,37,148,1
433,2023-04-25,57,2,42,"LLANTAS 18""",4,37,148,4
434,2023-04-27,180,2,42,"LLANTAS 18""",15,37,555,2
435,2023-04-27,64,1,42,"LLANTAS 18""",2,37,74,4
436,2023-04-22,94,1,42,"LLANTAS 18""",1,37,37,3
437,2023-04-27,63,1,43,BATERÍA DE 18 PLACAS,6,117,702,1
438,2023-04-13,52,2,43,BATERÍA DE 18 PLACAS,5,117,585,3
439,2023-04-14,44,1,43,BATERÍA DE 18 PLACAS,1,117,117,3
440,2023-04-08,197,1,43,BATERÍA DE 18 PLACAS,7,117,819,2
441,2023-04-26,146,2,43,BATERÍA DE 18 PLACAS,1,117,117,2
442,2023-04-05,148,1,43,BATERÍA DE 18 PLACAS,14,117,1638,3
443,2023-04-06,122,1,43,BATERÍA DE 18 PLACAS,1,117,117,4
444,2023-04-09,26,2,43,BATERÍA DE 18 PLACAS,5,117,585,1
445,2023-05-14,8,1,2,AUTO HONDA CIVIC 2014,1,23139,23139,4
446,2023-05-06,23,1,2,AUTO HONDA CIVIC 2014,1,23139,23139,1
447,2023-05-25,4,1,2,AUTO HONDA CIVIC 2014,1,23139,23139,1
448,2023-05-13,155,1,2,AUTO HONDA CIVIC 2014,1,23139,23139,2
449,2023-05-27,160,1,3,AUTO HONDA ODISSEY 2013,1,22326,22326,4
450,2023-05-10,29,1,3,AUTO HONDA ODISSEY 2013,1,22326,22326,4
451,2023-05-03,134,2,3,AUTO HONDA ODISSEY 2013,1,22326,22326,4
452,2023-05-28,57,1,4,AUTO HONDA CRV 2014,1,26856,26856,1
453,2023-05-01,194,2,5,AUTO HONDA PILOT 2013,1,26660,26660,2
454,2023-05-04,58,2,6,AUTO HONDA FIT 2016,1,30514,30514,3
455,2023-05-26,162,1,7,AUTO HONDA CITY 2016,1,29673,29673,4
456,2023-05-19,149,2,7,AUTO HONDA CITY 2016,1,29673,29673,2
457,2023-05-13,103,2,7,AUTO HONDA CITY 2016,1,29673,29673,2
458,2023-05-09,124,1,7,AUTO HONDA CITY 2016,1,29673,29673,3
459,2023-05-19,51,2,8,CAMIONETA HONDA ELEMENT 2013,1,27163,27163,1
460,2023-05-02,166,2,8,CAMIONETA HONDA ELEMENT 2013,1,27163,27163,4
461,2023-05-21,50,2,9,CAMIONETA HONDA CROSSTOUR 2013,1,43540,43540,3
462,2023-05-22,183,2,9,CAMIONETA HONDA CROSSTOUR 2013,1,43540,43540,3
463,2023-05-18,32,2,9,CAMIONETA HONDA CROSSTOUR 2013,1,43540,43540,2
464,2023-05-23,188,2,10,CAMIONETA HONDA CR-Z 2015,1,43506,43506,2
465,2023-05-07,112,1,10,CAMIONETA HONDA CR-Z 2015,1,43506,43506,2
466,2023-05-10,194,1,10,CAMIONETA HONDA CR-Z 2015,1,43506,43506,2
467,2023-05-10,67,2,11,CAMIONETA HONDA RID LINE PICK UP 2014,1,39137,39137,1
468,2023-05-20,8,2,11,CAMIONETA HONDA RID LINE PICK UP 2014,1,39137,39137,1
469,2023-05-18,4,2,11,CAMIONETA HONDA RID LINE PICK UP 2014,1,39137,39137,1
470,2023-05-01,127,1,38,ACEITE DE MOTOR 5W30 FULL SINTÉTICO,11,113,1243,3
471,2023-05-10,87,1,38,ACEITE DE MOTOR 5W30 FULL SINTÉTICO,5,113,565,3
472,2023-05-07,133,1,38,ACEITE DE MOTOR 5W30 FULL SINTÉTICO,10,113,1130,1
473,2023-05-07,5,2,38,ACEITE DE MOTOR 5W30 FULL SINTÉTICO,14,113,1582,3
474,2023-05-02,176,1,38,ACEITE DE MOTOR 5W30 FULL SINTÉTICO,16,113,1808,4
475,2023-05-03,73,2,38,ACEITE DE MOTOR 5W30 FULL SINTÉTICO,4,113,452,2
476,2023-05-06,88,1,38,ACEITE DE MOTOR 5W30 FULL SINTÉTICO,1,113,113,1
477,2023-05-18,129,2,38,ACEITE DE MOTOR 5W30 FULL SINTÉTICO,1,113,113,3
478,2023-05-27,83,1,38,ACEITE DE MOTOR 5W30 FULL SINTÉTICO,1,113,113,1
479,2023-05-15,41,2,39,FILTRO DE COMBUSTIBLE,1,114,114,1
480,2023-05-07,137,2,39,FILTRO DE COMBUSTIBLE,5,114,570,4
481,2023-05-19,133,1,40,AMORTIGUADORES DELANTEROS,13,227,2951,3
482,2023-05-23,172,2,40,AMORTIGUADORES DELANTEROS,14,227,3178,1
483,2023-05-12,156,2,40,AMORTIGUADORES DELANTEROS,18,227,4086,2
484,2023-05-27,88,1,40,AMORTIGUADORES DELANTEROS,3,227,681,2
485,2023-05-03,35,2,40,AMORTIGUADORES DELANTEROS,7,227,1589,4
486,2023-05-02,93,2,40,AMORTIGUADORES DELANTEROS,15,227,3405,1
487,2023-05-10,117,1,40,AMORTIGUADORES DELANTEROS,18,227,4086,3
488,2023-05-07,95,1,40,AMORTIGUADORES DELANTEROS,1,227,227,3
489,2023-05-05,108,2,40,AMORTIGUADORES DELANTEROS,2,227,454,4
490,2023-05-04,155,1,40,AMORTIGUADORES DELANTEROS,17,227,3859,1
491,2023-05-27,98,1,41,AMORTIGUADORES POSTERIORES,2,96,192,2
492,2023-05-26,119,1,41,AMORTIGUADORES POSTERIORES,14,96,1344,2
493,2023-05-20,143,1,41,AMORTIGUADORES POSTERIORES,16,96,1536,2
494,2023-05-11,11,2,41,AMORTIGUADORES POSTERIORES,13,96,1248,1
495,2023-05-21,169,1,41,AMORTIGUADORES POSTERIORES,6,96,576,2
496,2023-05-14,28,1,41,AMORTIGUADORES POSTERIORES,13,96,1248,4
497,2023-05-22,176,2,41,AMORTIGUADORES POSTERIORES,11,96,1056,1
498,2023-05-03,182,2,41,AMORTIGUADORES POSTERIORES,1,96,96,1
499,2023-05-07,42,2,41,AMORTIGUADORES POSTERIORES,1,96,96,4
500,2023-05-22,95,2,41,AMORTIGUADORES POSTERIORES,1,96,96,2
501,2023-05-26,192,1,41,AMORTIGUADORES POSTERIORES,1,96,96,2
502,2023-05-10,80,1,42,"LLANTAS 18""",19,87,1653,2
503,2023-05-17,6,1,42,"LLANTAS 18""",12,87,1044,1
504,2023-05-23,120,1,42,"LLANTAS 18""",14,87,1218,4
505,2023-05-10,95,1,42,"LLANTAS 18""",9,87,783,1
506,2023-05-28,161,1,42,"LLANTAS 18""",14,87,1218,1
507,2023-05-18,57,1,42,"LLANTAS 18""",6,87,522,4
508,2023-05-28,177,2,42,"LLANTAS 18""",17,87,1479,1
509,2023-05-28,167,1,42,"LLANTAS 18""",2,87,174,1
510,2023-05-19,81,1,42,"LLANTAS 18""",1,87,87,3
511,2023-05-23,75,1,42,"LLANTAS 18""",5,87,435,4
512,2023-05-17,87,2,43,BATERÍA DE 18 PLACAS,5,106,530,1
513,2023-05-22,137,2,43,BATERÍA DE 18 PLACAS,20,106,2120,4
514,2023-05-15,170,1,43,BATERÍA DE 18 PLACAS,4,106,424,2
515,2023-05-21,23,1,43,BATERÍA DE 18 PLACAS,15,106,1590,3
516,2023-06-08,113,1,1,AUTO HONDA ACCORD 2014,1,23221,23221,3
517,2023-06-21,127,2,1,AUTO HONDA ACCORD 2014,1,23221,23221,2
518,2023-06-26,13,2,2,AUTO HONDA CIVIC 2014,1,28100,28100,2
519,2023-06-27,106,2,2,AUTO HONDA CIVIC 2014,1,28100,28100,3
520,2023-06-18,65,2,2,AUTO HONDA CIVIC 2014,1,28100,28100,4
521,2023-06-16,144,2,2,AUTO HONDA CIVIC 2014,1,28100,28100,3
522,2023-06-01,142,1,2,AUTO HONDA CIVIC 2014,1,28100,28100,3
523,2023-06-12,183,1,2,AUTO HONDA CIVIC 2014,1,28100,28100,4
524,2023-06-10,193,1,2,AUTO HONDA CIVIC 2014,1,28100,28100,3
525,2023-06-26,91,1,2,AUTO HONDA CIVIC 2014,1,28100,28100,2
526,2023-06-25,70,1,3,AUTO HONDA ODISSEY 2013,1,18426,18426,4
527,2023-06-15,16,2,3,AUTO HONDA ODISSEY 2013,1,18426,18426,2
528,2023-06-12,187,1,3,AUTO HONDA ODISSEY 2013,1,18426,18426,4
529,2023-06-21,3,1,4,AUTO HONDA CRV 2014,1,27599,27599,2
530,2023-06-24,159,2,4,AUTO HONDA CRV 2014,1,27599,27599,4
531,2023-06-10,30,1,4,AUTO HONDA CRV 2014,1,27599,27599,1
532,2023-06-27,144,2,4,AUTO HONDA CRV 2014,1,27599,27599,3
533,2023-06-18,112,2,5,AUTO HONDA PILOT 2013,1,33314,33314,1
534,2023-06-25,72,2,5,AUTO HONDA PILOT 2013,1,33314,33314,4
535,2023-06-19,49,1,5,AUTO HONDA PILOT 2013,1,33314,33314,2
536,2023-06-19,71,1,5,AUTO HONDA PILOT 2013,1,33314,33314,2
537,2023-06-21,104,2,5,AUTO HONDA PILOT 2013,1,33314,33314,4
538,2023-06-26,56,2,5,AUTO HONDA PILOT 2013,1,33314,33314,3
539,2023-06-11,92,1,5,AUTO HONDA PILOT 2013,1,33314,33314,4
540,2023-06-07,54,2,5,AUTO HONDA PILOT 2013,1,33314,33314,1
541,2023-06-06,17,1,6,AUTO HONDA FIT 2016,1,26714,26714,4
542,2023-06-02,100,2,6,AUTO HONDA FIT 2016,1,26714,26714,3
543,2023-06-12,107,1,6,AUTO HONDA FIT 2016,1,26714,26714,2
544,2023-06-02,196,2,6,AUTO HONDA FIT 2016,1,26714,26714,2
545,2023-06-19,179,2,7,AUTO HONDA CITY 2016,1,17526,17526,3
546,2023-06-04,94,2,7,AUTO HONDA CITY 2016,1,17526,17526,4
547,2023-06-16,46,2,8,CAMIONETA HONDA ELEMENT 2013,1,37054,37054,1
548,2023-06-26,19,2,8,CAMIONETA HONDA ELEMENT 2013,1,37054,37054,1
549,2023-06-12,128,1,8,CAMIONETA HONDA ELEMENT 2013,1,37054,37054,4
550,2023-06-25,55,2,8,CAMIONETA HONDA ELEMENT 2013,1,37054,37054,2
551,2023-06-14,160,1,9,CAMIONETA HONDA CROSSTOUR 2013,1,36987,36987,2
552,2023-06-22,130,2,9,CAMIONETA HONDA CROSSTOUR 2013,1,36987,36987,1
553,2023-06-06,77,1,10,CAMIONETA HONDA CR-Z 2015,1,35460,35460,1
554,2023-06-04,30,1,10,CAMIONETA HONDA CR-Z 2015,1,35460,35460,1
555,2023-06-22,37,2,10,CAMIONETA HONDA CR-Z 2015,1,35460,35460,1
556,2023-06-20,149,2,11,CAMIONETA HONDA RID LINE PICK UP 2014,1,36458,36458,4
557,2023-06-03,42,2,11,CAMIONETA HONDA RID LINE PICK UP 2014,1,36458,36458,4
558,2023-06-08,37,1,11,CAMIONETA HONDA RID LINE PICK UP 2014,1,36458,36458,2
559,2023-06-13,117,1,38,ACEITE DE MOTOR 5W30 FULL SINTÉTICO,19,126,2394,4
560,2023-06-17,29,2,38,ACEITE DE MOTOR 5W30 FULL SINTÉTICO,5,126,630,4
561,2023-06-25,53,2,38,ACEITE DE MOTOR 5W30 FULL SINTÉTICO,4,126,504,3
562,2023-06-17,120,1,38,ACEITE DE MOTOR 5W30 FULL SINTÉTICO,16,126,2016,1
563,2023-06-21,33,1,38,ACEITE DE MOTOR 5W30 FULL SINTÉTICO,8,126,1008,2
564,2023-06-16,34,1,38,ACEITE DE MOTOR 5W30 FULL SINTÉTICO,17,126,2142,1
565,2023-06-11,47,2,38,ACEITE DE MOTOR 5W30 FULL SINTÉTICO,11,126,1386,1
566,2023-06-21,159,2,38,ACEITE DE MOTOR 5W30 FULL SINTÉTICO,20,126,2520,2
567,2023-06-14,176,1,38,ACEITE DE MOTOR 5W30 FULL SINTÉTICO,7,126,882,2
568,2023-06-09,127,1,39,FILTRO DE COMBUSTIBLE,11,122,1342,2
569,2023-06-22,123,1,39,FILTRO DE COMBUSTIBLE,1,122,122,2
570,2023-06-06,36,2,40,AMORTIGUADORES DELANTEROS,16,249,3984,3
571,2023-06-04,177,2,40,AMORTIGUADORES DELANTEROS,8,249,1992,2
572,2023-06-23,146,2,40,AMORTIGUADORES DELANTEROS,2,249,498,3
573,2023-06-23,31,2,40,AMORTIGUADORES DELANTEROS,17,249,4233,2
574,2023-06-12,172,1,40,AMORTIGUADORES DELANTEROS,5,249,1245,3
575,2023-06-05,195,1,40,AMORTIGUADORES DELANTEROS,2,249,498,1
576,2023-06-26,112,2,40,AMORTIGUADORES DELANTEROS,5,249,1245,2
577,2023-06-22,87,1,40,AMORTIGUADORES DELANTEROS,6,249,1494,1
578,2023-06-24,42,1,40,AMORTIGUADORES DELANTEROS,13,249,3237,2
579,2023-06-25,198,2,40,AMORTIGUADORES DELANTEROS,6,249,1494,4
580,2023-06-08,133,1,40,AMORTIGUADORES DELANTEROS,18,249,4482,4
581,2023-06-25,15,1,40,AMORTIGUADORES DELANTEROS,1,249,249,3
582,2023-06-17,18,2,40,AMORTIGUADORES DELANTEROS,1,249,249,2
583,2023-06-16,143,2,41,AMORTIGUADORES POSTERIORES,1,123,123,3
584,2023-06-09,136,2,41,AMORTIGUADORES POSTERIORES,5,123,615,1
585,2023-06-22,111,1,41,AMORTIGUADORES POSTERIORES,12,123,1476,3
586,2023-06-21,8,1,41,AMORTIGUADORES POSTERIORES,17,123,2091,2
587,2023-06-08,178,2,41,AMORTIGUADORES POSTERIORES,15,123,1845,4
588,2023-06-14,129,2,41,AMORTIGUADORES POSTERIORES,3,123,369,2
589,2023-06-13,13,1,41,AMORTIGUADORES POSTERIORES,16,123,1968,4
590,2023-06-02,157,1,41,AMORTIGUADORES POSTERIORES,11,123,1353,1
591,2023-06-28,50,2,41,AMORTIGUADORES POSTERIORES,14,123,1722,4
592,2023-06-23,30,1,41,AMORTIGUADORES POSTERIORES,14,123,1722,3
593,2023-06-11,82,2,41,AMORTIGUADORES POSTERIORES,1,123,123,4
594,2023-06-15,53,1,41,AMORTIGUADORES POSTERIORES,4,123,492,1
595,2023-06-04,6,1,42,"LLANTAS 18""",1,71,71,1
596,2023-06-23,33,2,42,"LLANTAS 18""",2,71,142,4
597,2023-06-12,152,2,42,"LLANTAS 18""",12,71,852,3
598,2023-06-25,24,2,42,"LLANTAS 18""",11,71,781,4
599,2023-06-23,193,2,42,"LLANTAS 18""",8,71,568,3
600,2023-06-23,88,2,42,"LLANTAS 18""",18,71,1278,1
601,2023-06-16,115,2,42,"LLANTAS 18""",18,71,1278,3
602,2023-06-23,180,2,42,"LLANTAS 18""",19,71,1349,2
603,2023-06-22,90,2,42,"LLANTAS 18""",11,71,781,1
604,2023-06-02,27,1,42,"LLANTAS 18""",8,71,568,3
605,2023-06-05,18,1,42,"LLANTAS 18""",6,71,426,2
606,2023-06-15,113,1,42,"LLANTAS 18""",11,71,781,2
607,2023-06-27,179,2,43,BATERÍA DE 18 PLACAS,7,99,693,4
608,2023-06-14,181,1,43,BATERÍA DE 18 PLACAS,16,99,1584,3
609,2023-06-12,92,1,43,BATERÍA DE 18 PLACAS,1,99,99,2
610,2023-06-09,26,2,43,BATERÍA DE 18 PLACAS,5,99,495,4
611,2023-06-18,111,1,43,BATERÍA DE 18 PLACAS,12,99,1188,4
612,2023-06-22,58,2,43,BATERÍA DE 18 PLACAS,10,99,990,2
613,2023-06-12,193,2,43,BATERÍA DE 18 PLACAS,2,99,198,1
614,2023-06-26,63,2,43,BATERÍA DE 18 PLACAS,4,99,396,2
615,2023-06-04,155,1,43,BATERÍA DE 18 PLACAS,1,99,99,1
616,2023-06-05,89,1,43,BATERÍA DE 18 PLACAS,5,99,495,3
617,2023-06-20,192,1,43,BATERÍA DE 18 PLACAS,1,99,99,2
618,2023-07-16,161,1,1,AUTO HONDA ACCORD 2014,1,25070,25070,1
619,2023-07-17,174,1,1,AUTO HONDA ACCORD 2014,1,25070,25070,2
620,2023-07-14,165,2,1,AUTO HONDA ACCORD 2014,1,25070,25070,1
621,2023-07-13,163,1,1,AUTO HONDA ACCORD 2014,1,25070,25070,1
622,2023-07-23,67,2,1,AUTO HONDA ACCORD 2014,1,25070,25070,4
623,2023-07-16,39,2,2,AUTO HONDA CIVIC 2014,1,19666,19666,2
624,2023-07-03,63,2,2,AUTO HONDA CIVIC 2014,1,19666,19666,1
625,2023-07-26,87,1,3,AUTO HONDA ODISSEY 2013,1,31009,31009,2
626,2023-07-07,25,2,3,AUTO HONDA ODISSEY 2013,1,31009,31009,4
627,2023-07-06,193,1,4,AUTO HONDA CRV 2014,1,24489,24489,4
628,2023-07-12,54,1,4,AUTO HONDA CRV 2014,1,24489,24489,2
629,2023-07-08,96,2,4,AUTO HONDA CRV 2014,1,24489,24489,1
630,2023-07-11,126,2,4,AUTO HONDA CRV 2014,1,24489,24489,3
631,2023-07-23,162,1,4,AUTO HONDA CRV 2014,1,24489,24489,4
632,2023-07-14,60,1,4,AUTO HONDA CRV 2014,1,24489,24489,4
633,2023-07-24,125,1,4,AUTO HONDA CRV 2014,1,24489,24489,2
634,2023-07-16,164,1,5,AUTO HONDA PILOT 2013,1,27703,27703,2
635,2023-07-04,20,1,5,AUTO HONDA PILOT 2013,1,27703,27703,3
636,2023-07-13,10,2,5,AUTO HONDA PILOT 2013,1,27703,27703,3
637,2023-07-03,59,2,5,AUTO HONDA PILOT 2013,1,27703,27703,3
638,2023-07-12,57,2,5,AUTO HONDA PILOT 2013,1,27703,27703,3
639,2023-07-17,119,1,5,AUTO HONDA PILOT 2013,1,27703,27703,4
640,2023-07-13,29,2,5,AUTO HONDA PILOT 2013,1,27703,27703,4
641,2023-07-04,78,1,6,AUTO HONDA FIT 2016,1,23814,23814,2
642,2023-07-07,90,2,6,AUTO HONDA FIT 2016,1,23814,23814,1
643,2023-07-09,15,2,6,AUTO HONDA FIT 2016,1,23814,23814,3
644,2023-07-03,158,2,6,AUTO HONDA FIT 2016,1,23814,23814,1
645,2023-07-23,85,1,6,AUTO HONDA FIT 2016,1,23814,23814,2
646,2023-07-04,145,2,7,AUTO HONDA CITY 2016,1,21482,21482,4
647,2023-07-12,162,2,7,AUTO HONDA CITY 2016,1,21482,21482,1
648,2023-07-06,63,2,8,CAMIONETA HONDA ELEMENT 2013,1,33456,33456,4
649,2023-07-07,187,2,8,CAMIONETA HONDA ELEMENT 2013,1,33456,33456,1
650,2023-07-03,69,2,8,CAMIONETA HONDA ELEMENT 2013,1,33456,33456,4
651,2023-07-28,111,2,8,CAMIONETA HONDA ELEMENT 2013,1,33456,33456,1
652,2023-07-03,164,1,8,CAMIONETA HONDA ELEMENT 2013,1,33456,33456,3
653,2023-07-14,8,2,8,CAMIONETA HONDA ELEMENT 2013,1,33456,33456,4
654,2023-07-27,3,1,9,CAMIONETA HONDA CROSSTOUR 2013,1,40899,40899,1
655,2023-07-21,145,2,10,CAMIONETA HONDA CR-Z 2015,1,29494,29494,2
656,2023-07-21,122,2,10,CAMIONETA HONDA CR-Z 2015,1,29494,29494,4
657,2023-07-15,42,2,10,CAMIONETA HONDA CR-Z 2015,1,29494,29494,1
658,2023-07-24,39,1,10,CAMIONETA HONDA CR-Z 2015,1,29494,29494,3
659,2023-07-14,116,1,10,CAMIONETA HONDA CR-Z 2015,1,29494,29494,2
660,2023-07-15,148,1,11,CAMIONETA HONDA RID LINE PICK UP 2014,1,44599,44599,4
661,2023-07-23,163,1,11,CAMIONETA HONDA RID LINE PICK UP 2014,1,44599,44599,1
662,2023-07-02,31,1,11,CAMIONETA HONDA RID LINE PICK UP 2014,1,44599,44599,4
663,2023-07-14,93,2,11,CAMIONETA HONDA RID LINE PICK UP 2014,1,44599,44599,3
664,2023-07-04,110,1,38,ACEITE DE MOTOR 5W30 FULL SINTÉTICO,2,122,244,4
665,2023-07-17,55,1,38,ACEITE DE MOTOR 5W30 FULL SINTÉTICO,10,122,1220,4
666,2023-07-13,43,2,38,ACEITE DE MOTOR 5W30 FULL SINTÉTICO,13,122,1586,1
667,2023-07-12,198,1,38,ACEITE DE MOTOR 5W30 FULL SINTÉTICO,11,122,1342,2
668,2023-07-03,151,2,38,ACEITE DE MOTOR 5W30 FULL SINTÉTICO,12,122,1464,1
669,2023-07-20,135,2,38,ACEITE DE MOTOR 5W30 FULL SINTÉTICO,11,122,1342,1
670,2023-07-04,160,1,38,ACEITE DE MOTOR 5W30 FULL SINTÉTICO,6,122,732,4
671,2023-07-15,124,1,38,ACEITE DE MOTOR 5W30 FULL SINTÉTICO,1,122,122,2
672,2023-07-17,20,2,38,ACEITE DE MOTOR 5W30 FULL SINTÉTICO,13,122,1586,1
673,2023-07-02,105,1,38,ACEITE DE MOTOR 5W30 FULL SINTÉTICO,11,122,1342,1
674,2023-07-26,47,2,38,ACEITE DE MOTOR 5W30 FULL SINTÉTICO,7,122,854,1
675,2023-07-11,195,1,38,ACEITE DE MOTOR 5W30 FULL SINTÉTICO,10,122,1220,1
676,2023-07-05,62,1,38,ACEITE DE MOTOR 5W30 FULL SINTÉTICO,10,122,1220,3
677,2023-07-20,82,1,38,ACEITE DE MOTOR 5W30 FULL SINTÉTICO,11,122,1342,1
678,2023-07-12,37,1,38,ACEITE DE MOTOR 5W30 FULL SINTÉTICO,8,122,976,4
679,2023-07-18,18,2,39,FILTRO DE COMBUSTIBLE,8,147,1176,2
680,2023-07-28,42,1,39,FILTRO DE COMBUSTIBLE,13,147,1911,3
681,2023-07-20,14,2,39,FILTRO DE COMBUSTIBLE,1,147,147,3
682,2023-07-27,89,2,40,AMORTIGUADORES DELANTEROS,16,304,4864,1
683,2023-07-07,160,2,40,AMORTIGUADORES DELANTEROS,5,304,1520,3
684,2023-07-08,103,2,40,AMORTIGUADORES DELANTEROS,11,304,3344,3
685,2023-07-18,184,2,40,AMORTIGUADORES DELANTEROS,16,304,4864,4
686,2023-07-28,40,1,40,AMORTIGUADORES DELANTEROS,8,304,2432,3
687,2023-07-25,140,2,40,AMORTIGUADORES DELANTEROS,10,304,3040,3
688,2023-07-07,56,1,40,AMORTIGUADORES DELANTEROS,6,304,1824,1
689,2023-07-16,43,2,40,AMORTIGUADORES DELANTEROS,15,304,4560,1
690,2023-07-16,70,1,40,AMORTIGUADORES DELANTEROS,11,304,3344,3
691,2023-07-15,173,2,40,AMORTIGUADORES DELANTEROS,15,304,4560,3
692,2023-07-14,173,1,40,AMORTIGUADORES DELANTEROS,9,304,2736,1
693,2023-07-03,82,2,40,AMORTIGUADORES DELANTEROS,10,304,3040,2
694,2023-07-28,88,1,40,AMORTIGUADORES DELANTEROS,7,304,2128,1
695,2023-07-04,110,1,40,AMORTIGUADORES DELANTEROS,2,304,608,2
696,2023-07-13,101,1,40,AMORTIGUADORES DELANTEROS,1,304,304,2
697,2023-07-19,190,1,41,AMORTIGUADORES POSTERIORES,19,131,2489,1
698,2023-07-17,109,1,41,AMORTIGUADORES POSTERIORES,20,131,2620,3
699,2023-07-08,169,1,41,AMORTIGUADORES POSTERIORES,5,131,655,2
700,2023-07-06,165,1,41,AMORTIGUADORES POSTERIORES,2,131,262,4
701,2023-07-26,192,2,41,AMORTIGUADORES POSTERIORES,14,131,1834,1
702,2023-07-15,67,1,41,AMORTIGUADORES POSTERIORES,17,131,2227,3
703,2023-07-09,37,1,41,AMORTIGUADORES POSTERIORES,20,131,2620,2
704,2023-07-08,197,1,41,AMORTIGUADORES POSTERIORES,20,131,2620,1
705,2023-07-06,18,2,41,AMORTIGUADORES POSTERIORES,10,131,1310,3
706,2023-07-08,22,1,41,AMORTIGUADORES POSTERIORES,5,131,655,2
707,2023-07-26,111,1,41,AMORTIGUADORES POSTERIORES,1,131,131,2
708,2023-07-19,72,2,42,"LLANTAS 18""",3,72,216,4
709,2023-07-18,132,2,42,"LLANTAS 18""",13,72,936,1
710,2023-07-12,40,2,42,"LLANTAS 18""",3,72,216,4
711,2023-07-23,120,1,42,"LLANTAS 18""",15,72,1080,2
712,2023-07-06,68,2,42,"LLANTAS 18""",5,72,360,2
713,2023-07-23,98,1,42,"LLANTAS 18""",12,72,864,3
714,2023-07-05,13,1,42,"LLANTAS 18""",19,72,1368,3
715,2023-07-26,133,1,42,"LLANTAS 18""",5,72,360,3
716,2023-07-14,21,1,42,"LLANTAS 18""",10,72,720,3
717,2023-07-06,188,1,42,"LLANTAS 18""",5,72,360,4
718,2023-07-09,27,2,42,"LLANTAS 18""",15,72,1080,1
719,2023-07-20,157,2,42,"LLANTAS 18""",4,72,288,2
720,2023-07-10,21,2,42,"LLANTAS 18""",2,72,144,2
721,2023-07-19,38,1,42,"LLANTAS 18""",1,72,72,1
722,2023-07-25,76,1,42,"LLANTAS 18""",1,72,72,1
723,2023-07-25,197,1,43,BATERÍA DE 18 PLACAS,10,128,1280,4
724,2023-07-20,4,2,43,BATERÍA DE 18 PLACAS,7,128,896,2
725,2023-07-01,75,2,43,BATERÍA DE 18 PLACAS,15,128,1920,4
726,2023-07-06,24,1,43,BATERÍA DE 18 PLACAS,3,128,384,3
727,2023-07-20,58,1,43,BATERÍA DE 18 PLACAS,6,128,768,3
728,2023-07-11,158,1,43,BATERÍA DE 18 PLACAS,2,128,256,1
729,2023-07-04,142,1,43,BATERÍA DE 18 PLACAS,1,128,128,4
730,2023-07-02,12,2,43,BATERÍA DE 18 PLACAS,1,128,128,3
731,2023-07-07,96,1,43,BATERÍA DE 18 PLACAS,1,128,128,4
732,2023-08-03,69,2,1,AUTO HONDA ACCORD 2014,1,21830,21830,1
733,2023-08-06,29,2,1,AUTO HONDA ACCORD 2014,1,21830,21830,2
734,2023-08-15,13,2,1,AUTO HONDA ACCORD 2014,1,21830,21830,3
735,2023-08-14,155,1,1,AUTO HONDA ACCORD 2014,1,21830,21830,3
736,2023-08-06,131,2,2,AUTO HONDA CIVIC 2014,1,18665,18665,4
737,2023-08-04,132,1,2,AUTO HONDA CIVIC 2014,1,18665,18665,4
738,2023-08-18,98,2,2,AUTO HONDA CIVIC 2014,1,18665,18665,4
739,2023-08-17,162,1,2,AUTO HONDA CIVIC 2014,1,18665,18665,4
740,2023-08-02,139,1,2,AUTO HONDA CIVIC 2014,1,18665,18665,1
741,2023-08-20,75,2,3,AUTO HONDA ODISSEY 2013,1,35914,35914,4
742,2023-08-22,171,1,3,AUTO HONDA ODISSEY 2013,1,35914,35914,2
743,2023-08-08,187,1,3,AUTO HONDA ODISSEY 2013,1,35914,35914,3
744,2023-08-21,114,2,3,AUTO HONDA ODISSEY 2013,1,35914,35914,4
745,2023-08-04,151,1,4,AUTO HONDA CRV 2014,1,20597,20597,2
746,2023-08-14,156,2,4,AUTO HONDA CRV 2014,1,20597,20597,3
747,2023-08-05,10,2,5,AUTO HONDA PILOT 2013,1,22007,22007,4
748,2023-08-08,40,2,5,AUTO HONDA PILOT 2013,1,22007,22007,4
749,2023-08-22,157,2,5,AUTO HONDA PILOT 2013,1,22007,22007,2
750,2023-08-10,191,2,5,AUTO HONDA PILOT 2013,1,22007,22007,2
751,2023-08-06,188,1,5,AUTO HONDA PILOT 2013,1,22007,22007,3
752,2023-08-15,92,2,6,AUTO HONDA FIT 2016,1,34187,34187,2
753,2023-08-25,178,1,6,AUTO HONDA FIT 2016,1,34187,34187,4
754,2023-08-05,88,2,6,AUTO HONDA FIT 2016,1,34187,34187,1
755,2023-08-19,189,2,6,AUTO HONDA FIT 2016,1,34187,34187,4
756,2023-08-12,48,2,6,AUTO HONDA FIT 2016,1,34187,34187,1
757,2023-08-24,175,1,6,AUTO HONDA FIT 2016,1,34187,34187,2
758,2023-08-13,45,1,6,AUTO HONDA FIT 2016,1,34187,34187,2
759,2023-08-01,62,1,7,AUTO HONDA CITY 2016,1,31943,31943,3
760,2023-08-20,116,1,7,AUTO HONDA CITY 2016,1,31943,31943,1
761,2023-08-16,139,2,7,AUTO HONDA CITY 2016,1,31943,31943,4
762,2023-08-10,58,1,7,AUTO HONDA CITY 2016,1,31943,31943,1
763,2023-08-14,12,1,7,AUTO HONDA CITY 2016,1,31943,31943,4
764,2023-08-14,182,1,8,CAMIONETA HONDA ELEMENT 2013,1,36842,36842,3
765,2023-08-24,26,2,8,CAMIONETA HONDA ELEMENT 2013,1,36842,36842,1
766,2023-08-20,30,2,9,CAMIONETA HONDA CROSSTOUR 2013,1,40285,40285,1
767,2023-08-06,150,2,9,CAMIONETA HONDA CROSSTOUR 2013,1,40285,40285,1
768,2023-08-19,173,2,9,CAMIONETA HONDA CROSSTOUR 2013,1,40285,40285,2
769,2023-08-05,87,1,9,CAMIONETA HONDA CROSSTOUR 2013,1,40285,40285,4
770,2023-08-07,126,2,9,CAMIONETA HONDA CROSSTOUR 2013,1,40285,40285,3
771,2023-08-08,10,1,10,CAMIONETA HONDA CR-Z 2015,1,32426,32426,3
772,2023-08-10,98,2,10,CAMIONETA HONDA CR-Z 2015,1,32426,32426,3
773,2023-08-24,168,2,10,CAMIONETA HONDA CR-Z 2015,1,32426,32426,2
774,2023-08-22,121,2,10,CAMIONETA HONDA CR-Z 2015,1,32426,32426,3
775,2023-08-26,48,1,10,CAMIONETA HONDA CR-Z 2015,1,32426,32426,4
776,2023-08-15,185,1,11,CAMIONETA HONDA RID LINE PICK UP 2014,1,45697,45697,2
777,2023-08-17,126,1,11,CAMIONETA HONDA RID LINE PICK UP 2014,1,45697,45697,1
778,2023-08-05,90,1,11,CAMIONETA HONDA RID LINE PICK UP 2014,1,45697,45697,2
779,2023-08-22,152,1,11,CAMIONETA HONDA RID LINE PICK UP 2014,1,45697,45697,1
780,2023-08-23,162,1,38,ACEITE DE MOTOR 5W30 FULL SINTÉTICO,19,121,2299,2
781,2023-08-06,21,1,38,ACEITE DE MOTOR 5W30 FULL SINTÉTICO,7,121,847,1
782,2023-08-06,87,1,38,ACEITE DE MOTOR 5W30 FULL SINTÉTICO,17,121,2057,3
783,2023-08-16,42,2,38,ACEITE DE MOTOR 5W30 FULL SINTÉTICO,8,121,968,1
784,2023-08-04,2,2,38,ACEITE DE MOTOR 5W30 FULL SINTÉTICO,4,121,484,4
785,2023-08-21,141,1,38,ACEITE DE MOTOR 5W30 FULL SINTÉTICO,10,121,1210,3
786,2023-08-23,18,1,38,ACEITE DE MOTOR 5W30 FULL SINTÉTICO,3,121,363,2
787,2023-08-16,170,1,38,ACEITE DE MOTOR 5W30 FULL SINTÉTICO,1,121,121,4
788,2023-08-08,138,1,38,ACEITE DE MOTOR 5W30 FULL SINTÉTICO,7,121,847,2
789,2023-08-26,143,2,38,ACEITE DE MOTOR 5W30 FULL SINTÉTICO,1,121,121,2
790,2023-08-23,54,2,38,ACEITE DE MOTOR 5W30 FULL SINTÉTICO,1,121,121,2
791,2023-08-26,117,1,39,FILTRO DE COMBUSTIBLE,1,130,130,3
792,2023-08-09,112,2,39,FILTRO DE COMBUSTIBLE,3,130,390,4
793,2023-08-09,139,2,39,FILTRO DE COMBUSTIBLE,1,130,130,4
794,2023-08-05,64,1,40,AMORTIGUADORES DELANTEROS,8,266,2128,2
795,2023-08-07,4,2,40,AMORTIGUADORES DELANTEROS,20,266,5320,2
796,2023-08-01,137,2,40,AMORTIGUADORES DELANTEROS,7,266,1862,4
797,2023-08-14,15,1,40,AMORTIGUADORES DELANTEROS,3,266,798,3
798,2023-08-10,122,2,40,AMORTIGUADORES DELANTEROS,17,266,4522,1
799,2023-08-03,11,2,40,AMORTIGUADORES DELANTEROS,2,266,532,1
800,2023-08-15,191,1,40,AMORTIGUADORES DELANTEROS,1,266,266,3
801,2023-08-17,158,2,41,AMORTIGUADORES POSTERIORES,11,113,1243,4
802,2023-08-14,21,2,41,AMORTIGUADORES POSTERIORES,3,113,339,4
803,2023-08-10,73,2,41,AMORTIGUADORES POSTERIORES,18,113,2034,2
804,2023-08-25,64,1,41,AMORTIGUADORES POSTERIORES,4,113,452,2
805,2023-08-21,118,1,41,AMORTIGUADORES POSTERIORES,15,113,1695,4
806,2023-08-05,173,2,41,AMORTIGUADORES POSTERIORES,1,113,113,1
807,2023-08-11,78,2,41,AMORTIGUADORES POSTERIORES,9,113,1017,2
808,2023-08-15,98,2,41,AMORTIGUADORES POSTERIORES,5,113,565,1
809,2023-08-28,22,2,41,AMORTIGUADORES POSTERIORES,15,113,1695,1
810,2023-08-04,173,2,41,AMORTIGUADORES POSTERIORES,10,113,1130,3
811,2023-08-16,159,1,41,AMORTIGUADORES POSTERIORES,16,113,1808,1
812,2023-08-12,91,1,41,AMORTIGUADORES POSTERIORES,3,113,339,3
813,2023-08-08,1,1,41,AMORTIGUADORES POSTERIORES,1,113,113,1
814,2023-08-23,180,2,41,AMORTIGUADORES POSTERIORES,2,113,226,1
815,2023-08-09,126,2,42,"LLANTAS 18""",9,65,585,2
816,2023-08-17,160,1,42,"LLANTAS 18""",19,65,1235,3
817,2023-08-04,183,2,42,"LLANTAS 18""",3,65,195,1
818,2023-08-21,166,2,42,"LLANTAS 18""",1,65,65,2
819,2023-08-12,78,2,42,"LLANTAS 18""",12,65,780,3
820,2023-08-15,21,2,42,"LLANTAS 18""",15,65,975,3
821,2023-08-05,92,1,42,"LLANTAS 18""",13,65,845,2
822,2023-08-08,127,2,42,"LLANTAS 18""",6,65,390,4
823,2023-08-21,104,2,42,"LLANTAS 18""",6,65,390,1
824,2023-08-07,113,2,42,"LLANTAS 18""",11,65,715,1
825,2023-08-25,155,2,42,"LLANTAS 18""",15,65,975,1
826,2023-08-27,50,2,42,"LLANTAS 18""",5,65,325,2
827,2023-08-18,154,1,42,"LLANTAS 18""",11,65,715,2
828,2023-08-24,139,1,42,"LLANTAS 18""",1,65,65,1
829,2023-08-12,184,2,43,BATERÍA DE 18 PLACAS,14,110,1540,2
830,2023-08-06,79,1,43,BATERÍA DE 18 PLACAS,13,110,1430,4
831,2023-08-19,86,1,43,BATERÍA DE 18 PLACAS,9,110,990,3
832,2023-08-27,120,2,43,BATERÍA DE 18 PLACAS,6,110,660,2
833,2023-08-18,160,2,43,BATERÍA DE 18 PLACAS,4,110,440,3
834,2023-09-23,80,2,1,AUTO HONDA ACCORD 2014,1,24282,24282,2
835,2023-09-14,42,1,1,AUTO HONDA ACCORD 2014,1,24282,24282,1
836,2023-09-22,45,1,2,AUTO HONDA CIVIC 2014,1,18220,18220,4
837,2023-09-21,10,1,2,AUTO HONDA CIVIC 2014,1,18220,18220,4
838,2023-09-01,137,2,2,AUTO HONDA CIVIC 2014,1,18220,18220,4
839,2023-09-23,151,2,2,AUTO HONDA CIVIC 2014,1,18220,18220,4
840,2023-09-08,11,2,2,AUTO HONDA CIVIC 2014,1,18220,18220,4
841,2023-09-16,38,2,3,AUTO HONDA ODISSEY 2013,1,25541,25541,4
842,2023-09-08,29,2,3,AUTO HONDA ODISSEY 2013,1,25541,25541,2
843,2023-09-22,186,1,3,AUTO HONDA ODISSEY 2013,1,25541,25541,2
844,2023-09-20,41,1,3,AUTO HONDA ODISSEY 2013,1,25541,25541,2
845,2023-09-08,37,1,3,AUTO HONDA ODISSEY 2013,1,25541,25541,2
846,2023-09-05,46,1,4,AUTO HONDA CRV 2014,1,23573,23573,3
847,2023-09-20,143,1,4,AUTO HONDA CRV 2014,1,23573,23573,4
848,2023-09-12,13,2,5,AUTO HONDA PILOT 2013,1,23065,23065,4
849,2023-09-15,59,2,5,AUTO HONDA PILOT 2013,1,23065,23065,4
850,2023-09-26,106,2,5,AUTO HONDA PILOT 2013,1,23065,23065,3
851,2023-09-23,52,2,5,AUTO HONDA PILOT 2013,1,23065,23065,1
852,2023-09-20,196,1,6,AUTO HONDA FIT 2016,1,25974,25974,1
853,2023-09-11,23,1,6,AUTO HONDA FIT 2016,1,25974,25974,1
854,2023-09-23,46,2,6,AUTO HONDA FIT 2016,1,25974,25974,1
855,2023-09-01,76,2,6,AUTO HONDA FIT 2016,1,25974,25974,1
856,2023-09-21,197,2,7,AUTO HONDA CITY 2016,1,24231,24231,1
857,2023-09-15,112,2,7,AUTO HONDA CITY 2016,1,24231,24231,2
858,2023-09-11,159,2,7,AUTO HONDA CITY 2016,1,24231,24231,4
859,2023-09-15,35,1,7,AUTO HONDA CITY 2016,1,24231,24231,4
860,2023-09-22,162,2,7,AUTO HONDA CITY 2016,1,24231,24231,4
861,2023-09-02,68,2,7,AUTO HONDA CITY 2016,1,24231,24231,1
862,2023-09-08,82,2,8,CAMIONETA HONDA ELEMENT 2013,1,36328,36328,3
863,2023-09-01,124,2,8,CAMIONETA HONDA ELEMENT 2013,1,36328,36328,2
864,2023-09-09,194,2,9,CAMIONETA HONDA CROSSTOUR 2013,1,28677,28677,4
865,2023-09-05,171,1,10,CAMIONETA HONDA CR-Z 2015,1,31577,31577,1
866,2023-09-26,86,2,10,CAMIONETA HONDA CR-Z 2015,1,31577,31577,2
867,2023-09-09,182,1,11,CAMIONETA HONDA RID LINE PICK UP 2014,1,48127,48127,1
868,2023-09-06,179,1,11,CAMIONETA HONDA RID LINE PICK UP 2014,1,48127,48127,2
869,2023-09-16,26,2,11,CAMIONETA HONDA RID LINE PICK UP 2014,1,48127,48127,2
870,2023-09-06,98,1,11,CAMIONETA HONDA RID LINE PICK UP 2014,1,48127,48127,1
871,2023-09-22,110,2,11,CAMIONETA HONDA RID LINE PICK UP 2014,1,48127,48127,3
872,2023-09-08,151,2,38,ACEITE DE MOTOR 5W30 FULL SINTÉTICO,6,122,732,2
873,2023-09-05,177,2,38,ACEITE DE MOTOR 5W30 FULL SINTÉTICO,17,122,2074,3
874,2023-09-21,149,2,38,ACEITE DE MOTOR 5W30 FULL SINTÉTICO,6,122,732,4
875,2023-09-26,187,1,38,ACEITE DE MOTOR 5W30 FULL SINTÉTICO,9,122,1098,2
876,2023-09-18,40,2,38,ACEITE DE MOTOR 5W30 FULL SINTÉTICO,13,122,1586,2
877,2023-09-02,24,1,38,ACEITE DE MOTOR 5W30 FULL SINTÉTICO,16,122,1952,3
878,2023-09-19,106,2,38,ACEITE DE MOTOR 5W30 FULL SINTÉTICO,13,122,1586,4
879,2023-09-09,15,1,38,ACEITE DE MOTOR 5W30 FULL SINTÉTICO,7,122,854,1
880,2023-09-26,95,2,38,ACEITE DE MOTOR 5W30 FULL SINTÉTICO,6,122,732,4
881,2023-09-03,15,1,38,ACEITE DE MOTOR 5W30 FULL SINTÉTICO,1,122,122,3
882,2023-09-24,124,2,38,ACEITE DE MOTOR 5W30 FULL SINTÉTICO,1,122,122,3
883,2023-09-21,162,1,39,FILTRO DE COMBUSTIBLE,1,111,111,2
884,2023-09-03,13,2,40,AMORTIGUADORES DELANTEROS,10,259,2590,3
885,2023-09-06,77,1,40,AMORTIGUADORES DELANTEROS,12,259,3108,2
886,2023-09-09,138,1,40,AMORTIGUADORES DELANTEROS,14,259,3626,2
887,2023-09-18,46,1,40,AMORTIGUADORES DELANTEROS,15,259,3885,1
888,2023-09-20,12,1,40,AMORTIGUADORES DELANTEROS,16,259,4144,3
889,2023-09-02,105,1,40,AMORTIGUADORES DELANTEROS,2,259,518,3
890,2023-09-05,99,1,40,AMORTIGUADORES DELANTEROS,8,259,2072,3
891,2023-09-25,59,2,40,AMORTIGUADORES DELANTEROS,15,259,3885,2
892,2023-09-08,18,1,40,AMORTIGUADORES DELANTEROS,14,259,3626,2
893,2023-09-17,128,2,40,AMORTIGUADORES DELANTEROS,2,259,518,3
894,2023-09-02,170,2,40,AMORTIGUADORES DELANTEROS,8,259,2072,1
895,2023-09-27,122,1,40,AMORTIGUADORES DELANTEROS,5,259,1295,2
896,2023-09-26,20,1,41,AMORTIGUADORES POSTERIORES,20,126,2520,4
897,2023-09-28,169,1,41,AMORTIGUADORES POSTERIORES,12,126,1512,2
898,2023-09-07,137,1,41,AMORTIGUADORES POSTERIORES,5,126,630,1
899,2023-09-01,41,1,41,AMORTIGUADORES POSTERIORES,8,126,1008,1
900,2023-09-03,197,2,41,AMORTIGUADORES POSTERIORES,3,126,378,4
901,2023-09-18,122,2,41,AMORTIGUADORES POSTERIORES,17,126,2142,2
902,2023-09-16,167,2,41,AMORTIGUADORES POSTERIORES,17,126,2142,3
903,2023-09-21,61,2,41,AMORTIGUADORES POSTERIORES,9,126,1134,4
904,2023-09-10,105,1,41,AMORTIGUADORES POSTERIORES,4,126,504,1
905,2023-09-11,14,1,41,AMORTIGUADORES POSTERIORES,1,126,126,4
906,2023-09-26,73,1,41,AMORTIGUADORES POSTERIORES,1,126,126,1
907,2023-09-17,82,1,42,"LLANTAS 18""",7,81,567,2
908,2023-09-07,2,2,42,"LLANTAS 18""",20,81,1620,4
909,2023-09-02,69,1,42,"LLANTAS 18""",7,81,567,2
910,2023-09-07,88,2,42,"LLANTAS 18""",17,81,1377,1
911,2023-09-09,53,1,42,"LLANTAS 18""",10,81,810,4
912,2023-09-10,179,2,42,"LLANTAS 18""",16,81,1296,2
913,2023-09-18,13,2,42,"LLANTAS 18""",3,81,243,2
914,2023-09-11,28,2,42,"LLANTAS 18""",4,81,324,2
915,2023-09-08,199,2,42,"LLANTAS 18""",1,81,81,1
916,2023-09-03,95,2,43,BATERÍA DE 18 PLACAS,5,82,410,4
917,2023-09-21,58,2,43,BATERÍA DE 18 PLACAS,12,82,984,3
918,2023-09-12,163,2,43,BATERÍA DE 18 PLACAS,4,82,328,1
919,2023-09-20,161,1,43,BATERÍA DE 18 PLACAS,1,82,82,1
920,2023-09-28,185,2,43,BATERÍA DE 18 PLACAS,4,82,328,1
921,2023-09-23,198,2,43,BATERÍA DE 18 PLACAS,1,82,82,3
922,2023-09-12,51,2,43,BATERÍA DE 18 PLACAS,1,82,82,1
923,2023-10-20,177,1,1,AUTO HONDA ACCORD 2014,1,19776,19776,2
924,2023-10-25,33,1,2,AUTO HONDA CIVIC 2014,1,13230,13230,1
925,2023-10-28,5,2,2,AUTO HONDA CIVIC 2014,1,13230,13230,3
926,2023-10-19,53,1,2,AUTO HONDA CIVIC 2014,1,13230,13230,4
927,2023-10-02,192,1,2,AUTO HONDA CIVIC 2014,1,13230,13230,1
928,2023-10-21,27,2,3,AUTO HONDA ODISSEY 2013,1,17088,17088,1
929,2023-10-20,105,1,3,AUTO HONDA ODISSEY 2013,1,17088,17088,2
930,2023-10-13,23,2,3,AUTO HONDA ODISSEY 2013,1,17088,17088,4
931,2023-10-24,50,2,3,AUTO HONDA ODISSEY 2013,1,17088,17088,4
932,2023-10-25,196,2,3,AUTO HONDA ODISSEY 2013,1,17088,17088,3
933,2023-10-24,158,2,4,AUTO HONDA CRV 2014,1,30794,30794,4
934,2023-10-11,47,2,4,AUTO HONDA CRV 2014,1,30794,30794,1
935,2023-10-21,97,1,4,AUTO HONDA CRV 2014,1,30794,30794,4
936,2023-10-04,125,1,4,AUTO HONDA CRV 2014,1,30794,30794,1
937,2023-10-06,166,2,5,AUTO HONDA PILOT 2013,1,15220,15220,2
938,2023-10-21,140,2,5,AUTO HONDA PILOT 2013,1,15220,15220,3
939,2023-10-07,45,1,5,AUTO HONDA PILOT 2013,1,15220,15220,1
940,2023-10-27,2,1,5,AUTO HONDA PILOT 2013,1,15220,15220,4
941,2023-10-25,154,2,6,AUTO HONDA FIT 2016,1,24875,24875,2
942,2023-10-28,123,1,6,AUTO HONDA FIT 2016,1,24875,24875,1
943,2023-10-27,57,1,7,AUTO HONDA CITY 2016,1,23106,23106,2
944,2023-10-10,93,1,7,AUTO HONDA CITY 2016,1,23106,23106,1
945,2023-10-21,48,2,7,AUTO HONDA CITY 2016,1,23106,23106,4
946,2023-10-14,179,2,7,AUTO HONDA CITY 2016,1,23106,23106,4
947,2023-10-08,2,2,7,AUTO HONDA CITY 2016,1,23106,23106,2
948,2023-10-15,68,2,7,AUTO HONDA CITY 2016,1,23106,23106,3
949,2023-10-19,52,1,7,AUTO HONDA CITY 2016,1,23106,23106,3
950,2023-10-21,101,1,8,CAMIONETA HONDA ELEMENT 2013,1,33492,33492,1
951,2023-10-10,167,2,9,CAMIONETA HONDA CROSSTOUR 2013,1,33413,33413,1
952,2023-10-07,99,2,9,CAMIONETA HONDA CROSSTOUR 2013,1,33413,33413,4
953,2023-10-19,96,1,9,CAMIONETA HONDA CROSSTOUR 2013,1,33413,33413,3
954,2023-10-11,35,2,9,CAMIONETA HONDA CROSSTOUR 2013,1,33413,33413,3
955,2023-10-10,196,1,10,CAMIONETA HONDA CR-Z 2015,1,42229,42229,3
956,2023-10-16,122,1,10,CAMIONETA HONDA CR-Z 2015,1,42229,42229,2
957,2023-10-19,80,2,11,CAMIONETA HONDA RID LINE PICK UP 2014,1,27900,27900,3
958,2023-10-23,147,2,11,CAMIONETA HONDA RID LINE PICK UP 2014,1,27900,27900,1
959,2023-10-21,4,1,38,ACEITE DE MOTOR 5W30 FULL SINTÉTICO,9,133,1197,2
960,2023-10-12,21,2,38,ACEITE DE MOTOR 5W30 FULL SINTÉTICO,16,133,2128,1
961,2023-10-19,59,2,38,ACEITE DE MOTOR 5W30 FULL SINTÉTICO,17,133,2261,3
962,2023-10-06,100,2,38,ACEITE DE MOTOR 5W30 FULL SINTÉTICO,12,133,1596,3
963,2023-10-16,79,2,38,ACEITE DE MOTOR 5W30 FULL SINTÉTICO,15,133,1995,3
964,2023-10-03,33,1,38,ACEITE DE MOTOR 5W30 FULL SINTÉTICO,17,133,2261,3
965,2023-10-05,44,2,38,ACEITE DE MOTOR 5W30 FULL SINTÉTICO,6,133,798,2
966,2023-10-21,51,1,39,FILTRO DE COMBUSTIBLE,5,134,670,4
967,2023-10-24,133,2,39,FILTRO DE COMBUSTIBLE,14,134,1876,2
968,2023-10-22,119,1,39,FILTRO DE COMBUSTIBLE,1,134,134,2
969,2023-10-13,185,2,39,FILTRO DE COMBUSTIBLE,1,134,134,4
970,2023-10-21,120,1,40,AMORTIGUADORES DELANTEROS,16,250,4000,2
971,2023-10-07,101,2,40,AMORTIGUADORES DELANTEROS,7,250,1750,4
972,2023-10-01,127,2,40,AMORTIGUADORES DELANTEROS,11,250,2750,2
973,2023-10-21,2,1,40,AMORTIGUADORES DELANTEROS,7,250,1750,2
974,2023-10-06,176,2,40,AMORTIGUADORES DELANTEROS,8,250,2000,3
975,2023-10-05,117,1,40,AMORTIGUADORES DELANTEROS,20,250,5000,2
976,2023-10-08,185,1,40,AMORTIGUADORES DELANTEROS,9,250,2250,2
977,2023-10-05,186,1,40,AMORTIGUADORES DELANTEROS,14,250,3500,1
978,2023-10-17,3,2,40,AMORTIGUADORES DELANTEROS,19,250,4750,2
979,2023-10-13,34,1,40,AMORTIGUADORES DELANTEROS,7,250,1750,1
980,2023-10-01,63,1,40,AMORTIGUADORES DELANTEROS,1,250,250,3
981,2023-10-24,19,1,41,AMORTIGUADORES POSTERIORES,3,117,351,2
982,2023-10-23,18,1,41,AMORTIGUADORES POSTERIORES,19,117,2223,2
983,2023-10-08,109,1,41,AMORTIGUADORES POSTERIORES,20,117,2340,4
984,2023-10-08,5,1,41,AMORTIGUADORES POSTERIORES,6,117,702,1
985,2023-10-28,75,1,41,AMORTIGUADORES POSTERIORES,2,117,234,3
986,2023-10-11,49,2,41,AMORTIGUADORES POSTERIORES,16,117,1872,4
987,2023-10-07,58,1,41,AMORTIGUADORES POSTERIORES,6,117,702,4
988,2023-10-13,110,2,41,AMORTIGUADORES POSTERIORES,7,117,819,1
989,2023-10-18,141,2,41,AMORTIGUADORES POSTERIORES,1,117,117,2
990,2023-10-21,70,2,42,"LLANTAS 18""",10,73,730,1
991,2023-10-23,49,2,42,"LLANTAS 18""",13,73,949,4
992,2023-10-27,84,2,42,"LLANTAS 18""",6,73,438,4
993,2023-10-14,32,2,42,"LLANTAS 18""",19,73,1387,2
994,2023-10-11,95,1,42,"LLANTAS 18""",6,73,438,2
995,2023-10-12,157,2,42,"LLANTAS 18""",8,73,584,3
996,2023-10-24,45,2,42,"LLANTAS 18""",18,73,1314,3
997,2023-10-19,18,1,42,"LLANTAS 18""",19,73,1387,4
998,2023-10-06,72,2,42,"LLANTAS 18""",2,73,146,1
999,2023-10-21,52,1,42,"LLANTAS 18""",14,73,1022,1
1000,2023-10-25,81,2,42,"LLANTAS 18""",3,73,219,2
1001,2023-10-26,30,1,42,"LLANTAS 18""",2,73,146,2
1002,2023-10-01,73,1,42,"LLANTAS 18""",1,73,73,1
1003,2023-10-01,190,2,43,BATERÍA DE 18 PLACAS,16,85,1360,3
1004,2023-10-23,27,1,43,BATERÍA DE 18 PLACAS,20,85,1700,1
1005,2023-10-13,190,1,43,BATERÍA DE 18 PLACAS,1,85,85,4
1006,2023-10-06,167,1,43,BATERÍA DE 18 PLACAS,1,85,85,1
1007,2023-10-04,66,1,43,BATERÍA DE 18 PLACAS,6,85,510,4
1008,2023-11-05,64,1,1,AUTO HONDA ACCORD 2014,1,19724,19724,1
1009,2023-11-11,111,1,1,AUTO HONDA ACCORD 2014,1,19724,19724,1
1010,2023-11-21,156,2,2,AUTO HONDA CIVIC 2014,1,31997,31997,3
1011,2023-11-07,6,1,2,AUTO HONDA CIVIC 2014,1,31997,31997,1
1012,2023-11-09,110,1,2,AUTO HONDA CIVIC 2014,1,31997,31997,2
1013,2023-11-08,177,1,2,AUTO HONDA CIVIC 2014,1,31997,31997,1
1014,2023-11-07,62,1,2,AUTO HONDA CIVIC 2014,1,31997,31997,2
1015,2023-11-25,171,2,2,AUTO HONDA CIVIC 2014,1,31997,31997,1
1016,2023-11-08,60,2,2,AUTO HONDA CIVIC 2014,1,31997,31997,4
1017,2023-11-15,166,1,3,AUTO HONDA ODISSEY 2013,1,24068,24068,1
1018,2023-11-01,114,1,3,AUTO HONDA ODISSEY 2013,1,24068,24068,3
1019,2023-11-02,131,2,3,AUTO HONDA ODISSEY 2013,1,24068,24068,2
1020,2023-11-03,52,2,3,AUTO HONDA ODISSEY 2013,1,24068,24068,2
1021,2023-11-17,3,2,3,AUTO HONDA ODISSEY 2013,1,24068,24068,4
1022,2023-11-07,60,1,3,AUTO HONDA ODISSEY 2013,1,24068,24068,3
1023,2023-11-16,65,1,3,AUTO HONDA ODISSEY 2013,1,24068,24068,3
1024,2023-11-11,178,2,4,AUTO HONDA CRV 2014,1,23804,23804,4
1025,2023-11-18,195,2,4,AUTO HONDA CRV 2014,1,23804,23804,1
1026,2023-11-05,154,1,4,AUTO HONDA CRV 2014,1,23804,23804,3
1027,2023-11-23,180,2,4,AUTO HONDA CRV 2014,1,23804,23804,1
1028,2023-11-06,17,2,4,AUTO HONDA CRV 2014,1,23804,23804,1
1029,2023-11-24,52,2,4,AUTO HONDA CRV 2014,1,23804,23804,4
1030,2023-11-16,143,2,4,AUTO HONDA CRV 2014,1,23804,23804,2
1031,2023-11-24,111,2,5,AUTO HONDA PILOT 2013,1,14180,14180,1
1032,2023-11-16,27,1,5,AUTO HONDA PILOT 2013,1,14180,14180,1
1033,2023-11-19,120,2,5,AUTO HONDA PILOT 2013,1,14180,14180,1
1034,2023-11-22,161,2,5,AUTO HONDA PILOT 2013,1,14180,14180,3
1035,2023-11-20,118,2,5,AUTO HONDA PILOT 2013,1,14180,14180,4
1036,2023-11-08,138,1,5,AUTO HONDA PILOT 2013,1,14180,14180,2
1037,2023-11-04,159,1,5,AUTO HONDA PILOT 2013,1,14180,14180,2
1038,2023-11-14,164,1,5,AUTO HONDA PILOT 2013,1,14180,14180,2
1039,2023-11-04,3,1,5,AUTO HONDA PILOT 2013,1,14180,14180,2
1040,2023-11-15,190,2,5,AUTO HONDA PILOT 2013,1,14180,14180,2
1041,2023-11-03,60,1,6,AUTO HONDA FIT 2016,1,29112,29112,3
1042,2023-11-22,149,1,6,AUTO HONDA FIT 2016,1,29112,29112,4
1043,2023-11-24,180,1,6,AUTO HONDA FIT 2016,1,29112,29112,3
1044,2023-11-12,37,2,6,AUTO HONDA FIT 2016,1,29112,29112,2
1045,2023-11-28,145,1,6,AUTO HONDA FIT 2016,1,29112,29112,4
1046,2023-11-28,73,2,6,AUTO HONDA FIT 2016,1,29112,29112,2
1047,2023-11-22,59,1,7,AUTO HONDA CITY 2016,1,30209,30209,1
1048,2023-11-03,70,1,7,AUTO HONDA CITY 2016,1,30209,30209,2
1049,2023-11-05,153,1,8,CAMIONETA HONDA ELEMENT 2013,1,33770,33770,4
1050,2023-11-15,94,2,8,CAMIONETA HONDA ELEMENT 2013,1,33770,33770,4
1051,2023-11-19,67,2,8,CAMIONETA HONDA ELEMENT 2013,1,33770,33770,2
1052,2023-11-18,68,1,8,CAMIONETA HONDA ELEMENT 2013,1,33770,33770,3
1053,2023-11-08,44,2,9,CAMIONETA HONDA CROSSTOUR 2013,1,34597,34597,1
1054,2023-11-27,191,1,9,CAMIONETA HONDA CROSSTOUR 2013,1,34597,34597,1
1055,2023-11-18,15,1,9,CAMIONETA HONDA CROSSTOUR 2013,1,34597,34597,3
1056,2023-11-05,33,2,9,CAMIONETA HONDA CROSSTOUR 2013,1,34597,34597,1
1057,2023-11-08,119,1,10,CAMIONETA HONDA CR-Z 2015,1,52175,52175,3
1058,2023-11-08,110,1,10,CAMIONETA HONDA CR-Z 2015,1,52175,52175,4
1059,2023-11-08,154,1,10,CAMIONETA HONDA CR-Z 2015,1,52175,52175,2
1060,2023-11-06,31,2,10,CAMIONETA HONDA CR-Z 2015,1,52175,52175,2
1061,2023-11-03,162,2,11,CAMIONETA HONDA RID LINE PICK UP 2014,1,29028,29028,4
1062,2023-11-28,197,1,11,CAMIONETA HONDA RID LINE PICK UP 2014,1,29028,29028,4
1063,2023-11-25,194,1,38,ACEITE DE MOTOR 5W30 FULL SINTÉTICO,9,120,1080,4
1064,2023-11-10,35,2,38,ACEITE DE MOTOR 5W30 FULL SINTÉTICO,20,120,2400,2
1065,2023-11-08,78,2,38,ACEITE DE MOTOR 5W30 FULL SINTÉTICO,4,120,480,1
1066,2023-11-01,81,2,38,ACEITE DE MOTOR 5W30 FULL SINTÉTICO,8,120,960,3
1067,2023-11-12,12,1,38,ACEITE DE MOTOR 5W30 FULL SINTÉTICO,9,120,1080,4
1068,2023-11-04,53,2,38,ACEITE DE MOTOR 5W30 FULL SINTÉTICO,12,120,1440,4
1069,2023-11-17,99,2,38,ACEITE DE MOTOR 5W30 FULL SINTÉTICO,8,120,960,4
1070,2023-11-01,166,1,38,ACEITE DE MOTOR 5W30 FULL SINTÉTICO,10,120,1200,3
1071,2023-11-23,131,2,38,ACEITE DE MOTOR 5W30 FULL SINTÉTICO,3,120,360,2
1072,2023-11-03,45,2,38,ACEITE DE MOTOR 5W30 FULL SINTÉTICO,9,120,1080,3
1073,2023-11-21,156,1,38,ACEITE DE MOTOR 5W30 FULL SINTÉTICO,17,120,2040,2
1074,2023-11-13,158,1,38,ACEITE DE MOTOR 5W30 FULL SINTÉTICO,17,120,2040,3
1075,2023-11-12,102,2,38,ACEITE DE MOTOR 5W30 FULL SINTÉTICO,4,120,480,2
1076,2023-11-15,106,2,38,ACEITE DE MOTOR 5W30 FULL SINTÉTICO,6,120,720,4
1077,2023-11-07,53,2,38,ACEITE DE MOTOR 5W30 FULL SINTÉTICO,3,120,360,4
1078,2023-11-14,192,1,40,AMORTIGUADORES DELANTEROS,18,275,4950,3
1079,2023-11-02,128,1,40,AMORTIGUADORES DELANTEROS,16,275,4400,4
1080,2023-11-26,50,1,40,AMORTIGUADORES DELANTEROS,3,275,825,1
1081,2023-11-27,24,2,40,AMORTIGUADORES DELANTEROS,2,275,550,1
1082,2023-11-04,155,2,40,AMORTIGUADORES DELANTEROS,4,275,1100,2
1083,2023-11-13,63,2,40,AMORTIGUADORES DELANTEROS,16,275,4400,3
1084,2023-11-17,136,1,40,AMORTIGUADORES DELANTEROS,7,275,1925,4
1085,2023-11-23,126,2,40,AMORTIGUADORES DELANTEROS,17,275,4675,1
1086,2023-11-18,85,1,40,AMORTIGUADORES DELANTEROS,1,275,275,4
1087,2023-11-12,40,1,40,AMORTIGUADORES DELANTEROS,7,275,1925,3
1088,2023-11-05,173,1,40,AMORTIGUADORES DELANTEROS,5,275,1375,3
1089,2023-11-06,185,1,40,AMORTIGUADORES DELANTEROS,19,275,5225,1
1090,2023-11-28,118,2,40,AMORTIGUADORES DELANTEROS,3,275,825,2
1091,2023-11-21,63,2,41,AMORTIGUADORES POSTERIORES,19,106,2014,3
1092,2023-11-28,162,1,41,AMORTIGUADORES POSTERIORES,10,106,1060,2
1093,2023-11-03,65,2,41,AMORTIGUADORES POSTERIORES,9,106,954,3
1094,2023-11-01,195,1,41,AMORTIGUADORES POSTERIORES,15,106,1590,1
1095,2023-11-09,28,1,41,AMORTIGUADORES POSTERIORES,3,106,318,1
1096,2023-11-03,158,2,41,AMORTIGUADORES POSTERIORES,17,106,1802,2
1097,2023-11-14,190,2,41,AMORTIGUADORES POSTERIORES,9,106,954,4
1098,2023-11-11,40,1,41,AMORTIGUADORES POSTERIORES,15,106,1590,4
1099,2023-11-05,53,2,41,AMORTIGUADORES POSTERIORES,4,106,424,1
1100,2023-11-22,112,2,41,AMORTIGUADORES POSTERIORES,8,106,848,2
1101,2023-11-26,199,2,41,AMORTIGUADORES POSTERIORES,2,106,212,4
1102,2023-11-18,84,1,41,AMORTIGUADORES POSTERIORES,2,106,212,4
1103,2023-11-11,127,2,42,"LLANTAS 18""",18,47,846,2
1104,2023-11-21,193,1,42,"LLANTAS 18""",16,47,752,4
1105,2023-11-10,89,2,42,"LLANTAS 18""",19,47,893,3
1106,2023-11-07,108,1,42,"LLANTAS 18""",6,47,282,3
1107,2023-11-26,22,1,42,"LLANTAS 18""",8,47,376,2
1108,2023-11-11,62,2,42,"LLANTAS 18""",15,47,705,4
1109,2023-11-03,41,2,42,"LLANTAS 18""",2,47,94,1
1110,2023-11-28,113,2,42,"LLANTAS 18""",8,47,376,2
1111,2023-11-15,159,2,42,"LLANTAS 18""",1,47,47,1
1112,2023-11-08,49,1,42,"LLANTAS 18""",2,47,94,1
1113,2023-11-10,69,2,43,BATERÍA DE 18 PLACAS,13,85,1105,1
1114,2023-11-18,103,1,43,BATERÍA DE 18 PLACAS,11,85,935,4
1115,2023-11-23,141,1,43,BATERÍA DE 18 PLACAS,18,85,1530,4
1116,2023-11-22,105,2,43,BATERÍA DE 18 PLACAS,3,85,255,1
1117,2023-11-24,120,2,43,BATERÍA DE 18 PLACAS,1,85,85,2
1118,2023-11-15,98,2,43,BATERÍA DE 18 PLACAS,1,85,85,1
1119,2023-12-22,22,1,1,AUTO HONDA ACCORD 2014,1,29721,29721,2
1120,2023-12-05,74,2,1,AUTO HONDA ACCORD 2014,1,29721,29721,4
1121,2023-12-05,125,1,1,AUTO HONDA ACCORD 2014,1,29721,29721,3
1122,2023-12-16,167,2,1,AUTO HONDA ACCORD 2014,1,29721,29721,2
1123,2023-12-14,142,1,2,AUTO HONDA CIVIC 2014,1,25459,25459,1
1124,2023-12-05,81,1,2,AUTO HONDA CIVIC 2014,1,25459,25459,4
1125,2023-12-22,13,1,2,AUTO HONDA CIVIC 2014,1,25459,25459,4
1126,2023-12-15,85,1,2,AUTO HONDA CIVIC 2014,1,25459,25459,3
1127,2023-12-24,185,2,3,AUTO HONDA ODISSEY 2013,1,24222,24222,1
1128,2023-12-04,162,2,3,AUTO HONDA ODISSEY 2013,1,24222,24222,4
1129,2023-12-28,163,1,3,AUTO HONDA ODISSEY 2013,1,24222,24222,2
1130,2023-12-09,166,2,3,AUTO HONDA ODISSEY 2013,1,24222,24222,2
1131,2023-12-05,191,1,3,AUTO HONDA ODISSEY 2013,1,24222,24222,1
1132,2023-12-26,32,2,3,AUTO HONDA ODISSEY 2013,1,24222,24222,2
1133,2023-12-08,189,1,3,AUTO HONDA ODISSEY 2013,1,24222,24222,2
1134,2023-12-03,80,2,3,AUTO HONDA ODISSEY 2013,1,24222,24222,2
1135,2023-12-04,62,2,4,AUTO HONDA CRV 2014,1,26104,26104,4
1136,2023-12-20,57,1,4,AUTO HONDA CRV 2014,1,26104,26104,2
1137,2023-12-27,176,2,4,AUTO HONDA CRV 2014,1,26104,26104,3
1138,2023-12-19,130,1,4,AUTO HONDA CRV 2014,1,26104,26104,1
1139,2023-12-10,140,1,4,AUTO HONDA CRV 2014,1,26104,26104,1
1140,2023-12-11,169,1,4,AUTO HONDA CRV 2014,1,26104,26104,2
1141,2023-12-05,116,1,4,AUTO HONDA CRV 2014,1,26104,26104,4
1142,2023-12-11,141,2,4,AUTO HONDA CRV 2014,1,26104,26104,2
1143,2023-12-22,184,1,4,AUTO HONDA CRV 2014,1,26104,26104,1
1144,2023-12-14,184,2,5,AUTO HONDA PILOT 2013,1,31985,31985,4
1145,2023-12-10,56,2,5,AUTO HONDA PILOT 2013,1,31985,31985,3
1146,2023-12-03,27,1,5,AUTO HONDA PILOT 2013,1,31985,31985,2
1147,2023-12-08,99,1,5,AUTO HONDA PILOT 2013,1,31985,31985,4
1148,2023-12-28,53,2,5,AUTO HONDA PILOT 2013,1,31985,31985,1
1149,2023-12-19,119,2,5,AUTO HONDA PILOT 2013,1,31985,31985,2
1150,2023-12-24,51,2,5,AUTO HONDA PILOT 2013,1,31985,31985,3
1151,2023-12-02,178,1,6,AUTO HONDA FIT 2016,1,26266,26266,1
1152,2023-12-17,25,2,6,AUTO HONDA FIT 2016,1,26266,26266,1
1153,2023-12-13,91,2,6,AUTO HONDA FIT 2016,1,26266,26266,3
1154,2023-12-12,3,1,6,AUTO HONDA FIT 2016,1,26266,26266,2
1155,2023-12-14,38,1,6,AUTO HONDA FIT 2016,1,26266,26266,2
1156,2023-12-25,48,2,6,AUTO HONDA FIT 2016,1,26266,26266,3
1157,2023-12-27,155,1,6,AUTO HONDA FIT 2016,1,26266,26266,4
1158,2023-12-21,104,2,6,AUTO HONDA FIT 2016,1,26266,26266,1
1159,2023-12-02,23,2,6,AUTO HONDA FIT 2016,1,26266,26266,3
1160,2023-12-09,101,2,6,AUTO HONDA FIT 2016,1,26266,26266,3
1161,2023-12-28,163,2,6,AUTO HONDA FIT 2016,1,26266,26266,3
1162,2023-12-28,104,1,7,AUTO HONDA CITY 2016,1,23900,23900,1
1163,2023-12-08,91,2,7,AUTO HONDA CITY 2016,1,23900,23900,4
1164,2023-12-10,59,2,7,AUTO HONDA CITY 2016,1,23900,23900,3
1165,2023-12-15,165,1,7,AUTO HONDA CITY 2016,1,23900,23900,3
1166,2023-12-22,137,1,7,AUTO HONDA CITY 2016,1,23900,23900,2
1167,2023-12-18,47,2,7,AUTO HONDA CITY 2016,1,23900,23900,2
1168,2023-12-07,93,2,7,AUTO HONDA CITY 2016,1,23900,23900,3
1169,2023-12-15,15,2,7,AUTO HONDA CITY 2016,1,23900,23900,3
1170,2023-12-03,55,2,8,CAMIONETA HONDA ELEMENT 2013,1,42453,42453,2
1171,2023-12-07,49,1,8,CAMIONETA HONDA ELEMENT 2013,1,42453,42453,3
1172,2023-12-07,40,1,8,CAMIONETA HONDA ELEMENT 2013,1,42453,42453,1
1173,2023-12-28,74,2,8,CAMIONETA HONDA ELEMENT 2013,1,42453,42453,2
1174,2023-12-22,154,2,8,CAMIONETA HONDA ELEMENT 2013,1,42453,42453,4
1175,2023-12-06,38,1,9,CAMIONETA HONDA CROSSTOUR 2013,1,35956,35956,3
1176,2023-12-17,12,2,9,CAMIONETA HONDA CROSSTOUR 2013,1,35956,35956,1
1177,2023-12-28,114,1,9,CAMIONETA HONDA CROSSTOUR 2013,1,35956,35956,3
1178,2023-12-22,79,1,10,CAMIONETA HONDA CR-Z 2015,1,33896,33896,2
1179,2023-12-10,47,2,10,CAMIONETA HONDA CR-Z 2015,1,33896,33896,2
1180,2023-12-05,80,2,10,CAMIONETA HONDA CR-Z 2015,1,33896,33896,4
1181,2023-12-11,111,2,10,CAMIONETA HONDA CR-Z 2015,1,33896,33896,1
1182,2023-12-06,189,2,11,CAMIONETA HONDA RID LINE PICK UP 2014,1,27243,27243,4
1183,2023-12-10,120,2,11,CAMIONETA HONDA RID LINE PICK UP 2014,1,27243,27243,1
1184,2023-12-03,11,2,11,CAMIONETA HONDA RID LINE PICK UP 2014,1,27243,27243,3
1185,2023-12-12,72,1,38,ACEITE DE MOTOR 5W30 FULL SINTÉTICO,13,112,1456,2
1186,2023-12-14,193,1,38,ACEITE DE MOTOR 5W30 FULL SINTÉTICO,8,112,896,1
1187,2023-12-25,100,2,38,ACEITE DE MOTOR 5W30 FULL SINTÉTICO,15,112,1680,1
1188,2023-12-01,87,2,38,ACEITE DE MOTOR 5W30 FULL SINTÉTICO,6,112,672,2
1189,2023-12-17,43,1,38,ACEITE DE MOTOR 5W30 FULL SINTÉTICO,10,112,1120,4
1190,2023-12-01,142,2,38,ACEITE DE MOTOR 5W30 FULL SINTÉTICO,20,112,2240,4
1191,2023-12-15,142,1,38,ACEITE DE MOTOR 5W30 FULL SINTÉTICO,8,112,896,3
1192,2023-12-06,78,2,38,ACEITE DE MOTOR 5W30 FULL SINTÉTICO,14,112,1568,3
1193,2023-12-10,195,1,38,ACEITE DE MOTOR 5W30 FULL SINTÉTICO,10,112,1120,2
1194,2023-12-25,107,2,38,ACEITE DE MOTOR 5W30 FULL SINTÉTICO,10,112,1120,2
1195,2023-12-24,133,2,38,ACEITE DE MOTOR 5W30 FULL SINTÉTICO,1,112,112,1
1196,2023-12-15,168,2,38,ACEITE DE MOTOR 5W30 FULL SINTÉTICO,2,112,224,3
1197,2023-12-01,36,1,38,ACEITE DE MOTOR 5W30 FULL SINTÉTICO,2,112,224,2
1198,2023-12-12,90,1,38,ACEITE DE MOTOR 5W30 FULL SINTÉTICO,1,112,112,3
1199,2023-12-27,155,1,38,ACEITE DE MOTOR 5W30 FULL SINTÉTICO,2,112,224,4
1200,2023-12-14,105,1,39,FILTRO DE COMBUSTIBLE,5,119,595,4
1201,2023-12-27,137,1,39,FILTRO DE COMBUSTIBLE,11,119,1309,1
1202,2023-12-03,199,2,40,AMORTIGUADORES DELANTEROS,19,279,5301,1
1203,2023-12-25,22,1,40,AMORTIGUADORES DELANTEROS,7,279,1953,4
1204,2023-12-27,195,1,40,AMORTIGUADORES DELANTEROS,15,279,4185,3
1205,2023-12-01,1,1,40,AMORTIGUADORES DELANTEROS,6,279,1674,1
1206,2023-12-05,32,2,40,AMORTIGUADORES DELANTEROS,18,279,5022,2
1207,2023-12-05,91,1,40,AMORTIGUADORES DELANTEROS,4,279,1116,3
1208,2023-12-26,150,1,40,AMORTIGUADORES DELANTEROS,6,279,1674,3
1209,2023-12-28,41,1,40,AMORTIGUADORES DELANTEROS,18,279,5022,3
1210,2023-12-18,121,1,40,AMORTIGUADORES DELANTEROS,18,279,5022,3
1211,2023-12-01,75,2,40,AMORTIGUADORES DELANTEROS,9,279,2511,3
1212,2023-12-03,86,2,40,AMORTIGUADORES DELANTEROS,1,279,279,1
1213,2023-12-15,78,2,40,AMORTIGUADORES DELANTEROS,1,279,279,2
1214,2023-12-22,152,2,40,AMORTIGUADORES DELANTEROS,1,279,279,4
1215,2023-12-17,31,2,41,AMORTIGUADORES POSTERIORES,17,120,2040,3
1216,2023-12-06,102,2,41,AMORTIGUADORES POSTERIORES,12,120,1440,4
1217,2023-12-28,64,1,41,AMORTIGUADORES POSTERIORES,14,120,1680,2
1218,2023-12-04,157,1,41,AMORTIGUADORES POSTERIORES,16,120,1920,3
1219,2023-12-28,101,2,41,AMORTIGUADORES POSTERIORES,1,120,120,2
1220,2023-12-09,147,2,41,AMORTIGUADORES POSTERIORES,20,120,2400,1
1221,2023-12-21,2,1,41,AMORTIGUADORES POSTERIORES,7,120,840,3
1222,2023-12-20,138,2,41,AMORTIGUADORES POSTERIORES,13,120,1560,1
1223,2023-12-24,195,1,41,AMORTIGUADORES POSTERIORES,11,120,1320,2
1224,2023-12-19,71,2,41,AMORTIGUADORES POSTERIORES,17,120,2040,3
1225,2023-12-18,47,2,41,AMORTIGUADORES POSTERIORES,1,120,120,4
1226,2023-12-06,189,1,41,AMORTIGUADORES POSTERIORES,6,120,720,4
1227,2023-12-10,122,2,41,AMORTIGUADORES POSTERIORES,7,120,840,4
1228,2023-12-16,29,1,41,AMORTIGUADORES POSTERIORES,6,120,720,4
1229,2023-12-13,122,2,41,AMORTIGUADORES POSTERIORES,1,120,120,4
1230,2023-12-11,108,1,41,AMORTIGUADORES POSTERIORES,5,120,600,3
1231,2023-12-16,169,1,41,AMORTIGUADORES POSTERIORES,20,120,2400,4
1232,2023-12-18,79,2,41,AMORTIGUADORES POSTERIORES,13,120,1560,1
1233,2023-12-24,112,1,41,AMORTIGUADORES POSTERIORES,1,120,120,1
1234,2023-12-27,92,1,42,"LLANTAS 18""",10,58,580,2
1235,2023-12-26,99,2,42,"LLANTAS 18""",5,58,290,3
1236,2023-12-25,67,2,42,"LLANTAS 18""",4,58,232,4
1237,2023-12-26,13,1,42,"LLANTAS 18""",8,58,464,2
1238,2023-12-16,35,2,42,"LLANTAS 18""",19,58,1102,4
1239,2023-12-03,17,1,42,"LLANTAS 18""",11,58,638,1
1240,2023-12-12,55,1,42,"LLANTAS 18""",7,58,406,3
1241,2023-12-07,149,1,42,"LLANTAS 18""",1,58,58,3
1242,2023-12-16,168,2,42,"LLANTAS 18""",10,58,580,4
1243,2023-12-02,21,2,42,"LLANTAS 18""",14,58,812,4
1244,2023-12-27,124,2,42,"LLANTAS 18""",20,58,1160,4
1245,2023-12-15,57,1,42,"LLANTAS 18""",16,58,928,1
1246,2023-12-07,56,1,42,"LLANTAS 18""",1,58,58,1
1247,2023-12-04,128,1,42,"LLANTAS 18""",2,58,116,1
1248,2023-12-18,62,2,43,BATERÍA DE 18 PLACAS,19,118,2242,3
1249,2023-12-13,140,2,43,BATERÍA DE 18 PLACAS,20,118,2360,3
1250,2023-12-04,115,1,43,BATERÍA DE 18 PLACAS,12,118,1416,2
1251,2023-12-07,124,1,43,BATERÍA DE 18 PLACAS,7,118,826,2
1252,2023-12-08,95,2,43,BATERÍA DE 18 PLACAS,1,118,118,3
1253,2023-12-25,141,1,43,BATERÍA DE 18 PLACAS,9,118,1062,4
1254,2023-12-24,191,2,43,BATERÍA DE 18 PLACAS,5,118,590,1
1255,2024-01-07,18,1,1,AUTO HONDA ACCORD 2014,1,22153,22153,3
1256,2024-01-06,176,2,1,AUTO HONDA ACCORD 2014,1,22153,22153,4
1257,2024-01-09,72,2,1,AUTO HONDA ACCORD 2014,1,22153,22153,4
1258,2024-01-14,91,2,1,AUTO HONDA ACCORD 2014,1,22153,22153,1
1259,2024-01-10,102,1,1,AUTO HONDA ACCORD 2014,1,22153,22153,2
1260,2024-01-25,95,1,1,AUTO HONDA ACCORD 2014,1,22153,22153,1
1261,2024-01-22,65,2,1,AUTO HONDA ACCORD 2014,1,22153,22153,3
1262,2024-01-24,169,1,1,AUTO HONDA ACCORD 2014,1,22153,22153,1
1263,2024-01-22,187,1,1,AUTO HONDA ACCORD 2014,1,22153,22153,3
1264,2024-01-06,197,1,1,AUTO HONDA ACCORD 2014,1,22153,22153,1
1265,2024-01-19,114,2,1,AUTO HONDA ACCORD 2014,1,22153,22153,2
1266,2024-01-04,183,2,2,AUTO HONDA CIVIC 2014,1,24401,24401,4
1267,2024-01-01,146,1,2,AUTO HONDA CIVIC 2014,1,24401,24401,1
1268,2024-01-10,60,2,2,AUTO HONDA CIVIC 2014,1,24401,24401,3
1269,2024-01-18,134,2,2,AUTO HONDA CIVIC 2014,1,24401,24401,2
1270,2024-01-09,109,2,3,AUTO HONDA ODISSEY 2013,1,23899,23899,4
1271,2024-01-14,197,2,3,AUTO HONDA ODISSEY 2013,1,23899,23899,1
1272,2024-01-22,29,2,3,AUTO HONDA ODISSEY 2013,1,23899,23899,3
1273,2024-01-03,96,2,4,AUTO HONDA CRV 2014,1,31884,31884,2
1274,2024-01-01,175,2,4,AUTO HONDA CRV 2014,1,31884,31884,4
1275,2024-01-11,187,1,4,AUTO HONDA CRV 2014,1,31884,31884,4
1276,2024-01-22,94,2,4,AUTO HONDA CRV 2014,1,31884,31884,2
1277,2024-01-13,36,1,4,AUTO HONDA CRV 2014,1,31884,31884,2
1278,2024-01-14,122,1,4,AUTO HONDA CRV 2014,1,31884,31884,4
1279,2024-01-27,105,1,4,AUTO HONDA CRV 2014,1,31884,31884,3
1280,2024-01-21,72,2,5,AUTO HONDA PILOT 2013,1,34571,34571,3
1281,2024-01-19,179,2,5,AUTO HONDA PILOT 2013,1,34571,34571,2
1282,2024-01-28,82,1,5,AUTO HONDA PILOT 2013,1,34571,34571,3
1283,2024-01-12,140,1,5,AUTO HONDA PILOT 2013,1,34571,34571,3
1284,2024-01-19,154,1,5,AUTO HONDA PILOT 2013,1,34571,34571,2
1285,2024-01-10,85,1,5,AUTO HONDA PILOT 2013,1,34571,34571,3
1286,2024-01-15,164,1,5,AUTO HONDA PILOT 2013,1,34571,34571,1
1287,2024-01-25,92,1,6,AUTO HONDA FIT 2016,1,30137,30137,2
1288,2024-01-16,166,1,6,AUTO HONDA FIT 2016,1,30137,30137,4
1289,2024-01-13,184,2,6,AUTO HONDA FIT 2016,1,30137,30137,1
1290,2024-01-05,2,2,6,AUTO HONDA FIT 2016,1,30137,30137,4
1291,2024-01-24,130,1,7,AUTO HONDA CITY 2016,1,31853,31853,3
1292,2024-01-25,74,1,7,AUTO HONDA CITY 2016,1,31853,31853,1
1293,2024-01-06,28,2,7,AUTO HONDA CITY 2016,1,31853,31853,3
1294,2024-01-03,56,2,7,AUTO HONDA CITY 2016,1,31853,31853,1
1295,2024-01-14,66,2,7,AUTO HONDA CITY 2016,1,31853,31853,2
1296,2024-01-22,38,1,8,CAMIONETA HONDA ELEMENT 2013,1,36968,36968,2
1297,2024-01-03,22,1,8,CAMIONETA HONDA ELEMENT 2013,1,36968,36968,4
1298,2024-01-12,79,1,8,CAMIONETA HONDA ELEMENT 2013,1,36968,36968,3
1299,2024-01-07,182,2,9,CAMIONETA HONDA CROSSTOUR 2013,1,42874,42874,3
1300,2024-01-24,179,2,9,CAMIONETA HONDA CROSSTOUR 2013,1,42874,42874,1
1301,2024-01-02,94,1,9,CAMIONETA HONDA CROSSTOUR 2013,1,42874,42874,1
1302,2024-01-23,181,1,10,CAMIONETA HONDA CR-Z 2015,1,32603,32603,2
1303,2024-01-28,97,2,10,CAMIONETA HONDA CR-Z 2015,1,32603,32603,3
1304,2024-01-27,91,2,10,CAMIONETA HONDA CR-Z 2015,1,32603,32603,1
1305,2024-01-01,27,2,10,CAMIONETA HONDA CR-Z 2015,1,32603,32603,1
1306,2024-01-14,44,1,10,CAMIONETA HONDA CR-Z 2015,1,32603,32603,2
1307,2024-01-06,52,2,11,CAMIONETA HONDA RID LINE PICK UP 2014,1,24544,24544,2
1308,2024-01-20,9,2,11,CAMIONETA HONDA RID LINE PICK UP 2014,1,24544,24544,1
1309,2024-01-21,107,2,11,CAMIONETA HONDA RID LINE PICK UP 2014,1,24544,24544,4
1310,2024-01-04,96,1,11,CAMIONETA HONDA RID LINE PICK UP 2014,1,24544,24544,4
1311,2024-01-10,16,1,38,ACEITE DE MOTOR 5W30 FULL SINTÉTICO,8,112,896,3
1312,2024-01-19,158,2,38,ACEITE DE MOTOR 5W30 FULL SINTÉTICO,12,112,1344,1
1313,2024-01-19,52,2,38,ACEITE DE MOTOR 5W30 FULL SINTÉTICO,9,112,1008,4
1314,2024-01-10,7,2,38,ACEITE DE MOTOR 5W30 FULL SINTÉTICO,6,112,672,3
1315,2024-01-06,190,2,38,ACEITE DE MOTOR 5W30 FULL SINTÉTICO,18,112,2016,1
1316,2024-01-16,13,2,38,ACEITE DE MOTOR 5W30 FULL SINTÉTICO,17,112,1904,1
1317,2024-01-02,48,1,38,ACEITE DE MOTOR 5W30 FULL SINTÉTICO,18,112,2016,1
1318,2024-01-10,101,1,38,ACEITE DE MOTOR 5W30 FULL SINTÉTICO,10,112,1120,2
1319,2024-01-13,36,2,38,ACEITE DE MOTOR 5W30 FULL SINTÉTICO,10,112,1120,2
1320,2024-01-21,93,2,38,ACEITE DE MOTOR 5W30 FULL SINTÉTICO,1,112,112,3
1321,2024-01-18,3,2,38,ACEITE DE MOTOR 5W30 FULL SINTÉTICO,3,112,336,1
1322,2024-01-12,132,2,38,ACEITE DE MOTOR 5W30 FULL SINTÉTICO,2,112,224,1
1323,2024-01-09,48,1,38,ACEITE DE MOTOR 5W30 FULL SINTÉTICO,3,112,336,1
1324,2024-01-18,80,1,38,ACEITE DE MOTOR 5W30 FULL SINTÉTICO,3,112,336,4
1325,2024-01-02,11,1,38,ACEITE DE MOTOR 5W30 FULL SINTÉTICO,7,112,784,3
1326,2024-01-17,26,1,38,ACEITE DE MOTOR 5W30 FULL SINTÉTICO,18,112,2016,1
1327,2024-01-15,199,1,38,ACEITE DE MOTOR 5W30 FULL SINTÉTICO,20,112,2240,4
1328,2024-01-02,133,1,38,ACEITE DE MOTOR 5W30 FULL SINTÉTICO,17,112,1904,2
1329,2024-01-10,78,1,38,ACEITE DE MOTOR 5W30 FULL SINTÉTICO,2,112,224,1
1330,2024-01-11,151,2,38,ACEITE DE MOTOR 5W30 FULL SINTÉTICO,2,112,224,2
1331,2024-01-14,167,2,39,FILTRO DE COMBUSTIBLE,9,139,1251,2
1332,2024-01-20,21,1,39,FILTRO DE COMBUSTIBLE,2,139,278,1
1333,2024-01-18,140,1,39,FILTRO DE COMBUSTIBLE,1,139,139,3
1334,2024-01-26,153,1,40,AMORTIGUADORES DELANTEROS,7,292,2044,3
1335,2024-01-19,35,2,40,AMORTIGUADORES DELANTEROS,7,292,2044,2
1336,2024-01-14,57,2,40,AMORTIGUADORES DELANTEROS,15,292,4380,1
1337,2024-01-01,191,1,40,AMORTIGUADORES DELANTEROS,8,292,2336,2
1338,2024-01-09,49,2,40,AMORTIGUADORES DELANTEROS,6,292,1752,2
1339,2024-01-20,196,1,40,AMORTIGUADORES DELANTEROS,14,292,4088,1
1340,2024-01-02,50,1,40,AMORTIGUADORES DELANTEROS,16,292,4672,1
1341,2024-01-10,26,1,40,AMORTIGUADORES DELANTEROS,11,292,3212,1
1342,2024-01-23,181,2,40,AMORTIGUADORES DELANTEROS,17,292,4964,1
1343,2024-01-07,72,1,40,AMORTIGUADORES DELANTEROS,2,292,584,4
1344,2024-01-05,108,1,40,AMORTIGUADORES DELANTEROS,16,292,4672,2
1345,2024-01-23,138,1,40,AMORTIGUADORES DELANTEROS,12,292,3504,4
1346,2024-01-12,19,2,40,AMORTIGUADORES DELANTEROS,6,292,1752,1
1347,2024-01-28,185,2,40,AMORTIGUADORES DELANTEROS,3,292,876,2
1348,2024-01-28,52,2,40,AMORTIGUADORES DELANTEROS,3,292,876,4
1349,2024-01-04,130,1,40,AMORTIGUADORES DELANTEROS,1,292,292,2
1350,2024-01-06,19,2,41,AMORTIGUADORES POSTERIORES,19,97,1843,1
1351,2024-01-09,149,2,41,AMORTIGUADORES POSTERIORES,11,97,1067,1
1352,2024-01-17,152,1,41,AMORTIGUADORES POSTERIORES,7,97,679,3
1353,2024-01-22,106,1,41,AMORTIGUADORES POSTERIORES,11,97,1067,1
1354,2024-01-16,162,1,41,AMORTIGUADORES POSTERIORES,8,97,776,2
1355,2024-01-23,48,2,41,AMORTIGUADORES POSTERIORES,10,97,970,1
1356,2024-01-25,157,1,41,AMORTIGUADORES POSTERIORES,18,97,1746,4
1357,2024-01-19,92,2,41,AMORTIGUADORES POSTERIORES,18,97,1746,1
1358,2024-01-28,88,1,41,AMORTIGUADORES POSTERIORES,8,97,776,1
1359,2024-01-22,121,2,41,AMORTIGUADORES POSTERIORES,11,97,1067,2
1360,2024-01-25,141,1,41,AMORTIGUADORES POSTERIORES,16,97,1552,1
1361,2024-01-12,189,2,41,AMORTIGUADORES POSTERIORES,10,97,970,1
1362,2024-01-23,49,2,41,AMORTIGUADORES POSTERIORES,1,97,97,1
1363,2024-01-25,124,2,42,"LLANTAS 18""",12,79,948,3
1364,2024-01-16,174,2,42,"LLANTAS 18""",16,79,1264,3
1365,2024-01-19,34,1,42,"LLANTAS 18""",2,79,158,3
1366,2024-01-21,146,2,42,"LLANTAS 18""",20,79,1580,4
1367,2024-01-13,62,1,42,"LLANTAS 18""",4,79,316,2
1368,2024-01-05,31,1,42,"LLANTAS 18""",18,79,1422,3
1369,2024-01-28,197,1,42,"LLANTAS 18""",18,79,1422,2
1370,2024-01-16,158,2,42,"LLANTAS 18""",10,79,790,3
1371,2024-01-09,129,2,42,"LLANTAS 18""",2,79,158,2
1372,2024-01-04,141,2,42,"LLANTAS 18""",5,79,395,2
1373,2024-01-06,162,2,42,"LLANTAS 18""",2,79,158,3
1374,2024-01-12,144,1,42,"LLANTAS 18""",4,79,316,2
1375,2024-01-22,93,1,42,"LLANTAS 18""",1,79,79,3
1376,2024-01-23,195,1,42,"LLANTAS 18""",1,79,79,1
1377,2024-01-21,51,2,43,BATERÍA DE 18 PLACAS,3,111,333,3
1378,2024-01-12,167,1,43,BATERÍA DE 18 PLACAS,7,111,777,1
1379,2024-01-14,162,1,43,BATERÍA DE 18 PLACAS,3,111,333,4
1380,2024-01-22,9,2,43,BATERÍA DE 18 PLACAS,4,111,444,4
1381,2024-01-02,165,1,43,BATERÍA DE 18 PLACAS,14,111,1554,4
1382,2024-01-23,83,2,43,BATERÍA DE 18 PLACAS,15,111,1665,1
1383,2024-01-17,57,1,43,BATERÍA DE 18 PLACAS,6,111,666,3
1384,2024-01-02,16,2,43,BATERÍA DE 18 PLACAS,8,111,888,3
1385,2024-01-17,77,2,43,BATERÍA DE 18 PLACAS,7,111,777,4
1386,2024-01-06,8,2,43,BATERÍA DE 18 PLACAS,3,111,333,1
1387,2024-01-21,115,1,43,BATERÍA DE 18 PLACAS,1,111,111,3
1388,2024-01-18,82,1,43,BATERÍA DE 18 PLACAS,1,111,111,1
1389,2024-01-25,151,1,43,BATERÍA DE 18 PLACAS,3,111,333,1
1390,2024-01-08,161,2,43,BATERÍA DE 18 PLACAS,1,111,111,1
1391,2024-01-02,63,1,43,BATERÍA DE 18 PLACAS,3,111,333,4
1392,2024-01-16,112,1,43,BATERÍA DE 18 PLACAS,1,111,111,3
1393,2024-02-26,196,1,1,AUTO HONDA ACCORD 2014,1,22954,22954,3
1394,2024-02-13,74,2,1,AUTO HONDA ACCORD 2014,1,22954,22954,3
1395,2024-02-12,76,1,1,AUTO HONDA ACCORD 2014,1,22954,22954,1
1396,2024-02-06,30,1,1,AUTO HONDA ACCORD 2014,1,22954,22954,1
1397,2024-02-11,8,1,1,AUTO HONDA ACCORD 2014,1,22954,22954,2
1398,2024-02-02,139,2,2,AUTO HONDA CIVIC 2014,1,25052,25052,4
1399,2024-02-05,49,1,2,AUTO HONDA CIVIC 2014,1,25052,25052,4
1400,2024-02-14,88,2,2,AUTO HONDA CIVIC 2014,1,25052,25052,3
1401,2024-02-08,175,2,2,AUTO HONDA CIVIC 2014,1,25052,25052,2
1402,2024-02-28,84,2,2,AUTO HONDA CIVIC 2014,1,25052,25052,1
1403,2024-02-17,108,2,2,AUTO HONDA CIVIC 2014,1,25052,25052,2
1404,2024-02-04,63,2,3,AUTO HONDA ODISSEY 2013,1,28077,28077,2
1405,2024-02-27,199,2,3,AUTO HONDA ODISSEY 2013,1,28077,28077,1
1406,2024-02-09,14,2,3,AUTO HONDA ODISSEY 2013,1,28077,28077,3
1407,2024-02-20,112,2,3,AUTO HONDA ODISSEY 2013,1,28077,28077,3
1408,2024-02-28,88,1,4,AUTO HONDA CRV 2014,1,40870,40870,2
1409,2024-02-03,91,2,4,AUTO HONDA CRV 2014,1,40870,40870,2
1410,2024-02-25,83,1,4,AUTO HONDA CRV 2014,1,40870,40870,1
1411,2024-02-21,57,2,4,AUTO HONDA CRV 2014,1,40870,40870,3
1412,2024-02-18,115,1,4,AUTO HONDA CRV 2014,1,40870,40870,3
1413,2024-02-03,40,2,5,AUTO HONDA PILOT 2013,1,34653,34653,2
1414,2024-02-01,8,2,5,AUTO HONDA PILOT 2013,1,34653,34653,4
1415,2024-02-18,131,2,5,AUTO HONDA PILOT 2013,1,34653,34653,1
1416,2024-02-24,127,2,5,AUTO HONDA PILOT 2013,1,34653,34653,2
1417,2024-02-20,157,1,5,AUTO HONDA PILOT 2013,1,34653,34653,2
1418,2024-02-03,172,2,5,AUTO HONDA PILOT 2013,1,34653,34653,4
1419,2024-02-12,135,2,5,AUTO HONDA PILOT 2013,1,34653,34653,3
1420,2024-02-05,56,2,6,AUTO HONDA FIT 2016,1,24562,24562,2
1421,2024-02-22,182,2,6,AUTO HONDA FIT 2016,1,24562,24562,3
1422,2024-02-25,194,2,6,AUTO HONDA FIT 2016,1,24562,24562,3
1423,2024-02-23,95,2,6,AUTO HONDA FIT 2016,1,24562,24562,4
1424,2024-02-15,48,1,7,AUTO HONDA CITY 2016,1,23726,23726,2
1425,2024-02-27,127,2,7,AUTO HONDA CITY 2016,1,23726,23726,3
1426,2024-02-17,167,1,7,AUTO HONDA CITY 2016,1,23726,23726,3
1427,2024-02-14,199,2,7,AUTO HONDA CITY 2016,1,23726,23726,4
1428,2024-02-15,153,2,8,CAMIONETA HONDA ELEMENT 2013,1,32194,32194,2
1429,2024-02-02,53,1,8,CAMIONETA HONDA ELEMENT 2013,1,32194,32194,1
1430,2024-02-02,89,1,8,CAMIONETA HONDA ELEMENT 2013,1,32194,32194,2
1431,2024-02-08,126,1,9,CAMIONETA HONDA CROSSTOUR 2013,1,38757,38757,1
1432,2024-02-03,170,1,9,CAMIONETA HONDA CROSSTOUR 2013,1,38757,38757,2
1433,2024-02-21,110,1,9,CAMIONETA HONDA CROSSTOUR 2013,1,38757,38757,3
1434,2024-02-06,23,2,9,CAMIONETA HONDA CROSSTOUR 2013,1,38757,38757,4
1435,2024-02-01,188,2,10,CAMIONETA HONDA CR-Z 2015,1,42354,42354,3
1436,2024-02-28,120,2,10,CAMIONETA HONDA CR-Z 2015,1,42354,42354,2
1437,2024-02-13,64,2,10,CAMIONETA HONDA CR-Z 2015,1,42354,42354,2
1438,2024-02-25,91,1,10,CAMIONETA HONDA CR-Z 2015,1,42354,42354,1
1439,2024-02-27,50,1,11,CAMIONETA HONDA RID LINE PICK UP 2014,1,31628,31628,1
1440,2024-02-07,96,2,11,CAMIONETA HONDA RID LINE PICK UP 2014,1,31628,31628,4
1441,2024-02-07,12,1,11,CAMIONETA HONDA RID LINE PICK UP 2014,1,31628,31628,3
1442,2024-02-25,23,1,38,ACEITE DE MOTOR 5W30 FULL SINTÉTICO,17,124,2108,2
1443,2024-02-10,173,1,38,ACEITE DE MOTOR 5W30 FULL SINTÉTICO,3,124,372,3
1444,2024-02-02,47,1,38,ACEITE DE MOTOR 5W30 FULL SINTÉTICO,20,124,2480,3
1445,2024-02-15,151,1,38,ACEITE DE MOTOR 5W30 FULL SINTÉTICO,13,124,1612,3
1446,2024-02-15,20,1,38,ACEITE DE MOTOR 5W30 FULL SINTÉTICO,18,124,2232,3
1447,2024-02-10,126,2,38,ACEITE DE MOTOR 5W30 FULL SINTÉTICO,16,124,1984,4
1448,2024-02-05,6,2,38,ACEITE DE MOTOR 5W30 FULL SINTÉTICO,3,124,372,4
1449,2024-02-16,45,2,38,ACEITE DE MOTOR 5W30 FULL SINTÉTICO,14,124,1736,4
1450,2024-02-04,157,2,38,ACEITE DE MOTOR 5W30 FULL SINTÉTICO,8,124,992,1
1451,2024-02-14,164,2,38,ACEITE DE MOTOR 5W30 FULL SINTÉTICO,20,124,2480,4
1452,2024-02-17,159,2,38,ACEITE DE MOTOR 5W30 FULL SINTÉTICO,6,124,744,2
1453,2024-02-13,120,1,38,ACEITE DE MOTOR 5W30 FULL SINTÉTICO,1,124,124,4
1454,2024-02-12,118,2,38,ACEITE DE MOTOR 5W30 FULL SINTÉTICO,2,124,248,1
1455,2024-02-12,101,2,39,FILTRO DE COMBUSTIBLE,3,95,285,4
1456,2024-02-21,5,2,39,FILTRO DE COMBUSTIBLE,2,95,190,3
1457,2024-02-25,157,1,39,FILTRO DE COMBUSTIBLE,1,95,95,3
1458,2024-02-24,182,2,39,FILTRO DE COMBUSTIBLE,4,95,380,3
1459,2024-02-15,79,2,39,FILTRO DE COMBUSTIBLE,1,95,95,1
1460,2024-02-18,29,1,39,FILTRO DE COMBUSTIBLE,1,95,95,2
1461,2024-02-11,4,2,40,AMORTIGUADORES DELANTEROS,12,241,2892,4
1462,2024-02-27,199,1,40,AMORTIGUADORES DELANTEROS,16,241,3856,1
1463,2024-02-03,107,1,40,AMORTIGUADORES DELANTEROS,19,241,4579,2
1464,2024-02-11,182,1,40,AMORTIGUADORES DELANTEROS,18,241,4338,2
1465,2024-02-06,81,2,40,AMORTIGUADORES DELANTEROS,1,241,241,1
1466,2024-02-14,51,1,40,AMORTIGUADORES DELANTEROS,14,241,3374,1
1467,2024-02-24,154,2,40,AMORTIGUADORES DELANTEROS,13,241,3133,3
1468,2024-02-17,29,2,40,AMORTIGUADORES DELANTEROS,15,241,3615,3
1469,2024-02-10,123,1,40,AMORTIGUADORES DELANTEROS,5,241,1205,4
1470,2024-02-27,162,2,40,AMORTIGUADORES DELANTEROS,3,241,723,3
1471,2024-02-16,72,2,40,AMORTIGUADORES DELANTEROS,3,241,723,4
1472,2024-02-19,111,1,41,AMORTIGUADORES POSTERIORES,8,110,880,4
1473,2024-02-11,3,2,41,AMORTIGUADORES POSTERIORES,16,110,1760,1
1474,2024-02-03,24,2,41,AMORTIGUADORES POSTERIORES,13,110,1430,4
1475,2024-02-11,163,1,41,AMORTIGUADORES POSTERIORES,9,110,990,4
1476,2024-02-07,151,1,41,AMORTIGUADORES POSTERIORES,8,110,880,2
1477,2024-02-07,189,2,41,AMORTIGUADORES POSTERIORES,3,110,330,2
1478,2024-02-11,173,2,41,AMORTIGUADORES POSTERIORES,18,110,1980,2
1479,2024-02-24,71,2,41,AMORTIGUADORES POSTERIORES,14,110,1540,4
1480,2024-02-16,113,2,41,AMORTIGUADORES POSTERIORES,1,110,110,4
1481,2024-02-15,90,1,41,AMORTIGUADORES POSTERIORES,1,110,110,3
1482,2024-02-02,181,2,42,"LLANTAS 18""",11,75,825,1
1483,2024-02-15,96,1,42,"LLANTAS 18""",1,75,75,1
1484,2024-02-10,58,2,42,"LLANTAS 18""",2,75,150,1
1485,2024-02-13,59,1,42,"LLANTAS 18""",2,75,150,3
1486,2024-02-05,200,1,42,"LLANTAS 18""",9,75,675,1
1487,2024-02-06,167,2,42,"LLANTAS 18""",2,75,150,1
1488,2024-02-21,145,1,42,"LLANTAS 18""",1,75,75,3
1489,2024-02-22,22,1,43,BATERÍA DE 18 PLACAS,5,115,575,1
1490,2024-02-24,125,2,43,BATERÍA DE 18 PLACAS,4,115,460,3
1491,2024-02-19,75,2,43,BATERÍA DE 18 PLACAS,5,115,575,3
1492,2024-02-12,121,2,43,BATERÍA DE 18 PLACAS,3,115,345,1
1493,2024-02-17,149,1,43,BATERÍA DE 18 PLACAS,11,115,1265,2
1494,2024-02-07,62,1,43,BATERÍA DE 18 PLACAS,15,115,1725,1
1495,2024-03-20,78,2,1,AUTO HONDA ACCORD 2014,1,25116,25116,3
1496,2024-03-20,165,2,2,AUTO HONDA CIVIC 2014,1,22305,22305,3
1497,2024-03-13,77,2,2,AUTO HONDA CIVIC 2014,1,22305,22305,4
1498,2024-03-28,142,1,2,AUTO HONDA CIVIC 2014,1,22305,22305,4
1499,2024-03-16,100,1,2,AUTO HONDA CIVIC 2014,1,22305,22305,2
1500,2024-03-10,78,1,3,AUTO HONDA ODISSEY 2013,1,27289,27289,2
1501,2024-03-07,170,1,3,AUTO HONDA ODISSEY 2013,1,27289,27289,1
1502,2024-03-18,89,1,3,AUTO HONDA ODISSEY 2013,1,27289,27289,4
1503,2024-03-03,134,1,4,AUTO HONDA CRV 2014,1,29055,29055,1
1504,2024-03-10,94,2,4,AUTO HONDA CRV 2014,1,29055,29055,2
1505,2024-03-28,16,1,4,AUTO HONDA CRV 2014,1,29055,29055,2
1506,2024-03-09,52,2,4,AUTO HONDA CRV 2014,1,29055,29055,1
1507,2024-03-05,53,2,4,AUTO HONDA CRV 2014,1,29055,29055,2
1508,2024-03-25,123,1,5,AUTO HONDA PILOT 2013,1,30041,30041,1
1509,2024-03-25,158,1,5,AUTO HONDA PILOT 2013,1,30041,30041,4
1510,2024-03-13,184,1,5,AUTO HONDA PILOT 2013,1,30041,30041,2
1511,2024-03-09,133,1,5,AUTO HONDA PILOT 2013,1,30041,30041,2
1512,2024-03-19,81,1,5,AUTO HONDA PILOT 2013,1,30041,30041,2
1513,2024-03-27,105,1,5,AUTO HONDA PILOT 2013,1,30041,30041,2
1514,2024-03-22,161,1,5,AUTO HONDA PILOT 2013,1,30041,30041,3
1515,2024-03-02,83,1,5,AUTO HONDA PILOT 2013,1,30041,30041,1
1516,2024-03-04,72,2,6,AUTO HONDA FIT 2016,1,25363,25363,3
1517,2024-03-04,180,1,6,AUTO HONDA FIT 2016,1,25363,25363,4
1518,2024-03-08,199,2,6,AUTO HONDA FIT 2016,1,25363,25363,3
1519,2024-03-20,83,2,6,AUTO HONDA FIT 2016,1,25363,25363,1
1520,2024-03-15,57,2,6,AUTO HONDA FIT 2016,1,25363,25363,2
1521,2024-03-26,199,2,6,AUTO HONDA FIT 2016,1,25363,25363,2
1522,2024-03-26,55,2,6,AUTO HONDA FIT 2016,1,25363,25363,2
1523,2024-03-02,107,2,7,AUTO HONDA CITY 2016,1,36301,36301,1
1524,2024-03-27,109,2,7,AUTO HONDA CITY 2016,1,36301,36301,2
1525,2024-03-25,149,2,7,AUTO HONDA CITY 2016,1,36301,36301,1
1526,2024-03-08,129,1,7,AUTO HONDA CITY 2016,1,36301,36301,2
1527,2024-03-05,176,1,7,AUTO HONDA CITY 2016,1,36301,36301,2
1528,2024-03-13,140,2,7,AUTO HONDA CITY 2016,1,36301,36301,3
1529,2024-03-21,44,2,8,CAMIONETA HONDA ELEMENT 2013,1,32648,32648,4
1530,2024-03-21,51,1,8,CAMIONETA HONDA ELEMENT 2013,1,32648,32648,1
1531,2024-03-20,8,1,8,CAMIONETA HONDA ELEMENT 2013,1,32648,32648,2
1532,2024-03-03,181,2,9,CAMIONETA HONDA CROSSTOUR 2013,1,42082,42082,3
1533,2024-03-26,167,1,9,CAMIONETA HONDA CROSSTOUR 2013,1,42082,42082,1
1534,2024-03-11,146,2,9,CAMIONETA HONDA CROSSTOUR 2013,1,42082,42082,4
1535,2024-03-14,78,2,9,CAMIONETA HONDA CROSSTOUR 2013,1,42082,42082,2
1536,2024-03-04,65,1,10,CAMIONETA HONDA CR-Z 2015,1,38409,38409,1
1537,2024-03-10,31,2,10,CAMIONETA HONDA CR-Z 2015,1,38409,38409,2
1538,2024-03-02,61,1,11,CAMIONETA HONDA RID LINE PICK UP 2014,1,29784,29784,3
1539,2024-03-22,66,1,38,ACEITE DE MOTOR 5W30 FULL SINTÉTICO,1,90,90,3
1540,2024-03-07,152,1,38,ACEITE DE MOTOR 5W30 FULL SINTÉTICO,18,90,1620,3
1541,2024-03-11,171,1,38,ACEITE DE MOTOR 5W30 FULL SINTÉTICO,6,90,540,3
1542,2024-03-09,184,2,38,ACEITE DE MOTOR 5W30 FULL SINTÉTICO,18,90,1620,2
1543,2024-03-12,142,2,38,ACEITE DE MOTOR 5W30 FULL SINTÉTICO,12,90,1080,3
1544,2024-03-11,32,1,38,ACEITE DE MOTOR 5W30 FULL SINTÉTICO,19,90,1710,1
1545,2024-03-20,136,2,38,ACEITE DE MOTOR 5W30 FULL SINTÉTICO,4,90,360,3
1546,2024-03-09,94,2,39,FILTRO DE COMBUSTIBLE,8,117,936,3
1547,2024-03-03,115,2,40,AMORTIGUADORES DELANTEROS,17,241,4097,3
1548,2024-03-26,24,2,40,AMORTIGUADORES DELANTEROS,1,241,241,2
1549,2024-03-10,189,2,40,AMORTIGUADORES DELANTEROS,14,241,3374,4
1550,2024-03-07,198,2,40,AMORTIGUADORES DELANTEROS,2,241,482,1
1551,2024-03-14,123,2,40,AMORTIGUADORES DELANTEROS,9,241,2169,1
1552,2024-03-11,175,1,40,AMORTIGUADORES DELANTEROS,6,241,1446,3
1553,2024-03-13,32,2,40,AMORTIGUADORES DELANTEROS,11,241,2651,1
1554,2024-03-25,1,2,40,AMORTIGUADORES DELANTEROS,5,241,1205,3
1555,2024-03-06,118,1,40,AMORTIGUADORES DELANTEROS,5,241,1205,1
1556,2024-03-11,158,2,40,AMORTIGUADORES DELANTEROS,20,241,4820,1
1557,2024-03-07,82,1,40,AMORTIGUADORES DELANTEROS,1,241,241,3
1558,2024-03-15,123,1,41,AMORTIGUADORES POSTERIORES,14,86,1204,2
1559,2024-03-09,129,2,41,AMORTIGUADORES POSTERIORES,17,86,1462,2
1560,2024-03-18,42,2,41,AMORTIGUADORES POSTERIORES,18,86,1548,1
1561,2024-03-12,84,2,41,AMORTIGUADORES POSTERIORES,17,86,1462,4
1562,2024-03-28,181,2,41,AMORTIGUADORES POSTERIORES,9,86,774,4
1563,2024-03-25,14,1,41,AMORTIGUADORES POSTERIORES,12,86,1032,4
1564,2024-03-08,77,1,41,AMORTIGUADORES POSTERIORES,17,86,1462,2
1565,2024-03-24,17,1,41,AMORTIGUADORES POSTERIORES,2,86,172,3
1566,2024-03-22,130,1,41,AMORTIGUADORES POSTERIORES,12,86,1032,3
1567,2024-03-06,153,1,41,AMORTIGUADORES POSTERIORES,1,86,86,2
1568,2024-03-26,5,2,41,AMORTIGUADORES POSTERIORES,13,86,1118,1
1569,2024-03-02,37,1,41,AMORTIGUADORES POSTERIORES,1,86,86,2
1570,2024-03-21,23,2,42,"LLANTAS 18""",5,88,440,3
1571,2024-03-03,111,2,42,"LLANTAS 18""",1,88,88,2
1572,2024-03-07,169,2,42,"LLANTAS 18""",5,88,440,3
1573,2024-03-23,187,1,42,"LLANTAS 18""",8,88,704,2
1574,2024-03-06,108,1,42,"LLANTAS 18""",15,88,1320,4
1575,2024-03-26,194,2,42,"LLANTAS 18""",4,88,352,2
1576,2024-03-18,107,2,42,"LLANTAS 18""",8,88,704,3
1577,2024-03-02,62,2,42,"LLANTAS 18""",17,88,1496,2
1578,2024-03-20,108,2,42,"LLANTAS 18""",1,88,88,3
1579,2024-03-26,43,1,42,"LLANTAS 18""",17,88,1496,2
1580,2024-03-06,119,1,42,"LLANTAS 18""",5,88,440,3
1581,2024-03-13,51,1,42,"LLANTAS 18""",4,88,352,1
1582,2024-03-08,53,1,42,"LLANTAS 18""",19,88,1672,3
1583,2024-03-07,102,1,42,"LLANTAS 18""",20,88,1760,1
1584,2024-03-06,176,2,42,"LLANTAS 18""",4,88,352,4
1585,2024-03-03,198,1,42,"LLANTAS 18""",1,88,88,2
1586,2024-03-21,98,2,42,"LLANTAS 18""",1,88,88,4
1587,2024-03-27,178,2,43,BATERÍA DE 18 PLACAS,12,100,1200,1
1588,2024-03-23,37,2,43,BATERÍA DE 18 PLACAS,8,100,800,3
1589,2024-03-22,6,2,43,BATERÍA DE 18 PLACAS,3,100,300,2
1590,2024-03-25,17,2,43,BATERÍA DE 18 PLACAS,19,100,1900,2
1591,2024-03-27,77,2,43,BATERÍA DE 18 PLACAS,7,100,700,2
1592,2024-03-12,119,1,43,BATERÍA DE 18 PLACAS,1,100,100,1
1593,2024-04-11,195,2,2,AUTO HONDA CIVIC 2014,1,25642,25642,1
1594,2024-04-20,89,1,4,AUTO HONDA CRV 2014,1,31088,31088,4
1595,2024-04-02,143,2,5,AUTO HONDA PILOT 2013,1,23097,23097,1
1596,2024-04-02,193,1,5,AUTO HONDA PILOT 2013,1,23097,23097,4
1597,2024-04-23,24,1,5,AUTO HONDA PILOT 2013,1,23097,23097,3
1598,2024-04-01,16,2,6,AUTO HONDA FIT 2016,1,27279,27279,4
1599,2024-04-21,116,1,6,AUTO HONDA FIT 2016,1,27279,27279,2
1600,2024-04-17,160,2,6,AUTO HONDA FIT 2016,1,27279,27279,4
1601,2024-04-09,43,1,7,AUTO HONDA CITY 2016,1,30280,30280,1
1602,2024-04-19,48,1,7,AUTO HONDA CITY 2016,1,30280,30280,1
1603,2024-04-18,163,2,7,AUTO HONDA CITY 2016,1,30280,30280,1
1604,2024-04-22,108,2,7,AUTO HONDA CITY 2016,1,30280,30280,2
1605,2024-04-16,174,2,8,CAMIONETA HONDA ELEMENT 2013,1,29620,29620,4
1606,2024-04-09,71,2,8,CAMIONETA HONDA ELEMENT 2013,1,29620,29620,2
1607,2024-04-02,79,2,8,CAMIONETA HONDA ELEMENT 2013,1,29620,29620,3
1608,2024-04-16,58,1,9,CAMIONETA HONDA CROSSTOUR 2013,1,25982,25982,1
1609,2024-04-23,66,2,9,CAMIONETA HONDA CROSSTOUR 2013,1,25982,25982,1
1610,2024-04-20,72,2,9,CAMIONETA HONDA CROSSTOUR 2013,1,25982,25982,3
1611,2024-04-26,27,2,10,CAMIONETA HONDA CR-Z 2015,1,34715,34715,1
1612,2024-04-18,15,1,10,CAMIONETA HONDA CR-Z 2015,1,34715,34715,4
1613,2024-04-11,195,2,10,CAMIONETA HONDA CR-Z 2015,1,34715,34715,2
1614,2024-04-22,8,1,11,CAMIONETA HONDA RID LINE PICK UP 2014,1,34388,34388,3
1615,2024-04-13,117,1,11,CAMIONETA HONDA RID LINE PICK UP 2014,1,34388,34388,2
1616,2024-04-11,196,2,38,ACEITE DE MOTOR 5W30 FULL SINTÉTICO,1,114,114,4
1617,2024-04-08,169,1,38,ACEITE DE MOTOR 5W30 FULL SINTÉTICO,12,114,1368,2
1618,2024-04-09,147,2,38,ACEITE DE MOTOR 5W30 FULL SINTÉTICO,15,114,1710,3
1619,2024-04-12,37,2,38,ACEITE DE MOTOR 5W30 FULL SINTÉTICO,18,114,2052,1
1620,2024-04-01,101,1,38,ACEITE DE MOTOR 5W30 FULL SINTÉTICO,5,114,570,2
1621,2024-04-23,61,1,38,ACEITE DE MOTOR 5W30 FULL SINTÉTICO,14,114,1596,3
1622,2024-04-06,101,2,38,ACEITE DE MOTOR 5W30 FULL SINTÉTICO,1,114,114,2
1623,2024-04-01,167,2,38,ACEITE DE MOTOR 5W30 FULL SINTÉTICO,15,114,1710,3
1624,2024-04-24,41,1,38,ACEITE DE MOTOR 5W30 FULL SINTÉTICO,16,114,1824,3
1625,2024-04-21,30,1,38,ACEITE DE MOTOR 5W30 FULL SINTÉTICO,15,114,1710,1
1626,2024-04-06,15,2,38,ACEITE DE MOTOR 5W30 FULL SINTÉTICO,17,114,1938,2
1627,2024-04-21,68,2,38,ACEITE DE MOTOR 5W30 FULL SINTÉTICO,7,114,798,4
1628,2024-04-19,55,2,38,ACEITE DE MOTOR 5W30 FULL SINTÉTICO,4,114,456,1
1629,2024-04-23,117,2,38,ACEITE DE MOTOR 5W30 FULL SINTÉTICO,2,114,228,2
1630,2024-04-18,108,2,39,FILTRO DE COMBUSTIBLE,1,129,129,3
1631,2024-04-26,56,2,40,AMORTIGUADORES DELANTEROS,12,319,3828,4
1632,2024-04-12,24,1,40,AMORTIGUADORES DELANTEROS,11,319,3509,2
1633,2024-04-10,8,1,40,AMORTIGUADORES DELANTEROS,20,319,6380,1
1634,2024-04-11,168,2,40,AMORTIGUADORES DELANTEROS,17,319,5423,1
1635,2024-04-11,3,1,40,AMORTIGUADORES DELANTEROS,18,319,5742,1
1636,2024-04-09,92,1,40,AMORTIGUADORES DELANTEROS,17,319,5423,2
1637,2024-04-25,73,1,40,AMORTIGUADORES DELANTEROS,13,319,4147,3
1638,2024-04-25,169,1,40,AMORTIGUADORES DELANTEROS,7,319,2233,2
1639,2024-04-06,64,2,40,AMORTIGUADORES DELANTEROS,19,319,6061,1
1640,2024-04-20,184,1,40,AMORTIGUADORES DELANTEROS,10,319,3190,4
1641,2024-04-24,172,2,40,AMORTIGUADORES DELANTEROS,1,319,319,4
1642,2024-04-22,120,1,40,AMORTIGUADORES DELANTEROS,2,319,638,3
1643,2024-04-27,22,1,40,AMORTIGUADORES DELANTEROS,2,319,638,2
1644,2024-04-25,105,2,41,AMORTIGUADORES POSTERIORES,4,128,512,3
1645,2024-04-26,133,1,41,AMORTIGUADORES POSTERIORES,20,128,2560,1
1646,2024-04-23,94,2,41,AMORTIGUADORES POSTERIORES,16,128,2048,2
1647,2024-04-28,61,1,41,AMORTIGUADORES POSTERIORES,9,128,1152,4
1648,2024-04-10,35,2,41,AMORTIGUADORES POSTERIORES,3,128,384,2
1649,2024-04-25,52,2,41,AMORTIGUADORES POSTERIORES,11,128,1408,4
1650,2024-04-04,27,1,41,AMORTIGUADORES POSTERIORES,19,128,2432,3
1651,2024-04-20,26,2,41,AMORTIGUADORES POSTERIORES,9,128,1152,1
1652,2024-04-25,49,1,41,AMORTIGUADORES POSTERIORES,3,128,384,1
1653,2024-04-09,115,1,41,AMORTIGUADORES POSTERIORES,5,128,640,4
1654,2024-04-01,93,2,42,"LLANTAS 18""",12,83,996,3
1655,2024-04-09,83,1,42,"LLANTAS 18""",16,83,1328,2
1656,2024-04-18,4,2,42,"LLANTAS 18""",3,83,249,4
1657,2024-04-05,2,2,42,"LLANTAS 18""",12,83,996,1
1658,2024-04-24,173,2,42,"LLANTAS 18""",14,83,1162,1
1659,2024-04-28,162,1,42,"LLANTAS 18""",2,83,166,1
1660,2024-04-24,129,1,42,"LLANTAS 18""",2,83,166,1
1661,2024-04-14,46,2,42,"LLANTAS 18""",20,83,1660,3
1662,2024-04-17,130,2,42,"LLANTAS 18""",3,83,249,1
1663,2024-04-09,126,1,42,"LLANTAS 18""",20,83,1660,1
1664,2024-04-21,11,2,42,"LLANTAS 18""",3,83,249,4
1665,2024-04-19,6,1,42,"LLANTAS 18""",2,83,166,1
1666,2024-04-09,166,1,42,"LLANTAS 18""",2,83,166,1
1667,2024-04-03,166,2,42,"LLANTAS 18""",2,83,166,1
1668,2024-04-25,151,2,43,BATERÍA DE 18 PLACAS,12,89,1068,4
1669,2024-04-28,116,1,43,BATERÍA DE 18 PLACAS,1,89,89,2
1670,2024-04-16,193,1,43,BATERÍA DE 18 PLACAS,1,89,89,1
1671,2024-04-11,92,2,43,BATERÍA DE 18 PLACAS,20,89,1780,1
1672,2024-04-21,96,2,43,BATERÍA DE 18 PLACAS,16,89,1424,4
1673,2024-04-19,160,1,43,BATERÍA DE 18 PLACAS,2,89,178,1
1674,2024-04-20,143,2,43,BATERÍA DE 18 PLACAS,8,89,712,4
1675,2024-04-21,14,2,43,BATERÍA DE 18 PLACAS,1,89,89,3
1676,2024-04-08,195,1,43,BATERÍA DE 18 PLACAS,2,89,178,3
1677,2024-05-11,21,2,1,AUTO HONDA ACCORD 2014,1,20904,20904,1
1678,2024-05-03,158,2,1,AUTO HONDA ACCORD 2014,1,20904,20904,2
1679,2024-05-21,55,1,1,AUTO HONDA ACCORD 2014,1,20904,20904,4
1680,2024-05-10,100,2,2,AUTO HONDA CIVIC 2014,1,24311,24311,1
1681,2024-05-20,69,1,2,AUTO HONDA CIVIC 2014,1,24311,24311,3
1682,2024-05-24,113,2,2,AUTO HONDA CIVIC 2014,1,24311,24311,4
1683,2024-05-14,53,1,2,AUTO HONDA CIVIC 2014,1,24311,24311,4
1684,2024-05-14,146,1,2,AUTO HONDA CIVIC 2014,1,24311,24311,4
1685,2024-05-24,21,1,3,AUTO HONDA ODISSEY 2013,1,27063,27063,4
1686,2024-05-08,9,1,3,AUTO HONDA ODISSEY 2013,1,27063,27063,2
1687,2024-05-09,31,2,3,AUTO HONDA ODISSEY 2013,1,27063,27063,3
1688,2024-05-22,67,1,4,AUTO HONDA CRV 2014,1,30434,30434,4
1689,2024-05-06,29,2,5,AUTO HONDA PILOT 2013,1,20699,20699,4
1690,2024-05-04,89,2,5,AUTO HONDA PILOT 2013,1,20699,20699,3
1691,2024-05-12,16,1,7,AUTO HONDA CITY 2016,1,26912,26912,2
1692,2024-05-17,195,2,8,CAMIONETA HONDA ELEMENT 2013,1,40802,40802,1
1693,2024-05-09,176,1,9,CAMIONETA HONDA CROSSTOUR 2013,1,30668,30668,3
1694,2024-05-09,95,2,9,CAMIONETA HONDA CROSSTOUR 2013,1,30668,30668,4
1695,2024-05-20,19,1,10,CAMIONETA HONDA CR-Z 2015,1,39946,39946,4
1696,2024-05-23,123,1,10,CAMIONETA HONDA CR-Z 2015,1,39946,39946,1
1697,2024-05-10,132,1,10,CAMIONETA HONDA CR-Z 2015,1,39946,39946,1
1698,2024-05-08,197,1,11,CAMIONETA HONDA RID LINE PICK UP 2014,1,34782,34782,2
1699,2024-05-11,93,2,11,CAMIONETA HONDA RID LINE PICK UP 2014,1,34782,34782,4
1700,2024-05-03,48,1,11,CAMIONETA HONDA RID LINE PICK UP 2014,1,34782,34782,1
1701,2024-05-16,62,2,38,ACEITE DE MOTOR 5W30 FULL SINTÉTICO,5,118,590,4
1702,2024-05-10,9,2,38,ACEITE DE MOTOR 5W30 FULL SINTÉTICO,4,118,472,1
1703,2024-05-02,5,2,38,ACEITE DE MOTOR 5W30 FULL SINTÉTICO,5,118,590,2
1704,2024-05-13,139,1,38,ACEITE DE MOTOR 5W30 FULL SINTÉTICO,19,118,2242,4
1705,2024-05-16,114,1,38,ACEITE DE MOTOR 5W30 FULL SINTÉTICO,3,118,354,1
1706,2024-05-21,87,2,38,ACEITE DE MOTOR 5W30 FULL SINTÉTICO,4,118,472,1
1707,2024-05-16,53,2,38,ACEITE DE MOTOR 5W30 FULL SINTÉTICO,8,118,944,4
1708,2024-05-03,66,1,38,ACEITE DE MOTOR 5W30 FULL SINTÉTICO,13,118,1534,4
1709,2024-05-07,49,1,38,ACEITE DE MOTOR 5W30 FULL SINTÉTICO,2,118,236,2
1710,2024-05-12,2,2,38,ACEITE DE MOTOR 5W30 FULL SINTÉTICO,5,118,590,1
1711,2024-05-03,108,2,38,ACEITE DE MOTOR 5W30 FULL SINTÉTICO,2,118,236,1
1712,2024-05-13,146,2,38,ACEITE DE MOTOR 5W30 FULL SINTÉTICO,1,118,118,3
1713,2024-05-16,47,2,39,FILTRO DE COMBUSTIBLE,4,108,432,3
1714,2024-05-08,167,1,39,FILTRO DE COMBUSTIBLE,2,108,216,3
1715,2024-05-27,26,2,40,AMORTIGUADORES DELANTEROS,14,236,3304,2
1716,2024-05-14,97,2,40,AMORTIGUADORES DELANTEROS,12,236,2832,1
1717,2024-05-03,200,1,40,AMORTIGUADORES DELANTEROS,16,236,3776,1
1718,2024-05-16,139,2,40,AMORTIGUADORES DELANTEROS,13,236,3068,2
1719,2024-05-08,26,2,40,AMORTIGUADORES DELANTEROS,10,236,2360,3
1720,2024-05-23,105,2,40,AMORTIGUADORES DELANTEROS,5,236,1180,1
1721,2024-05-21,199,1,40,AMORTIGUADORES DELANTEROS,15,236,3540,4
1722,2024-05-15,64,1,40,AMORTIGUADORES DELANTEROS,17,236,4012,1
1723,2024-05-16,11,2,40,AMORTIGUADORES DELANTEROS,17,236,4012,1
1724,2024-05-01,165,2,40,AMORTIGUADORES DELANTEROS,2,236,472,2
1725,2024-05-17,10,1,40,AMORTIGUADORES DELANTEROS,1,236,236,3
1726,2024-05-17,12,2,41,AMORTIGUADORES POSTERIORES,20,102,2040,4
1727,2024-05-16,63,1,41,AMORTIGUADORES POSTERIORES,10,102,1020,1
1728,2024-05-04,43,2,41,AMORTIGUADORES POSTERIORES,19,102,1938,4
1729,2024-05-13,188,2,41,AMORTIGUADORES POSTERIORES,11,102,1122,3
1730,2024-05-19,161,1,41,AMORTIGUADORES POSTERIORES,3,102,306,1
1731,2024-05-02,64,1,41,AMORTIGUADORES POSTERIORES,5,102,510,3
1732,2024-05-01,119,1,41,AMORTIGUADORES POSTERIORES,1,102,102,2
1733,2024-05-23,193,2,41,AMORTIGUADORES POSTERIORES,6,102,612,2
1734,2024-05-10,105,1,41,AMORTIGUADORES POSTERIORES,1,102,102,3
1735,2024-05-07,123,2,42,"LLANTAS 18""",8,69,552,2
1736,2024-05-28,94,2,42,"LLANTAS 18""",18,69,1242,3
1737,2024-05-05,190,1,42,"LLANTAS 18""",4,69,276,4
1738,2024-05-17,88,2,42,"LLANTAS 18""",20,69,1380,1
1739,2024-05-23,21,1,42,"LLANTAS 18""",2,69,138,3
1740,2024-05-24,15,2,42,"LLANTAS 18""",7,69,483,2
1741,2024-05-21,157,1,42,"LLANTAS 18""",15,69,1035,4
1742,2024-05-15,63,1,42,"LLANTAS 18""",3,69,207,4
1743,2024-05-28,149,1,42,"LLANTAS 18""",11,69,759,3
1744,2024-05-27,197,2,42,"LLANTAS 18""",4,69,276,1
1745,2024-05-12,157,1,42,"LLANTAS 18""",4,69,276,1
1746,2024-05-06,154,2,42,"LLANTAS 18""",15,69,1035,4
1747,2024-05-03,89,2,42,"LLANTAS 18""",2,69,138,4
1748,2024-05-24,15,1,42,"LLANTAS 18""",4,69,276,3
1749,2024-05-24,30,2,42,"LLANTAS 18""",1,69,69,1
1750,2024-05-24,26,1,42,"LLANTAS 18""",3,69,207,2
1751,2024-05-24,50,2,42,"LLANTAS 18""",1,69,69,2
1752,2024-05-09,49,2,43,BATERÍA DE 18 PLACAS,1,116,116,3
1753,2024-05-07,181,2,43,BATERÍA DE 18 PLACAS,4,116,464,4
1754,2024-05-03,7,1,43,BATERÍA DE 18 PLACAS,11,116,1276,1
1755,2024-05-16,173,2,43,BATERÍA DE 18 PLACAS,10,116,1160,3
1756,2024-05-04,185,1,43,BATERÍA DE 18 PLACAS,3,116,348,4
1757,2024-05-22,192,2,43,BATERÍA DE 18 PLACAS,7,116,812,1
1758,2024-05-25,19,2,43,BATERÍA DE 18 PLACAS,11,116,1276,1
1759,2024-05-15,178,1,43,BATERÍA DE 18 PLACAS,7,116,812,3
1760,2024-05-07,162,1,43,BATERÍA DE 18 PLACAS,1,116,116,3
1761,2024-06-26,87,2,1,AUTO HONDA ACCORD 2014,1,20005,20005,2
1762,2024-06-03,80,1,1,AUTO HONDA ACCORD 2014,1,20005,20005,4
1763,2024-06-10,101,1,1,AUTO HONDA ACCORD 2014,1,20005,20005,3
1764,2024-06-04,73,2,1,AUTO HONDA ACCORD 2014,1,20005,20005,1
1765,2024-06-27,22,2,2,AUTO HONDA CIVIC 2014,1,27255,27255,4
1766,2024-06-08,178,2,2,AUTO HONDA CIVIC 2014,1,27255,27255,4
1767,2024-06-20,83,1,2,AUTO HONDA CIVIC 2014,1,27255,27255,1
1768,2024-06-08,192,2,2,AUTO HONDA CIVIC 2014,1,27255,27255,2
1769,2024-06-10,24,2,3,AUTO HONDA ODISSEY 2013,1,27276,27276,3
1770,2024-06-03,159,1,3,AUTO HONDA ODISSEY 2013,1,27276,27276,2
1771,2024-06-05,11,2,3,AUTO HONDA ODISSEY 2013,1,27276,27276,1
1772,2024-06-21,177,2,3,AUTO HONDA ODISSEY 2013,1,27276,27276,1
1773,2024-06-28,102,2,3,AUTO HONDA ODISSEY 2013,1,27276,27276,4
1774,2024-06-02,76,1,3,AUTO HONDA ODISSEY 2013,1,27276,27276,2
1775,2024-06-14,181,1,3,AUTO HONDA ODISSEY 2013,1,27276,27276,3
1776,2024-06-13,188,1,3,AUTO HONDA ODISSEY 2013,1,27276,27276,1
1777,2024-06-23,19,1,3,AUTO HONDA ODISSEY 2013,1,27276,27276,4
1778,2024-06-25,119,1,4,AUTO HONDA CRV 2014,1,30558,30558,1
1779,2024-06-14,147,2,4,AUTO HONDA CRV 2014,1,30558,30558,2
1780,2024-06-27,154,1,5,AUTO HONDA PILOT 2013,1,22709,22709,1
1781,2024-06-05,64,1,5,AUTO HONDA PILOT 2013,1,22709,22709,1
1782,2024-06-14,171,2,5,AUTO HONDA PILOT 2013,1,22709,22709,1
1783,2024-06-10,122,1,5,AUTO HONDA PILOT 2013,1,22709,22709,2
1784,2024-06-12,126,1,5,AUTO HONDA PILOT 2013,1,22709,22709,1
1785,2024-06-13,63,1,6,AUTO HONDA FIT 2016,1,24780,24780,1
1786,2024-06-20,128,2,6,AUTO HONDA FIT 2016,1,24780,24780,2
1787,2024-06-11,136,1,6,AUTO HONDA FIT 2016,1,24780,24780,1
1788,2024-06-19,198,2,7,AUTO HONDA CITY 2016,1,29270,29270,4
1789,2024-06-07,127,1,7,AUTO HONDA CITY 2016,1,29270,29270,3
1790,2024-06-25,137,1,7,AUTO HONDA CITY 2016,1,29270,29270,3
1791,2024-06-16,23,1,7,AUTO HONDA CITY 2016,1,29270,29270,2
1792,2024-06-06,164,1,7,AUTO HONDA CITY 2016,1,29270,29270,2
1793,2024-06-15,29,1,7,AUTO HONDA CITY 2016,1,29270,29270,4
1794,2024-06-25,65,2,7,AUTO HONDA CITY 2016,1,29270,29270,4
1795,2024-06-09,200,2,8,CAMIONETA HONDA ELEMENT 2013,1,46284,46284,1
1796,2024-06-13,144,1,8,CAMIONETA HONDA ELEMENT 2013,1,46284,46284,3
1797,2024-06-25,28,1,8,CAMIONETA HONDA ELEMENT 2013,1,46284,46284,1
1798,2024-06-11,193,2,9,CAMIONETA HONDA CROSSTOUR 2013,1,25600,25600,4
1799,2024-06-11,32,1,9,CAMIONETA HONDA CROSSTOUR 2013,1,25600,25600,1
1800,2024-06-02,198,1,9,CAMIONETA HONDA CROSSTOUR 2013,1,25600,25600,1
1801,2024-06-13,52,2,9,CAMIONETA HONDA CROSSTOUR 2013,1,25600,25600,2
1802,2024-06-28,182,1,10,CAMIONETA HONDA CR-Z 2015,1,40291,40291,4
1803,2024-06-12,109,1,10,CAMIONETA HONDA CR-Z 2015,1,40291,40291,1
1804,2024-06-22,168,2,10,CAMIONETA HONDA CR-Z 2015,1,40291,40291,4
1805,2024-06-19,61,1,10,CAMIONETA HONDA CR-Z 2015,1,40291,40291,1
1806,2024-06-09,78,1,10,CAMIONETA HONDA CR-Z 2015,1,40291,40291,4
1807,2024-06-09,14,2,11,CAMIONETA HONDA RID LINE PICK UP 2014,1,42075,42075,2
1808,2024-06-13,128,2,11,CAMIONETA HONDA RID LINE PICK UP 2014,1,42075,42075,1
1809,2024-06-26,175,2,11,CAMIONETA HONDA RID LINE PICK UP 2014,1,42075,42075,1
1810,2024-06-06,120,2,38,ACEITE DE MOTOR 5W30 FULL SINTÉTICO,17,143,2431,3
1811,2024-06-04,41,1,38,ACEITE DE MOTOR 5W30 FULL SINTÉTICO,8,143,1144,1
1812,2024-06-28,27,2,38,ACEITE DE MOTOR 5W30 FULL SINTÉTICO,13,143,1859,2
1813,2024-06-05,151,2,38,ACEITE DE MOTOR 5W30 FULL SINTÉTICO,2,143,286,2
1814,2024-06-08,57,1,38,ACEITE DE MOTOR 5W30 FULL SINTÉTICO,18,143,2574,1
1815,2024-06-16,170,2,38,ACEITE DE MOTOR 5W30 FULL SINTÉTICO,6,143,858,4
1816,2024-06-19,196,2,38,ACEITE DE MOTOR 5W30 FULL SINTÉTICO,11,143,1573,3
1817,2024-06-16,2,1,38,ACEITE DE MOTOR 5W30 FULL SINTÉTICO,4,143,572,3
1818,2024-06-09,109,1,38,ACEITE DE MOTOR 5W30 FULL SINTÉTICO,3,143,429,4
1819,2024-06-09,192,2,38,ACEITE DE MOTOR 5W30 FULL SINTÉTICO,2,143,286,4
1820,2024-06-25,132,1,38,ACEITE DE MOTOR 5W30 FULL SINTÉTICO,1,143,143,2
1821,2024-06-28,39,1,39,FILTRO DE COMBUSTIBLE,8,133,1064,4
1822,2024-06-11,140,1,39,FILTRO DE COMBUSTIBLE,7,133,931,4
1823,2024-06-26,82,1,40,AMORTIGUADORES DELANTEROS,16,260,4160,4
1824,2024-06-25,28,2,40,AMORTIGUADORES DELANTEROS,19,260,4940,1
1825,2024-06-09,10,2,40,AMORTIGUADORES DELANTEROS,4,260,1040,3
1826,2024-06-27,51,2,40,AMORTIGUADORES DELANTEROS,20,260,5200,4
1827,2024-06-22,168,1,40,AMORTIGUADORES DELANTEROS,4,260,1040,4
1828,2024-06-28,47,1,40,AMORTIGUADORES DELANTEROS,19,260,4940,2
1829,2024-06-17,127,1,40,AMORTIGUADORES DELANTEROS,2,260,520,4
1830,2024-06-08,197,2,40,AMORTIGUADORES DELANTEROS,3,260,780,2
1831,2024-06-19,189,2,41,AMORTIGUADORES POSTERIORES,2,115,230,3
1832,2024-06-08,37,1,41,AMORTIGUADORES POSTERIORES,6,115,690,3
1833,2024-06-24,7,2,41,AMORTIGUADORES POSTERIORES,8,115,920,1
1834,2024-06-03,143,2,41,AMORTIGUADORES POSTERIORES,14,115,1610,1
1835,2024-06-01,154,2,41,AMORTIGUADORES POSTERIORES,16,115,1840,1
1836,2024-06-26,198,2,41,AMORTIGUADORES POSTERIORES,19,115,2185,1
1837,2024-06-18,199,1,41,AMORTIGUADORES POSTERIORES,9,115,1035,4
1838,2024-06-24,146,1,41,AMORTIGUADORES POSTERIORES,4,115,460,1
1839,2024-06-05,13,2,41,AMORTIGUADORES POSTERIORES,1,115,115,2
1840,2024-06-18,157,1,42,"LLANTAS 18""",9,83,747,4
1841,2024-06-23,148,1,42,"LLANTAS 18""",2,83,166,2
1842,2024-06-12,13,2,42,"LLANTAS 18""",11,83,913,3
1843,2024-06-11,90,2,42,"LLANTAS 18""",8,83,664,3
1844,2024-06-14,7,2,42,"LLANTAS 18""",1,83,83,4
1845,2024-06-21,127,2,42,"LLANTAS 18""",9,83,747,1
1846,2024-06-12,195,1,42,"LLANTAS 18""",9,83,747,2
1847,2024-06-16,43,1,42,"LLANTAS 18""",7,83,581,3
1848,2024-06-19,36,1,42,"LLANTAS 18""",2,83,166,3
1849,2024-06-28,22,1,42,"LLANTAS 18""",9,83,747,2
1850,2024-06-23,91,2,42,"LLANTAS 18""",20,83,1660,1
1851,2024-06-05,53,2,42,"LLANTAS 18""",5,83,415,2
1852,2024-06-04,178,1,42,"LLANTAS 18""",9,83,747,4
1853,2024-06-14,92,1,42,"LLANTAS 18""",4,83,332,4
1854,2024-06-23,57,2,42,"LLANTAS 18""",8,83,664,1
1855,2024-06-18,5,1,42,"LLANTAS 18""",5,83,415,4
1856,2024-06-06,67,2,43,BATERÍA DE 18 PLACAS,11,115,1265,1
1857,2024-06-19,93,1,43,BATERÍA DE 18 PLACAS,8,115,920,3
1858,2024-06-21,56,1,43,BATERÍA DE 18 PLACAS,8,115,920,2
1859,2024-06-20,98,1,43,BATERÍA DE 18 PLACAS,16,115,1840,3
1860,2024-06-19,91,1,43,BATERÍA DE 18 PLACAS,1,115,115,4
1861,2024-07-21,100,2,2,AUTO HONDA CIVIC 2014,1,29171,29171,2
1862,2024-07-01,55,1,2,AUTO HONDA CIVIC 2014,1,29171,29171,4
1863,2024-07-28,106,1,2,AUTO HONDA CIVIC 2014,1,29171,29171,2
1864,2024-07-22,186,2,2,AUTO HONDA CIVIC 2014,1,29171,29171,3
1865,2024-07-21,198,1,2,AUTO HONDA CIVIC 2014,1,29171,29171,4
1866,2024-07-07,113,2,2,AUTO HONDA CIVIC 2014,1,29171,29171,4
1867,2024-07-27,12,2,3,AUTO HONDA ODISSEY 2013,1,26696,26696,4
1868,2024-07-19,92,2,3,AUTO HONDA ODISSEY 2013,1,26696,26696,1
1869,2024-07-14,170,1,4,AUTO HONDA CRV 2014,1,26882,26882,2
1870,2024-07-15,66,2,4,AUTO HONDA CRV 2014,1,26882,26882,3
1871,2024-07-12,66,2,4,AUTO HONDA CRV 2014,1,26882,26882,4
1872,2024-07-01,165,1,4,AUTO HONDA CRV 2014,1,26882,26882,3
1873,2024-07-05,50,1,4,AUTO HONDA CRV 2014,1,26882,26882,4
1874,2024-07-15,4,1,5,AUTO HONDA PILOT 2013,1,28208,28208,2
1875,2024-07-03,188,1,5,AUTO HONDA PILOT 2013,1,28208,28208,2
1876,2024-07-22,60,1,5,AUTO HONDA PILOT 2013,1,28208,28208,3
1877,2024-07-10,15,2,5,AUTO HONDA PILOT 2013,1,28208,28208,4
1878,2024-07-05,125,1,5,AUTO HONDA PILOT 2013,1,28208,28208,3
1879,2024-07-18,7,2,6,AUTO HONDA FIT 2016,1,26767,26767,3
1880,2024-07-23,151,2,6,AUTO HONDA FIT 2016,1,26767,26767,3
1881,2024-07-22,148,2,6,AUTO HONDA FIT 2016,1,26767,26767,1
1882,2024-07-18,30,2,6,AUTO HONDA FIT 2016,1,26767,26767,3
1883,2024-07-25,154,2,6,AUTO HONDA FIT 2016,1,26767,26767,2
1884,2024-07-11,127,2,6,AUTO HONDA FIT 2016,1,26767,26767,2
1885,2024-07-14,134,1,6,AUTO HONDA FIT 2016,1,26767,26767,4
1886,2024-07-23,106,2,7,AUTO HONDA CITY 2016,1,29827,29827,1
1887,2024-07-25,171,1,7,AUTO HONDA CITY 2016,1,29827,29827,1
1888,2024-07-08,113,1,7,AUTO HONDA CITY 2016,1,29827,29827,3
1889,2024-07-14,124,1,7,AUTO HONDA CITY 2016,1,29827,29827,4
1890,2024-07-26,131,2,7,AUTO HONDA CITY 2016,1,29827,29827,2
1891,2024-07-22,91,1,8,CAMIONETA HONDA ELEMENT 2013,1,47872,47872,3
1892,2024-07-25,105,2,8,CAMIONETA HONDA ELEMENT 2013,1,47872,47872,3
1893,2024-07-05,18,2,8,CAMIONETA HONDA ELEMENT 2013,1,47872,47872,1
1894,2024-07-08,38,1,8,CAMIONETA HONDA ELEMENT 2013,1,47872,47872,3
1895,2024-07-09,139,1,8,CAMIONETA HONDA ELEMENT 2013,1,47872,47872,3
1896,2024-07-21,3,1,9,CAMIONETA HONDA CROSSTOUR 2013,1,23373,23373,3
1897,2024-07-26,187,1,9,CAMIONETA HONDA CROSSTOUR 2013,1,23373,23373,2
1898,2024-07-04,53,2,9,CAMIONETA HONDA CROSSTOUR 2013,1,23373,23373,3
1899,2024-07-27,40,1,9,CAMIONETA HONDA CROSSTOUR 2013,1,23373,23373,4
1900,2024-07-01,181,1,9,CAMIONETA HONDA CROSSTOUR 2013,1,23373,23373,2
1901,2024-07-11,15,1,10,CAMIONETA HONDA CR-Z 2015,1,39540,39540,3
1902,2024-07-17,54,2,10,CAMIONETA HONDA CR-Z 2015,1,39540,39540,2
1903,2024-07-03,65,1,10,CAMIONETA HONDA CR-Z 2015,1,39540,39540,4
1904,2024-07-02,9,2,10,CAMIONETA HONDA CR-Z 2015,1,39540,39540,3
1905,2024-07-25,84,1,10,CAMIONETA HONDA CR-Z 2015,1,39540,39540,4
1906,2024-07-16,59,1,11,CAMIONETA HONDA RID LINE PICK UP 2014,1,45272,45272,3
1907,2024-07-28,92,2,11,CAMIONETA HONDA RID LINE PICK UP 2014,1,45272,45272,1
1908,2024-07-09,7,2,11,CAMIONETA HONDA RID LINE PICK UP 2014,1,45272,45272,4
1909,2024-07-20,79,1,11,CAMIONETA HONDA RID LINE PICK UP 2014,1,45272,45272,4
1910,2024-07-01,78,2,11,CAMIONETA HONDA RID LINE PICK UP 2014,1,45272,45272,2
1911,2024-07-20,27,2,38,ACEITE DE MOTOR 5W30 FULL SINTÉTICO,3,113,339,2
1912,2024-07-21,94,2,38,ACEITE DE MOTOR 5W30 FULL SINTÉTICO,3,113,339,2
1913,2024-07-22,105,2,38,ACEITE DE MOTOR 5W30 FULL SINTÉTICO,6,113,678,2
1914,2024-07-24,162,2,38,ACEITE DE MOTOR 5W30 FULL SINTÉTICO,13,113,1469,2
1915,2024-07-27,163,1,38,ACEITE DE MOTOR 5W30 FULL SINTÉTICO,6,113,678,2
1916,2024-07-09,120,1,38,ACEITE DE MOTOR 5W30 FULL SINTÉTICO,13,113,1469,3
1917,2024-07-06,82,1,38,ACEITE DE MOTOR 5W30 FULL SINTÉTICO,20,113,2260,1
1918,2024-07-12,37,1,38,ACEITE DE MOTOR 5W30 FULL SINTÉTICO,18,113,2034,2
1919,2024-07-11,183,1,38,ACEITE DE MOTOR 5W30 FULL SINTÉTICO,2,113,226,1
1920,2024-07-10,22,2,38,ACEITE DE MOTOR 5W30 FULL SINTÉTICO,18,113,2034,4
1921,2024-07-26,137,2,38,ACEITE DE MOTOR 5W30 FULL SINTÉTICO,1,113,113,3
1922,2024-07-12,57,2,38,ACEITE DE MOTOR 5W30 FULL SINTÉTICO,5,113,565,3
1923,2024-07-28,171,2,38,ACEITE DE MOTOR 5W30 FULL SINTÉTICO,1,113,113,4
1924,2024-07-26,193,2,38,ACEITE DE MOTOR 5W30 FULL SINTÉTICO,14,113,1582,1
1925,2024-07-28,74,2,38,ACEITE DE MOTOR 5W30 FULL SINTÉTICO,8,113,904,3
1926,2024-07-05,17,2,38,ACEITE DE MOTOR 5W30 FULL SINTÉTICO,10,113,1130,4
1927,2024-07-27,132,1,38,ACEITE DE MOTOR 5W30 FULL SINTÉTICO,2,113,226,3
1928,2024-07-12,141,1,38,ACEITE DE MOTOR 5W30 FULL SINTÉTICO,7,113,791,3
1929,2024-07-19,133,1,38,ACEITE DE MOTOR 5W30 FULL SINTÉTICO,2,113,226,1
1930,2024-07-26,57,2,38,ACEITE DE MOTOR 5W30 FULL SINTÉTICO,1,113,113,2
1931,2024-07-23,194,1,38,ACEITE DE MOTOR 5W30 FULL SINTÉTICO,1,113,113,4
1932,2024-07-24,13,2,38,ACEITE DE MOTOR 5W30 FULL SINTÉTICO,1,113,113,1
1933,2024-07-27,29,2,39,FILTRO DE COMBUSTIBLE,18,142,2556,3
1934,2024-07-24,98,1,40,AMORTIGUADORES DELANTEROS,2,279,558,4
1935,2024-07-25,136,2,40,AMORTIGUADORES DELANTEROS,19,279,5301,3
1936,2024-07-23,139,1,40,AMORTIGUADORES DELANTEROS,11,279,3069,4
1937,2024-07-14,86,1,40,AMORTIGUADORES DELANTEROS,2,279,558,2
1938,2024-07-22,69,1,40,AMORTIGUADORES DELANTEROS,4,279,1116,3
1939,2024-07-25,112,1,40,AMORTIGUADORES DELANTEROS,16,279,4464,3
1940,2024-07-08,84,2,40,AMORTIGUADORES DELANTEROS,1,279,279,1
1941,2024-07-24,90,1,40,AMORTIGUADORES DELANTEROS,13,279,3627,2
1942,2024-07-08,121,1,40,AMORTIGUADORES DELANTEROS,18,279,5022,4
1943,2024-07-25,75,2,40,AMORTIGUADORES DELANTEROS,4,279,1116,4
1944,2024-07-15,49,2,40,AMORTIGUADORES DELANTEROS,9,279,2511,2
1945,2024-07-25,197,2,40,AMORTIGUADORES DELANTEROS,9,279,2511,4
1946,2024-07-26,46,1,40,AMORTIGUADORES DELANTEROS,6,279,1674,4
1947,2024-07-09,83,1,40,AMORTIGUADORES DELANTEROS,19,279,5301,4
1948,2024-07-21,57,1,40,AMORTIGUADORES DELANTEROS,11,279,3069,1
1949,2024-07-22,149,1,40,AMORTIGUADORES DELANTEROS,5,279,1395,4
1950,2024-07-26,56,2,40,AMORTIGUADORES DELANTEROS,2,279,558,2
1951,2024-07-08,68,2,40,AMORTIGUADORES DELANTEROS,3,279,837,3
1952,2024-07-28,180,1,40,AMORTIGUADORES DELANTEROS,1,279,279,3
1953,2024-07-04,39,2,41,AMORTIGUADORES POSTERIORES,15,85,1275,4
1954,2024-07-16,19,2,41,AMORTIGUADORES POSTERIORES,7,85,595,1
1955,2024-07-01,181,1,41,AMORTIGUADORES POSTERIORES,4,85,340,2
1956,2024-07-17,29,2,41,AMORTIGUADORES POSTERIORES,10,85,850,2
1957,2024-07-14,82,2,41,AMORTIGUADORES POSTERIORES,11,85,935,2
1958,2024-07-06,195,1,41,AMORTIGUADORES POSTERIORES,7,85,595,1
1959,2024-07-02,112,1,41,AMORTIGUADORES POSTERIORES,18,85,1530,4
1960,2024-07-26,26,2,41,AMORTIGUADORES POSTERIORES,5,85,425,4
1961,2024-07-16,124,2,41,AMORTIGUADORES POSTERIORES,8,85,680,2
1962,2024-07-01,189,1,41,AMORTIGUADORES POSTERIORES,6,85,510,1
1963,2024-07-21,57,2,41,AMORTIGUADORES POSTERIORES,9,85,765,4
1964,2024-07-07,128,2,41,AMORTIGUADORES POSTERIORES,2,85,170,1
1965,2024-07-05,28,1,41,AMORTIGUADORES POSTERIORES,1,85,85,1
1966,2024-07-08,192,1,41,AMORTIGUADORES POSTERIORES,1,85,85,1
1967,2024-07-20,67,1,42,"LLANTAS 18""",8,86,688,2
1968,2024-07-23,33,1,42,"LLANTAS 18""",3,86,258,3
1969,2024-07-21,108,1,42,"LLANTAS 18""",17,86,1462,2
1970,2024-07-02,81,1,42,"LLANTAS 18""",10,86,860,1
1971,2024-07-07,75,2,42,"LLANTAS 18""",2,86,172,1
1972,2024-07-23,105,2,42,"LLANTAS 18""",16,86,1376,3
1973,2024-07-20,117,2,42,"LLANTAS 18""",4,86,344,4
1974,2024-07-01,159,1,42,"LLANTAS 18""",10,86,860,1
1975,2024-07-09,183,1,42,"LLANTAS 18""",5,86,430,4
1976,2024-07-27,47,1,42,"LLANTAS 18""",6,86,516,2
1977,2024-07-15,125,2,42,"LLANTAS 18""",8,86,688,1
1978,2024-07-16,49,2,42,"LLANTAS 18""",14,86,1204,3
1979,2024-07-18,185,2,42,"LLANTAS 18""",7,86,602,4
1980,2024-07-01,102,1,42,"LLANTAS 18""",4,86,344,2
1981,2024-07-23,68,1,42,"LLANTAS 18""",16,86,1376,3
1982,2024-07-25,52,1,42,"LLANTAS 18""",6,86,516,3
1983,2024-07-13,176,2,42,"LLANTAS 18""",5,86,430,3
1984,2024-07-26,96,1,42,"LLANTAS 18""",1,86,86,3
1985,2024-07-09,170,2,43,BATERÍA DE 18 PLACAS,2,102,204,1
1986,2024-07-28,83,2,43,BATERÍA DE 18 PLACAS,17,102,1734,4
1987,2024-07-23,174,2,43,BATERÍA DE 18 PLACAS,17,102,1734,4
1988,2024-07-14,18,1,43,BATERÍA DE 18 PLACAS,1,102,102,1
1989,2024-07-08,105,2,43,BATERÍA DE 18 PLACAS,6,102,612,4
1990,2024-07-19,49,2,43,BATERÍA DE 18 PLACAS,4,102,408,2
1991,2024-07-04,132,1,43,BATERÍA DE 18 PLACAS,3,102,306,2
1992,2024-07-05,123,2,43,BATERÍA DE 18 PLACAS,5,102,510,2
1993,2024-08-26,113,1,1,AUTO HONDA ACCORD 2014,1,36852,36852,1
1994,2024-08-14,98,2,1,AUTO HONDA ACCORD 2014,1,36852,36852,3
1995,2024-08-19,147,2,1,AUTO HONDA ACCORD 2014,1,36852,36852,4
1996,2024-08-23,148,2,1,AUTO HONDA ACCORD 2014,1,36852,36852,1
1997,2024-08-10,74,2,1,AUTO HONDA ACCORD 2014,1,36852,36852,1
1998,2024-08-12,164,2,1,AUTO HONDA ACCORD 2014,1,36852,36852,2
1999,2024-08-03,163,1,1,AUTO HONDA ACCORD 2014,1,36852,36852,2
2000,2024-08-04,173,1,2,AUTO HONDA CIVIC 2014,1,23469,23469,4
2001,2024-08-19,179,2,2,AUTO HONDA CIVIC 2014,1,23469,23469,1
2002,2024-08-11,79,2,2,AUTO HONDA CIVIC 2014,1,23469,23469,3
2003,2024-08-15,70,1,2,AUTO HONDA CIVIC 2014,1,23469,23469,3
2004,2024-08-04,90,2,2,AUTO HONDA CIVIC 2014,1,23469,23469,2
2005,2024-08-07,183,1,2,AUTO HONDA CIVIC 2014,1,23469,23469,3
2006,2024-08-10,132,2,2,AUTO HONDA CIVIC 2014,1,23469,23469,3
2007,2024-08-11,12,2,3,AUTO HONDA ODISSEY 2013,1,21122,21122,4
2008,2024-08-26,99,1,3,AUTO HONDA ODISSEY 2013,1,21122,21122,3
2009,2024-08-26,12,2,3,AUTO HONDA ODISSEY 2013,1,21122,21122,3
2010,2024-08-06,79,2,3,AUTO HONDA ODISSEY 2013,1,21122,21122,3
2011,2024-08-05,121,1,3,AUTO HONDA ODISSEY 2013,1,21122,21122,3
2012,2024-08-19,111,1,3,AUTO HONDA ODISSEY 2013,1,21122,21122,3
2013,2024-08-04,58,1,3,AUTO HONDA ODISSEY 2013,1,21122,21122,4
2014,2024-08-26,142,1,3,AUTO HONDA ODISSEY 2013,1,21122,21122,4
2015,2024-08-19,146,1,4,AUTO HONDA CRV 2014,1,29024,29024,1
2016,2024-08-22,31,2,4,AUTO HONDA CRV 2014,1,29024,29024,1
2017,2024-08-27,84,2,5,AUTO HONDA PILOT 2013,1,31401,31401,3
2018,2024-08-25,175,1,5,AUTO HONDA PILOT 2013,1,31401,31401,1
2019,2024-08-10,95,1,5,AUTO HONDA PILOT 2013,1,31401,31401,1
2020,2024-08-15,12,1,5,AUTO HONDA PILOT 2013,1,31401,31401,2
2021,2024-08-24,33,2,5,AUTO HONDA PILOT 2013,1,31401,31401,1
2022,2024-08-07,85,2,5,AUTO HONDA PILOT 2013,1,31401,31401,1
2023,2024-08-14,83,2,5,AUTO HONDA PILOT 2013,1,31401,31401,4
2024,2024-08-17,140,1,6,AUTO HONDA FIT 2016,1,26722,26722,1
2025,2024-08-01,165,1,6,AUTO HONDA FIT 2016,1,26722,26722,4
2026,2024-08-03,75,2,6,AUTO HONDA FIT 2016,1,26722,26722,2
2027,2024-08-15,160,1,6,AUTO HONDA FIT 2016,1,26722,26722,1
2028,2024-08-05,31,1,6,AUTO HONDA FIT 2016,1,26722,26722,4
2029,2024-08-24,69,2,6,AUTO HONDA FIT 2016,1,26722,26722,3
2030,2024-08-05,11,1,6,AUTO HONDA FIT 2016,1,26722,26722,2
2031,2024-08-18,198,1,6,AUTO HONDA FIT 2016,1,26722,26722,3
2032,2024-08-13,156,1,7,AUTO HONDA CITY 2016,1,23620,23620,1
2033,2024-08-16,194,2,7,AUTO HONDA CITY 2016,1,23620,23620,2
2034,2024-08-26,142,1,7,AUTO HONDA CITY 2016,1,23620,23620,4
2035,2024-08-28,189,1,7,AUTO HONDA CITY 2016,1,23620,23620,1
2036,2024-08-03,103,2,7,AUTO HONDA CITY 2016,1,23620,23620,1
2037,2024-08-15,160,1,7,AUTO HONDA CITY 2016,1,23620,23620,2
2038,2024-08-01,62,1,8,CAMIONETA HONDA ELEMENT 2013,1,41915,41915,4
2039,2024-08-15,86,1,8,CAMIONETA HONDA ELEMENT 2013,1,41915,41915,4
2040,2024-08-02,16,2,8,CAMIONETA HONDA ELEMENT 2013,1,41915,41915,2
2041,2024-08-08,57,1,8,CAMIONETA HONDA ELEMENT 2013,1,41915,41915,2
2042,2024-08-04,173,2,9,CAMIONETA HONDA CROSSTOUR 2013,1,31846,31846,2
2043,2024-08-13,185,2,9,CAMIONETA HONDA CROSSTOUR 2013,1,31846,31846,1
2044,2024-08-02,167,1,9,CAMIONETA HONDA CROSSTOUR 2013,1,31846,31846,3
2045,2024-08-18,172,1,9,CAMIONETA HONDA CROSSTOUR 2013,1,31846,31846,4
2046,2024-08-24,109,1,10,CAMIONETA HONDA CR-Z 2015,1,37347,37347,3
2047,2024-08-09,3,1,10,CAMIONETA HONDA CR-Z 2015,1,37347,37347,4
2048,2024-08-03,185,2,10,CAMIONETA HONDA CR-Z 2015,1,37347,37347,3
2049,2024-08-08,116,1,10,CAMIONETA HONDA CR-Z 2015,1,37347,37347,2
2050,2024-08-17,140,2,10,CAMIONETA HONDA CR-Z 2015,1,37347,37347,3
2051,2024-08-06,95,1,11,CAMIONETA HONDA RID LINE PICK UP 2014,1,25122,25122,1
2052,2024-08-05,62,1,11,CAMIONETA HONDA RID LINE PICK UP 2014,1,25122,25122,1
2053,2024-08-23,111,1,11,CAMIONETA HONDA RID LINE PICK UP 2014,1,25122,25122,4
2054,2024-08-19,8,2,11,CAMIONETA HONDA RID LINE PICK UP 2014,1,25122,25122,3
2055,2024-08-24,112,2,11,CAMIONETA HONDA RID LINE PICK UP 2014,1,25122,25122,2
2056,2024-08-05,188,2,38,ACEITE DE MOTOR 5W30 FULL SINTÉTICO,16,124,1984,1
2057,2024-08-23,56,1,38,ACEITE DE MOTOR 5W30 FULL SINTÉTICO,19,124,2356,3
2058,2024-08-20,46,2,38,ACEITE DE MOTOR 5W30 FULL SINTÉTICO,17,124,2108,1
2059,2024-08-07,29,2,38,ACEITE DE MOTOR 5W30 FULL SINTÉTICO,14,124,1736,2
2060,2024-08-08,44,2,38,ACEITE DE MOTOR 5W30 FULL SINTÉTICO,5,124,620,4
2061,2024-08-22,16,1,38,ACEITE DE MOTOR 5W30 FULL SINTÉTICO,11,124,1364,1
2062,2024-08-14,163,1,38,ACEITE DE MOTOR 5W30 FULL SINTÉTICO,8,124,992,4
2063,2024-08-25,107,1,38,ACEITE DE MOTOR 5W30 FULL SINTÉTICO,17,124,2108,1
2064,2024-08-19,87,2,38,ACEITE DE MOTOR 5W30 FULL SINTÉTICO,5,124,620,1
2065,2024-08-24,27,1,38,ACEITE DE MOTOR 5W30 FULL SINTÉTICO,5,124,620,4
2066,2024-08-01,57,2,38,ACEITE DE MOTOR 5W30 FULL SINTÉTICO,1,124,124,2
2067,2024-08-04,164,2,38,ACEITE DE MOTOR 5W30 FULL SINTÉTICO,1,124,124,2
2068,2024-08-07,165,1,39,FILTRO DE COMBUSTIBLE,4,125,500,1
2069,2024-08-03,118,2,39,FILTRO DE COMBUSTIBLE,3,125,375,4
2070,2024-08-02,26,1,39,FILTRO DE COMBUSTIBLE,1,125,125,4
2071,2024-08-21,70,1,39,FILTRO DE COMBUSTIBLE,4,125,500,3
2072,2024-08-17,47,1,39,FILTRO DE COMBUSTIBLE,1,125,125,3
2073,2024-08-14,34,2,39,FILTRO DE COMBUSTIBLE,1,125,125,3
2074,2024-08-20,46,2,40,AMORTIGUADORES DELANTEROS,7,267,1869,1
2075,2024-08-07,117,1,40,AMORTIGUADORES DELANTEROS,16,267,4272,4
2076,2024-08-14,43,1,40,AMORTIGUADORES DELANTEROS,18,267,4806,3
2077,2024-08-02,194,1,40,AMORTIGUADORES DELANTEROS,2,267,534,2
2078,2024-08-03,45,1,40,AMORTIGUADORES DELANTEROS,1,267,267,3
2079,2024-08-12,34,2,40,AMORTIGUADORES DELANTEROS,12,267,3204,2
2080,2024-08-05,146,2,40,AMORTIGUADORES DELANTEROS,16,267,4272,2
2081,2024-08-24,6,1,40,AMORTIGUADORES DELANTEROS,6,267,1602,3
2082,2024-08-13,181,1,40,AMORTIGUADORES DELANTEROS,6,267,1602,4
2083,2024-08-18,119,2,40,AMORTIGUADORES DELANTEROS,2,267,534,1
2084,2024-08-07,48,1,40,AMORTIGUADORES DELANTEROS,11,267,2937,4
2085,2024-08-05,13,1,40,AMORTIGUADORES DELANTEROS,18,267,4806,2
2086,2024-08-13,188,1,40,AMORTIGUADORES DELANTEROS,15,267,4005,3
2087,2024-08-12,192,1,40,AMORTIGUADORES DELANTEROS,15,267,4005,2
2088,2024-08-24,147,2,41,AMORTIGUADORES POSTERIORES,12,93,1116,3
2089,2024-08-28,15,1,41,AMORTIGUADORES POSTERIORES,20,93,1860,2
2090,2024-08-04,171,2,41,AMORTIGUADORES POSTERIORES,1,93,93,2
2091,2024-08-17,111,2,41,AMORTIGUADORES POSTERIORES,17,93,1581,3
2092,2024-08-18,173,2,41,AMORTIGUADORES POSTERIORES,17,93,1581,3
2093,2024-08-27,106,2,41,AMORTIGUADORES POSTERIORES,18,93,1674,4
2094,2024-08-13,168,2,41,AMORTIGUADORES POSTERIORES,4,93,372,1
2095,2024-08-26,78,1,41,AMORTIGUADORES POSTERIORES,5,93,465,4
2096,2024-08-05,70,1,41,AMORTIGUADORES POSTERIORES,3,93,279,3
2097,2024-08-11,10,1,41,AMORTIGUADORES POSTERIORES,2,93,186,2
2098,2024-08-23,199,1,41,AMORTIGUADORES POSTERIORES,1,93,93,4
2099,2024-08-10,91,2,42,"LLANTAS 18""",7,73,511,3
2100,2024-08-10,15,2,42,"LLANTAS 18""",10,73,730,1
2101,2024-08-26,55,2,42,"LLANTAS 18""",11,73,803,4
2102,2024-08-16,92,2,42,"LLANTAS 18""",18,73,1314,1
2103,2024-08-22,140,2,42,"LLANTAS 18""",1,73,73,1
2104,2024-08-02,33,1,42,"LLANTAS 18""",2,73,146,2
2105,2024-08-25,96,1,42,"LLANTAS 18""",19,73,1387,4
2106,2024-08-27,123,1,42,"LLANTAS 18""",2,73,146,2
2107,2024-08-23,140,2,42,"LLANTAS 18""",4,73,292,4
2108,2024-08-17,183,2,42,"LLANTAS 18""",13,73,949,2
2109,2024-08-03,60,2,42,"LLANTAS 18""",12,73,876,1
2110,2024-08-05,17,1,42,"LLANTAS 18""",19,73,1387,1
2111,2024-08-03,50,2,42,"LLANTAS 18""",17,73,1241,3
2112,2024-08-11,78,1,42,"LLANTAS 18""",3,73,219,2
2113,2024-08-02,61,1,42,"LLANTAS 18""",3,73,219,2
2114,2024-08-07,97,2,42,"LLANTAS 18""",3,73,219,3
2115,2024-08-24,15,2,42,"LLANTAS 18""",1,73,73,3
2116,2024-08-19,31,1,43,BATERÍA DE 18 PLACAS,8,137,1096,1
2117,2024-08-15,155,2,43,BATERÍA DE 18 PLACAS,10,137,1370,3
2118,2024-08-22,36,2,43,BATERÍA DE 18 PLACAS,1,137,137,2
2119,2024-08-16,107,1,43,BATERÍA DE 18 PLACAS,15,137,2055,2
2120,2024-08-07,180,1,43,BATERÍA DE 18 PLACAS,16,137,2192,4
2121,2024-08-05,153,1,43,BATERÍA DE 18 PLACAS,3,137,411,2
2122,2024-08-04,139,1,43,BATERÍA DE 18 PLACAS,7,137,959,2
2123,2024-08-19,21,2,43,BATERÍA DE 18 PLACAS,5,137,685,2
2124,2024-08-25,187,1,43,BATERÍA DE 18 PLACAS,1,137,137,1
2125,2024-09-22,160,1,1,AUTO HONDA ACCORD 2014,1,25745,25745,3
2126,2024-09-27,32,1,1,AUTO HONDA ACCORD 2014,1,25745,25745,4
2127,2024-09-09,124,1,1,AUTO HONDA ACCORD 2014,1,25745,25745,2
2128,2024-09-12,200,1,1,AUTO HONDA ACCORD 2014,1,25745,25745,3
2129,2024-09-03,150,2,2,AUTO HONDA CIVIC 2014,1,21014,21014,1
2130,2024-09-17,172,1,2,AUTO HONDA CIVIC 2014,1,21014,21014,4
2131,2024-09-28,121,2,2,AUTO HONDA CIVIC 2014,1,21014,21014,4
2132,2024-09-22,35,1,3,AUTO HONDA ODISSEY 2013,1,25285,25285,1
2133,2024-09-14,7,2,3,AUTO HONDA ODISSEY 2013,1,25285,25285,1
2134,2024-09-09,184,2,3,AUTO HONDA ODISSEY 2013,1,25285,25285,2
2135,2024-09-14,3,2,4,AUTO HONDA CRV 2014,1,31407,31407,3
2136,2024-09-04,9,1,4,AUTO HONDA CRV 2014,1,31407,31407,3
2137,2024-09-20,45,2,4,AUTO HONDA CRV 2014,1,31407,31407,1
2138,2024-09-25,192,2,4,AUTO HONDA CRV 2014,1,31407,31407,1
2139,2024-09-09,163,2,4,AUTO HONDA CRV 2014,1,31407,31407,4
2140,2024-09-17,111,2,4,AUTO HONDA CRV 2014,1,31407,31407,4
2141,2024-09-13,156,2,4,AUTO HONDA CRV 2014,1,31407,31407,1
2142,2024-09-06,148,2,4,AUTO HONDA CRV 2014,1,31407,31407,2
2143,2024-09-05,135,1,5,AUTO HONDA PILOT 2013,1,20039,20039,4
2144,2024-09-16,55,2,5,AUTO HONDA PILOT 2013,1,20039,20039,3
2145,2024-09-14,187,2,5,AUTO HONDA PILOT 2013,1,20039,20039,4
2146,2024-09-26,112,1,5,AUTO HONDA PILOT 2013,1,20039,20039,3
2147,2024-09-17,196,1,5,AUTO HONDA PILOT 2013,1,20039,20039,3
2148,2024-09-27,6,1,5,AUTO HONDA PILOT 2013,1,20039,20039,3
2149,2024-09-22,181,1,6,AUTO HONDA FIT 2016,1,19366,19366,2
2150,2024-09-03,66,2,6,AUTO HONDA FIT 2016,1,19366,19366,4
2151,2024-09-02,109,2,6,AUTO HONDA FIT 2016,1,19366,19366,4
2152,2024-09-10,22,2,7,AUTO HONDA CITY 2016,1,25016,25016,4
2153,2024-09-14,21,1,7,AUTO HONDA CITY 2016,1,25016,25016,4
2154,2024-09-28,29,2,7,AUTO HONDA CITY 2016,1,25016,25016,1
2155,2024-09-13,27,1,7,AUTO HONDA CITY 2016,1,25016,25016,1
2156,2024-09-16,123,1,8,CAMIONETA HONDA ELEMENT 2013,1,32757,32757,3
2157,2024-09-13,70,2,8,CAMIONETA HONDA ELEMENT 2013,1,32757,32757,3
2158,2024-09-20,40,1,8,CAMIONETA HONDA ELEMENT 2013,1,32757,32757,2
2159,2024-09-11,26,2,9,CAMIONETA HONDA CROSSTOUR 2013,1,25064,25064,2
2160,2024-09-25,132,2,9,CAMIONETA HONDA CROSSTOUR 2013,1,25064,25064,4
2161,2024-09-15,72,1,9,CAMIONETA HONDA CROSSTOUR 2013,1,25064,25064,2
2162,2024-09-11,116,1,10,CAMIONETA HONDA CR-Z 2015,1,43318,43318,1
2163,2024-09-27,169,1,11,CAMIONETA HONDA RID LINE PICK UP 2014,1,26228,26228,1
2164,2024-09-13,30,2,11,CAMIONETA HONDA RID LINE PICK UP 2014,1,26228,26228,1
2165,2024-09-06,112,1,11,CAMIONETA HONDA RID LINE PICK UP 2014,1,26228,26228,1
2166,2024-09-17,75,1,11,CAMIONETA HONDA RID LINE PICK UP 2014,1,26228,26228,2
2167,2024-09-27,85,1,38,ACEITE DE MOTOR 5W30 FULL SINTÉTICO,8,134,1072,4
2168,2024-09-01,84,2,38,ACEITE DE MOTOR 5W30 FULL SINTÉTICO,7,134,938,4
2169,2024-09-02,44,1,38,ACEITE DE MOTOR 5W30 FULL SINTÉTICO,2,134,268,1
2170,2024-09-07,165,1,38,ACEITE DE MOTOR 5W30 FULL SINTÉTICO,11,134,1474,4
2171,2024-09-25,185,1,38,ACEITE DE MOTOR 5W30 FULL SINTÉTICO,2,134,268,3
2172,2024-09-16,168,2,38,ACEITE DE MOTOR 5W30 FULL SINTÉTICO,13,134,1742,2
2173,2024-09-14,37,1,38,ACEITE DE MOTOR 5W30 FULL SINTÉTICO,12,134,1608,2
2174,2024-09-09,163,2,38,ACEITE DE MOTOR 5W30 FULL SINTÉTICO,12,134,1608,2
2175,2024-09-24,51,2,38,ACEITE DE MOTOR 5W30 FULL SINTÉTICO,13,134,1742,3
2176,2024-09-18,94,2,38,ACEITE DE MOTOR 5W30 FULL SINTÉTICO,5,134,670,1
2177,2024-09-01,59,1,39,FILTRO DE COMBUSTIBLE,1,103,103,4
2178,2024-09-08,25,2,40,AMORTIGUADORES DELANTEROS,20,281,5620,4
2179,2024-09-25,75,2,40,AMORTIGUADORES DELANTEROS,5,281,1405,4
2180,2024-09-06,7,1,40,AMORTIGUADORES DELANTEROS,20,281,5620,3
2181,2024-09-19,71,2,40,AMORTIGUADORES DELANTEROS,5,281,1405,3
2182,2024-09-18,50,2,40,AMORTIGUADORES DELANTEROS,15,281,4215,1
2183,2024-09-02,160,1,40,AMORTIGUADORES DELANTEROS,1,281,281,4
2184,2024-09-27,71,2,40,AMORTIGUADORES DELANTEROS,3,281,843,4
2185,2024-09-18,88,1,40,AMORTIGUADORES DELANTEROS,3,281,843,3
2186,2024-09-21,151,1,40,AMORTIGUADORES DELANTEROS,2,281,562,1
2187,2024-09-03,1,2,40,AMORTIGUADORES DELANTEROS,1,281,281,1
2188,2024-09-23,28,1,41,AMORTIGUADORES POSTERIORES,1,119,119,2
2189,2024-09-27,158,1,41,AMORTIGUADORES POSTERIORES,8,119,952,2
2190,2024-09-17,85,1,41,AMORTIGUADORES POSTERIORES,18,119,2142,2
2191,2024-09-24,137,2,41,AMORTIGUADORES POSTERIORES,20,119,2380,4
2192,2024-09-15,187,2,41,AMORTIGUADORES POSTERIORES,12,119,1428,3
2193,2024-09-26,184,1,41,AMORTIGUADORES POSTERIORES,2,119,238,4
2194,2024-09-25,73,1,41,AMORTIGUADORES POSTERIORES,5,119,595,3
2195,2024-09-14,21,2,41,AMORTIGUADORES POSTERIORES,1,119,119,2
2196,2024-09-17,35,1,42,"LLANTAS 18""",9,87,783,4
2197,2024-09-03,190,2,42,"LLANTAS 18""",17,87,1479,1
2198,2024-09-21,55,2,42,"LLANTAS 18""",2,87,174,1
2199,2024-09-23,140,1,42,"LLANTAS 18""",12,87,1044,4
2200,2024-09-16,90,2,42,"LLANTAS 18""",7,87,609,1
2201,2024-09-17,77,2,42,"LLANTAS 18""",2,87,174,1
2202,2024-09-01,170,2,42,"LLANTAS 18""",12,87,1044,1
2203,2024-09-03,9,1,42,"LLANTAS 18""",9,87,783,3
2204,2024-09-05,84,1,42,"LLANTAS 18""",14,87,1218,4
2205,2024-09-25,179,1,42,"LLANTAS 18""",3,87,261,2
2206,2024-09-11,70,2,42,"LLANTAS 18""",14,87,1218,2
2207,2024-09-05,143,2,42,"LLANTAS 18""",4,87,348,4
2208,2024-09-25,71,1,42,"LLANTAS 18""",15,87,1305,4
2209,2024-09-22,163,2,42,"LLANTAS 18""",9,87,783,1
2210,2024-09-01,39,1,42,"LLANTAS 18""",15,87,1305,4
2211,2024-09-15,144,2,42,"LLANTAS 18""",3,87,261,3
2212,2024-09-16,191,2,42,"LLANTAS 18""",1,87,87,2
2213,2024-09-22,198,2,43,BATERÍA DE 18 PLACAS,19,122,2318,2
2214,2024-09-01,66,2,43,BATERÍA DE 18 PLACAS,3,122,366,2
2215,2024-09-22,91,2,43,BATERÍA DE 18 PLACAS,17,122,2074,2
2216,2024-09-22,77,2,43,BATERÍA DE 18 PLACAS,6,122,732,2
2217,2024-09-01,20,2,43,BATERÍA DE 18 PLACAS,4,122,488,2
2218,2024-09-12,114,1,43,BATERÍA DE 18 PLACAS,4,122,488,1
2219,2024-09-10,139,2,43,BATERÍA DE 18 PLACAS,2,122,244,2
2220,2024-09-08,190,1,43,BATERÍA DE 18 PLACAS,4,122,488,3
2221,2024-09-13,191,2,43,BATERÍA DE 18 PLACAS,1,122,122,2
2222,2024-09-04,142,1,43,BATERÍA DE 18 PLACAS,1,122,122,4
2223,2024-10-15,77,2,1,AUTO HONDA ACCORD 2014,1,21601,21601,4
2224,2024-10-11,17,2,1,AUTO HONDA ACCORD 2014,1,21601,21601,1
2225,2024-10-04,164,1,1,AUTO HONDA ACCORD 2014,1,21601,21601,4
2226,2024-10-14,162,2,2,AUTO HONDA CIVIC 2014,1,20343,20343,4
2227,2024-10-07,105,2,2,AUTO HONDA CIVIC 2014,1,20343,20343,1
2228,2024-10-15,119,1,2,AUTO HONDA CIVIC 2014,1,20343,20343,4
2229,2024-10-21,35,1,3,AUTO HONDA ODISSEY 2013,1,20228,20228,3
2230,2024-10-23,22,2,3,AUTO HONDA ODISSEY 2013,1,20228,20228,3
2231,2024-10-07,182,1,3,AUTO HONDA ODISSEY 2013,1,20228,20228,3
2232,2024-10-06,110,1,3,AUTO HONDA ODISSEY 2013,1,20228,20228,3
2233,2024-10-28,46,2,4,AUTO HONDA CRV 2014,1,18025,18025,1
2234,2024-10-17,184,2,4,AUTO HONDA CRV 2014,1,18025,18025,3
2235,2024-10-06,65,2,4,AUTO HONDA CRV 2014,1,18025,18025,1
2236,2024-10-05,148,1,4,AUTO HONDA CRV 2014,1,18025,18025,3
2237,2024-10-20,1,1,4,AUTO HONDA CRV 2014,1,18025,18025,4
2238,2024-10-04,139,2,4,AUTO HONDA CRV 2014,1,18025,18025,4
2239,2024-10-13,73,1,4,AUTO HONDA CRV 2014,1,18025,18025,1
2240,2024-10-01,19,1,5,AUTO HONDA PILOT 2013,1,31597,31597,1
2241,2024-10-25,132,2,5,AUTO HONDA PILOT 2013,1,31597,31597,1
2242,2024-10-18,124,1,5,AUTO HONDA PILOT 2013,1,31597,31597,3
2243,2024-10-23,118,2,5,AUTO HONDA PILOT 2013,1,31597,31597,2
2244,2024-10-25,54,1,5,AUTO HONDA PILOT 2013,1,31597,31597,1
2245,2024-10-08,29,2,5,AUTO HONDA PILOT 2013,1,31597,31597,1
2246,2024-10-26,92,1,6,AUTO HONDA FIT 2016,1,19496,19496,4
2247,2024-10-03,148,2,7,AUTO HONDA CITY 2016,1,27919,27919,1
2248,2024-10-25,112,2,7,AUTO HONDA CITY 2016,1,27919,27919,4
2249,2024-10-23,35,1,7,AUTO HONDA CITY 2016,1,27919,27919,2
2250,2024-10-09,80,1,7,AUTO HONDA CITY 2016,1,27919,27919,3
2251,2024-10-02,94,1,8,CAMIONETA HONDA ELEMENT 2013,1,32544,32544,1
2252,2024-10-04,142,1,8,CAMIONETA HONDA ELEMENT 2013,1,32544,32544,2
2253,2024-10-05,76,1,8,CAMIONETA HONDA ELEMENT 2013,1,32544,32544,1
2254,2024-10-21,141,2,9,CAMIONETA HONDA CROSSTOUR 2013,1,30927,30927,3
2255,2024-10-28,123,2,9,CAMIONETA HONDA CROSSTOUR 2013,1,30927,30927,1
2256,2024-10-10,54,2,9,CAMIONETA HONDA CROSSTOUR 2013,1,30927,30927,2
2257,2024-10-22,128,1,9,CAMIONETA HONDA CROSSTOUR 2013,1,30927,30927,4
2258,2024-10-07,28,1,10,CAMIONETA HONDA CR-Z 2015,1,30196,30196,4
2259,2024-10-08,96,1,11,CAMIONETA HONDA RID LINE PICK UP 2014,1,29917,29917,2
2260,2024-10-18,73,1,38,ACEITE DE MOTOR 5W30 FULL SINTÉTICO,10,119,1190,4
2261,2024-10-18,62,2,38,ACEITE DE MOTOR 5W30 FULL SINTÉTICO,10,119,1190,3
2262,2024-10-01,145,2,38,ACEITE DE MOTOR 5W30 FULL SINTÉTICO,10,119,1190,4
2263,2024-10-17,161,2,38,ACEITE DE MOTOR 5W30 FULL SINTÉTICO,6,119,714,4
2264,2024-10-22,69,2,38,ACEITE DE MOTOR 5W30 FULL SINTÉTICO,18,119,2142,1
2265,2024-10-28,198,2,38,ACEITE DE MOTOR 5W30 FULL SINTÉTICO,12,119,1428,3
2266,2024-10-20,131,1,38,ACEITE DE MOTOR 5W30 FULL SINTÉTICO,8,119,952,3
2267,2024-10-09,72,1,38,ACEITE DE MOTOR 5W30 FULL SINTÉTICO,7,119,833,2
2268,2024-10-02,4,2,38,ACEITE DE MOTOR 5W30 FULL SINTÉTICO,7,119,833,4
2269,2024-10-18,147,2,38,ACEITE DE MOTOR 5W30 FULL SINTÉTICO,4,119,476,3
2270,2024-10-22,168,2,38,ACEITE DE MOTOR 5W30 FULL SINTÉTICO,2,119,238,2
2271,2024-10-22,94,1,38,ACEITE DE MOTOR 5W30 FULL SINTÉTICO,1,119,119,4
2272,2024-10-01,195,2,39,FILTRO DE COMBUSTIBLE,6,125,750,3
2273,2024-10-09,63,1,39,FILTRO DE COMBUSTIBLE,1,125,125,2
2274,2024-10-23,40,2,40,AMORTIGUADORES DELANTEROS,13,263,3419,3
2275,2024-10-03,198,2,40,AMORTIGUADORES DELANTEROS,1,263,263,1
2276,2024-10-22,54,2,40,AMORTIGUADORES DELANTEROS,4,263,1052,4
2277,2024-10-14,192,2,40,AMORTIGUADORES DELANTEROS,10,263,2630,3
2278,2024-10-28,58,2,40,AMORTIGUADORES DELANTEROS,3,263,789,2
2279,2024-10-22,25,2,40,AMORTIGUADORES DELANTEROS,6,263,1578,3
2280,2024-10-06,139,1,40,AMORTIGUADORES DELANTEROS,13,263,3419,3
2281,2024-10-01,93,2,40,AMORTIGUADORES DELANTEROS,20,263,5260,3
2282,2024-10-02,64,1,40,AMORTIGUADORES DELANTEROS,1,263,263,4
2283,2024-10-04,171,2,40,AMORTIGUADORES DELANTEROS,16,263,4208,2
2284,2024-10-09,70,1,40,AMORTIGUADORES DELANTEROS,9,263,2367,2
2285,2024-10-15,67,2,40,AMORTIGUADORES DELANTEROS,1,263,263,2
2286,2024-10-27,200,2,40,AMORTIGUADORES DELANTEROS,1,263,263,3
2287,2024-10-15,74,1,40,AMORTIGUADORES DELANTEROS,4,263,1052,4
2288,2024-10-26,87,2,40,AMORTIGUADORES DELANTEROS,1,263,263,2
2289,2024-10-01,100,2,41,AMORTIGUADORES POSTERIORES,13,90,1170,3
2290,2024-10-22,129,1,41,AMORTIGUADORES POSTERIORES,14,90,1260,4
2291,2024-10-23,66,1,41,AMORTIGUADORES POSTERIORES,7,90,630,4
2292,2024-10-27,73,1,41,AMORTIGUADORES POSTERIORES,3,90,270,1
2293,2024-10-10,75,1,41,AMORTIGUADORES POSTERIORES,14,90,1260,3
2294,2024-10-17,30,1,41,AMORTIGUADORES POSTERIORES,5,90,450,3
2295,2024-10-11,177,2,41,AMORTIGUADORES POSTERIORES,11,90,990,1
2296,2024-10-11,110,2,41,AMORTIGUADORES POSTERIORES,8,90,720,3
2297,2024-10-10,165,2,41,AMORTIGUADORES POSTERIORES,11,90,990,3
2298,2024-10-13,55,2,41,AMORTIGUADORES POSTERIORES,5,90,450,3
2299,2024-10-28,184,1,41,AMORTIGUADORES POSTERIORES,11,90,990,1
2300,2024-10-02,73,1,41,AMORTIGUADORES POSTERIORES,5,90,450,1
2301,2024-10-01,108,2,41,AMORTIGUADORES POSTERIORES,3,90,270,1
2302,2024-10-24,91,2,41,AMORTIGUADORES POSTERIORES,14,90,1260,4
2303,2024-10-19,25,1,41,AMORTIGUADORES POSTERIORES,4,90,360,4
2304,2024-10-01,108,1,41,AMORTIGUADORES POSTERIORES,5,90,450,1
2305,2024-10-13,113,2,41,AMORTIGUADORES POSTERIORES,1,90,90,1
2306,2024-10-14,76,1,42,"LLANTAS 18""",1,73,73,3
2307,2024-10-18,130,2,42,"LLANTAS 18""",6,73,438,1
2308,2024-10-02,113,2,42,"LLANTAS 18""",13,73,949,3
2309,2024-10-04,112,2,42,"LLANTAS 18""",16,73,1168,3
2310,2024-10-24,86,2,42,"LLANTAS 18""",8,73,584,4
2311,2024-10-04,119,2,42,"LLANTAS 18""",1,73,73,3
2312,2024-10-01,45,2,42,"LLANTAS 18""",13,73,949,2
2313,2024-10-08,141,1,42,"LLANTAS 18""",8,73,584,2
2314,2024-10-13,78,2,42,"LLANTAS 18""",9,73,657,1
2315,2024-10-11,14,1,42,"LLANTAS 18""",9,73,657,4
2316,2024-10-23,192,2,42,"LLANTAS 18""",8,73,584,2
2317,2024-10-23,51,1,42,"LLANTAS 18""",5,73,365,2
2318,2024-10-17,13,2,42,"LLANTAS 18""",1,73,73,1
2319,2024-10-23,158,2,42,"LLANTAS 18""",1,73,73,4
2320,2024-10-14,135,2,43,BATERÍA DE 18 PLACAS,14,108,1512,2
2321,2024-10-15,133,1,43,BATERÍA DE 18 PLACAS,13,108,1404,2
2322,2024-10-28,138,1,43,BATERÍA DE 18 PLACAS,20,108,2160,3
2323,2024-10-01,59,2,43,BATERÍA DE 18 PLACAS,8,108,864,1
2324,2024-11-06,123,1,1,AUTO HONDA ACCORD 2014,1,29094,29094,3
2325,2024-11-13,70,2,1,AUTO HONDA ACCORD 2014,1,29094,29094,3
2326,2024-11-06,24,2,1,AUTO HONDA ACCORD 2014,1,29094,29094,3
2327,2024-11-22,85,1,1,AUTO HONDA ACCORD 2014,1,29094,29094,4
2328,2024-11-01,12,2,1,AUTO HONDA ACCORD 2014,1,29094,29094,3
2329,2024-11-09,94,2,1,AUTO HONDA ACCORD 2014,1,29094,29094,4
2330,2024-11-15,24,1,1,AUTO HONDA ACCORD 2014,1,29094,29094,1
2331,2024-11-26,116,2,2,AUTO HONDA CIVIC 2014,1,21644,21644,4
2332,2024-11-04,134,2,2,AUTO HONDA CIVIC 2014,1,21644,21644,2
2333,2024-11-19,9,2,2,AUTO HONDA CIVIC 2014,1,21644,21644,4
2334,2024-11-09,47,2,2,AUTO HONDA CIVIC 2014,1,21644,21644,1
2335,2024-11-23,45,1,2,AUTO HONDA CIVIC 2014,1,21644,21644,3
2336,2024-11-09,133,1,3,AUTO HONDA ODISSEY 2013,1,27745,27745,3
2337,2024-11-19,186,2,3,AUTO HONDA ODISSEY 2013,1,27745,27745,4
2338,2024-11-19,49,2,3,AUTO HONDA ODISSEY 2013,1,27745,27745,3
2339,2024-11-27,128,1,3,AUTO HONDA ODISSEY 2013,1,27745,27745,3
2340,2024-11-01,149,1,4,AUTO HONDA CRV 2014,1,28292,28292,1
2341,2024-11-02,149,2,4,AUTO HONDA CRV 2014,1,28292,28292,2
2342,2024-11-22,84,2,4,AUTO HONDA CRV 2014,1,28292,28292,4
2343,2024-11-07,139,1,4,AUTO HONDA CRV 2014,1,28292,28292,2
2344,2024-11-04,65,2,4,AUTO HONDA CRV 2014,1,28292,28292,3
2345,2024-11-21,67,1,4,AUTO HONDA CRV 2014,1,28292,28292,3
2346,2024-11-08,46,2,4,AUTO HONDA CRV 2014,1,28292,28292,2
2347,2024-11-21,175,2,4,AUTO HONDA CRV 2014,1,28292,28292,1
2348,2024-11-04,33,1,5,AUTO HONDA PILOT 2013,1,37562,37562,3
2349,2024-11-28,200,2,5,AUTO HONDA PILOT 2013,1,37562,37562,2
2350,2024-11-25,90,1,5,AUTO HONDA PILOT 2013,1,37562,37562,1
2351,2024-11-11,94,1,5,AUTO HONDA PILOT 2013,1,37562,37562,4
2352,2024-11-12,32,1,6,AUTO HONDA FIT 2016,1,26151,26151,1
2353,2024-11-07,45,2,6,AUTO HONDA FIT 2016,1,26151,26151,1
2354,2024-11-08,153,1,6,AUTO HONDA FIT 2016,1,26151,26151,2
2355,2024-11-16,42,2,6,AUTO HONDA FIT 2016,1,26151,26151,2
2356,2024-11-09,196,2,6,AUTO HONDA FIT 2016,1,26151,26151,3
2357,2024-11-27,65,1,6,AUTO HONDA FIT 2016,1,26151,26151,3
2358,2024-11-26,106,2,6,AUTO HONDA FIT 2016,1,26151,26151,4
2359,2024-11-03,15,1,6,AUTO HONDA FIT 2016,1,26151,26151,2
2360,2024-11-16,155,2,7,AUTO HONDA CITY 2016,1,23410,23410,3
2361,2024-11-27,111,1,7,AUTO HONDA CITY 2016,1,23410,23410,3
2362,2024-11-27,161,2,7,AUTO HONDA CITY 2016,1,23410,23410,2
2363,2024-11-08,159,2,7,AUTO HONDA CITY 2016,1,23410,23410,2
2364,2024-11-14,16,1,7,AUTO HONDA CITY 2016,1,23410,23410,4
2365,2024-11-25,192,2,8,CAMIONETA HONDA ELEMENT 2013,1,36674,36674,1
2366,2024-11-19,59,1,8,CAMIONETA HONDA ELEMENT 2013,1,36674,36674,2
2367,2024-11-04,8,1,8,CAMIONETA HONDA ELEMENT 2013,1,36674,36674,4
2368,2024-11-26,8,2,8,CAMIONETA HONDA ELEMENT 2013,1,36674,36674,3
2369,2024-11-16,138,2,8,CAMIONETA HONDA ELEMENT 2013,1,36674,36674,4
2370,2024-11-06,45,2,8,CAMIONETA HONDA ELEMENT 2013,1,36674,36674,1
2371,2024-11-08,112,1,9,CAMIONETA HONDA CROSSTOUR 2013,1,25810,25810,2
2372,2024-11-06,55,2,9,CAMIONETA HONDA CROSSTOUR 2013,1,25810,25810,4
2373,2024-11-02,110,1,9,CAMIONETA HONDA CROSSTOUR 2013,1,25810,25810,3
2374,2024-11-08,21,2,9,CAMIONETA HONDA CROSSTOUR 2013,1,25810,25810,1
2375,2024-11-28,20,1,9,CAMIONETA HONDA CROSSTOUR 2013,1,25810,25810,3
2376,2024-11-28,181,1,10,CAMIONETA HONDA CR-Z 2015,1,37054,37054,3
2377,2024-11-22,152,1,10,CAMIONETA HONDA CR-Z 2015,1,37054,37054,2
2378,2024-11-21,29,2,10,CAMIONETA HONDA CR-Z 2015,1,37054,37054,4
2379,2024-11-07,60,2,10,CAMIONETA HONDA CR-Z 2015,1,37054,37054,2
2380,2024-11-14,172,2,11,CAMIONETA HONDA RID LINE PICK UP 2014,1,37977,37977,3
2381,2024-11-20,100,1,11,CAMIONETA HONDA RID LINE PICK UP 2014,1,37977,37977,2
2382,2024-11-26,187,2,11,CAMIONETA HONDA RID LINE PICK UP 2014,1,37977,37977,1
2383,2024-11-14,63,1,11,CAMIONETA HONDA RID LINE PICK UP 2014,1,37977,37977,2
2384,2024-11-19,33,2,38,ACEITE DE MOTOR 5W30 FULL SINTÉTICO,20,122,2440,1
2385,2024-11-22,63,1,38,ACEITE DE MOTOR 5W30 FULL SINTÉTICO,15,122,1830,4
2386,2024-11-07,191,2,38,ACEITE DE MOTOR 5W30 FULL SINTÉTICO,3,122,366,4
2387,2024-11-19,72,1,38,ACEITE DE MOTOR 5W30 FULL SINTÉTICO,20,122,2440,2
2388,2024-11-18,120,1,38,ACEITE DE MOTOR 5W30 FULL SINTÉTICO,13,122,1586,2
2389,2024-11-16,106,2,38,ACEITE DE MOTOR 5W30 FULL SINTÉTICO,5,122,610,4
2390,2024-11-12,145,1,38,ACEITE DE MOTOR 5W30 FULL SINTÉTICO,1,122,122,2
2391,2024-11-25,97,2,38,ACEITE DE MOTOR 5W30 FULL SINTÉTICO,2,122,244,1
2392,2024-11-10,83,1,39,FILTRO DE COMBUSTIBLE,1,95,95,3
2393,2024-11-11,81,2,39,FILTRO DE COMBUSTIBLE,1,95,95,4
2394,2024-11-05,113,1,40,AMORTIGUADORES DELANTEROS,5,285,1425,4
2395,2024-11-01,71,2,40,AMORTIGUADORES DELANTEROS,19,285,5415,3
2396,2024-11-10,192,1,40,AMORTIGUADORES DELANTEROS,16,285,4560,2
2397,2024-11-26,45,2,40,AMORTIGUADORES DELANTEROS,15,285,4275,1
2398,2024-11-10,186,2,40,AMORTIGUADORES DELANTEROS,9,285,2565,3
2399,2024-11-15,12,1,40,AMORTIGUADORES DELANTEROS,15,285,4275,4
2400,2024-11-02,4,2,40,AMORTIGUADORES DELANTEROS,2,285,570,1
2401,2024-11-18,124,1,40,AMORTIGUADORES DELANTEROS,8,285,2280,3
2402,2024-11-07,25,1,40,AMORTIGUADORES DELANTEROS,3,285,855,3
2403,2024-11-06,186,2,40,AMORTIGUADORES DELANTEROS,9,285,2565,2
2404,2024-11-14,83,1,40,AMORTIGUADORES DELANTEROS,12,285,3420,1
2405,2024-11-05,29,1,40,AMORTIGUADORES DELANTEROS,10,285,2850,2
2406,2024-11-01,58,2,40,AMORTIGUADORES DELANTEROS,18,285,5130,1
2407,2024-11-23,75,2,40,AMORTIGUADORES DELANTEROS,6,285,1710,4
2408,2024-11-17,58,1,40,AMORTIGUADORES DELANTEROS,2,285,570,2
2409,2024-11-24,64,1,41,AMORTIGUADORES POSTERIORES,12,125,1500,1
2410,2024-11-26,81,1,41,AMORTIGUADORES POSTERIORES,5,125,625,1
2411,2024-11-11,136,2,41,AMORTIGUADORES POSTERIORES,2,125,250,3
2412,2024-11-10,145,1,41,AMORTIGUADORES POSTERIORES,14,125,1750,3
2413,2024-11-09,82,1,41,AMORTIGUADORES POSTERIORES,15,125,1875,3
2414,2024-11-04,16,1,41,AMORTIGUADORES POSTERIORES,16,125,2000,2
2415,2024-11-26,192,2,41,AMORTIGUADORES POSTERIORES,6,125,750,4
2416,2024-11-22,3,2,41,AMORTIGUADORES POSTERIORES,9,125,1125,1
2417,2024-11-05,149,2,41,AMORTIGUADORES POSTERIORES,5,125,625,3
2418,2024-11-12,135,1,41,AMORTIGUADORES POSTERIORES,3,125,375,1
2419,2024-11-11,33,1,41,AMORTIGUADORES POSTERIORES,9,125,1125,4
2420,2024-11-06,138,2,41,AMORTIGUADORES POSTERIORES,2,125,250,4
2421,2024-11-13,95,1,41,AMORTIGUADORES POSTERIORES,1,125,125,1
2422,2024-11-11,34,1,41,AMORTIGUADORES POSTERIORES,4,125,500,3
2423,2024-11-07,92,1,42,"LLANTAS 18""",3,70,210,4
2424,2024-11-20,36,1,42,"LLANTAS 18""",7,70,490,2
2425,2024-11-27,195,2,42,"LLANTAS 18""",7,70,490,1
2426,2024-11-10,45,1,42,"LLANTAS 18""",12,70,840,2
2427,2024-11-07,39,2,42,"LLANTAS 18""",5,70,350,3
2428,2024-11-17,187,1,42,"LLANTAS 18""",3,70,210,2
2429,2024-11-05,174,1,42,"LLANTAS 18""",4,70,280,2
2430,2024-11-13,193,2,42,"LLANTAS 18""",6,70,420,1
2431,2024-11-22,103,2,42,"LLANTAS 18""",3,70,210,2
2432,2024-11-23,84,2,42,"LLANTAS 18""",16,70,1120,4
2433,2024-11-23,107,2,42,"LLANTAS 18""",6,70,420,3
2434,2024-11-03,61,1,42,"LLANTAS 18""",15,70,1050,1
2435,2024-11-25,90,2,42,"LLANTAS 18""",19,70,1330,1
2436,2024-11-25,123,2,42,"LLANTAS 18""",1,70,70,4
2437,2024-11-02,1,2,43,BATERÍA DE 18 PLACAS,10,105,1050,2
2438,2024-11-26,157,2,43,BATERÍA DE 18 PLACAS,20,105,2100,1
2439,2024-11-02,154,2,43,BATERÍA DE 18 PLACAS,15,105,1575,2
2440,2024-11-16,160,2,43,BATERÍA DE 18 PLACAS,5,105,525,1
2441,2024-11-25,7,1,43,BATERÍA DE 18 PLACAS,1,105,105,3
2442,2024-11-09,120,1,43,BATERÍA DE 18 PLACAS,1,105,105,4
2443,2024-12-09,130,1,1,AUTO HONDA ACCORD 2014,1,30191,30191,2
2444,2024-12-24,152,1,1,AUTO HONDA ACCORD 2014,1,30191,30191,3
2445,2024-12-19,46,2,1,AUTO HONDA ACCORD 2014,1,30191,30191,1
2446,2024-12-25,26,2,1,AUTO HONDA ACCORD 2014,1,30191,30191,1
2447,2024-12-27,95,2,1,AUTO HONDA ACCORD 2014,1,30191,30191,1
2448,2024-12-18,183,1,1,AUTO HONDA ACCORD 2014,1,30191,30191,4
2449,2024-12-07,199,2,1,AUTO HONDA ACCORD 2014,1,30191,30191,1
2450,2024-12-16,153,1,1,AUTO HONDA ACCORD 2014,1,30191,30191,2
2451,2024-12-10,10,1,1,AUTO HONDA ACCORD 2014,1,30191,30191,3
2452,2024-12-03,102,1,2,AUTO HONDA CIVIC 2014,1,20723,20723,3
2453,2024-12-06,152,2,2,AUTO HONDA CIVIC 2014,1,20723,20723,4
2454,2024-12-15,184,2,2,AUTO HONDA CIVIC 2014,1,20723,20723,3
2455,2024-12-07,103,1,2,AUTO HONDA CIVIC 2014,1,20723,20723,2
2456,2024-12-20,109,2,2,AUTO HONDA CIVIC 2014,1,20723,20723,2
2457,2024-12-22,123,1,2,AUTO HONDA CIVIC 2014,1,20723,20723,4
2458,2024-12-15,104,1,2,AUTO HONDA CIVIC 2014,1,20723,20723,2
2459,2024-12-12,56,1,3,AUTO HONDA ODISSEY 2013,1,36473,36473,4
2460,2024-12-05,64,1,4,AUTO HONDA CRV 2014,1,26574,26574,2
2461,2024-12-11,157,1,5,AUTO HONDA PILOT 2013,1,28201,28201,3
2462,2024-12-13,146,1,5,AUTO HONDA PILOT 2013,1,28201,28201,3
2463,2024-12-09,200,1,5,AUTO HONDA PILOT 2013,1,28201,28201,4
2464,2024-12-24,16,1,5,AUTO HONDA PILOT 2013,1,28201,28201,1
2465,2024-12-22,22,2,5,AUTO HONDA PILOT 2013,1,28201,28201,2
2466,2024-12-12,159,2,5,AUTO HONDA PILOT 2013,1,28201,28201,2
2467,2024-12-06,79,1,5,AUTO HONDA PILOT 2013,1,28201,28201,1
2468,2024-12-18,102,1,5,AUTO HONDA PILOT 2013,1,28201,28201,1
2469,2024-12-10,77,1,6,AUTO HONDA FIT 2016,1,30745,30745,3
2470,2024-12-14,198,2,6,AUTO HONDA FIT 2016,1,30745,30745,3
2471,2024-12-03,126,2,6,AUTO HONDA FIT 2016,1,30745,30745,4
2472,2024-12-15,105,2,6,AUTO HONDA FIT 2016,1,30745,30745,1
2473,2024-12-10,76,1,6,AUTO HONDA FIT 2016,1,30745,30745,4
2474,2024-12-04,161,1,6,AUTO HONDA FIT 2016,1,30745,30745,4
2475,2024-12-26,63,1,6,AUTO HONDA FIT 2016,1,30745,30745,4
2476,2024-12-21,166,2,7,AUTO HONDA CITY 2016,1,22414,22414,3
2477,2024-12-10,15,1,7,AUTO HONDA CITY 2016,1,22414,22414,1
2478,2024-12-11,29,2,7,AUTO HONDA CITY 2016,1,22414,22414,2
2479,2024-12-03,115,1,7,AUTO HONDA CITY 2016,1,22414,22414,4
2480,2024-12-06,130,2,7,AUTO HONDA CITY 2016,1,22414,22414,4
2481,2024-12-10,87,2,8,CAMIONETA HONDA ELEMENT 2013,1,33313,33313,4
2482,2024-12-02,6,2,8,CAMIONETA HONDA ELEMENT 2013,1,33313,33313,1
2483,2024-12-10,80,2,8,CAMIONETA HONDA ELEMENT 2013,1,33313,33313,2
2484,2024-12-14,177,1,8,CAMIONETA HONDA ELEMENT 2013,1,33313,33313,1
2485,2024-12-21,130,2,9,CAMIONETA HONDA CROSSTOUR 2013,1,28755,28755,2
2486,2024-12-22,142,1,9,CAMIONETA HONDA CROSSTOUR 2013,1,28755,28755,2
2487,2024-12-08,167,2,9,CAMIONETA HONDA CROSSTOUR 2013,1,28755,28755,4
2488,2024-12-22,6,2,9,CAMIONETA HONDA CROSSTOUR 2013,1,28755,28755,2
2489,2024-12-19,190,2,9,CAMIONETA HONDA CROSSTOUR 2013,1,28755,28755,4
2490,2024-12-19,13,2,10,CAMIONETA HONDA CR-Z 2015,1,37222,37222,2
2491,2024-12-11,85,1,10,CAMIONETA HONDA CR-Z 2015,1,37222,37222,4
2492,2024-12-25,69,1,10,CAMIONETA HONDA CR-Z 2015,1,37222,37222,4
2493,2024-12-17,105,1,11,CAMIONETA HONDA RID LINE PICK UP 2014,1,61221,61221,1
2494,2024-12-23,155,1,11,CAMIONETA HONDA RID LINE PICK UP 2014,1,61221,61221,1
2495,2024-12-26,40,2,11,CAMIONETA HONDA RID LINE PICK UP 2014,1,61221,61221,4
2496,2024-12-05,55,2,38,ACEITE DE MOTOR 5W30 FULL SINTÉTICO,4,88,352,4
2497,2024-12-08,124,2,38,ACEITE DE MOTOR 5W30 FULL SINTÉTICO,17,88,1496,2
2498,2024-12-23,17,2,38,ACEITE DE MOTOR 5W30 FULL SINTÉTICO,6,88,528,4
2499,2024-12-04,183,2,38,ACEITE DE MOTOR 5W30 FULL SINTÉTICO,3,88,264,2
2500,2024-12-24,14,1,38,ACEITE DE MOTOR 5W30 FULL SINTÉTICO,13,88,1144,2
2501,2024-12-21,163,1,38,ACEITE DE MOTOR 5W30 FULL SINTÉTICO,20,88,1760,3
2502,2024-12-14,28,1,38,ACEITE DE MOTOR 5W30 FULL SINTÉTICO,7,88,616,2
2503,2024-12-04,30,1,38,ACEITE DE MOTOR 5W30 FULL SINTÉTICO,6,88,528,4
2504,2024-12-14,130,1,38,ACEITE DE MOTOR 5W30 FULL SINTÉTICO,2,88,176,1
2505,2024-12-20,93,1,38,ACEITE DE MOTOR 5W30 FULL SINTÉTICO,6,88,528,4
2506,2024-12-11,85,2,38,ACEITE DE MOTOR 5W30 FULL SINTÉTICO,6,88,528,3
2507,2024-12-13,179,2,38,ACEITE DE MOTOR 5W30 FULL SINTÉTICO,4,88,352,2
2508,2024-12-04,158,1,38,ACEITE DE MOTOR 5W30 FULL SINTÉTICO,15,88,1320,2
2509,2024-12-21,155,1,38,ACEITE DE MOTOR 5W30 FULL SINTÉTICO,13,88,1144,2
2510,2024-12-26,63,1,38,ACEITE DE MOTOR 5W30 FULL SINTÉTICO,3,88,264,4
2511,2024-12-10,59,1,38,ACEITE DE MOTOR 5W30 FULL SINTÉTICO,14,88,1232,3
2512,2024-12-15,106,1,38,ACEITE DE MOTOR 5W30 FULL SINTÉTICO,20,88,1760,1
2513,2024-12-09,191,2,38,ACEITE DE MOTOR 5W30 FULL SINTÉTICO,10,88,880,4
2514,2024-12-07,17,2,38,ACEITE DE MOTOR 5W30 FULL SINTÉTICO,16,88,1408,4
2515,2024-12-12,137,2,38,ACEITE DE MOTOR 5W30 FULL SINTÉTICO,8,88,704,4
2516,2024-12-18,187,2,39,FILTRO DE COMBUSTIBLE,1,133,133,2
2517,2024-12-18,117,2,39,FILTRO DE COMBUSTIBLE,1,133,133,3
2518,2024-12-23,184,2,39,FILTRO DE COMBUSTIBLE,5,133,665,2
2519,2024-12-10,108,2,40,AMORTIGUADORES DELANTEROS,4,296,1184,3
2520,2024-12-01,159,1,40,AMORTIGUADORES DELANTEROS,1,296,296,1
2521,2024-12-18,17,1,40,AMORTIGUADORES DELANTEROS,19,296,5624,1
2522,2024-12-26,22,1,40,AMORTIGUADORES DELANTEROS,6,296,1776,1
2523,2024-12-10,7,1,40,AMORTIGUADORES DELANTEROS,8,296,2368,3
2524,2024-12-20,135,2,40,AMORTIGUADORES DELANTEROS,19,296,5624,3
2525,2024-12-12,16,1,40,AMORTIGUADORES DELANTEROS,18,296,5328,2
2526,2024-12-19,20,1,40,AMORTIGUADORES DELANTEROS,20,296,5920,2
2527,2024-12-02,191,2,40,AMORTIGUADORES DELANTEROS,15,296,4440,2
2528,2024-12-23,71,2,40,AMORTIGUADORES DELANTEROS,9,296,2664,4
2529,2024-12-14,152,1,40,AMORTIGUADORES DELANTEROS,8,296,2368,2
2530,2024-12-17,3,2,40,AMORTIGUADORES DELANTEROS,1,296,296,1
2531,2024-12-23,137,2,41,AMORTIGUADORES POSTERIORES,15,123,1845,2
2532,2024-12-07,155,2,41,AMORTIGUADORES POSTERIORES,10,123,1230,2
2533,2024-12-15,82,1,41,AMORTIGUADORES POSTERIORES,19,123,2337,2
2534,2024-12-18,185,2,41,AMORTIGUADORES POSTERIORES,3,123,369,3
2535,2024-12-15,112,1,41,AMORTIGUADORES POSTERIORES,1,123,123,4
2536,2024-12-11,87,2,41,AMORTIGUADORES POSTERIORES,16,123,1968,3
2537,2024-12-07,68,2,41,AMORTIGUADORES POSTERIORES,2,123,246,2
2538,2024-12-03,88,2,41,AMORTIGUADORES POSTERIORES,20,123,2460,3
2539,2024-12-16,176,2,41,AMORTIGUADORES POSTERIORES,7,123,861,2
2540,2024-12-02,136,2,41,AMORTIGUADORES POSTERIORES,1,123,123,3
2541,2024-12-11,108,1,41,AMORTIGUADORES POSTERIORES,11,123,1353,4
2542,2024-12-15,121,1,41,AMORTIGUADORES POSTERIORES,6,123,738,2
2543,2024-12-08,151,2,41,AMORTIGUADORES POSTERIORES,3,123,369,4
2544,2024-12-25,177,1,41,AMORTIGUADORES POSTERIORES,1,123,123,1
2545,2024-12-13,50,1,42,"LLANTAS 18""",7,64,448,1
2546,2024-12-25,55,2,42,"LLANTAS 18""",19,64,1216,2
2547,2024-12-22,48,2,42,"LLANTAS 18""",15,64,960,3
2548,2024-12-07,62,1,42,"LLANTAS 18""",3,64,192,2
2549,2024-12-17,191,1,42,"LLANTAS 18""",5,64,320,1
2550,2024-12-24,89,2,42,"LLANTAS 18""",11,64,704,1
2551,2024-12-24,199,1,42,"LLANTAS 18""",13,64,832,4
2552,2024-12-20,5,1,42,"LLANTAS 18""",3,64,192,3
2553,2024-12-25,142,2,42,"LLANTAS 18""",13,64,832,3
2554,2024-12-11,44,1,42,"LLANTAS 18""",19,64,1216,3
2555,2024-12-08,165,1,42,"LLANTAS 18""",3,64,192,1
2556,2024-12-24,149,2,42,"LLANTAS 18""",1,64,64,1
2557,2024-12-13,155,1,43,BATERÍA DE 18 PLACAS,10,115,1150,2
2558,2024-12-06,91,2,43,BATERÍA DE 18 PLACAS,17,115,1955,2
2559,2024-12-02,168,2,43,BATERÍA DE 18 PLACAS,16,115,1840,1
2560,2024-12-20,119,2,43,BATERÍA DE 18 PLACAS,12,115,1380,1
2561,2024-12-16,137,1,43,BATERÍA DE 18 PLACAS,9,115,1035,1
2562,2024-12-01,74,2,43,BATERÍA DE 18 PLACAS,4,115,460,1
2563,2025-01-23,62,1,1,AUTO HONDA ACCORD 2014,1,29433,29433,1
2564,2025-01-23,125,2,1,AUTO HONDA ACCORD 2014,1,29433,29433,4
2565,2025-01-20,196,2,1,AUTO HONDA ACCORD 2014,1,29433,29433,4
2566,2025-01-25,139,2,2,AUTO HONDA CIVIC 2014,1,22706,22706,2
2567,2025-01-14,11,2,2,AUTO HONDA CIVIC 2014,1,22706,22706,3
2568,2025-01-02,131,1,2,AUTO HONDA CIVIC 2014,1,22706,22706,1
2569,2025-01-01,96,2,2,AUTO HONDA CIVIC 2014,1,22706,22706,2
2570,2025-01-16,74,1,2,AUTO HONDA CIVIC 2014,1,22706,22706,3
2571,2025-01-14,51,2,2,AUTO HONDA CIVIC 2014,1,22706,22706,3
2572,2025-01-03,136,2,2,AUTO HONDA CIVIC 2014,1,22706,22706,4
2573,2025-01-22,103,1,3,AUTO HONDA ODISSEY 2013,1,34100,34100,1
2574,2025-01-08,71,1,3,AUTO HONDA ODISSEY 2013,1,34100,34100,2
2575,2025-01-01,69,2,3,AUTO HONDA ODISSEY 2013,1,34100,34100,3
2576,2025-01-10,109,2,3,AUTO HONDA ODISSEY 2013,1,34100,34100,4
2577,2025-01-04,192,1,3,AUTO HONDA ODISSEY 2013,1,34100,34100,2
2578,2025-01-07,140,1,4,AUTO HONDA CRV 2014,1,23404,23404,1
2579,2025-01-26,133,2,4,AUTO HONDA CRV 2014,1,23404,23404,4
2580,2025-01-14,189,1,4,AUTO HONDA CRV 2014,1,23404,23404,1
2581,2025-01-02,150,1,4,AUTO HONDA CRV 2014,1,23404,23404,3
2582,2025-01-02,130,1,4,AUTO HONDA CRV 2014,1,23404,23404,2
2583,2025-01-03,156,1,4,AUTO HONDA CRV 2014,1,23404,23404,4
2584,2025-01-07,58,2,4,AUTO HONDA CRV 2014,1,23404,23404,2
2585,2025-01-11,52,1,5,AUTO HONDA PILOT 2013,1,27100,27100,1
2586,2025-01-28,105,1,6,AUTO HONDA FIT 2016,1,28629,28629,4
2587,2025-01-22,59,1,6,AUTO HONDA FIT 2016,1,28629,28629,1
2588,2025-01-03,89,1,6,AUTO HONDA FIT 2016,1,28629,28629,2
2589,2025-01-17,198,1,7,AUTO HONDA CITY 2016,1,32978,32978,3
2590,2025-01-02,119,1,7,AUTO HONDA CITY 2016,1,32978,32978,1
2591,2025-01-16,8,1,7,AUTO HONDA CITY 2016,1,32978,32978,4
2592,2025-01-22,192,1,8,CAMIONETA HONDA ELEMENT 2013,1,34358,34358,3
2593,2025-01-19,134,1,8,CAMIONETA HONDA ELEMENT 2013,1,34358,34358,4
2594,2025-01-21,172,2,8,CAMIONETA HONDA ELEMENT 2013,1,34358,34358,1
2595,2025-01-10,127,1,9,CAMIONETA HONDA CROSSTOUR 2013,1,31692,31692,4
2596,2025-01-07,135,2,9,CAMIONETA HONDA CROSSTOUR 2013,1,31692,31692,2
2597,2025-01-27,145,2,9,CAMIONETA HONDA CROSSTOUR 2013,1,31692,31692,2
2598,2025-01-11,52,1,10,CAMIONETA HONDA CR-Z 2015,1,43142,43142,1
2599,2025-01-15,172,2,10,CAMIONETA HONDA CR-Z 2015,1,43142,43142,3
2600,2025-01-17,185,1,10,CAMIONETA HONDA CR-Z 2015,1,43142,43142,1
2601,2025-01-13,149,1,11,CAMIONETA HONDA RID LINE PICK UP 2014,1,45941,45941,1
2602,2025-01-04,139,2,11,CAMIONETA HONDA RID LINE PICK UP 2014,1,45941,45941,2
2603,2025-01-18,51,2,11,CAMIONETA HONDA RID LINE PICK UP 2014,1,45941,45941,2
2604,2025-01-12,22,1,38,ACEITE DE MOTOR 5W30 FULL SINTÉTICO,8,130,1040,4
2605,2025-01-26,175,2,38,ACEITE DE MOTOR 5W30 FULL SINTÉTICO,19,130,2470,1
2606,2025-01-17,125,1,38,ACEITE DE MOTOR 5W30 FULL SINTÉTICO,19,130,2470,1
2607,2025-01-25,1,1,38,ACEITE DE MOTOR 5W30 FULL SINTÉTICO,1,130,130,1
2608,2025-01-21,102,2,38,ACEITE DE MOTOR 5W30 FULL SINTÉTICO,1,130,130,3
2609,2025-01-15,196,1,38,ACEITE DE MOTOR 5W30 FULL SINTÉTICO,6,130,780,1
2610,2025-01-06,195,1,38,ACEITE DE MOTOR 5W30 FULL SINTÉTICO,7,130,910,2
2611,2025-01-06,47,2,38,ACEITE DE MOTOR 5W30 FULL SINTÉTICO,18,130,2340,2
2612,2025-01-03,100,1,38,ACEITE DE MOTOR 5W30 FULL SINTÉTICO,20,130,2600,2
2613,2025-01-01,47,1,38,ACEITE DE MOTOR 5W30 FULL SINTÉTICO,12,130,1560,4
2614,2025-01-09,28,1,38,ACEITE DE MOTOR 5W30 FULL SINTÉTICO,19,130,2470,3
2615,2025-01-01,172,1,38,ACEITE DE MOTOR 5W30 FULL SINTÉTICO,7,130,910,3
2616,2025-01-10,129,1,38,ACEITE DE MOTOR 5W30 FULL SINTÉTICO,5,130,650,2
2617,2025-01-26,144,2,38,ACEITE DE MOTOR 5W30 FULL SINTÉTICO,1,130,130,2
2618,2025-01-09,4,1,38,ACEITE DE MOTOR 5W30 FULL SINTÉTICO,16,130,2080,1
2619,2025-01-07,112,1,38,ACEITE DE MOTOR 5W30 FULL SINTÉTICO,2,130,260,1
2620,2025-01-01,151,2,38,ACEITE DE MOTOR 5W30 FULL SINTÉTICO,18,130,2340,2
2621,2025-01-11,126,1,38,ACEITE DE MOTOR 5W30 FULL SINTÉTICO,8,130,1040,2
2622,2025-01-03,126,1,38,ACEITE DE MOTOR 5W30 FULL SINTÉTICO,3,130,390,1
2623,2025-01-27,76,1,39,FILTRO DE COMBUSTIBLE,4,129,516,3
2624,2025-01-25,64,2,39,FILTRO DE COMBUSTIBLE,14,129,1806,1
2625,2025-01-01,111,2,39,FILTRO DE COMBUSTIBLE,1,129,129,2
2626,2025-01-27,162,2,40,AMORTIGUADORES DELANTEROS,16,221,3536,2
2627,2025-01-09,196,1,40,AMORTIGUADORES DELANTEROS,18,221,3978,3
2628,2025-01-04,158,2,40,AMORTIGUADORES DELANTEROS,3,221,663,1
2629,2025-01-04,69,2,40,AMORTIGUADORES DELANTEROS,7,221,1547,1
2630,2025-01-18,136,2,40,AMORTIGUADORES DELANTEROS,11,221,2431,4
2631,2025-01-24,153,1,40,AMORTIGUADORES DELANTEROS,10,221,2210,2
2632,2025-01-07,16,1,40,AMORTIGUADORES DELANTEROS,19,221,4199,2
2633,2025-01-08,22,1,40,AMORTIGUADORES DELANTEROS,18,221,3978,4
2634,2025-01-07,200,1,40,AMORTIGUADORES DELANTEROS,7,221,1547,1
2635,2025-01-04,165,2,40,AMORTIGUADORES DELANTEROS,10,221,2210,1
2636,2025-01-08,121,1,40,AMORTIGUADORES DELANTEROS,4,221,884,2
2637,2025-01-22,139,2,40,AMORTIGUADORES DELANTEROS,9,221,1989,2
2638,2025-01-18,36,1,40,AMORTIGUADORES DELANTEROS,1,221,221,1
2639,2025-01-14,144,1,40,AMORTIGUADORES DELANTEROS,2,221,442,3
2640,2025-01-25,56,2,41,AMORTIGUADORES POSTERIORES,19,83,1577,1
2641,2025-01-02,112,1,41,AMORTIGUADORES POSTERIORES,4,83,332,1
2642,2025-01-17,69,2,41,AMORTIGUADORES POSTERIORES,20,83,1660,2
2643,2025-01-18,88,1,41,AMORTIGUADORES POSTERIORES,7,83,581,1
2644,2025-01-06,45,2,41,AMORTIGUADORES POSTERIORES,1,83,83,3
2645,2025-01-24,124,2,41,AMORTIGUADORES POSTERIORES,15,83,1245,3
2646,2025-01-01,26,2,41,AMORTIGUADORES POSTERIORES,17,83,1411,3
2647,2025-01-08,155,1,41,AMORTIGUADORES POSTERIORES,13,83,1079,2
2648,2025-01-22,76,2,41,AMORTIGUADORES POSTERIORES,15,83,1245,4
2649,2025-01-04,79,1,41,AMORTIGUADORES POSTERIORES,3,83,249,1
2650,2025-01-15,66,1,41,AMORTIGUADORES POSTERIORES,16,83,1328,2
2651,2025-01-05,6,1,41,AMORTIGUADORES POSTERIORES,1,83,83,1
2652,2025-01-12,88,2,41,AMORTIGUADORES POSTERIORES,1,83,83,4
2653,2025-01-21,26,2,42,"LLANTAS 18""",12,80,960,3
2654,2025-01-10,47,2,42,"LLANTAS 18""",1,80,80,4
2655,2025-01-09,29,2,42,"LLANTAS 18""",11,80,880,1
2656,2025-01-20,195,1,42,"LLANTAS 18""",4,80,320,3
2657,2025-01-04,187,1,42,"LLANTAS 18""",18,80,1440,4
2658,2025-01-16,16,1,42,"LLANTAS 18""",16,80,1280,2
2659,2025-01-21,162,2,42,"LLANTAS 18""",4,80,320,3
2660,2025-01-20,143,1,42,"LLANTAS 18""",16,80,1280,4
2661,2025-01-01,143,2,42,"LLANTAS 18""",18,80,1440,4
2662,2025-01-11,64,2,42,"LLANTAS 18""",3,80,240,1
2663,2025-01-12,149,2,42,"LLANTAS 18""",9,80,720,4
2664,2025-01-14,94,2,42,"LLANTAS 18""",16,80,1280,4
2665,2025-01-28,11,1,42,"LLANTAS 18""",16,80,1280,4
2666,2025-01-06,40,2,42,"LLANTAS 18""",1,80,80,3
2667,2025-01-28,24,2,42,"LLANTAS 18""",1,80,80,1
2668,2025-01-15,106,2,43,BATERÍA DE 18 PLACAS,6,116,696,1
2669,2025-01-06,118,2,43,BATERÍA DE 18 PLACAS,4,116,464,1
2670,2025-01-08,99,2,43,BATERÍA DE 18 PLACAS,10,116,1160,1
2671,2025-01-08,45,2,43,BATERÍA DE 18 PLACAS,6,116,696,1
2672,2025-01-15,99,2,43,BATERÍA DE 18 PLACAS,20,116,2320,3
2673,2025-01-14,145,2,43,BATERÍA DE 18 PLACAS,4,116,464,1
2674,2025-01-04,107,1,43,BATERÍA DE 18 PLACAS,3,116,348,2
2675,2025-01-07,115,2,43,BATERÍA DE 18 PLACAS,3,116,348,4
2676,2025-01-09,170,1,43,BATERÍA DE 18 PLACAS,1,116,116,1
2677,2025-02-15,59,2,2,AUTO HONDA CIVIC 2014,1,27628,27628,2
2678,2025-02-18,195,1,2,AUTO HONDA CIVIC 2014,1,27628,27628,3
2679,2025-02-06,195,2,2,AUTO HONDA CIVIC 2014,1,27628,27628,3
2680,2025-02-22,30,2,3,AUTO HONDA ODISSEY 2013,1,26842,26842,3
2681,2025-02-02,43,1,3,AUTO HONDA ODISSEY 2013,1,26842,26842,2
2682,2025-02-19,94,2,3,AUTO HONDA ODISSEY 2013,1,26842,26842,4
2683,2025-02-15,154,1,3,AUTO HONDA ODISSEY 2013,1,26842,26842,1
2684,2025-02-26,2,1,3,AUTO HONDA ODISSEY 2013,1,26842,26842,2
2685,2025-02-25,150,1,4,AUTO HONDA CRV 2014,1,17982,17982,2
2686,2025-02-06,1,1,4,AUTO HONDA CRV 2014,1,17982,17982,2
2687,2025-02-10,114,2,4,AUTO HONDA CRV 2014,1,17982,17982,1
2688,2025-02-25,38,2,5,AUTO HONDA PILOT 2013,1,25142,25142,4
2689,2025-02-28,64,1,5,AUTO HONDA PILOT 2013,1,25142,25142,4
2690,2025-02-17,41,1,5,AUTO HONDA PILOT 2013,1,25142,25142,2
2691,2025-02-11,77,1,5,AUTO HONDA PILOT 2013,1,25142,25142,2
2692,2025-02-26,3,2,5,AUTO HONDA PILOT 2013,1,25142,25142,3
2693,2025-02-28,146,1,5,AUTO HONDA PILOT 2013,1,25142,25142,3
2694,2025-02-09,188,1,6,AUTO HONDA FIT 2016,1,21442,21442,4
2695,2025-02-22,164,1,6,AUTO HONDA FIT 2016,1,21442,21442,3
2696,2025-02-23,117,2,6,AUTO HONDA FIT 2016,1,21442,21442,4
2697,2025-02-25,178,1,6,AUTO HONDA FIT 2016,1,21442,21442,3
2698,2025-02-14,49,2,6,AUTO HONDA FIT 2016,1,21442,21442,3
2699,2025-02-05,55,1,7,AUTO HONDA CITY 2016,1,31679,31679,2
2700,2025-02-05,78,1,7,AUTO HONDA CITY 2016,1,31679,31679,1
2701,2025-02-15,142,1,7,AUTO HONDA CITY 2016,1,31679,31679,4
2702,2025-02-24,159,1,7,AUTO HONDA CITY 2016,1,31679,31679,3
2703,2025-02-14,139,1,7,AUTO HONDA CITY 2016,1,31679,31679,3
2704,2025-02-06,95,1,7,AUTO HONDA CITY 2016,1,31679,31679,3
2705,2025-02-10,110,2,7,AUTO HONDA CITY 2016,1,31679,31679,4
2706,2025-02-21,165,1,7,AUTO HONDA CITY 2016,1,31679,31679,2
2707,2025-02-18,137,1,8,CAMIONETA HONDA ELEMENT 2013,1,36713,36713,2
2708,2025-02-12,114,2,8,CAMIONETA HONDA ELEMENT 2013,1,36713,36713,1
2709,2025-02-24,163,1,9,CAMIONETA HONDA CROSSTOUR 2013,1,36577,36577,3
2710,2025-02-01,46,1,9,CAMIONETA HONDA CROSSTOUR 2013,1,36577,36577,1
2711,2025-02-13,108,2,10,CAMIONETA HONDA CR-Z 2015,1,35215,35215,4
2712,2025-02-24,126,1,10,CAMIONETA HONDA CR-Z 2015,1,35215,35215,4
2713,2025-02-16,100,1,10,CAMIONETA HONDA CR-Z 2015,1,35215,35215,2
2714,2025-02-24,109,1,11,CAMIONETA HONDA RID LINE PICK UP 2014,1,36951,36951,2
2715,2025-02-19,126,1,11,CAMIONETA HONDA RID LINE PICK UP 2014,1,36951,36951,1
2716,2025-02-03,174,2,38,ACEITE DE MOTOR 5W30 FULL SINTÉTICO,19,118,2242,4
2717,2025-02-09,33,1,38,ACEITE DE MOTOR 5W30 FULL SINTÉTICO,18,118,2124,4
2718,2025-02-10,137,2,38,ACEITE DE MOTOR 5W30 FULL SINTÉTICO,2,118,236,1
2719,2025-02-15,25,2,38,ACEITE DE MOTOR 5W30 FULL SINTÉTICO,6,118,708,4
2720,2025-02-22,184,2,38,ACEITE DE MOTOR 5W30 FULL SINTÉTICO,5,118,590,4
2721,2025-02-05,16,2,38,ACEITE DE MOTOR 5W30 FULL SINTÉTICO,2,118,236,2
2722,2025-02-25,114,2,38,ACEITE DE MOTOR 5W30 FULL SINTÉTICO,11,118,1298,1
2723,2025-02-05,51,1,38,ACEITE DE MOTOR 5W30 FULL SINTÉTICO,4,118,472,3
2724,2025-02-09,168,2,38,ACEITE DE MOTOR 5W30 FULL SINTÉTICO,20,118,2360,1
2725,2025-02-16,39,2,38,ACEITE DE MOTOR 5W30 FULL SINTÉTICO,5,118,590,1
2726,2025-02-24,57,1,38,ACEITE DE MOTOR 5W30 FULL SINTÉTICO,5,118,590,4
2727,2025-02-22,195,2,38,ACEITE DE MOTOR 5W30 FULL SINTÉTICO,2,118,236,2
2728,2025-02-20,185,2,38,ACEITE DE MOTOR 5W30 FULL SINTÉTICO,6,118,708,1
2729,2025-02-15,146,1,38,ACEITE DE MOTOR 5W30 FULL SINTÉTICO,3,118,354,1
2730,2025-02-11,68,2,39,FILTRO DE COMBUSTIBLE,8,129,1032,3
2731,2025-02-02,83,1,40,AMORTIGUADORES DELANTEROS,3,250,750,2
2732,2025-02-27,84,1,40,AMORTIGUADORES DELANTEROS,1,250,250,3
2733,2025-02-25,13,2,40,AMORTIGUADORES DELANTEROS,12,250,3000,3
2734,2025-02-16,173,2,40,AMORTIGUADORES DELANTEROS,6,250,1500,2
2735,2025-02-20,7,1,40,AMORTIGUADORES DELANTEROS,15,250,3750,4
2736,2025-02-15,108,2,40,AMORTIGUADORES DELANTEROS,20,250,5000,1
2737,2025-02-04,43,2,40,AMORTIGUADORES DELANTEROS,1,250,250,4
2738,2025-02-08,7,1,40,AMORTIGUADORES DELANTEROS,13,250,3250,4
2739,2025-02-11,196,2,40,AMORTIGUADORES DELANTEROS,16,250,4000,2
2740,2025-02-17,77,1,40,AMORTIGUADORES DELANTEROS,14,250,3500,1
2741,2025-02-14,24,1,40,AMORTIGUADORES DELANTEROS,1,250,250,4
2742,2025-02-20,92,1,40,AMORTIGUADORES DELANTEROS,16,250,4000,2
2743,2025-02-17,30,2,40,AMORTIGUADORES DELANTEROS,1,250,250,1
2744,2025-02-23,87,2,41,AMORTIGUADORES POSTERIORES,11,99,1089,2
2745,2025-02-26,60,1,41,AMORTIGUADORES POSTERIORES,15,99,1485,3
2746,2025-02-03,15,2,41,AMORTIGUADORES POSTERIORES,14,99,1386,1
2747,2025-02-11,44,1,41,AMORTIGUADORES POSTERIORES,18,99,1782,4
2748,2025-02-21,199,1,41,AMORTIGUADORES POSTERIORES,10,99,990,4
2749,2025-02-20,151,1,41,AMORTIGUADORES POSTERIORES,14,99,1386,2
2750,2025-02-06,158,2,41,AMORTIGUADORES POSTERIORES,1,99,99,1
2751,2025-02-05,172,2,42,"LLANTAS 18""",17,65,1105,3
2752,2025-02-17,32,1,42,"LLANTAS 18""",4,65,260,4
2753,2025-02-10,114,2,42,"LLANTAS 18""",18,65,1170,2
2754,2025-02-12,169,1,42,"LLANTAS 18""",9,65,585,4
2755,2025-02-11,59,2,42,"LLANTAS 18""",20,65,1300,2
2756,2025-02-23,3,1,42,"LLANTAS 18""",14,65,910,1
2757,2025-02-16,119,1,42,"LLANTAS 18""",3,65,195,3
2758,2025-02-12,165,1,42,"LLANTAS 18""",18,65,1170,2
2759,2025-02-16,41,2,42,"LLANTAS 18""",1,65,65,2
2760,2025-02-10,116,1,42,"LLANTAS 18""",3,65,195,3
2761,2025-02-13,134,2,42,"LLANTAS 18""",8,65,520,2
2762,2025-02-20,61,2,42,"LLANTAS 18""",1,65,65,1
2763,2025-02-03,175,2,43,BATERÍA DE 18 PLACAS,15,107,1605,1
2764,2025-02-22,41,2,43,BATERÍA DE 18 PLACAS,12,107,1284,2
2765,2025-02-07,134,2,43,BATERÍA DE 18 PLACAS,1,107,107,4
2766,2025-02-28,64,2,43,BATERÍA DE 18 PLACAS,7,107,749,3
2767,2025-03-18,195,1,1,AUTO HONDA ACCORD 2014,1,26527,26527,4
2768,2025-03-15,76,2,1,AUTO HONDA ACCORD 2014,1,26527,26527,1
2769,2025-03-13,156,1,1,AUTO HONDA ACCORD 2014,1,26527,26527,3
2770,2025-03-14,76,1,1,AUTO HONDA ACCORD 2014,1,26527,26527,3
2771,2025-03-26,72,1,1,AUTO HONDA ACCORD 2014,1,26527,26527,1
2772,2025-03-13,186,1,2,AUTO HONDA CIVIC 2014,1,27927,27927,2
2773,2025-03-01,26,2,2,AUTO HONDA CIVIC 2014,1,27927,27927,3
2774,2025-03-18,60,2,2,AUTO HONDA CIVIC 2014,1,27927,27927,1
2775,2025-03-27,142,1,2,AUTO HONDA CIVIC 2014,1,27927,27927,1
2776,2025-03-17,101,2,3,AUTO HONDA ODISSEY 2013,1,24961,24961,1
2777,2025-03-28,166,1,3,AUTO HONDA ODISSEY 2013,1,24961,24961,1
2778,2025-03-05,75,1,3,AUTO HONDA ODISSEY 2013,1,24961,24961,1
2779,2025-03-04,146,1,3,AUTO HONDA ODISSEY 2013,1,24961,24961,1
2780,2025-03-25,32,1,3,AUTO HONDA ODISSEY 2013,1,24961,24961,4
2781,2025-03-05,118,1,3,AUTO HONDA ODISSEY 2013,1,24961,24961,1
2782,2025-03-25,197,2,3,AUTO HONDA ODISSEY 2013,1,24961,24961,4
2783,2025-03-06,42,1,3,AUTO HONDA ODISSEY 2013,1,24961,24961,2
2784,2025-03-20,181,1,3,AUTO HONDA ODISSEY 2013,1,24961,24961,1
2785,2025-03-13,77,1,4,AUTO HONDA CRV 2014,1,20986,20986,4
2786,2025-03-15,200,1,4,AUTO HONDA CRV 2014,1,20986,20986,2
2787,2025-03-16,14,1,4,AUTO HONDA CRV 2014,1,20986,20986,3
2788,2025-03-15,90,1,4,AUTO HONDA CRV 2014,1,20986,20986,1
2789,2025-03-23,18,2,4,AUTO HONDA CRV 2014,1,20986,20986,2
2790,2025-03-16,116,1,4,AUTO HONDA CRV 2014,1,20986,20986,2
2791,2025-03-14,159,1,5,AUTO HONDA PILOT 2013,1,21783,21783,1
2792,2025-03-16,79,1,5,AUTO HONDA PILOT 2013,1,21783,21783,3
2793,2025-03-18,115,1,5,AUTO HONDA PILOT 2013,1,21783,21783,4
2794,2025-03-21,66,2,5,AUTO HONDA PILOT 2013,1,21783,21783,4
2795,2025-03-04,167,2,5,AUTO HONDA PILOT 2013,1,21783,21783,1
2796,2025-03-02,98,2,6,AUTO HONDA FIT 2016,1,24689,24689,2
2797,2025-03-10,107,1,6,AUTO HONDA FIT 2016,1,24689,24689,1
2798,2025-03-18,66,2,6,AUTO HONDA FIT 2016,1,24689,24689,3
2799,2025-03-28,191,1,6,AUTO HONDA FIT 2016,1,24689,24689,4
2800,2025-03-18,152,1,7,AUTO HONDA CITY 2016,1,26655,26655,3
2801,2025-03-08,17,2,7,AUTO HONDA CITY 2016,1,26655,26655,2
2802,2025-03-08,34,1,7,AUTO HONDA CITY 2016,1,26655,26655,4
2803,2025-03-07,126,1,7,AUTO HONDA CITY 2016,1,26655,26655,3
2804,2025-03-11,175,2,8,CAMIONETA HONDA ELEMENT 2013,1,49721,49721,2
2805,2025-03-15,188,2,8,CAMIONETA HONDA ELEMENT 2013,1,49721,49721,4
2806,2025-03-21,62,1,8,CAMIONETA HONDA ELEMENT 2013,1,49721,49721,1
2807,2025-03-13,167,1,8,CAMIONETA HONDA ELEMENT 2013,1,49721,49721,1
2808,2025-03-09,127,2,9,CAMIONETA HONDA CROSSTOUR 2013,1,29769,29769,3
2809,2025-03-18,86,1,10,CAMIONETA HONDA CR-Z 2015,1,37156,37156,1
2810,2025-03-10,66,1,10,CAMIONETA HONDA CR-Z 2015,1,37156,37156,2
2811,2025-03-26,131,2,38,ACEITE DE MOTOR 5W30 FULL SINTÉTICO,15,118,1770,3
2812,2025-03-23,98,1,38,ACEITE DE MOTOR 5W30 FULL SINTÉTICO,1,118,118,4
2813,2025-03-22,141,1,38,ACEITE DE MOTOR 5W30 FULL SINTÉTICO,12,118,1416,2
2814,2025-03-03,74,1,38,ACEITE DE MOTOR 5W30 FULL SINTÉTICO,15,118,1770,1
2815,2025-03-10,97,1,38,ACEITE DE MOTOR 5W30 FULL SINTÉTICO,2,118,236,1
2816,2025-03-17,194,2,38,ACEITE DE MOTOR 5W30 FULL SINTÉTICO,13,118,1534,2
2817,2025-03-14,56,2,38,ACEITE DE MOTOR 5W30 FULL SINTÉTICO,13,118,1534,2
2818,2025-03-08,58,2,38,ACEITE DE MOTOR 5W30 FULL SINTÉTICO,2,118,236,1
2819,2025-03-27,187,1,38,ACEITE DE MOTOR 5W30 FULL SINTÉTICO,19,118,2242,1
2820,2025-03-28,126,2,38,ACEITE DE MOTOR 5W30 FULL SINTÉTICO,11,118,1298,3
2821,2025-03-13,128,1,38,ACEITE DE MOTOR 5W30 FULL SINTÉTICO,2,118,236,3
2822,2025-03-24,62,1,38,ACEITE DE MOTOR 5W30 FULL SINTÉTICO,19,118,2242,1
2823,2025-03-26,157,1,38,ACEITE DE MOTOR 5W30 FULL SINTÉTICO,14,118,1652,2
2824,2025-03-18,77,2,38,ACEITE DE MOTOR 5W30 FULL SINTÉTICO,1,118,118,4
2825,2025-03-28,116,1,39,FILTRO DE COMBUSTIBLE,7,115,805,3
2826,2025-03-27,26,1,39,FILTRO DE COMBUSTIBLE,5,115,575,3
2827,2025-03-08,189,1,39,FILTRO DE COMBUSTIBLE,2,115,230,3
2828,2025-03-06,55,1,40,AMORTIGUADORES DELANTEROS,10,284,2840,3
2829,2025-03-18,137,1,40,AMORTIGUADORES DELANTEROS,6,284,1704,3
2830,2025-03-05,70,2,40,AMORTIGUADORES DELANTEROS,1,284,284,1
2831,2025-03-03,169,1,40,AMORTIGUADORES DELANTEROS,10,284,2840,2
2832,2025-03-05,33,1,40,AMORTIGUADORES DELANTEROS,7,284,1988,3
2833,2025-03-13,107,2,40,AMORTIGUADORES DELANTEROS,1,284,284,1
2834,2025-03-20,141,1,40,AMORTIGUADORES DELANTEROS,9,284,2556,4
2835,2025-03-09,11,2,40,AMORTIGUADORES DELANTEROS,5,284,1420,3
2836,2025-03-04,181,2,40,AMORTIGUADORES DELANTEROS,8,284,2272,3
2837,2025-03-28,92,1,40,AMORTIGUADORES DELANTEROS,5,284,1420,2
2838,2025-03-14,79,2,40,AMORTIGUADORES DELANTEROS,13,284,3692,4
2839,2025-03-03,72,1,40,AMORTIGUADORES DELANTEROS,2,284,568,2
2840,2025-03-26,118,1,40,AMORTIGUADORES DELANTEROS,3,284,852,1
2841,2025-03-09,173,1,41,AMORTIGUADORES POSTERIORES,5,108,540,2
2842,2025-03-19,22,1,41,AMORTIGUADORES POSTERIORES,17,108,1836,2
2843,2025-03-19,157,1,41,AMORTIGUADORES POSTERIORES,9,108,972,2
2844,2025-03-23,95,2,41,AMORTIGUADORES POSTERIORES,3,108,324,4
2845,2025-03-20,5,1,41,AMORTIGUADORES POSTERIORES,1,108,108,1
2846,2025-03-19,64,2,41,AMORTIGUADORES POSTERIORES,14,108,1512,4
2847,2025-03-14,42,1,41,AMORTIGUADORES POSTERIORES,9,108,972,3
2848,2025-03-03,144,2,41,AMORTIGUADORES POSTERIORES,11,108,1188,2
2849,2025-03-05,161,2,41,AMORTIGUADORES POSTERIORES,1,108,108,4
2850,2025-03-04,151,2,41,AMORTIGUADORES POSTERIORES,1,108,108,2
2851,2025-03-21,174,1,42,"LLANTAS 18""",8,111,888,1
2852,2025-03-20,182,2,42,"LLANTAS 18""",19,111,2109,3
2853,2025-03-16,96,2,42,"LLANTAS 18""",20,111,2220,3
2854,2025-03-19,6,2,42,"LLANTAS 18""",10,111,1110,1
2855,2025-03-05,172,1,42,"LLANTAS 18""",8,111,888,4
2856,2025-03-03,68,2,42,"LLANTAS 18""",9,111,999,1
2857,2025-03-28,74,2,42,"LLANTAS 18""",5,111,555,2
2858,2025-03-23,88,2,42,"LLANTAS 18""",6,111,666,1
2859,2025-03-06,18,2,42,"LLANTAS 18""",2,111,222,3
2860,2025-03-28,57,2,42,"LLANTAS 18""",12,111,1332,2
2861,2025-03-04,107,2,42,"LLANTAS 18""",3,111,333,1
2862,2025-03-27,68,2,42,"LLANTAS 18""",4,111,444,4
2863,2025-03-25,183,2,42,"LLANTAS 18""",9,111,999,2
2864,2025-03-24,96,1,42,"LLANTAS 18""",2,111,222,3
2865,2025-03-06,24,1,42,"LLANTAS 18""",3,111,333,4
2866,2025-03-12,77,1,42,"LLANTAS 18""",1,111,111,2
2867,2025-03-21,195,1,43,BATERÍA DE 18 PLACAS,1,90,90,3
2868,2025-03-13,30,1,43,BATERÍA DE 18 PLACAS,18,90,1620,2
2869,2025-03-28,116,2,43,BATERÍA DE 18 PLACAS,11,90,990,2
2870,2025-03-14,15,2,43,BATERÍA DE 18 PLACAS,20,90,1800,1
2871,2025-04-05,142,2,1,AUTO HONDA ACCORD 2014,1,24315,24315,4
2872,2025-04-07,124,2,1,AUTO HONDA ACCORD 2014,1,24315,24315,3
2873,2025-04-04,11,2,1,AUTO HONDA ACCORD 2014,1,24315,24315,1
2874,2025-04-20,5,2,2,AUTO HONDA CIVIC 2014,1,26732,26732,2
2875,2025-04-08,150,2,2,AUTO HONDA CIVIC 2014,1,26732,26732,3
2876,2025-04-15,56,1,3,AUTO HONDA ODISSEY 2013,1,24459,24459,2
2877,2025-04-23,55,1,3,AUTO HONDA ODISSEY 2013,1,24459,24459,2
2878,2025-04-05,63,1,3,AUTO HONDA ODISSEY 2013,1,24459,24459,1
2879,2025-04-14,134,1,3,AUTO HONDA ODISSEY 2013,1,24459,24459,3
2880,2025-04-27,133,2,3,AUTO HONDA ODISSEY 2013,1,24459,24459,1
2881,2025-04-12,64,2,4,AUTO HONDA CRV 2014,1,23921,23921,3
2882,2025-04-20,60,2,4,AUTO HONDA CRV 2014,1,23921,23921,4
2883,2025-04-04,22,2,4,AUTO HONDA CRV 2014,1,23921,23921,1
2884,2025-04-15,51,2,4,AUTO HONDA CRV 2014,1,23921,23921,3
2885,2025-04-15,81,2,5,AUTO HONDA PILOT 2013,1,26879,26879,1
2886,2025-04-04,142,2,5,AUTO HONDA PILOT 2013,1,26879,26879,2
2887,2025-04-22,163,2,5,AUTO HONDA PILOT 2013,1,26879,26879,1
2888,2025-04-07,149,2,6,AUTO HONDA FIT 2016,1,23797,23797,2
2889,2025-04-07,187,1,6,AUTO HONDA FIT 2016,1,23797,23797,3
2890,2025-04-05,110,1,6,AUTO HONDA FIT 2016,1,23797,23797,3
2891,2025-04-02,176,1,6,AUTO HONDA FIT 2016,1,23797,23797,4
2892,2025-04-13,199,2,7,AUTO HONDA CITY 2016,1,37287,37287,3
2893,2025-04-28,39,2,7,AUTO HONDA CITY 2016,1,37287,37287,4
2894,2025-04-18,172,2,7,AUTO HONDA CITY 2016,1,37287,37287,4
2895,2025-04-22,116,1,8,CAMIONETA HONDA ELEMENT 2013,1,40512,40512,3
2896,2025-04-14,149,1,8,CAMIONETA HONDA ELEMENT 2013,1,40512,40512,2
2897,2025-04-08,132,2,8,CAMIONETA HONDA ELEMENT 2013,1,40512,40512,1
2898,2025-04-28,101,2,9,CAMIONETA HONDA CROSSTOUR 2013,1,35843,35843,1
2899,2025-04-14,103,1,9,CAMIONETA HONDA CROSSTOUR 2013,1,35843,35843,4
2900,2025-04-13,66,2,9,CAMIONETA HONDA CROSSTOUR 2013,1,35843,35843,4
2901,2025-04-28,54,1,9,CAMIONETA HONDA CROSSTOUR 2013,1,35843,35843,2
2902,2025-04-27,167,1,10,CAMIONETA HONDA CR-Z 2015,1,29600,29600,1
2903,2025-04-23,82,1,10,CAMIONETA HONDA CR-Z 2015,1,29600,29600,1
2904,2025-04-13,165,1,38,ACEITE DE MOTOR 5W30 FULL SINTÉTICO,8,112,896,1
2905,2025-04-13,189,2,38,ACEITE DE MOTOR 5W30 FULL SINTÉTICO,15,112,1680,1
2906,2025-04-23,173,2,38,ACEITE DE MOTOR 5W30 FULL SINTÉTICO,14,112,1568,2
2907,2025-04-05,125,2,38,ACEITE DE MOTOR 5W30 FULL SINTÉTICO,8,112,896,4
2908,2025-04-07,139,2,38,ACEITE DE MOTOR 5W30 FULL SINTÉTICO,7,112,784,1
2909,2025-04-25,21,1,38,ACEITE DE MOTOR 5W30 FULL SINTÉTICO,12,112,1344,2
2910,2025-04-04,145,2,38,ACEITE DE MOTOR 5W30 FULL SINTÉTICO,1,112,112,1
2911,2025-04-03,14,2,38,ACEITE DE MOTOR 5W30 FULL SINTÉTICO,12,112,1344,4
2912,2025-04-28,66,1,38,ACEITE DE MOTOR 5W30 FULL SINTÉTICO,1,112,112,4
2913,2025-04-12,106,2,38,ACEITE DE MOTOR 5W30 FULL SINTÉTICO,14,112,1568,3
2914,2025-04-08,23,1,38,ACEITE DE MOTOR 5W30 FULL SINTÉTICO,2,112,224,2
2915,2025-04-23,36,2,38,ACEITE DE MOTOR 5W30 FULL SINTÉTICO,2,112,224,4
2916,2025-04-26,54,2,39,FILTRO DE COMBUSTIBLE,7,110,770,4
2917,2025-04-18,159,1,39,FILTRO DE COMBUSTIBLE,2,110,220,1
2918,2025-04-15,41,2,39,FILTRO DE COMBUSTIBLE,1,110,110,4
2919,2025-04-09,123,2,39,FILTRO DE COMBUSTIBLE,1,110,110,1
2920,2025-04-01,102,1,40,AMORTIGUADORES DELANTEROS,4,267,1068,1
2921,2025-04-28,85,1,40,AMORTIGUADORES DELANTEROS,12,267,3204,3
2922,2025-04-23,15,2,40,AMORTIGUADORES DELANTEROS,9,267,2403,4
2923,2025-04-19,60,2,40,AMORTIGUADORES DELANTEROS,9,267,2403,2
2924,2025-04-05,73,1,40,AMORTIGUADORES DELANTEROS,8,267,2136,2
2925,2025-04-01,115,1,40,AMORTIGUADORES DELANTEROS,20,267,5340,3
2926,2025-04-12,20,2,40,AMORTIGUADORES DELANTEROS,10,267,2670,3
2927,2025-04-04,160,2,40,AMORTIGUADORES DELANTEROS,10,267,2670,2
2928,2025-04-01,150,2,40,AMORTIGUADORES DELANTEROS,17,267,4539,3
2929,2025-04-12,67,2,40,AMORTIGUADORES DELANTEROS,4,267,1068,2
2930,2025-04-23,180,2,40,AMORTIGUADORES DELANTEROS,4,267,1068,3
2931,2025-04-18,117,1,41,AMORTIGUADORES POSTERIORES,19,101,1919,4
2932,2025-04-11,153,1,41,AMORTIGUADORES POSTERIORES,11,101,1111,3
2933,2025-04-25,189,1,41,AMORTIGUADORES POSTERIORES,3,101,303,4
2934,2025-04-27,51,1,41,AMORTIGUADORES POSTERIORES,17,101,1717,3
2935,2025-04-27,197,2,41,AMORTIGUADORES POSTERIORES,18,101,1818,1
2936,2025-04-14,40,1,41,AMORTIGUADORES POSTERIORES,15,101,1515,2
2937,2025-04-18,48,1,41,AMORTIGUADORES POSTERIORES,11,101,1111,1
2938,2025-04-27,119,1,41,AMORTIGUADORES POSTERIORES,6,101,606,4
2939,2025-04-27,60,1,42,"LLANTAS 18""",2,77,154,4
2940,2025-04-04,101,1,42,"LLANTAS 18""",7,77,539,4
2941,2025-04-19,169,1,42,"LLANTAS 18""",17,77,1309,1
2942,2025-04-05,37,2,42,"LLANTAS 18""",8,77,616,4
2943,2025-04-03,108,2,42,"LLANTAS 18""",4,77,308,1
2944,2025-04-10,73,2,42,"LLANTAS 18""",3,77,231,1
2945,2025-04-20,80,2,42,"LLANTAS 18""",13,77,1001,3
2946,2025-04-01,135,1,42,"LLANTAS 18""",14,77,1078,4
2947,2025-04-21,161,1,42,"LLANTAS 18""",10,77,770,2
2948,2025-04-12,104,2,42,"LLANTAS 18""",9,77,693,2
2949,2025-04-04,191,2,42,"LLANTAS 18""",19,77,1463,3
2950,2025-04-13,119,1,42,"LLANTAS 18""",1,77,77,4
2951,2025-04-06,194,2,42,"LLANTAS 18""",1,77,77,4
2952,2025-04-14,70,2,43,BATERÍA DE 18 PLACAS,12,121,1452,4
2953,2025-04-16,140,2,43,BATERÍA DE 18 PLACAS,18,121,2178,3
2954,2025-04-17,93,1,43,BATERÍA DE 18 PLACAS,15,121,1815,2
2955,2025-04-17,24,1,43,BATERÍA DE 18 PLACAS,6,121,726,3
2956,2025-04-13,77,1,43,BATERÍA DE 18 PLACAS,4,121,484,2
2957,2025-04-28,195,1,43,BATERÍA DE 18 PLACAS,1,121,121,1
2958,2025-05-12,136,2,1,AUTO HONDA ACCORD 2014,1,17785,17785,2
2959,2025-05-21,185,2,1,AUTO HONDA ACCORD 2014,1,17785,17785,1
2960,2025-05-13,90,2,1,AUTO HONDA ACCORD 2014,1,17785,17785,3
2961,2025-05-23,186,1,2,AUTO HONDA CIVIC 2014,1,20092,20092,2
2962,2025-05-27,45,1,2,AUTO HONDA CIVIC 2014,1,20092,20092,1
2963,2025-05-14,129,1,2,AUTO HONDA CIVIC 2014,1,20092,20092,4
2964,2025-05-10,12,1,2,AUTO HONDA CIVIC 2014,1,20092,20092,2
2965,2025-05-17,145,1,2,AUTO HONDA CIVIC 2014,1,20092,20092,1
2966,2025-05-11,142,2,2,AUTO HONDA CIVIC 2014,1,20092,20092,3
2967,2025-05-12,171,2,3,AUTO HONDA ODISSEY 2013,1,24732,24732,1
2968,2025-05-10,40,2,3,AUTO HONDA ODISSEY 2013,1,24732,24732,1
2969,2025-05-17,66,1,3,AUTO HONDA ODISSEY 2013,1,24732,24732,3
2970,2025-05-07,121,1,3,AUTO HONDA ODISSEY 2013,1,24732,24732,1
2971,2025-05-15,157,2,4,AUTO HONDA CRV 2014,1,23391,23391,4
2972,2025-05-05,142,2,4,AUTO HONDA CRV 2014,1,23391,23391,4
2973,2025-05-01,109,1,4,AUTO HONDA CRV 2014,1,23391,23391,1
2974,2025-05-05,77,2,4,AUTO HONDA CRV 2014,1,23391,23391,4
2975,2025-05-07,49,2,4,AUTO HONDA CRV 2014,1,23391,23391,4
2976,2025-05-16,35,2,4,AUTO HONDA CRV 2014,1,23391,23391,2
2977,2025-05-08,114,1,4,AUTO HONDA CRV 2014,1,23391,23391,3
2978,2025-05-18,65,2,5,AUTO HONDA PILOT 2013,1,24983,24983,2
2979,2025-05-22,64,2,5,AUTO HONDA PILOT 2013,1,24983,24983,2
2980,2025-05-12,3,2,5,AUTO HONDA PILOT 2013,1,24983,24983,2
2981,2025-05-21,13,2,5,AUTO HONDA PILOT 2013,1,24983,24983,2
2982,2025-05-09,162,1,5,AUTO HONDA PILOT 2013,1,24983,24983,3
2983,2025-05-05,103,1,6,AUTO HONDA FIT 2016,1,28068,28068,2
2984,2025-05-28,103,2,6,AUTO HONDA FIT 2016,1,28068,28068,2
2985,2025-05-14,138,1,6,AUTO HONDA FIT 2016,1,28068,28068,3
2986,2025-05-22,14,2,6,AUTO HONDA FIT 2016,1,28068,28068,4
2987,2025-05-04,195,1,6,AUTO HONDA FIT 2016,1,28068,28068,2
2988,2025-05-11,57,2,7,AUTO HONDA CITY 2016,1,36096,36096,1
2989,2025-05-04,145,2,7,AUTO HONDA CITY 2016,1,36096,36096,1
2990,2025-05-15,196,1,8,CAMIONETA HONDA ELEMENT 2013,1,34649,34649,2
2991,2025-05-22,127,2,8,CAMIONETA HONDA ELEMENT 2013,1,34649,34649,3
2992,2025-05-23,97,1,8,CAMIONETA HONDA ELEMENT 2013,1,34649,34649,1
2993,2025-05-18,22,1,8,CAMIONETA HONDA ELEMENT 2013,1,34649,34649,3
2994,2025-05-10,127,2,8,CAMIONETA HONDA ELEMENT 2013,1,34649,34649,4
2995,2025-05-13,79,2,9,CAMIONETA HONDA CROSSTOUR 2013,1,36660,36660,4
2996,2025-05-10,199,2,9,CAMIONETA HONDA CROSSTOUR 2013,1,36660,36660,3
2997,2025-05-25,89,2,10,CAMIONETA HONDA CR-Z 2015,1,37663,37663,2
2998,2025-05-14,99,1,10,CAMIONETA HONDA CR-Z 2015,1,37663,37663,4
2999,2025-05-02,160,1,10,CAMIONETA HONDA CR-Z 2015,1,37663,37663,1
3000,2025-05-25,175,1,11,CAMIONETA HONDA RID LINE PICK UP 2014,1,31305,31305,1
3001,2025-05-10,39,2,11,CAMIONETA HONDA RID LINE PICK UP 2014,1,31305,31305,3
3002,2025-05-20,171,1,11,CAMIONETA HONDA RID LINE PICK UP 2014,1,31305,31305,4
3003,2025-05-07,97,1,38,ACEITE DE MOTOR 5W30 FULL SINTÉTICO,16,112,1792,1
3004,2025-05-09,146,2,38,ACEITE DE MOTOR 5W30 FULL SINTÉTICO,5,112,560,1
3005,2025-05-22,59,1,38,ACEITE DE MOTOR 5W30 FULL SINTÉTICO,7,112,784,2
3006,2025-05-11,20,1,38,ACEITE DE MOTOR 5W30 FULL SINTÉTICO,19,112,2128,2
3007,2025-05-16,162,1,38,ACEITE DE MOTOR 5W30 FULL SINTÉTICO,11,112,1232,3
3008,2025-05-11,40,1,38,ACEITE DE MOTOR 5W30 FULL SINTÉTICO,12,112,1344,3
3009,2025-05-19,162,1,38,ACEITE DE MOTOR 5W30 FULL SINTÉTICO,5,112,560,1
3010,2025-05-03,111,2,38,ACEITE DE MOTOR 5W30 FULL SINTÉTICO,4,112,448,3
3011,2025-05-02,42,2,38,ACEITE DE MOTOR 5W30 FULL SINTÉTICO,7,112,784,4
3012,2025-05-04,143,1,38,ACEITE DE MOTOR 5W30 FULL SINTÉTICO,19,112,2128,3
3013,2025-05-02,143,1,38,ACEITE DE MOTOR 5W30 FULL SINTÉTICO,7,112,784,4
3014,2025-05-10,119,2,38,ACEITE DE MOTOR 5W30 FULL SINTÉTICO,4,112,448,4
3015,2025-05-02,105,1,38,ACEITE DE MOTOR 5W30 FULL SINTÉTICO,16,112,1792,1
3016,2025-05-23,181,1,38,ACEITE DE MOTOR 5W30 FULL SINTÉTICO,1,112,112,3
3017,2025-05-08,130,1,39,FILTRO DE COMBUSTIBLE,1,119,119,2
3018,2025-05-05,123,1,39,FILTRO DE COMBUSTIBLE,12,119,1428,2
3019,2025-05-21,33,1,39,FILTRO DE COMBUSTIBLE,8,119,952,4
3020,2025-05-13,141,1,40,AMORTIGUADORES DELANTEROS,5,346,1730,2
3021,2025-05-02,26,2,40,AMORTIGUADORES DELANTEROS,3,346,1038,4
3022,2025-05-01,81,1,40,AMORTIGUADORES DELANTEROS,3,346,1038,1
3023,2025-05-15,21,2,40,AMORTIGUADORES DELANTEROS,18,346,6228,1
3024,2025-05-25,26,1,40,AMORTIGUADORES DELANTEROS,11,346,3806,4
3025,2025-05-19,15,2,40,AMORTIGUADORES DELANTEROS,10,346,3460,1
3026,2025-05-11,51,2,40,AMORTIGUADORES DELANTEROS,4,346,1384,1
3027,2025-05-24,6,1,40,AMORTIGUADORES DELANTEROS,10,346,3460,1
3028,2025-05-11,7,2,40,AMORTIGUADORES DELANTEROS,11,346,3806,2
3029,2025-05-28,51,2,40,AMORTIGUADORES DELANTEROS,18,346,6228,1
3030,2025-05-23,79,2,40,AMORTIGUADORES DELANTEROS,16,346,5536,3
3031,2025-05-26,147,2,40,AMORTIGUADORES DELANTEROS,6,346,2076,3
3032,2025-05-22,69,2,40,AMORTIGUADORES DELANTEROS,10,346,3460,1
3033,2025-05-24,176,2,40,AMORTIGUADORES DELANTEROS,8,346,2768,1
3034,2025-05-27,133,2,41,AMORTIGUADORES POSTERIORES,3,124,372,3
3035,2025-05-22,166,1,41,AMORTIGUADORES POSTERIORES,1,124,124,4
3036,2025-05-25,49,2,41,AMORTIGUADORES POSTERIORES,18,124,2232,4
3037,2025-05-18,54,1,41,AMORTIGUADORES POSTERIORES,9,124,1116,4
3038,2025-05-16,8,1,41,AMORTIGUADORES POSTERIORES,10,124,1240,2
3039,2025-05-06,15,1,41,AMORTIGUADORES POSTERIORES,2,124,248,4
3040,2025-05-09,39,1,41,AMORTIGUADORES POSTERIORES,1,124,124,4
3041,2025-05-18,99,1,41,AMORTIGUADORES POSTERIORES,4,124,496,4
3042,2025-05-04,122,2,41,AMORTIGUADORES POSTERIORES,13,124,1612,2
3043,2025-05-23,13,1,41,AMORTIGUADORES POSTERIORES,18,124,2232,2
3044,2025-05-07,13,2,41,AMORTIGUADORES POSTERIORES,7,124,868,1
3045,2025-05-08,89,2,41,AMORTIGUADORES POSTERIORES,5,124,620,2
3046,2025-05-20,6,2,41,AMORTIGUADORES POSTERIORES,1,124,124,2
3047,2025-05-23,86,1,42,"LLANTAS 18""",17,77,1309,3
3048,2025-05-15,171,1,42,"LLANTAS 18""",10,77,770,2
3049,2025-05-06,68,2,42,"LLANTAS 18""",4,77,308,1
3050,2025-05-20,26,2,42,"LLANTAS 18""",19,77,1463,3
3051,2025-05-02,65,2,42,"LLANTAS 18""",14,77,1078,3
3052,2025-05-18,41,2,42,"LLANTAS 18""",13,77,1001,2
3053,2025-05-28,79,2,42,"LLANTAS 18""",16,77,1232,1
3054,2025-05-24,19,1,42,"LLANTAS 18""",13,77,1001,4
3055,2025-05-19,22,2,42,"LLANTAS 18""",3,77,231,2
3056,2025-05-24,48,2,42,"LLANTAS 18""",1,77,77,2
3057,2025-05-20,174,2,43,BATERÍA DE 18 PLACAS,15,86,1290,1
3058,2025-05-17,32,2,43,BATERÍA DE 18 PLACAS,1,86,86,1
3059,2025-05-10,199,2,43,BATERÍA DE 18 PLACAS,19,86,1634,3
3060,2025-05-01,95,2,43,BATERÍA DE 18 PLACAS,3,86,258,1
3061,2025-05-25,193,1,43,BATERÍA DE 18 PLACAS,6,86,516,1
3062,2025-05-23,61,1,43,BATERÍA DE 18 PLACAS,1,86,86,4
3063,2025-06-23,11,1,1,AUTO HONDA ACCORD 2014,1,23881,23881,2
3064,2025-06-08,152,2,1,AUTO HONDA ACCORD 2014,1,23881,23881,3
3065,2025-06-17,137,1,1,AUTO HONDA ACCORD 2014,1,23881,23881,2
3066,2025-06-27,115,1,1,AUTO HONDA ACCORD 2014,1,23881,23881,1
3067,2025-06-14,40,2,1,AUTO HONDA ACCORD 2014,1,23881,23881,4
3068,2025-06-08,177,2,1,AUTO HONDA ACCORD 2014,1,23881,23881,3
3069,2025-06-28,32,2,2,AUTO HONDA CIVIC 2014,1,26905,26905,1
3070,2025-06-09,112,1,3,AUTO HONDA ODISSEY 2013,1,27465,27465,4
3071,2025-06-14,92,2,3,AUTO HONDA ODISSEY 2013,1,27465,27465,4
3072,2025-06-27,82,2,4,AUTO HONDA CRV 2014,1,21230,21230,1
3073,2025-06-08,53,1,4,AUTO HONDA CRV 2014,1,21230,21230,3
3074,2025-06-02,65,2,4,AUTO HONDA CRV 2014,1,21230,21230,3
3075,2025-06-06,199,2,4,AUTO HONDA CRV 2014,1,21230,21230,2
3076,2025-06-08,99,1,4,AUTO HONDA CRV 2014,1,21230,21230,1
3077,2025-06-15,63,1,5,AUTO HONDA PILOT 2013,1,24683,24683,4
3078,2025-06-26,58,2,5,AUTO HONDA PILOT 2013,1,24683,24683,3
3079,2025-06-19,200,1,5,AUTO HONDA PILOT 2013,1,24683,24683,3
3080,2025-06-09,173,1,5,AUTO HONDA PILOT 2013,1,24683,24683,1
3081,2025-06-13,145,1,6,AUTO HONDA FIT 2016,1,31615,31615,3
3082,2025-06-15,70,2,6,AUTO HONDA FIT 2016,1,31615,31615,4
3083,2025-06-09,6,1,6,AUTO HONDA FIT 2016,1,31615,31615,1
3084,2025-06-26,76,1,6,AUTO HONDA FIT 2016,1,31615,31615,4
3085,2025-06-15,47,1,7,AUTO HONDA CITY 2016,1,28279,28279,1
3086,2025-06-13,104,2,7,AUTO HONDA CITY 2016,1,28279,28279,3
3087,2025-06-02,82,1,8,CAMIONETA HONDA ELEMENT 2013,1,32355,32355,4
3088,2025-06-07,46,1,8,CAMIONETA HONDA ELEMENT 2013,1,32355,32355,3
3089,2025-06-17,192,2,9,CAMIONETA HONDA CROSSTOUR 2013,1,20616,20616,3
3090,2025-06-12,102,1,10,CAMIONETA HONDA CR-Z 2015,1,52510,52510,4
3091,2025-06-28,31,2,10,CAMIONETA HONDA CR-Z 2015,1,52510,52510,1
3092,2025-06-09,124,1,11,CAMIONETA HONDA RID LINE PICK UP 2014,1,30542,30542,3
3093,2025-06-27,192,1,11,CAMIONETA HONDA RID LINE PICK UP 2014,1,30542,30542,2
3094,2025-06-21,147,2,11,CAMIONETA HONDA RID LINE PICK UP 2014,1,30542,30542,4
3095,2025-06-19,8,1,11,CAMIONETA HONDA RID LINE PICK UP 2014,1,30542,30542,3
3096,2025-06-19,124,2,11,CAMIONETA HONDA RID LINE PICK UP 2014,1,30542,30542,2
3097,2025-06-13,114,2,38,ACEITE DE MOTOR 5W30 FULL SINTÉTICO,20,108,2160,4
3098,2025-06-07,56,2,38,ACEITE DE MOTOR 5W30 FULL SINTÉTICO,6,108,648,3
3099,2025-06-07,82,2,38,ACEITE DE MOTOR 5W30 FULL SINTÉTICO,10,108,1080,1
3100,2025-06-18,121,1,38,ACEITE DE MOTOR 5W30 FULL SINTÉTICO,3,108,324,3
3101,2025-06-15,187,1,38,ACEITE DE MOTOR 5W30 FULL SINTÉTICO,1,108,108,3
3102,2025-06-11,164,1,38,ACEITE DE MOTOR 5W30 FULL SINTÉTICO,13,108,1404,3
3103,2025-06-06,15,2,38,ACEITE DE MOTOR 5W30 FULL SINTÉTICO,1,108,108,1
3104,2025-06-01,184,1,38,ACEITE DE MOTOR 5W30 FULL SINTÉTICO,1,108,108,4
3105,2025-06-26,4,2,39,FILTRO DE COMBUSTIBLE,3,126,378,3
3106,2025-06-18,63,1,39,FILTRO DE COMBUSTIBLE,2,126,252,1
3107,2025-06-11,114,1,39,FILTRO DE COMBUSTIBLE,2,126,252,2
3108,2025-06-26,68,2,39,FILTRO DE COMBUSTIBLE,1,126,126,4
3109,2025-06-27,5,1,40,AMORTIGUADORES DELANTEROS,9,244,2196,3
3110,2025-06-23,200,2,40,AMORTIGUADORES DELANTEROS,13,244,3172,2
3111,2025-06-23,102,1,40,AMORTIGUADORES DELANTEROS,6,244,1464,2
3112,2025-06-02,111,1,40,AMORTIGUADORES DELANTEROS,11,244,2684,3
3113,2025-06-28,73,2,40,AMORTIGUADORES DELANTEROS,6,244,1464,4
3114,2025-06-05,182,1,40,AMORTIGUADORES DELANTEROS,4,244,976,2
3115,2025-06-06,196,2,40,AMORTIGUADORES DELANTEROS,15,244,3660,4
3116,2025-06-01,85,1,40,AMORTIGUADORES DELANTEROS,17,244,4148,3
3117,2025-06-14,24,1,40,AMORTIGUADORES DELANTEROS,7,244,1708,2
3118,2025-06-24,185,1,40,AMORTIGUADORES DELANTEROS,2,244,488,1
3119,2025-06-28,192,2,40,AMORTIGUADORES DELANTEROS,1,244,244,2
3120,2025-06-18,135,1,41,AMORTIGUADORES POSTERIORES,5,125,625,3
3121,2025-06-01,3,2,41,AMORTIGUADORES POSTERIORES,1,125,125,3
3122,2025-06-12,92,1,41,AMORTIGUADORES POSTERIORES,2,125,250,1
3123,2025-06-11,35,1,41,AMORTIGUADORES POSTERIORES,6,125,750,1
3124,2025-06-07,153,2,41,AMORTIGUADORES POSTERIORES,14,125,1750,4
3125,2025-06-15,100,2,41,AMORTIGUADORES POSTERIORES,17,125,2125,3
3126,2025-06-14,84,1,41,AMORTIGUADORES POSTERIORES,3,125,375,2
3127,2025-06-03,160,2,41,AMORTIGUADORES POSTERIORES,10,125,1250,4
3128,2025-06-23,47,2,41,AMORTIGUADORES POSTERIORES,14,125,1750,2
3129,2025-06-17,66,2,41,AMORTIGUADORES POSTERIORES,6,125,750,4
3130,2025-06-28,80,1,41,AMORTIGUADORES POSTERIORES,12,125,1500,4
3131,2025-06-02,165,1,41,AMORTIGUADORES POSTERIORES,6,125,750,4
3132,2025-06-17,37,2,41,AMORTIGUADORES POSTERIORES,13,125,1625,3
3133,2025-06-25,49,1,41,AMORTIGUADORES POSTERIORES,13,125,1625,1
3134,2025-06-03,160,2,41,AMORTIGUADORES POSTERIORES,3,125,375,4
3135,2025-06-15,45,1,41,AMORTIGUADORES POSTERIORES,8,125,1000,1
3136,2025-06-01,145,2,41,AMORTIGUADORES POSTERIORES,8,125,1000,2
3137,2025-06-23,197,2,41,AMORTIGUADORES POSTERIORES,2,125,250,4
3138,2025-06-20,84,2,41,AMORTIGUADORES POSTERIORES,1,125,125,1
3139,2025-06-12,184,2,42,"LLANTAS 18""",11,59,649,2
3140,2025-06-26,121,2,42,"LLANTAS 18""",11,59,649,2
3141,2025-06-15,114,2,42,"LLANTAS 18""",18,59,1062,4
3142,2025-06-07,120,2,42,"LLANTAS 18""",6,59,354,3
3143,2025-06-09,90,1,42,"LLANTAS 18""",13,59,767,2
3144,2025-06-15,158,1,42,"LLANTAS 18""",8,59,472,3
3145,2025-06-12,165,2,42,"LLANTAS 18""",5,59,295,4
3146,2025-06-19,180,2,42,"LLANTAS 18""",1,59,59,4
3147,2025-06-07,115,1,42,"LLANTAS 18""",10,59,590,4
3148,2025-06-18,131,2,42,"LLANTAS 18""",20,59,1180,2
3149,2025-06-24,95,1,42,"LLANTAS 18""",6,59,354,1
3150,2025-06-17,150,1,42,"LLANTAS 18""",9,59,531,4
3151,2025-06-26,114,2,42,"LLANTAS 18""",5,59,295,1
3152,2025-06-28,95,2,42,"LLANTAS 18""",1,59,59,1
3153,2025-06-11,75,2,42,"LLANTAS 18""",2,59,118,4
3154,2025-06-13,138,1,43,BATERÍA DE 18 PLACAS,6,117,702,2
3155,2025-06-25,153,1,43,BATERÍA DE 18 PLACAS,4,117,468,4
3156,2025-06-08,106,2,43,BATERÍA DE 18 PLACAS,6,117,702,1
3157,2025-06-02,158,2,43,BATERÍA DE 18 PLACAS,12,117,1404,3
3158,2025-06-18,32,1,43,BATERÍA DE 18 PLACAS,9,117,1053,2
3159,2025-07-10,66,2,1,AUTO HONDA ACCORD 2014,1,30662,30662,2
3160,2025-07-03,118,2,2,AUTO HONDA CIVIC 2014,1,26834,26834,2
3161,2025-07-10,142,1,2,AUTO HONDA CIVIC 2014,1,26834,26834,4
3162,2025-07-04,32,1,2,AUTO HONDA CIVIC 2014,1,26834,26834,1
3163,2025-07-09,35,2,2,AUTO HONDA CIVIC 2014,1,26834,26834,4
3164,2025-07-04,106,1,2,AUTO HONDA CIVIC 2014,1,26834,26834,2
3165,2025-07-13,6,2,3,AUTO HONDA ODISSEY 2013,1,31477,31477,2
3166,2025-07-21,28,1,3,AUTO HONDA ODISSEY 2013,1,31477,31477,4
3167,2025-07-11,118,1,3,AUTO HONDA ODISSEY 2013,1,31477,31477,4
3168,2025-07-08,176,1,3,AUTO HONDA ODISSEY 2013,1,31477,31477,2
3169,2025-07-21,181,2,3,AUTO HONDA ODISSEY 2013,1,31477,31477,1
3170,2025-07-02,48,1,3,AUTO HONDA ODISSEY 2013,1,31477,31477,1
3171,2025-07-02,138,2,3,AUTO HONDA ODISSEY 2013,1,31477,31477,2
3172,2025-07-10,194,1,4,AUTO HONDA CRV 2014,1,25425,25425,1
3173,2025-07-27,11,2,4,AUTO HONDA CRV 2014,1,25425,25425,4
3174,2025-07-04,42,1,4,AUTO HONDA CRV 2014,1,25425,25425,2
3175,2025-07-26,150,1,4,AUTO HONDA CRV 2014,1,25425,25425,1
3176,2025-07-27,113,2,4,AUTO HONDA CRV 2014,1,25425,25425,1
3177,2025-07-04,182,1,4,AUTO HONDA CRV 2014,1,25425,25425,4
3178,2025-07-08,26,1,4,AUTO HONDA CRV 2014,1,25425,25425,4
3179,2025-07-16,17,2,5,AUTO HONDA PILOT 2013,1,27732,27732,1
3180,2025-07-28,167,2,5,AUTO HONDA PILOT 2013,1,27732,27732,2
3181,2025-07-17,142,2,5,AUTO HONDA PILOT 2013,1,27732,27732,2
3182,2025-07-28,106,1,5,AUTO HONDA PILOT 2013,1,27732,27732,2
3183,2025-07-16,200,2,6,AUTO HONDA FIT 2016,1,30074,30074,1
3184,2025-07-07,188,2,6,AUTO HONDA FIT 2016,1,30074,30074,3
3185,2025-07-16,180,1,6,AUTO HONDA FIT 2016,1,30074,30074,2
3186,2025-07-09,88,1,6,AUTO HONDA FIT 2016,1,30074,30074,3
3187,2025-07-15,27,1,6,AUTO HONDA FIT 2016,1,30074,30074,2
3188,2025-07-22,93,1,6,AUTO HONDA FIT 2016,1,30074,30074,2
3189,2025-07-24,104,2,7,AUTO HONDA CITY 2016,1,36397,36397,4
3190,2025-07-09,54,2,7,AUTO HONDA CITY 2016,1,36397,36397,1
3191,2025-07-01,43,2,7,AUTO HONDA CITY 2016,1,36397,36397,1
3192,2025-07-06,90,1,7,AUTO HONDA CITY 2016,1,36397,36397,3
3193,2025-07-03,44,1,7,AUTO HONDA CITY 2016,1,36397,36397,1
3194,2025-07-23,69,2,7,AUTO HONDA CITY 2016,1,36397,36397,3
3195,2025-07-24,117,2,7,AUTO HONDA CITY 2016,1,36397,36397,2
3196,2025-07-06,15,1,7,AUTO HONDA CITY 2016,1,36397,36397,2
3197,2025-07-03,33,2,7,AUTO HONDA CITY 2016,1,36397,36397,2
3198,2025-07-11,10,1,7,AUTO HONDA CITY 2016,1,36397,36397,4
3199,2025-07-28,73,1,8,CAMIONETA HONDA ELEMENT 2013,1,30589,30589,4
3200,2025-07-16,51,1,8,CAMIONETA HONDA ELEMENT 2013,1,30589,30589,1
3201,2025-07-11,66,1,9,CAMIONETA HONDA CROSSTOUR 2013,1,29681,29681,4
3202,2025-07-12,2,1,9,CAMIONETA HONDA CROSSTOUR 2013,1,29681,29681,4
3203,2025-07-18,58,2,9,CAMIONETA HONDA CROSSTOUR 2013,1,29681,29681,4
3204,2025-07-26,172,1,9,CAMIONETA HONDA CROSSTOUR 2013,1,29681,29681,2
3205,2025-07-01,40,2,10,CAMIONETA HONDA CR-Z 2015,1,40680,40680,4
3206,2025-07-02,94,2,10,CAMIONETA HONDA CR-Z 2015,1,40680,40680,2
3207,2025-07-14,99,2,10,CAMIONETA HONDA CR-Z 2015,1,40680,40680,4
3208,2025-07-08,161,1,10,CAMIONETA HONDA CR-Z 2015,1,40680,40680,3
3209,2025-07-09,12,2,11,CAMIONETA HONDA RID LINE PICK UP 2014,1,36967,36967,3
3210,2025-07-14,86,2,11,CAMIONETA HONDA RID LINE PICK UP 2014,1,36967,36967,2
3211,2025-07-20,136,1,11,CAMIONETA HONDA RID LINE PICK UP 2014,1,36967,36967,2
3212,2025-07-01,99,1,11,CAMIONETA HONDA RID LINE PICK UP 2014,1,36967,36967,4
3213,2025-07-07,31,1,11,CAMIONETA HONDA RID LINE PICK UP 2014,1,36967,36967,2
3214,2025-07-01,171,2,38,ACEITE DE MOTOR 5W30 FULL SINTÉTICO,19,129,2451,4
3215,2025-07-07,156,1,38,ACEITE DE MOTOR 5W30 FULL SINTÉTICO,9,129,1161,3
3216,2025-07-22,159,1,38,ACEITE DE MOTOR 5W30 FULL SINTÉTICO,5,129,645,1
3217,2025-07-06,9,1,38,ACEITE DE MOTOR 5W30 FULL SINTÉTICO,4,129,516,1
3218,2025-07-13,163,1,38,ACEITE DE MOTOR 5W30 FULL SINTÉTICO,1,129,129,4
3219,2025-07-12,71,1,38,ACEITE DE MOTOR 5W30 FULL SINTÉTICO,9,129,1161,3
3220,2025-07-19,157,2,38,ACEITE DE MOTOR 5W30 FULL SINTÉTICO,8,129,1032,4
3221,2025-07-11,128,2,38,ACEITE DE MOTOR 5W30 FULL SINTÉTICO,7,129,903,2
3222,2025-07-18,10,1,38,ACEITE DE MOTOR 5W30 FULL SINTÉTICO,16,129,2064,1
3223,2025-07-01,163,1,38,ACEITE DE MOTOR 5W30 FULL SINTÉTICO,1,129,129,3
3224,2025-07-01,14,1,38,ACEITE DE MOTOR 5W30 FULL SINTÉTICO,1,129,129,2
3225,2025-07-18,68,1,39,FILTRO DE COMBUSTIBLE,6,107,642,3
3226,2025-07-05,36,2,39,FILTRO DE COMBUSTIBLE,6,107,642,3
3227,2025-07-25,44,2,39,FILTRO DE COMBUSTIBLE,1,107,107,4
3228,2025-07-22,63,1,39,FILTRO DE COMBUSTIBLE,1,107,107,2
3229,2025-07-22,10,1,40,AMORTIGUADORES DELANTEROS,7,299,2093,2
3230,2025-07-18,145,2,40,AMORTIGUADORES DELANTEROS,12,299,3588,3
3231,2025-07-22,96,2,40,AMORTIGUADORES DELANTEROS,6,299,1794,3
3232,2025-07-02,119,2,40,AMORTIGUADORES DELANTEROS,8,299,2392,2
3233,2025-07-01,164,2,40,AMORTIGUADORES DELANTEROS,13,299,3887,4
3234,2025-07-22,123,1,40,AMORTIGUADORES DELANTEROS,16,299,4784,2
3235,2025-07-18,150,1,40,AMORTIGUADORES DELANTEROS,9,299,2691,1
3236,2025-07-04,33,1,40,AMORTIGUADORES DELANTEROS,16,299,4784,3
3237,2025-07-13,4,2,40,AMORTIGUADORES DELANTEROS,8,299,2392,1
3238,2025-07-08,98,2,40,AMORTIGUADORES DELANTEROS,5,299,1495,2
3239,2025-07-03,29,1,40,AMORTIGUADORES DELANTEROS,1,299,299,3
3240,2025-07-15,98,1,41,AMORTIGUADORES POSTERIORES,19,119,2261,3
3241,2025-07-04,16,2,41,AMORTIGUADORES POSTERIORES,4,119,476,3
3242,2025-07-09,143,2,41,AMORTIGUADORES POSTERIORES,3,119,357,4
3243,2025-07-11,51,2,41,AMORTIGUADORES POSTERIORES,11,119,1309,1
3244,2025-07-20,38,1,41,AMORTIGUADORES POSTERIORES,9,119,1071,1
3245,2025-07-16,157,2,41,AMORTIGUADORES POSTERIORES,2,119,238,2
3246,2025-07-06,29,2,41,AMORTIGUADORES POSTERIORES,3,119,357,2
3247,2025-07-03,127,1,41,AMORTIGUADORES POSTERIORES,3,119,357,2
3248,2025-07-20,38,1,41,AMORTIGUADORES POSTERIORES,1,119,119,1
3249,2025-07-13,37,1,41,AMORTIGUADORES POSTERIORES,6,119,714,3
3250,2025-07-24,178,2,41,AMORTIGUADORES POSTERIORES,4,119,476,2
3251,2025-07-03,163,1,42,"LLANTAS 18""",11,53,583,4
3252,2025-07-14,89,1,42,"LLANTAS 18""",19,53,1007,2
3253,2025-07-12,43,1,42,"LLANTAS 18""",12,53,636,3
3254,2025-07-28,77,2,42,"LLANTAS 18""",9,53,477,3
3255,2025-07-23,44,2,42,"LLANTAS 18""",3,53,159,1
3256,2025-07-22,142,1,42,"LLANTAS 18""",1,53,53,1
3257,2025-07-25,45,1,42,"LLANTAS 18""",2,53,106,4
3258,2025-07-18,191,1,42,"LLANTAS 18""",2,53,106,4
3259,2025-07-27,36,1,43,BATERÍA DE 18 PLACAS,10,101,1010,3
3260,2025-07-09,103,2,43,BATERÍA DE 18 PLACAS,9,101,909,4
3261,2025-07-08,139,1,43,BATERÍA DE 18 PLACAS,13,101,1313,1
3262,2025-07-03,162,1,43,BATERÍA DE 18 PLACAS,14,101,1414,2
3263,2025-07-27,168,1,43,BATERÍA DE 18 PLACAS,2,101,202,2
3264,2025-07-23,10,2,43,BATERÍA DE 18 PLACAS,6,101,606,2
3265,2025-07-08,132,1,43,BATERÍA DE 18 PLACAS,1,101,101,4
3266,2025-07-16,50,1,43,BATERÍA DE 18 PLACAS,3,101,303,2
3267,2025-07-20,106,1,43,BATERÍA DE 18 PLACAS,1,101,101,3
3268,2025-07-20,185,2,43,BATERÍA DE 18 PLACAS,3,101,303,2
3269,2025-08-05,194,1,1,AUTO HONDA ACCORD 2014,1,32247,32247,1
3270,2025-08-26,157,2,1,AUTO HONDA ACCORD 2014,1,32247,32247,1
3271,2025-08-11,107,1,1,AUTO HONDA ACCORD 2014,1,32247,32247,3
3272,2025-08-06,182,2,1,AUTO HONDA ACCORD 2014,1,32247,32247,2
3273,2025-08-23,93,2,1,AUTO HONDA ACCORD 2014,1,32247,32247,3
3274,2025-08-04,109,2,1,AUTO HONDA ACCORD 2014,1,32247,32247,1
3275,2025-08-01,141,1,1,AUTO HONDA ACCORD 2014,1,32247,32247,2
3276,2025-08-23,155,2,1,AUTO HONDA ACCORD 2014,1,32247,32247,4
3277,2025-08-05,182,1,1,AUTO HONDA ACCORD 2014,1,32247,32247,2
3278,2025-08-18,154,1,1,AUTO HONDA ACCORD 2014,1,32247,32247,1
3279,2025-08-24,114,1,2,AUTO HONDA CIVIC 2014,1,28647,28647,1
3280,2025-08-01,36,1,2,AUTO HONDA CIVIC 2014,1,28647,28647,2
3281,2025-08-03,66,2,2,AUTO HONDA CIVIC 2014,1,28647,28647,4
3282,2025-08-23,120,2,2,AUTO HONDA CIVIC 2014,1,28647,28647,3
3283,2025-08-10,36,1,3,AUTO HONDA ODISSEY 2013,1,28399,28399,1
3284,2025-08-01,61,1,3,AUTO HONDA ODISSEY 2013,1,28399,28399,3
3285,2025-08-13,135,1,3,AUTO HONDA ODISSEY 2013,1,28399,28399,3
3286,2025-08-07,100,2,3,AUTO HONDA ODISSEY 2013,1,28399,28399,2
3287,2025-08-13,8,1,3,AUTO HONDA ODISSEY 2013,1,28399,28399,3
3288,2025-08-08,92,1,3,AUTO HONDA ODISSEY 2013,1,28399,28399,2
3289,2025-08-06,78,1,3,AUTO HONDA ODISSEY 2013,1,28399,28399,2
3290,2025-08-04,50,2,4,AUTO HONDA CRV 2014,1,35696,35696,1
3291,2025-08-26,110,2,4,AUTO HONDA CRV 2014,1,35696,35696,4
3292,2025-08-09,166,1,4,AUTO HONDA CRV 2014,1,35696,35696,4
3293,2025-08-27,47,1,4,AUTO HONDA CRV 2014,1,35696,35696,3
3294,2025-08-28,79,1,4,AUTO HONDA CRV 2014,1,35696,35696,2
3295,2025-08-17,26,2,4,AUTO HONDA CRV 2014,1,35696,35696,4
3296,2025-08-02,116,1,5,AUTO HONDA PILOT 2013,1,32956,32956,4
3297,2025-08-06,189,1,5,AUTO HONDA PILOT 2013,1,32956,32956,4
3298,2025-08-10,109,2,6,AUTO HONDA FIT 2016,1,26067,26067,3
3299,2025-08-04,173,1,6,AUTO HONDA FIT 2016,1,26067,26067,3
3300,2025-08-26,101,2,6,AUTO HONDA FIT 2016,1,26067,26067,4
3301,2025-08-16,145,2,6,AUTO HONDA FIT 2016,1,26067,26067,2
3302,2025-08-01,16,1,6,AUTO HONDA FIT 2016,1,26067,26067,4
3303,2025-08-08,28,2,6,AUTO HONDA FIT 2016,1,26067,26067,1
3304,2025-08-17,29,2,7,AUTO HONDA CITY 2016,1,26820,26820,4
3305,2025-08-25,182,1,7,AUTO HONDA CITY 2016,1,26820,26820,2
3306,2025-08-05,170,1,7,AUTO HONDA CITY 2016,1,26820,26820,2
3307,2025-08-02,126,2,7,AUTO HONDA CITY 2016,1,26820,26820,1
3308,2025-08-03,49,1,7,AUTO HONDA CITY 2016,1,26820,26820,3
3309,2025-08-20,34,1,7,AUTO HONDA CITY 2016,1,26820,26820,3
3310,2025-08-03,181,1,8,CAMIONETA HONDA ELEMENT 2013,1,27035,27035,1
3311,2025-08-27,66,2,8,CAMIONETA HONDA ELEMENT 2013,1,27035,27035,1
3312,2025-08-21,2,1,8,CAMIONETA HONDA ELEMENT 2013,1,27035,27035,2
3313,2025-08-28,10,2,8,CAMIONETA HONDA ELEMENT 2013,1,27035,27035,2
3314,2025-08-13,140,2,8,CAMIONETA HONDA ELEMENT 2013,1,27035,27035,3
3315,2025-08-10,164,1,8,CAMIONETA HONDA ELEMENT 2013,1,27035,27035,3
3316,2025-08-25,66,1,9,CAMIONETA HONDA CROSSTOUR 2013,1,35765,35765,1
3317,2025-08-21,25,1,9,CAMIONETA HONDA CROSSTOUR 2013,1,35765,35765,1
3318,2025-08-10,158,1,10,CAMIONETA HONDA CR-Z 2015,1,37832,37832,1
3319,2025-08-07,125,2,10,CAMIONETA HONDA CR-Z 2015,1,37832,37832,4
3320,2025-08-15,163,1,11,CAMIONETA HONDA RID LINE PICK UP 2014,1,24840,24840,2
3321,2025-08-19,50,2,11,CAMIONETA HONDA RID LINE PICK UP 2014,1,24840,24840,3
3322,2025-08-19,78,2,11,CAMIONETA HONDA RID LINE PICK UP 2014,1,24840,24840,4
3323,2025-08-11,27,2,11,CAMIONETA HONDA RID LINE PICK UP 2014,1,24840,24840,2
3324,2025-08-05,133,1,11,CAMIONETA HONDA RID LINE PICK UP 2014,1,24840,24840,4
3325,2025-08-05,53,2,11,CAMIONETA HONDA RID LINE PICK UP 2014,1,24840,24840,1
3326,2025-08-11,125,2,38,ACEITE DE MOTOR 5W30 FULL SINTÉTICO,12,150,1800,4
3327,2025-08-17,200,1,38,ACEITE DE MOTOR 5W30 FULL SINTÉTICO,6,150,900,4
3328,2025-08-08,76,2,38,ACEITE DE MOTOR 5W30 FULL SINTÉTICO,8,150,1200,1
3329,2025-08-15,116,1,38,ACEITE DE MOTOR 5W30 FULL SINTÉTICO,5,150,750,3
3330,2025-08-12,119,1,38,ACEITE DE MOTOR 5W30 FULL SINTÉTICO,5,150,750,1
3331,2025-08-11,153,2,38,ACEITE DE MOTOR 5W30 FULL SINTÉTICO,3,150,450,3
3332,2025-08-24,72,1,38,ACEITE DE MOTOR 5W30 FULL SINTÉTICO,1,150,150,1
3333,2025-08-21,148,2,38,ACEITE DE MOTOR 5W30 FULL SINTÉTICO,9,150,1350,1
3334,2025-08-01,103,1,38,ACEITE DE MOTOR 5W30 FULL SINTÉTICO,16,150,2400,1
3335,2025-08-09,1,2,38,ACEITE DE MOTOR 5W30 FULL SINTÉTICO,13,150,1950,2
3336,2025-08-07,132,2,38,ACEITE DE MOTOR 5W30 FULL SINTÉTICO,6,150,900,3
3337,2025-08-13,36,1,38,ACEITE DE MOTOR 5W30 FULL SINTÉTICO,3,150,450,1
3338,2025-08-26,29,1,38,ACEITE DE MOTOR 5W30 FULL SINTÉTICO,12,150,1800,4
3339,2025-08-20,53,1,38,ACEITE DE MOTOR 5W30 FULL SINTÉTICO,7,150,1050,2
3340,2025-08-21,113,1,38,ACEITE DE MOTOR 5W30 FULL SINTÉTICO,12,150,1800,3
3341,2025-08-19,180,1,38,ACEITE DE MOTOR 5W30 FULL SINTÉTICO,5,150,750,1
3342,2025-08-05,119,2,38,ACEITE DE MOTOR 5W30 FULL SINTÉTICO,12,150,1800,3
3343,2025-08-10,59,1,38,ACEITE DE MOTOR 5W30 FULL SINTÉTICO,11,150,1650,3
3344,2025-08-25,77,1,38,ACEITE DE MOTOR 5W30 FULL SINTÉTICO,3,150,450,3
3345,2025-08-20,200,2,38,ACEITE DE MOTOR 5W30 FULL SINTÉTICO,5,150,750,4
3346,2025-08-25,63,2,39,FILTRO DE COMBUSTIBLE,4,129,516,2
3347,2025-08-26,71,2,39,FILTRO DE COMBUSTIBLE,5,129,645,1
3348,2025-08-12,83,1,39,FILTRO DE COMBUSTIBLE,4,129,516,1
3349,2025-08-10,50,1,39,FILTRO DE COMBUSTIBLE,1,129,129,4
3350,2025-08-28,144,1,40,AMORTIGUADORES DELANTEROS,5,312,1560,4
3351,2025-08-11,152,1,40,AMORTIGUADORES DELANTEROS,15,312,4680,4
3352,2025-08-06,200,2,40,AMORTIGUADORES DELANTEROS,13,312,4056,2
3353,2025-08-03,150,2,40,AMORTIGUADORES DELANTEROS,2,312,624,3
3354,2025-08-09,116,2,40,AMORTIGUADORES DELANTEROS,10,312,3120,1
3355,2025-08-27,140,2,40,AMORTIGUADORES DELANTEROS,18,312,5616,3
3356,2025-08-06,152,1,40,AMORTIGUADORES DELANTEROS,20,312,6240,1
3357,2025-08-09,128,1,40,AMORTIGUADORES DELANTEROS,18,312,5616,4
3358,2025-08-15,179,1,40,AMORTIGUADORES DELANTEROS,9,312,2808,1
3359,2025-08-07,180,2,41,AMORTIGUADORES POSTERIORES,1,119,119,3
3360,2025-08-05,151,2,41,AMORTIGUADORES POSTERIORES,16,119,1904,3
3361,2025-08-25,90,1,41,AMORTIGUADORES POSTERIORES,2,119,238,1
3362,2025-08-27,74,1,41,AMORTIGUADORES POSTERIORES,15,119,1785,2
3363,2025-08-22,90,2,41,AMORTIGUADORES POSTERIORES,11,119,1309,4
3364,2025-08-13,125,2,41,AMORTIGUADORES POSTERIORES,11,119,1309,3
3365,2025-08-19,84,1,41,AMORTIGUADORES POSTERIORES,4,119,476,3
3366,2025-08-24,110,1,41,AMORTIGUADORES POSTERIORES,13,119,1547,2
3367,2025-08-14,156,2,41,AMORTIGUADORES POSTERIORES,7,119,833,3
3368,2025-08-12,117,2,41,AMORTIGUADORES POSTERIORES,4,119,476,3
3369,2025-08-22,38,1,41,AMORTIGUADORES POSTERIORES,3,119,357,2
3370,2025-08-17,82,2,41,AMORTIGUADORES POSTERIORES,5,119,595,1
3371,2025-08-21,4,2,41,AMORTIGUADORES POSTERIORES,8,119,952,3
3372,2025-08-17,64,1,41,AMORTIGUADORES POSTERIORES,4,119,476,1
3373,2025-08-16,180,1,41,AMORTIGUADORES POSTERIORES,2,119,238,1
3374,2025-08-07,30,2,41,AMORTIGUADORES POSTERIORES,10,119,1190,4
3375,2025-08-10,89,1,41,AMORTIGUADORES POSTERIORES,11,119,1309,3
3376,2025-08-11,15,2,41,AMORTIGUADORES POSTERIORES,12,119,1428,3
3377,2025-08-25,189,2,41,AMORTIGUADORES POSTERIORES,11,119,1309,2
3378,2025-08-15,32,2,41,AMORTIGUADORES POSTERIORES,12,119,1428,1
3379,2025-08-13,92,2,41,AMORTIGUADORES POSTERIORES,2,119,238,3
3380,2025-08-09,141,1,41,AMORTIGUADORES POSTERIORES,4,119,476,2
3381,2025-08-22,68,1,41,AMORTIGUADORES POSTERIORES,1,119,119,2
3382,2025-08-08,116,2,42,"LLANTAS 18""",16,76,1216,1
3383,2025-08-23,28,2,42,"LLANTAS 18""",16,76,1216,1
3384,2025-08-19,14,1,42,"LLANTAS 18""",16,76,1216,1
3385,2025-08-13,112,1,42,"LLANTAS 18""",4,76,304,1
3386,2025-08-04,63,2,42,"LLANTAS 18""",10,76,760,2
3387,2025-08-02,185,2,42,"LLANTAS 18""",19,76,1444,1
3388,2025-08-02,49,1,42,"LLANTAS 18""",2,76,152,2
3389,2025-08-10,84,1,42,"LLANTAS 18""",13,76,988,1
3390,2025-08-20,162,1,42,"LLANTAS 18""",6,76,456,4
3391,2025-08-27,120,1,42,"LLANTAS 18""",4,76,304,3
3392,2025-08-15,132,1,42,"LLANTAS 18""",1,76,76,3
3393,2025-08-21,61,2,43,BATERÍA DE 18 PLACAS,18,90,1620,4
3394,2025-08-28,163,2,43,BATERÍA DE 18 PLACAS,6,90,540,3
3395,2025-08-28,67,2,43,BATERÍA DE 18 PLACAS,16,90,1440,3
3396,2025-08-23,92,2,43,BATERÍA DE 18 PLACAS,1,90,90,2
3397,2025-08-07,29,2,43,BATERÍA DE 18 PLACAS,20,90,1800,3
3398,2025-08-12,155,1,43,BATERÍA DE 18 PLACAS,6,90,540,1
3399,2025-08-24,119,1,43,BATERÍA DE 18 PLACAS,18,90,1620,3
3400,2025-08-06,111,1,43,BATERÍA DE 18 PLACAS,4,90,360,1
3401,2025-08-26,3,1,43,BATERÍA DE 18 PLACAS,1,90,90,1
3402,2025-09-09,175,2,1,AUTO HONDA ACCORD 2014,1,27325,27325,4
3403,2025-09-07,5,1,1,AUTO HONDA ACCORD 2014,1,27325,27325,3
3404,2025-09-24,97,2,1,AUTO HONDA ACCORD 2014,1,27325,27325,3
3405,2025-09-28,76,1,2,AUTO HONDA CIVIC 2014,1,25382,25382,1
3406,2025-09-15,183,1,2,AUTO HONDA CIVIC 2014,1,25382,25382,2
3407,2025-09-27,144,2,3,AUTO HONDA ODISSEY 2013,1,31337,31337,2
3408,2025-09-13,175,2,4,AUTO HONDA CRV 2014,1,29404,29404,2
3409,2025-09-26,98,1,4,AUTO HONDA CRV 2014,1,29404,29404,1
3410,2025-09-15,184,1,4,AUTO HONDA CRV 2014,1,29404,29404,2
3411,2025-09-14,55,2,4,AUTO HONDA CRV 2014,1,29404,29404,2
3412,2025-09-28,68,1,4,AUTO HONDA CRV 2014,1,29404,29404,4
3413,2025-09-05,102,1,5,AUTO HONDA PILOT 2013,1,30008,30008,2
3414,2025-09-25,145,2,5,AUTO HONDA PILOT 2013,1,30008,30008,2
3415,2025-09-07,35,1,5,AUTO HONDA PILOT 2013,1,30008,30008,2
3416,2025-09-10,43,2,5,AUTO HONDA PILOT 2013,1,30008,30008,4
3417,2025-09-09,86,2,5,AUTO HONDA PILOT 2013,1,30008,30008,1
3418,2025-09-08,13,1,5,AUTO HONDA PILOT 2013,1,30008,30008,4
3419,2025-09-25,100,1,5,AUTO HONDA PILOT 2013,1,30008,30008,3
3420,2025-09-12,118,1,6,AUTO HONDA FIT 2016,1,26262,26262,1
3421,2025-09-16,109,2,6,AUTO HONDA FIT 2016,1,26262,26262,3
3422,2025-09-23,16,1,6,AUTO HONDA FIT 2016,1,26262,26262,2
3423,2025-09-05,155,1,6,AUTO HONDA FIT 2016,1,26262,26262,3
3424,2025-09-05,78,2,6,AUTO HONDA FIT 2016,1,26262,26262,3
3425,2025-09-20,46,1,7,AUTO HONDA CITY 2016,1,31107,31107,4
3426,2025-09-24,171,1,7,AUTO HONDA CITY 2016,1,31107,31107,2
3427,2025-09-19,20,2,7,AUTO HONDA CITY 2016,1,31107,31107,2
3428,2025-09-11,2,1,8,CAMIONETA HONDA ELEMENT 2013,1,35830,35830,1
3429,2025-09-12,188,1,8,CAMIONETA HONDA ELEMENT 2013,1,35830,35830,3
3430,2025-09-17,183,2,8,CAMIONETA HONDA ELEMENT 2013,1,35830,35830,2
3431,2025-09-15,28,2,9,CAMIONETA HONDA CROSSTOUR 2013,1,32411,32411,3
3432,2025-09-22,187,2,9,CAMIONETA HONDA CROSSTOUR 2013,1,32411,32411,4
3433,2025-09-19,35,1,9,CAMIONETA HONDA CROSSTOUR 2013,1,32411,32411,1
3434,2025-09-08,180,1,10,CAMIONETA HONDA CR-Z 2015,1,30171,30171,2
3435,2025-09-13,40,1,10,CAMIONETA HONDA CR-Z 2015,1,30171,30171,2
3436,2025-09-10,44,1,10,CAMIONETA HONDA CR-Z 2015,1,30171,30171,4
3437,2025-09-28,173,2,10,CAMIONETA HONDA CR-Z 2015,1,30171,30171,2
3438,2025-09-27,28,2,10,CAMIONETA HONDA CR-Z 2015,1,30171,30171,4
3439,2025-09-18,148,2,11,CAMIONETA HONDA RID LINE PICK UP 2014,1,39521,39521,3
3440,2025-09-22,95,1,11,CAMIONETA HONDA RID LINE PICK UP 2014,1,39521,39521,1
3441,2025-09-09,156,1,11,CAMIONETA HONDA RID LINE PICK UP 2014,1,39521,39521,1
3442,2025-09-27,14,2,11,CAMIONETA HONDA RID LINE PICK UP 2014,1,39521,39521,1
3443,2025-09-17,129,1,38,ACEITE DE MOTOR 5W30 FULL SINTÉTICO,20,112,2240,1
3444,2025-09-21,124,2,38,ACEITE DE MOTOR 5W30 FULL SINTÉTICO,9,112,1008,3
3445,2025-09-07,10,1,38,ACEITE DE MOTOR 5W30 FULL SINTÉTICO,16,112,1792,4
3446,2025-09-08,11,2,38,ACEITE DE MOTOR 5W30 FULL SINTÉTICO,19,112,2128,2
3447,2025-09-01,6,1,38,ACEITE DE MOTOR 5W30 FULL SINTÉTICO,17,112,1904,4
3448,2025-09-21,190,2,38,ACEITE DE MOTOR 5W30 FULL SINTÉTICO,10,112,1120,4
3449,2025-09-23,65,1,38,ACEITE DE MOTOR 5W30 FULL SINTÉTICO,18,112,2016,3
3450,2025-09-10,140,1,38,ACEITE DE MOTOR 5W30 FULL SINTÉTICO,2,112,224,1
3451,2025-09-18,2,2,38,ACEITE DE MOTOR 5W30 FULL SINTÉTICO,3,112,336,4
3452,2025-09-02,72,1,38,ACEITE DE MOTOR 5W30 FULL SINTÉTICO,15,112,1680,3
3453,2025-09-22,115,2,39,FILTRO DE COMBUSTIBLE,3,133,399,2
3454,2025-09-02,123,1,39,FILTRO DE COMBUSTIBLE,10,133,1330,1
3455,2025-09-28,155,1,39,FILTRO DE COMBUSTIBLE,1,133,133,4
3456,2025-09-22,42,1,39,FILTRO DE COMBUSTIBLE,1,133,133,4
3457,2025-09-19,191,1,40,AMORTIGUADORES DELANTEROS,6,271,1626,3
3458,2025-09-13,81,2,40,AMORTIGUADORES DELANTEROS,10,271,2710,2
3459,2025-09-13,33,2,40,AMORTIGUADORES DELANTEROS,2,271,542,4
3460,2025-09-16,152,2,40,AMORTIGUADORES DELANTEROS,19,271,5149,3
3461,2025-09-24,180,1,40,AMORTIGUADORES DELANTEROS,3,271,813,2
3462,2025-09-19,11,1,40,AMORTIGUADORES DELANTEROS,18,271,4878,2
3463,2025-09-07,56,1,40,AMORTIGUADORES DELANTEROS,14,271,3794,1
3464,2025-09-25,37,2,40,AMORTIGUADORES DELANTEROS,3,271,813,1
3465,2025-09-15,68,2,40,AMORTIGUADORES DELANTEROS,4,271,1084,2
3466,2025-09-26,156,2,40,AMORTIGUADORES DELANTEROS,2,271,542,3
3467,2025-09-16,175,2,41,AMORTIGUADORES POSTERIORES,8,126,1008,4
3468,2025-09-17,104,1,41,AMORTIGUADORES POSTERIORES,19,126,2394,1
3469,2025-09-25,97,2,41,AMORTIGUADORES POSTERIORES,12,126,1512,2
3470,2025-09-26,122,1,41,AMORTIGUADORES POSTERIORES,14,126,1764,2
3471,2025-09-09,57,2,41,AMORTIGUADORES POSTERIORES,9,126,1134,1
3472,2025-09-11,118,2,41,AMORTIGUADORES POSTERIORES,3,126,378,2
3473,2025-09-15,42,2,41,AMORTIGUADORES POSTERIORES,2,126,252,4
3474,2025-09-27,50,2,41,AMORTIGUADORES POSTERIORES,18,126,2268,4
3475,2025-09-24,151,1,41,AMORTIGUADORES POSTERIORES,7,126,882,1
3476,2025-09-11,85,1,41,AMORTIGUADORES POSTERIORES,2,126,252,3
3477,2025-09-03,143,2,41,AMORTIGUADORES POSTERIORES,16,126,2016,1
3478,2025-09-02,48,1,41,AMORTIGUADORES POSTERIORES,3,126,378,1
3479,2025-09-04,132,1,41,AMORTIGUADORES POSTERIORES,3,126,378,3
3480,2025-09-11,10,2,41,AMORTIGUADORES POSTERIORES,5,126,630,2
3481,2025-09-03,19,1,41,AMORTIGUADORES POSTERIORES,1,126,126,3
3482,2025-09-15,148,2,41,AMORTIGUADORES POSTERIORES,1,126,126,4
3483,2025-09-14,171,2,42,"LLANTAS 18""",9,82,738,3
3484,2025-09-04,179,1,42,"LLANTAS 18""",13,82,1066,2
3485,2025-09-04,103,2,42,"LLANTAS 18""",2,82,164,3
3486,2025-09-06,1,1,42,"LLANTAS 18""",11,82,902,2
3487,2025-09-05,127,1,42,"LLANTAS 18""",19,82,1558,2
3488,2025-09-27,124,1,42,"LLANTAS 18""",3,82,246,3
3489,2025-09-25,139,1,42,"LLANTAS 18""",5,82,410,3
3490,2025-09-18,118,2,42,"LLANTAS 18""",4,82,328,3
3491,2025-09-09,19,2,42,"LLANTAS 18""",5,82,410,2
3492,2025-09-16,195,1,43,BATERÍA DE 18 PLACAS,15,129,1935,1
3493,2025-09-05,63,2,43,BATERÍA DE 18 PLACAS,12,129,1548,3
3494,2025-09-13,48,1,43,BATERÍA DE 18 PLACAS,4,129,516,4
3495,2025-09-24,183,1,43,BATERÍA DE 18 PLACAS,12,129,1548,4
3496,2025-09-15,55,2,43,BATERÍA DE 18 PLACAS,7,129,903,2
3497,2025-09-04,71,1,43,BATERÍA DE 18 PLACAS,7,129,903,2
3498,2025-10-05,63,2,1,AUTO HONDA ACCORD 2014,1,29759,29759,2
3499,2025-10-06,88,1,1,AUTO HONDA ACCORD 2014,1,29759,29759,2
3500,2025-10-04,72,2,1,AUTO HONDA ACCORD 2014,1,29759,29759,3
3501,2025-10-26,63,1,2,AUTO HONDA CIVIC 2014,1,21526,21526,4
3502,2025-10-07,94,2,3,AUTO HONDA ODISSEY 2013,1,26815,26815,3
3503,2025-10-15,11,2,3,AUTO HONDA ODISSEY 2013,1,26815,26815,3
3504,2025-10-22,95,2,3,AUTO HONDA ODISSEY 2013,1,26815,26815,2
3505,2025-10-14,149,1,3,AUTO HONDA ODISSEY 2013,1,26815,26815,2
3506,2025-10-09,92,1,3,AUTO HONDA ODISSEY 2013,1,26815,26815,1
3507,2025-10-02,148,1,3,AUTO HONDA ODISSEY 2013,1,26815,26815,2
3508,2025-10-23,168,1,3,AUTO HONDA ODISSEY 2013,1,26815,26815,1
3509,2025-10-21,145,2,3,AUTO HONDA ODISSEY 2013,1,26815,26815,4
3510,2025-10-10,169,1,4,AUTO HONDA CRV 2014,1,35915,35915,2
3511,2025-10-13,147,1,4,AUTO HONDA CRV 2014,1,35915,35915,4
3512,2025-10-18,49,1,4,AUTO HONDA CRV 2014,1,35915,35915,2
3513,2025-10-16,73,2,4,AUTO HONDA CRV 2014,1,35915,35915,1
3514,2025-10-12,176,2,5,AUTO HONDA PILOT 2013,1,29844,29844,1
3515,2025-10-27,200,2,5,AUTO HONDA PILOT 2013,1,29844,29844,2
3516,2025-10-24,36,1,6,AUTO HONDA FIT 2016,1,22872,22872,1
3517,2025-10-09,116,1,6,AUTO HONDA FIT 2016,1,22872,22872,3
3518,2025-10-21,177,2,6,AUTO HONDA FIT 2016,1,22872,22872,3
3519,2025-10-09,73,1,6,AUTO HONDA FIT 2016,1,22872,22872,2
3520,2025-10-17,161,1,6,AUTO HONDA FIT 2016,1,22872,22872,3
3521,2025-10-13,81,1,7,AUTO HONDA CITY 2016,1,32522,32522,1
3522,2025-10-21,35,1,7,AUTO HONDA CITY 2016,1,32522,32522,4
3523,2025-10-23,17,2,7,AUTO HONDA CITY 2016,1,32522,32522,2
3524,2025-10-27,135,1,7,AUTO HONDA CITY 2016,1,32522,32522,4
3525,2025-10-08,124,2,8,CAMIONETA HONDA ELEMENT 2013,1,47594,47594,1
3526,2025-10-17,185,1,8,CAMIONETA HONDA ELEMENT 2013,1,47594,47594,4
3527,2025-10-02,147,2,8,CAMIONETA HONDA ELEMENT 2013,1,47594,47594,4
3528,2025-10-08,137,1,8,CAMIONETA HONDA ELEMENT 2013,1,47594,47594,3
3529,2025-10-07,130,2,9,CAMIONETA HONDA CROSSTOUR 2013,1,35657,35657,4
3530,2025-10-06,76,1,10,CAMIONETA HONDA CR-Z 2015,1,27544,27544,3
3531,2025-10-15,66,2,10,CAMIONETA HONDA CR-Z 2015,1,27544,27544,3
3532,2025-10-15,13,2,10,CAMIONETA HONDA CR-Z 2015,1,27544,27544,1
3533,2025-10-28,25,1,11,CAMIONETA HONDA RID LINE PICK UP 2014,1,40232,40232,2
3534,2025-10-21,118,2,11,CAMIONETA HONDA RID LINE PICK UP 2014,1,40232,40232,1
3535,2025-10-27,114,2,11,CAMIONETA HONDA RID LINE PICK UP 2014,1,40232,40232,2
3536,2025-10-19,109,2,38,ACEITE DE MOTOR 5W30 FULL SINTÉTICO,7,99,693,2
3537,2025-10-25,73,1,38,ACEITE DE MOTOR 5W30 FULL SINTÉTICO,9,99,891,1
3538,2025-10-23,136,1,38,ACEITE DE MOTOR 5W30 FULL SINTÉTICO,15,99,1485,2
3539,2025-10-28,88,1,38,ACEITE DE MOTOR 5W30 FULL SINTÉTICO,5,99,495,1
3540,2025-10-26,126,1,38,ACEITE DE MOTOR 5W30 FULL SINTÉTICO,4,99,396,3
3541,2025-10-08,82,2,38,ACEITE DE MOTOR 5W30 FULL SINTÉTICO,2,99,198,3
3542,2025-10-19,182,1,38,ACEITE DE MOTOR 5W30 FULL SINTÉTICO,2,99,198,4
3543,2025-10-04,9,2,39,FILTRO DE COMBUSTIBLE,6,104,624,4
3544,2025-10-26,134,1,39,FILTRO DE COMBUSTIBLE,5,104,520,1
3545,2025-10-22,171,1,40,AMORTIGUADORES DELANTEROS,7,304,2128,1
3546,2025-10-26,36,1,40,AMORTIGUADORES DELANTEROS,20,304,6080,1
3547,2025-10-01,45,1,40,AMORTIGUADORES DELANTEROS,12,304,3648,1
3548,2025-10-01,64,2,40,AMORTIGUADORES DELANTEROS,18,304,5472,3
3549,2025-10-22,44,2,40,AMORTIGUADORES DELANTEROS,9,304,2736,1
3550,2025-10-05,55,2,40,AMORTIGUADORES DELANTEROS,20,304,6080,4
3551,2025-10-17,141,2,40,AMORTIGUADORES DELANTEROS,19,304,5776,4
3552,2025-10-05,24,2,40,AMORTIGUADORES DELANTEROS,1,304,304,3
3553,2025-10-23,65,2,40,AMORTIGUADORES DELANTEROS,2,304,608,2
3554,2025-10-18,98,2,40,AMORTIGUADORES DELANTEROS,2,304,608,2
3555,2025-10-16,153,1,40,AMORTIGUADORES DELANTEROS,4,304,1216,1
3556,2025-10-14,171,2,40,AMORTIGUADORES DELANTEROS,15,304,4560,3
3557,2025-10-20,91,2,40,AMORTIGUADORES DELANTEROS,11,304,3344,3
3558,2025-10-23,112,2,40,AMORTIGUADORES DELANTEROS,10,304,3040,2
3559,2025-10-10,196,1,40,AMORTIGUADORES DELANTEROS,4,304,1216,4
3560,2025-10-27,41,2,41,AMORTIGUADORES POSTERIORES,2,116,232,3
3561,2025-10-21,191,1,41,AMORTIGUADORES POSTERIORES,15,116,1740,1
3562,2025-10-07,188,1,41,AMORTIGUADORES POSTERIORES,12,116,1392,4
3563,2025-10-18,23,1,41,AMORTIGUADORES POSTERIORES,19,116,2204,2
3564,2025-10-01,57,1,41,AMORTIGUADORES POSTERIORES,19,116,2204,3
3565,2025-10-09,181,1,41,AMORTIGUADORES POSTERIORES,19,116,2204,2
3566,2025-10-24,12,2,41,AMORTIGUADORES POSTERIORES,7,116,812,1
3567,2025-10-15,180,2,41,AMORTIGUADORES POSTERIORES,19,116,2204,3
3568,2025-10-25,20,1,41,AMORTIGUADORES POSTERIORES,6,116,696,1
3569,2025-10-21,168,1,41,AMORTIGUADORES POSTERIORES,7,116,812,2
3570,2025-10-23,117,2,42,"LLANTAS 18""",9,55,495,1
3571,2025-10-17,169,1,42,"LLANTAS 18""",5,55,275,3
3572,2025-10-06,136,2,42,"LLANTAS 18""",4,55,220,3
3573,2025-10-28,25,1,42,"LLANTAS 18""",12,55,660,3
3574,2025-10-03,6,1,42,"LLANTAS 18""",18,55,990,3
3575,2025-10-01,68,2,42,"LLANTAS 18""",15,55,825,2
3576,2025-10-24,6,2,42,"LLANTAS 18""",15,55,825,4
3577,2025-10-01,85,2,42,"LLANTAS 18""",15,55,825,3
3578,2025-10-13,162,2,42,"LLANTAS 18""",6,55,330,3
3579,2025-10-26,6,1,42,"LLANTAS 18""",2,55,110,2
3580,2025-10-06,159,2,42,"LLANTAS 18""",6,55,330,4
3581,2025-10-15,97,2,42,"LLANTAS 18""",3,55,165,1
3582,2025-10-22,118,2,42,"LLANTAS 18""",1,55,55,1
3583,2025-10-04,92,1,43,BATERÍA DE 18 PLACAS,18,118,2124,1
3584,2025-10-13,133,2,43,BATERÍA DE 18 PLACAS,11,118,1298,1
3585,2025-10-01,7,2,43,BATERÍA DE 18 PLACAS,13,118,1534,1
3586,2025-10-24,153,1,43,BATERÍA DE 18 PLACAS,2,118,236,1
3587,2025-11-22,83,1,1,AUTO HONDA ACCORD 2014,1,30018,30018,2
3588,2025-11-21,144,2,1,AUTO HONDA ACCORD 2014,1,30018,30018,3
3589,2025-11-16,34,1,1,AUTO HONDA ACCORD 2014,1,30018,30018,3
3590,2025-11-18,164,2,1,AUTO HONDA ACCORD 2014,1,30018,30018,1
3591,2025-11-24,170,2,1,AUTO HONDA ACCORD 2014,1,30018,30018,4
3592,2025-11-15,139,1,1,AUTO HONDA ACCORD 2014,1,30018,30018,4
3593,2025-11-26,152,2,2,AUTO HONDA CIVIC 2014,1,31736,31736,2
3594,2025-11-11,167,2,2,AUTO HONDA CIVIC 2014,1,31736,31736,4
3595,2025-11-05,21,2,2,AUTO HONDA CIVIC 2014,1,31736,31736,4
3596,2025-11-23,140,2,2,AUTO HONDA CIVIC 2014,1,31736,31736,4
3597,2025-11-14,108,2,2,AUTO HONDA CIVIC 2014,1,31736,31736,4
3598,2025-11-25,53,1,2,AUTO HONDA CIVIC 2014,1,31736,31736,2
3599,2025-11-27,31,1,3,AUTO HONDA ODISSEY 2013,1,23675,23675,3
3600,2025-11-24,7,1,3,AUTO HONDA ODISSEY 2013,1,23675,23675,2
3601,2025-11-24,157,2,3,AUTO HONDA ODISSEY 2013,1,23675,23675,3
3602,2025-11-23,119,2,3,AUTO HONDA ODISSEY 2013,1,23675,23675,1
3603,2025-11-27,181,1,4,AUTO HONDA CRV 2014,1,26801,26801,3
3604,2025-11-19,50,2,5,AUTO HONDA PILOT 2013,1,25368,25368,1
3605,2025-11-10,76,1,5,AUTO HONDA PILOT 2013,1,25368,25368,2
3606,2025-11-26,123,2,5,AUTO HONDA PILOT 2013,1,25368,25368,1
3607,2025-11-03,7,2,5,AUTO HONDA PILOT 2013,1,25368,25368,4
3608,2025-11-15,28,2,6,AUTO HONDA FIT 2016,1,27630,27630,4
3609,2025-11-07,197,2,6,AUTO HONDA FIT 2016,1,27630,27630,2
3610,2025-11-23,11,2,6,AUTO HONDA FIT 2016,1,27630,27630,4
3611,2025-11-18,112,2,6,AUTO HONDA FIT 2016,1,27630,27630,2
3612,2025-11-10,131,1,6,AUTO HONDA FIT 2016,1,27630,27630,2
3613,2025-11-20,113,2,6,AUTO HONDA FIT 2016,1,27630,27630,2
3614,2025-11-07,72,1,7,AUTO HONDA CITY 2016,1,15924,15924,4
3615,2025-11-05,29,1,7,AUTO HONDA CITY 2016,1,15924,15924,1
3616,2025-11-06,30,1,8,CAMIONETA HONDA ELEMENT 2013,1,43373,43373,2
3617,2025-11-09,83,1,8,CAMIONETA HONDA ELEMENT 2013,1,43373,43373,2
3618,2025-11-13,59,1,9,CAMIONETA HONDA CROSSTOUR 2013,1,37280,37280,4
3619,2025-11-01,163,1,9,CAMIONETA HONDA CROSSTOUR 2013,1,37280,37280,2
3620,2025-11-22,194,2,10,CAMIONETA HONDA CR-Z 2015,1,31089,31089,4
3621,2025-11-17,22,2,10,CAMIONETA HONDA CR-Z 2015,1,31089,31089,3
3622,2025-11-14,145,2,11,CAMIONETA HONDA RID LINE PICK UP 2014,1,26959,26959,2
3623,2025-11-11,136,1,11,CAMIONETA HONDA RID LINE PICK UP 2014,1,26959,26959,1
3624,2025-11-24,129,2,11,CAMIONETA HONDA RID LINE PICK UP 2014,1,26959,26959,4
3625,2025-11-19,34,1,11,CAMIONETA HONDA RID LINE PICK UP 2014,1,26959,26959,2
3626,2025-11-02,102,2,38,ACEITE DE MOTOR 5W30 FULL SINTÉTICO,3,125,375,2
3627,2025-11-07,59,2,38,ACEITE DE MOTOR 5W30 FULL SINTÉTICO,19,125,2375,2
3628,2025-11-27,13,2,38,ACEITE DE MOTOR 5W30 FULL SINTÉTICO,18,125,2250,4
3629,2025-11-08,24,2,38,ACEITE DE MOTOR 5W30 FULL SINTÉTICO,11,125,1375,1
3630,2025-11-03,50,2,38,ACEITE DE MOTOR 5W30 FULL SINTÉTICO,14,125,1750,3
3631,2025-11-12,29,1,38,ACEITE DE MOTOR 5W30 FULL SINTÉTICO,19,125,2375,4
3632,2025-11-27,164,2,38,ACEITE DE MOTOR 5W30 FULL SINTÉTICO,6,125,750,2
3633,2025-11-26,26,1,38,ACEITE DE MOTOR 5W30 FULL SINTÉTICO,16,125,2000,4
3634,2025-11-28,91,2,38,ACEITE DE MOTOR 5W30 FULL SINTÉTICO,7,125,875,4
3635,2025-11-07,157,2,38,ACEITE DE MOTOR 5W30 FULL SINTÉTICO,4,125,500,4
3636,2025-11-21,104,1,38,ACEITE DE MOTOR 5W30 FULL SINTÉTICO,1,125,125,2
3637,2025-11-10,174,2,39,FILTRO DE COMBUSTIBLE,16,132,2112,4
3638,2025-11-19,156,2,39,FILTRO DE COMBUSTIBLE,3,132,396,1
3639,2025-11-27,170,2,39,FILTRO DE COMBUSTIBLE,1,132,132,3
3640,2025-11-04,160,1,40,AMORTIGUADORES DELANTEROS,5,298,1490,1
3641,2025-11-03,27,1,40,AMORTIGUADORES DELANTEROS,5,298,1490,4
3642,2025-11-23,184,1,40,AMORTIGUADORES DELANTEROS,4,298,1192,3
3643,2025-11-08,111,2,40,AMORTIGUADORES DELANTEROS,5,298,1490,4
3644,2025-11-28,116,2,40,AMORTIGUADORES DELANTEROS,1,298,298,1
3645,2025-11-13,162,2,40,AMORTIGUADORES DELANTEROS,20,298,5960,1
3646,2025-11-10,184,1,40,AMORTIGUADORES DELANTEROS,2,298,596,4
3647,2025-11-22,54,1,40,AMORTIGUADORES DELANTEROS,8,298,2384,4
3648,2025-11-17,8,1,40,AMORTIGUADORES DELANTEROS,4,298,1192,4
3649,2025-11-06,166,1,40,AMORTIGUADORES DELANTEROS,4,298,1192,3
3650,2025-11-25,195,2,40,AMORTIGUADORES DELANTEROS,3,298,894,1
3651,2025-11-12,190,1,40,AMORTIGUADORES DELANTEROS,3,298,894,4
3652,2025-11-14,10,2,40,AMORTIGUADORES DELANTEROS,17,298,5066,3
3653,2025-11-09,112,2,40,AMORTIGUADORES DELANTEROS,9,298,2682,2
3654,2025-11-21,58,2,40,AMORTIGUADORES DELANTEROS,5,298,1490,3
3655,2025-11-22,47,1,40,AMORTIGUADORES DELANTEROS,11,298,3278,1
3656,2025-11-27,183,2,40,AMORTIGUADORES DELANTEROS,11,298,3278,1
3657,2025-11-23,120,1,40,AMORTIGUADORES DELANTEROS,2,298,596,3
3658,2025-11-01,193,2,40,AMORTIGUADORES DELANTEROS,3,298,894,4
3659,2025-11-25,5,1,40,AMORTIGUADORES DELANTEROS,2,298,596,4
3660,2025-11-28,92,1,40,AMORTIGUADORES DELANTEROS,1,298,298,1
3661,2025-11-26,80,2,41,AMORTIGUADORES POSTERIORES,18,118,2124,2
3662,2025-11-06,40,1,41,AMORTIGUADORES POSTERIORES,4,118,472,1
3663,2025-11-21,119,2,41,AMORTIGUADORES POSTERIORES,7,118,826,4
3664,2025-11-19,165,1,41,AMORTIGUADORES POSTERIORES,16,118,1888,4
3665,2025-11-14,131,2,41,AMORTIGUADORES POSTERIORES,16,118,1888,1
3666,2025-11-26,3,2,41,AMORTIGUADORES POSTERIORES,4,118,472,4
3667,2025-11-05,18,2,41,AMORTIGUADORES POSTERIORES,20,118,2360,4
3668,2025-11-25,83,2,41,AMORTIGUADORES POSTERIORES,6,118,708,1
3669,2025-11-12,45,2,41,AMORTIGUADORES POSTERIORES,1,118,118,1
3670,2025-11-25,145,2,41,AMORTIGUADORES POSTERIORES,17,118,2006,3
3671,2025-11-04,155,2,41,AMORTIGUADORES POSTERIORES,5,118,590,3
3672,2025-11-02,109,2,41,AMORTIGUADORES POSTERIORES,9,118,1062,4
3673,2025-11-07,11,1,41,AMORTIGUADORES POSTERIORES,1,118,118,4
3674,2025-11-03,170,1,41,AMORTIGUADORES POSTERIORES,1,118,118,4
3675,2025-11-08,41,2,42,"LLANTAS 18""",16,96,1536,2
3676,2025-11-20,28,2,42,"LLANTAS 18""",16,96,1536,3
3677,2025-11-25,21,2,42,"LLANTAS 18""",1,96,96,3
3678,2025-11-20,153,2,42,"LLANTAS 18""",17,96,1632,1
3679,2025-11-01,160,2,42,"LLANTAS 18""",9,96,864,3
3680,2025-11-15,135,2,42,"LLANTAS 18""",10,96,960,2
3681,2025-11-04,39,1,42,"LLANTAS 18""",13,96,1248,4
3682,2025-11-27,88,1,42,"LLANTAS 18""",6,96,576,1
3683,2025-11-18,143,2,42,"LLANTAS 18""",12,96,1152,3
3684,2025-11-01,77,2,42,"LLANTAS 18""",16,96,1536,3
3685,2025-11-07,115,1,42,"LLANTAS 18""",2,96,192,4
3686,2025-11-14,126,2,42,"LLANTAS 18""",8,96,768,3
3687,2025-11-28,143,1,42,"LLANTAS 18""",6,96,576,2
3688,2025-11-20,82,2,42,"LLANTAS 18""",6,96,576,3
3689,2025-11-25,5,2,42,"LLANTAS 18""",13,96,1248,1
3690,2025-11-10,150,2,42,"LLANTAS 18""",1,96,96,2
3691,2025-11-19,126,2,42,"LLANTAS 18""",2,96,192,1
3692,2025-11-27,99,1,42,"LLANTAS 18""",1,96,96,3
3693,2025-11-02,58,2,43,BATERÍA DE 18 PLACAS,1,115,115,3
3694,2025-11-24,105,2,43,BATERÍA DE 18 PLACAS,9,115,1035,3
3695,2025-11-25,110,1,43,BATERÍA DE 18 PLACAS,20,115,2300,4
3696,2025-11-26,55,1,43,BATERÍA DE 18 PLACAS,2,115,230,2
3697,2025-11-18,17,1,43,BATERÍA DE 18 PLACAS,8,115,920,1
3698,2025-11-16,24,2,43,BATERÍA DE 18 PLACAS,3,115,345,4
3699,2025-11-11,147,2,43,BATERÍA DE 18 PLACAS,3,115,345,4
3700,2025-11-25,16,1,43,BATERÍA DE 18 PLACAS,1,115,115,3
3701,2025-12-11,69,2,1,AUTO HONDA ACCORD 2014,1,26847,26847,2
3702,2025-12-22,184,1,1,AUTO HONDA ACCORD 2014,1,26847,26847,4
3703,2025-12-06,26,2,1,AUTO HONDA ACCORD 2014,1,26847,26847,4
3704,2025-12-20,9,2,2,AUTO HONDA CIVIC 2014,1,26946,26946,4
3705,2025-12-20,65,1,2,AUTO HONDA CIVIC 2014,1,26946,26946,4
3706,2025-12-20,116,1,2,AUTO HONDA CIVIC 2014,1,26946,26946,1
3707,2025-12-06,77,2,2,AUTO HONDA CIVIC 2014,1,26946,26946,1
3708,2025-12-24,55,1,2,AUTO HONDA CIVIC 2014,1,26946,26946,1
3709,2025-12-18,116,1,2,AUTO HONDA CIVIC 2014,1,26946,26946,2
3710,2025-12-22,46,1,2,AUTO HONDA CIVIC 2014,1,26946,26946,3
3711,2025-12-10,44,2,3,AUTO HONDA ODISSEY 2013,1,23444,23444,1
3712,2025-12-20,134,1,3,AUTO HONDA ODISSEY 2013,1,23444,23444,3
3713,2025-12-06,183,2,3,AUTO HONDA ODISSEY 2013,1,23444,23444,3
3714,2025-12-15,21,2,4,AUTO HONDA CRV 2014,1,28657,28657,3
3715,2025-12-05,110,2,4,AUTO HONDA CRV 2014,1,28657,28657,3
3716,2025-12-10,118,1,4,AUTO HONDA CRV 2014,1,28657,28657,3
3717,2025-12-10,47,1,4,AUTO HONDA CRV 2014,1,28657,28657,4
3718,2025-12-24,118,1,5,AUTO HONDA PILOT 2013,1,30233,30233,1
3719,2025-12-03,166,2,5,AUTO HONDA PILOT 2013,1,30233,30233,1
3720,2025-12-08,127,2,5,AUTO HONDA PILOT 2013,1,30233,30233,2
3721,2025-12-27,172,1,5,AUTO HONDA PILOT 2013,1,30233,30233,4
3722,2025-12-08,1,1,5,AUTO HONDA PILOT 2013,1,30233,30233,3
3723,2025-12-14,131,1,6,AUTO HONDA FIT 2016,1,30048,30048,3
3724,2025-12-02,78,1,6,AUTO HONDA FIT 2016,1,30048,30048,1
3725,2025-12-03,178,1,6,AUTO HONDA FIT 2016,1,30048,30048,4
3726,2025-12-20,78,2,6,AUTO HONDA FIT 2016,1,30048,30048,4
3727,2025-12-15,132,1,6,AUTO HONDA FIT 2016,1,30048,30048,4
3728,2025-12-28,133,2,7,AUTO HONDA CITY 2016,1,21572,21572,2
3729,2025-12-10,34,2,7,AUTO HONDA CITY 2016,1,21572,21572,3
3730,2025-12-16,190,1,7,AUTO HONDA CITY 2016,1,21572,21572,1
3731,2025-12-05,140,1,7,AUTO HONDA CITY 2016,1,21572,21572,2
3732,2025-12-08,168,2,8,CAMIONETA HONDA ELEMENT 2013,1,38880,38880,1
3733,2025-12-25,129,1,8,CAMIONETA HONDA ELEMENT 2013,1,38880,38880,4
3734,2025-12-07,36,1,8,CAMIONETA HONDA ELEMENT 2013,1,38880,38880,4
3735,2025-12-11,58,1,8,CAMIONETA HONDA ELEMENT 2013,1,38880,38880,4
3736,2025-12-22,93,1,8,CAMIONETA HONDA ELEMENT 2013,1,38880,38880,4
3737,2025-12-18,145,1,8,CAMIONETA HONDA ELEMENT 2013,1,38880,38880,2
3738,2025-12-24,197,2,8,CAMIONETA HONDA ELEMENT 2013,1,38880,38880,1
3739,2025-12-25,172,2,9,CAMIONETA HONDA CROSSTOUR 2013,1,47633,47633,2
3740,2025-12-15,78,2,9,CAMIONETA HONDA CROSSTOUR 2013,1,47633,47633,2
3741,2025-12-19,77,2,9,CAMIONETA HONDA CROSSTOUR 2013,1,47633,47633,4
3742,2025-12-05,60,1,9,CAMIONETA HONDA CROSSTOUR 2013,1,47633,47633,1
3743,2025-12-07,3,2,9,CAMIONETA HONDA CROSSTOUR 2013,1,47633,47633,2
3744,2025-12-22,22,2,10,CAMIONETA HONDA CR-Z 2015,1,26062,26062,3
3745,2025-12-16,43,2,10,CAMIONETA HONDA CR-Z 2015,1,26062,26062,4
3746,2025-12-07,55,1,10,CAMIONETA HONDA CR-Z 2015,1,26062,26062,3
3747,2025-12-07,129,2,11,CAMIONETA HONDA RID LINE PICK UP 2014,1,36381,36381,4
3748,2025-12-25,12,1,38,ACEITE DE MOTOR 5W30 FULL SINTÉTICO,15,113,1695,1
3749,2025-12-08,3,2,38,ACEITE DE MOTOR 5W30 FULL SINTÉTICO,13,113,1469,1
3750,2025-12-12,109,2,38,ACEITE DE MOTOR 5W30 FULL SINTÉTICO,3,113,339,2
3751,2025-12-19,155,2,38,ACEITE DE MOTOR 5W30 FULL SINTÉTICO,4,113,452,2
3752,2025-12-26,50,2,38,ACEITE DE MOTOR 5W30 FULL SINTÉTICO,6,113,678,4
3753,2025-12-20,23,1,38,ACEITE DE MOTOR 5W30 FULL SINTÉTICO,20,113,2260,1
3754,2025-12-19,71,1,38,ACEITE DE MOTOR 5W30 FULL SINTÉTICO,19,113,2147,3
3755,2025-12-12,39,1,38,ACEITE DE MOTOR 5W30 FULL SINTÉTICO,1,113,113,3
3756,2025-12-06,22,1,38,ACEITE DE MOTOR 5W30 FULL SINTÉTICO,18,113,2034,3
3757,2025-12-11,87,2,38,ACEITE DE MOTOR 5W30 FULL SINTÉTICO,10,113,1130,3
3758,2025-12-15,49,1,38,ACEITE DE MOTOR 5W30 FULL SINTÉTICO,2,113,226,1
3759,2025-12-06,157,1,39,FILTRO DE COMBUSTIBLE,4,127,508,1
3760,2025-12-09,5,1,39,FILTRO DE COMBUSTIBLE,10,127,1270,2
3761,2025-12-21,112,1,40,AMORTIGUADORES DELANTEROS,1,318,318,3
3762,2025-12-03,143,1,40,AMORTIGUADORES DELANTEROS,10,318,3180,1
3763,2025-12-27,180,1,40,AMORTIGUADORES DELANTEROS,14,318,4452,2
3764,2025-12-02,17,2,40,AMORTIGUADORES DELANTEROS,16,318,5088,3
3765,2025-12-06,112,2,40,AMORTIGUADORES DELANTEROS,14,318,4452,4
3766,2025-12-28,179,2,40,AMORTIGUADORES DELANTEROS,13,318,4134,1
3767,2025-12-04,74,1,40,AMORTIGUADORES DELANTEROS,20,318,6360,2
3768,2025-12-13,143,2,40,AMORTIGUADORES DELANTEROS,6,318,1908,3
3769,2025-12-23,116,1,40,AMORTIGUADORES DELANTEROS,7,318,2226,3
3770,2025-12-26,83,1,40,AMORTIGUADORES DELANTEROS,12,318,3816,3
3771,2025-12-18,158,1,40,AMORTIGUADORES DELANTEROS,6,318,1908,1
3772,2025-12-10,79,1,40,AMORTIGUADORES DELANTEROS,8,318,2544,3
3773,2025-12-13,34,1,40,AMORTIGUADORES DELANTEROS,13,318,4134,4
3774,2025-12-07,46,2,40,AMORTIGUADORES DELANTEROS,1,318,318,1
3775,2025-12-15,72,2,40,AMORTIGUADORES DELANTEROS,1,318,318,2
3776,2025-12-05,106,2,41,AMORTIGUADORES POSTERIORES,11,129,1419,2
3777,2025-12-07,1,1,41,AMORTIGUADORES POSTERIORES,3,129,387,1
3778,2025-12-07,102,1,41,AMORTIGUADORES POSTERIORES,8,129,1032,1
3779,2025-12-02,196,2,41,AMORTIGUADORES POSTERIORES,18,129,2322,4
3780,2025-12-22,123,1,41,AMORTIGUADORES POSTERIORES,10,129,1290,3
3781,2025-12-05,100,1,41,AMORTIGUADORES POSTERIORES,15,129,1935,1
3782,2025-12-01,124,2,41,AMORTIGUADORES POSTERIORES,12,129,1548,3
3783,2025-12-23,64,2,41,AMORTIGUADORES POSTERIORES,13,129,1677,3
3784,2025-12-26,143,2,41,AMORTIGUADORES POSTERIORES,3,129,387,2
3785,2025-12-22,33,1,41,AMORTIGUADORES POSTERIORES,1,129,129,1
3786,2025-12-03,100,2,42,"LLANTAS 18""",14,72,1008,1
3787,2025-12-19,190,1,42,"LLANTAS 18""",6,72,432,4
3788,2025-12-16,36,2,42,"LLANTAS 18""",14,72,1008,4
3789,2025-12-09,189,1,42,"LLANTAS 18""",4,72,288,4
3790,2025-12-23,13,2,42,"LLANTAS 18""",17,72,1224,3
3791,2025-12-24,134,1,42,"LLANTAS 18""",11,72,792,3
3792,2025-12-15,3,1,42,"LLANTAS 18""",4,72,288,3
3793,2025-12-19,117,1,42,"LLANTAS 18""",16,72,1152,4
3794,2025-12-17,137,2,42,"LLANTAS 18""",16,72,1152,2
3795,2025-12-27,113,2,42,"LLANTAS 18""",16,72,1152,3
3796,2025-12-27,35,1,42,"LLANTAS 18""",20,72,1440,4
3797,2025-12-23,105,2,42,"LLANTAS 18""",11,72,792,4
3798,2025-12-14,172,1,42,"LLANTAS 18""",11,72,792,3
3799,2025-12-17,25,2,42,"LLANTAS 18""",1,72,72,2
3800,2025-12-21,68,1,42,"LLANTAS 18""",1,72,72,1
3801,2025-12-22,189,2,43,BATERÍA DE 18 PLACAS,19,135,2565,2
3802,2025-12-07,88,2,43,BATERÍA DE 18 PLACAS,12,135,1620,1
3803,2025-12-13,154,2,43,BATERÍA DE 18 PLACAS,5,135,675,1
3804,2025-12-04,15,2,43,BATERÍA DE 18 PLACAS,14,135,1890,3
3805,2025-12-25,31,2,43,BATERÍA DE 18 PLACAS,13,135,1755,4
3806,2025-12-20,128,1,43,BATERÍA DE 18 PLACAS,13,135,1755,2
3807,2025-12-18,180,2,43,BATERÍA DE 18 PLACAS,1,135,135,1
3808,2025-12-15,159,1,43,BATERÍA DE 18 PLACAS,1,135,135,2
