id_venta,fecha,id_cliente,id_almacen,id_producto,producto,cantidad,precio_venta,monto,id_vendedor
33,2023-01-01,40,1,6,AUTO HONDA FIT 2016,1,30359,30359,4
44,2023-01-01,138,1,9,CAMIONETA HONDA CROSSTOUR 2013,1,46040,46040,1
100,2023-01-01,130,2,41,AMORTIGUADORES POSTERIORES,14,120,1680,1
1,2023-01-02,53,1,1,AUTO HONDA ACCORD 2014,1,35894,35894,3
10,2023-01-02,137,1,2,AUTO HONDA CIVIC 2014,1,23803,23803,1
38,2023-01-02,158,1,8,CAMIONETA HONDA ELEMENT 2013,1,52453,52453,3
52,2023-01-02,35,1,11,CAMIONETA HONDA RID LINE PICK UP 2014,1,57264,57264,3
29,2023-01-03,170,1,6,AUTO HONDA FIT 2016,1,30359,30359,3
99,2023-01-03,59,2,41,AMORTIGUADORES POSTERIORES,3,120,360,3
37,2023-01-04,161,1,7,AUTO HONDA CITY 2016,1,29758,29758,4
19,2023-01-05,137,1,5,AUTO HONDA PILOT 2013,1,21940,21940,4
42,2023-01-05,118,1,9,CAMIONETA HONDA CROSSTOUR 2013,1,46040,46040,1
57,2023-01-07,112,2,38,ACEITE DE MOTOR 5W30 FULL SINTÉTICO,16,100,1600,4
91,2023-01-07,33,2,41,AMORTIGUADORES POSTERIORES,15,120,1800,4
2,2023-01-09,151,1,1,AUTO HONDA ACCORD 2014,1,35894,35894,1
6,2023-01-09,93,1,2,AUTO HONDA CIVIC 2014,1,23803,23803,1
49,2023-01-09,121,1,10,CAMIONETA HONDA CR-Z 2015,1,40128,40128,1
92,2023-01-09,147,2,41,AMORTIGUADORES POSTERIORES,1,120,120,1
104,2023-01-09,166,2,42,"LLANTAS 18""",11,68,748,3
54,2023-01-10,132,1,11,CAMIONETA HONDA RID LINE PICK UP 2014,1,57264,57264,4
116,2023-01-10,128,1,43,BATERÍA DE 18 PLACAS,18,125,2250,4
15,2023-01-11,126,1,4,AUTO HONDA CRV 2014,1,31718,31718,1
20,2023-01-11,186,1,5,AUTO HONDA PILOT 2013,1,21940,21940,1
34,2023-01-11,56,1,7,AUTO HONDA CITY 2016,1,29758,29758,4
71,2023-01-11,171,2,40,AMORTIGUADORES DELANTEROS,11,248,2728,1
111,2023-01-12,161,2,42,"LLANTAS 18""",5,68,340,1
119,2023-01-12,55,1,43,BATERÍA DE 18 PLACAS,13,125,1625,3
11,2023-01-13,156,1,2,AUTO HONDA CIVIC 2014,1,23803,23803,3
72,2023-01-13,195,2,40,AMORTIGUADORES DELANTEROS,18,248,4464,1
74,2023-01-13,148,2,40,AMORTIGUADORES DELANTEROS,15,248,3720,1
88,2023-01-13,185,2,40,AMORTIGUADORES DELANTEROS,2,248,496,2
5,2023-01-14,194,1,2,AUTO HONDA CIVIC 2014,1,23803,23803,3
27,2023-01-14,199,1,6,AUTO HONDA FIT 2016,1,30359,30359,1
46,2023-01-14,32,1,9,CAMIONETA HONDA CROSSTOUR 2013,1,46040,46040,3
62,2023-01-14,45,2,38,ACEITE DE MOTOR 5W30 FULL SINTÉTICO,17,100,1700,4
94,2023-01-14,168,2,41,AMORTIGUADORES POSTERIORES,9,120,1080,1
109,2023-01-14,58,2,42,"LLANTAS 18""",6,68,408,3
36,2023-01-15,13,1,7,AUTO HONDA CITY 2016,1,29758,29758,3
48,2023-01-16,110,1,10,CAMIONETA HONDA CR-Z 2015,1,40128,40128,2
84,2023-01-16,92,2,40,AMORTIGUADORES DELANTEROS,10,248,2480,3
64,2023-01-17,28,2,38,ACEITE DE MOTOR 5W30 FULL SINTÉTICO,16,100,1600,3
81,2023-01-18,60,2,40,AMORTIGUADORES DELANTEROS,13,248,3224,3
85,2023-01-18,88,2,40,AMORTIGUADORES DELANTEROS,8,248,1984,2
47,2023-01-19,170,1,10,CAMIONETA HONDA CR-Z 2015,1,40128,40128,3
59,2023-01-19,93,2,38,ACEITE DE MOTOR 5W30 FULL SINTÉTICO,17,100,1700,3
30,2023-01-20,186,1,6,AUTO HONDA FIT 2016,1,30359,30359,4
96,2023-01-20,39,2,41,AMORTIGUADORES POSTERIORES,4,120,480,4
117,2023-01-21,173,1,43,BATERÍA DE 18 PLACAS,5,125,625,1
122,2023-01-21,183,1,43,BATERÍA DE 18 PLACAS,1,125,125,2
40,2023-01-22,161,1,8,CAMIONETA HONDA ELEMENT 2013,1,52453,52453,3
93,2023-01-22,23,2,41,AMORTIGUADORES POSTERIORES,12,120,1440,1
23,2023-01-23,141,1,5,AUTO HONDA PILOT 2013,1,21940,21940,2
110,2023-01-23,42,2,42,"LLANTAS 18""",3,68,204,3
82,2023-01-24,146,2,40,AMORTIGUADORES DELANTEROS,17,248,4216,2
112,2023-01-24,196,2,42,"LLANTAS 18""",8,68,544,2
28,2023-01-25,59,1,6,AUTO HONDA FIT 2016,1,30359,30359,1
53,2023-01-25,176,1,11,CAMIONETA HONDA RID LINE PICK UP 2014,1,57264,57264,4
61,2023-01-25,33,2,38,ACEITE DE MOTOR 5W30 FULL SINTÉTICO,13,100,1300,2
123,2023-01-26,43,1,43,BATERÍA DE 18 PLACAS,2,125,250,4
78,2023-01-27,104,2,40,AMORTIGUADORES DELANTEROS,3,248,744,4
9,2023-01-28,87,1,2,AUTO HONDA CIVIC 2014,1,23803,23803,1
67,2023-01-28,65,1,39,FILTRO DE COMBUSTIBLE,1,95,95,3
130,2023-02-01,70,1,1,AUTO HONDA ACCORD 2014,1,26157,26157,4
144,2023-02-01,38,1,4,AUTO HONDA CRV 2014,1,26738,26738,2
125,2023-02-02,178,1,1,AUTO HONDA ACCORD 2014,1,26157,26157,4
221,2023-02-02,55,1,43,BATERÍA DE 18 PLACAS,11,100,1100,2
205,2023-02-03,41,2,41,AMORTIGUADORES POSTERIORES,3,101,303,4
155,2023-02-04,36,1,7,AUTO HONDA CITY 2016,1,33489,33489,3
127,2023-02-05,180,1,1,AUTO HONDA ACCORD 2014,1,26157,26157,4
152,2023-02-05,198,1,6,AUTO HONDA FIT 2016,1,27435,27435,4
180,2023-02-05,39,2,38,ACEITE DE MOTOR 5W30 FULL SINTÉTICO,18,153,2754,3
166,2023-02-07,35,1,10,CAMIONETA HONDA CR-Z 2015,1,32563,32563,3
172,2023-02-07,167,2,38,ACEITE DE MOTOR 5W30 FULL SINTÉTICO,17,153,2601,3
159,2023-02-08,101,1,8,CAMIONETA HONDA ELEMENT 2013,1,31823,31823,3
186,2023-02-08,68,2,40,AMORTIGUADORES DELANTEROS,13,329,4277,2
214,2023-02-08,67,2,42,"LLANTAS 18""",11,61,671,3
140,2023-02-10,137,2,3,AUTO HONDA ODISSEY 2013,1,22799,22799,2
147,2023-02-11,34,1,5,AUTO HONDA PILOT 2013,1,26870,26870,2
161,2023-02-11,68,1,8,CAMIONETA HONDA ELEMENT 2013,1,31823,31823,1
167,2023-02-11,2,1,10,CAMIONETA HONDA CR-Z 2015,1,32563,32563,2
176,2023-02-11,71,2,38,ACEITE DE MOTOR 5W30 FULL SINTÉTICO,20,153,3060,2
177,2023-02-11,180,2,38,ACEITE DE MOTOR 5W30 FULL SINTÉTICO,3,153,459,2
191,2023-02-11,116,2,40,AMORTIGUADORES DELANTEROS,16,329,5264,3
195,2023-02-11,190,2,41,AMORTIGUADORES POSTERIORES,14,101,1414,3
208,2023-02-11,108,2,42,"LLANTAS 18""",20,61,1220,1
228,2023-02-11,124,1,43,BATERÍA DE 18 PLACAS,1,100,100,3
131,2023-02-12,175,1,1,AUTO HONDA ACCORD 2014,1,26157,26157,4
194,2023-02-12,55,2,41,AMORTIGUADORES POSTERIORES,15,101,1515,4
217,2023-02-12,21,2,42,"LLANTAS 18""",19,61,1159,1
201,2023-02-13,103,2,41,AMORTIGUADORES POSTERIORES,14,101,1414,3
141,2023-02-14,167,1,3,AUTO HONDA ODISSEY 2013,1,22799,22799,2
128,2023-02-15,47,1,1,AUTO HONDA ACCORD 2014,1,26157,26157,1
132,2023-02-15,169,1,1,AUTO HONDA ACCORD 2014,1,26157,26157,4
139,2023-02-15,165,2,3,AUTO HONDA ODISSEY 2013,1,22799,22799,1
212,2023-02-15,9,2,42,"LLANTAS 18""",4,61,244,4
225,2023-02-16,98,1,43,BATERÍA DE 18 PLACAS,5,100,500,1
150,2023-02-17,61,1,6,AUTO HONDA FIT 2016,1,27435,27435,1
154,2023-02-17,5,1,7,AUTO HONDA CITY 2016,1,33489,33489,4
164,2023-02-17,76,1,10,CAMIONETA HONDA CR-Z 2015,1,32563,32563,2
178,2023-02-18,27,2,38,ACEITE DE MOTOR 5W30 FULL SINTÉTICO,18,153,2754,2
138,2023-02-22,10,2,3,AUTO HONDA ODISSEY 2013,1,22799,22799,1
218,2023-02-23,5,2,42,"LLANTAS 18""",8,61,488,1
136,2023-02-24,13,1,2,AUTO HONDA CIVIC 2014,1,24660,24660,1
143,2023-02-25,67,1,4,AUTO HONDA CRV 2014,1,26738,26738,1
213,2023-02-25,58,2,42,"LLANTAS 18""",19,61,1159,2
142,2023-02-26,21,1,4,AUTO HONDA CRV 2014,1,26738,26738,1
198,2023-02-27,180,2,41,AMORTIGUADORES POSTERIORES,7,101,707,1
133,2023-02-28,170,1,1,AUTO HONDA ACCORD 2014,1,26157,26157,4
148,2023-02-28,127,1,6,AUTO HONDA FIT 2016,1,27435,27435,2
240,2023-03-01,169,1,3,AUTO HONDA ODISSEY 2013,1,20990,20990,2
330,2023-03-01,96,1,43,BATERÍA DE 18 PLACAS,7,118,826,3
232,2023-03-02,73,1,1,AUTO HONDA ACCORD 2014,1,27283,27283,1
254,2023-03-02,53,1,6,AUTO HONDA FIT 2016,1,31910,31910,2
321,2023-03-02,153,2,42,"LLANTAS 18""",4,47,188,2
246,2023-03-03,162,1,5,AUTO HONDA PILOT 2013,1,30304,30304,1
275,2023-03-03,52,2,38,ACEITE DE MOTOR 5W30 FULL SINTÉTICO,17,144,2448,4
300,2023-03-04,114,2,41,AMORTIGUADORES POSTERIORES,10,103,1030,1
250,2023-03-06,42,1,5,AUTO HONDA PILOT 2013,1,30304,30304,1
264,2023-03-06,28,1,9,CAMIONETA HONDA CROSSTOUR 2013,1,34868,34868,2
299,2023-03-06,114,2,41,AMORTIGUADORES POSTERIORES,10,103,1030,1
269,2023-03-07,17,1,10,CAMIONETA HONDA CR-Z 2015,1,41856,41856,4
248,2023-03-09,109,1,5,AUTO HONDA PILOT 2013,1,30304,30304,1
262,2023-03-09,171,1,8,CAMIONETA HONDA ELEMENT 2013,1,30142,30142,3
237,2023-03-10,184,1,2,AUTO HONDA CIVIC 2014,1,22799,22799,3
249,2023-03-10,126,1,5,AUTO HONDA PILOT 2013,1,30304,30304,3
270,2023-03-10,101,1,10,CAMIONETA HONDA CR-Z 2015,1,41856,41856,2
312,2023-03-10,122,2,42,"LLANTAS 18""",2,47,94,2
251,2023-03-14,82,1,6,AUTO HONDA FIT 2016,1,31910,31910,3
253,2023-03-14,189,1,6,AUTO HONDA FIT 2016,1,31910,31910,2
327,2023-03-14,48,1,43,BATERÍA DE 18 PLACAS,6,118,708,1
276,2023-03-15,107,2,38,ACEITE DE MOTOR 5W30 FULL SINTÉTICO,4,144,576,4
315,2023-03-15,66,2,42,"LLANTAS 18""",4,47,188,2
257,2023-03-16,56,1,7,AUTO HONDA CITY 2016,1,30733,30733,2
271,2023-03-16,36,1,11,CAMIONETA HONDA RID LINE PICK UP 2014,1,39060,39060,3
234,2023-03-17,10,1,2,AUTO HONDA CIVIC 2014,1,22799,22799,4
263,2023-03-17,57,1,9,CAMIONETA HONDA CROSSTOUR 2013,1,34868,34868,1
239,2023-03-19,35,1,3,AUTO HONDA ODISSEY 2013,1,20990,20990,1
323,2023-03-19,107,1,43,BATERÍA DE 18 PLACAS,4,118,472,4
235,2023-03-20,136,1,2,AUTO HONDA CIVIC 2014,1,22799,22799,1
255,2023-03-20,57,1,6,AUTO HONDA FIT 2016,1,31910,31910,4
258,2023-03-22,42,1,7,AUTO HONDA CITY 2016,1,30733,30733,2
238,2023-03-23,83,1,2,AUTO HONDA CIVIC 2014,1,22799,22799,4
245,2023-03-23,124,1,5,AUTO HONDA PILOT 2013,1,30304,30304,4
242,2023-03-24,23,1,4,AUTO HONDA CRV 2014,1,21866,21866,2
324,2023-03-24,48,1,43,BATERÍA DE 18 PLACAS,11,118,1298,4
265,2023-03-25,187,1,9,CAMIONETA HONDA CROSSTOUR 2013,1,34868,34868,2
325,2023-03-25,129,1,43,BATERÍA DE 18 PLACAS,3,118,354,2
268,2023-03-27,76,1,10,CAMIONETA HONDA CR-Z 2015,1,41856,41856,4
247,2023-03-28,74,1,5,AUTO HONDA PILOT 2013,1,30304,30304,4
329,2023-03-28,173,2,43,BATERÍA DE 18 PLACAS,3,118,354,4
370,2023-04-01,44,1,7,AUTO HONDA CITY 2016,1,28639,28639,3
430,2023-04-01,180,2,42,"LLANTAS 18""",8,37,296,2
336,2023-04-02,47,1,2,AUTO HONDA CIVIC 2014,1,28018,28018,4
346,2023-04-02,79,1,3,AUTO HONDA ODISSEY 2013,1,18026,18026,4
379,2023-04-02,52,1,11,CAMIONETA HONDA RID LINE PICK UP 2014,1,45972,45972,4
351,2023-04-03,179,1,4,AUTO HONDA CRV 2014,1,25905,25905,2
368,2023-04-03,19,1,7,AUTO HONDA CITY 2016,1,28639,28639,3
337,2023-04-04,46,1,2,AUTO HONDA CIVIC 2014,1,28018,28018,3
348,2023-04-04,38,1,3,AUTO HONDA ODISSEY 2013,1,18026,18026,2
427,2023-04-04,26,2,42,"LLANTAS 18""",18,37,666,3
338,2023-04-05,145,1,2,AUTO HONDA CIVIC 2014,1,28018,28018,3
352,2023-04-05,151,1,5,AUTO HONDA PILOT 2013,1,34640,34640,3
421,2023-04-05,134,2,42,"LLANTAS 18""",12,37,444,3
442,2023-04-05,148,1,43,BATERÍA DE 18 PLACAS,14,117,1638,3
443,2023-04-06,122,1,43,BATERÍA DE 18 PLACAS,1,117,117,4
342,2023-04-07,193,1,3,AUTO HONDA ODISSEY 2013,1,18026,18026,3
359,2023-04-07,141,1,6,AUTO HONDA FIT 2016,1,28040,28040,3
361,2023-04-08,96,1,6,AUTO HONDA FIT 2016,1,28040,28040,1
362,2023-04-08,11,1,6,AUTO HONDA FIT 2016,1,28040,28040,4
377,2023-04-08,32,1,10,CAMIONETA HONDA CR-Z 2015,1,35870,35870,3
440,2023-04-08,197,1,43,BATERÍA DE 18 PLACAS,7,117,819,2
411,2023-04-09,84,2,41,AMORTIGUADORES POSTERIORES,1,126,126,4
420,2023-04-09,146,1,42,"LLANTAS 18""",2,37,74,3
444,2023-04-09,26,2,43,BATERÍA DE 18 PLACAS,5,117,585,1
371,2023-04-10,75,1,8,CAMIONETA HONDA ELEMENT 2013,1,38711,38711,1
392,2023-04-10,152,1,39,FILTRO DE COMBUSTIBLE,10,157,1570,1
365,2023-04-11,92,1,6,AUTO HONDA FIT 2016,1,28040,28040,3
372,2023-04-11,158,1,8,CAMIONETA HONDA ELEMENT 2013,1,38711,38711,4
393,2023-04-11,6,1,39,FILTRO DE COMBUSTIBLE,1,157,157,2
355,2023-04-12,32,1,5,AUTO HONDA PILOT 2013,1,34640,34640,3
375,2023-04-12,151,2,10,CAMIONETA HONDA CR-Z 2015,1,35870,35870,4
419,2023-04-12,65,2,42,"LLANTAS 18""",3,37,111,1
438,2023-04-13,52,2,43,BATERÍA DE 18 PLACAS,5,117,585,3
364,2023-04-14,191,1,6,AUTO HONDA FIT 2016,1,28040,28040,4
422,2023-04-14,146,2,42,"LLANTAS 18""",9,37,333,1
439,2023-04-14,44,1,43,BATERÍA DE 18 PLACAS,1,117,117,3
349,2023-04-15,9,1,4,AUTO HONDA CRV 2014,1,25905,25905,2
356,2023-04-15,139,1,5,AUTO HONDA PILOT 2013,1,34640,34640,2
424,2023-04-17,83,2,42,"LLANTAS 18""",9,37,333,3
380,2023-04-18,131,2,38,ACEITE DE MOTOR 5W30 FULL SINTÉTICO,2,102,204,3
423,2023-04-20,156,1,42,"LLANTAS 18""",3,37,111,2
432,2023-04-20,145,2,42,"LLANTAS 18""",4,37,148,1
353,2023-04-22,128,1,5,AUTO HONDA PILOT 2013,1,34640,34640,1
366,2023-04-22,76,1,7,AUTO HONDA CITY 2016,1,28639,28639,4
373,2023-04-22,49,1,9,CAMIONETA HONDA CROSSTOUR 2013,1,32948,32948,3
426,2023-04-22,1,1,42,"LLANTAS 18""",4,37,148,4
436,2023-04-22,94,1,42,"LLANTAS 18""",1,37,37,3
350,2023-04-23,62,1,4,AUTO HONDA CRV 2014,1,25905,25905,2
412,2023-04-25,5,2,41,AMORTIGUADORES POSTERIORES,1,126,126,4
433,2023-04-25,57,2,42,"LLANTAS 18""",4,37,148,4
363,2023-04-26,39,2,6,AUTO HONDA FIT 2016,1,28040,28040,2
441,2023-04-26,146,2,43,BATERÍA DE 18 PLACAS,1,117,117,2
378,2023-04-27,6,1,10,CAMIONETA HONDA CR-Z 2015,1,35870,35870,3
431,2023-04-27,94,1,42,"LLANTAS 18""",3,37,111,1
434,2023-04-27,180,2,42,"LLANTAS 18""",15,37,555,2
435,2023-04-27,64,1,42,"LLANTAS 18""",2,37,74,4
437,2023-04-27,63,1,43,BATERÍA DE 18 PLACAS,6,117,702,1
425,2023-04-28,38,2,42,"LLANTAS 18""",18,37,666,3
498,2023-05-03,182,2,41,AMORTIGUADORES POSTERIORES,1,96,96,1
446,2023-05-06,23,1,2,AUTO HONDA CIVIC 2014,1,23139,23139,1
465,2023-05-07,112,1,10,CAMIONETA HONDA CR-Z 2015,1,43506,43506,2
473,2023-05-07,5,2,38,ACEITE DE MOTOR 5W30 FULL SINTÉTICO,14,113,1582,3
458,2023-05-09,124,1,7,AUTO HONDA CITY 2016,1,29673,29673,3
450,2023-05-10,29,1,3,AUTO HONDA ODISSEY 2013,1,22326,22326,4
466,2023-05-10,194,1,10,CAMIONETA HONDA CR-Z 2015,1,43506,43506,2
502,2023-05-10,80,1,42,"LLANTAS 18""",19,87,1653,2
448,2023-05-13,155,1,2,AUTO HONDA CIVIC 2014,1,23139,23139,2
445,2023-05-14,8,1,2,AUTO HONDA CIVIC 2014,1,23139,23139,4
514,2023-05-15,170,1,43,BATERÍA DE 18 PLACAS,4,106,424,2
512,2023-05-17,87,2,43,BATERÍA DE 18 PLACAS,5,106,530,1
477,2023-05-18,129,2,38,ACEITE DE MOTOR 5W30 FULL SINTÉTICO,1,113,113,3
510,2023-05-19,81,1,42,"LLANTAS 18""",1,87,87,3
515,2023-05-21,23,1,43,BATERÍA DE 18 PLACAS,15,106,1590,3
447,2023-05-25,4,1,2,AUTO HONDA CIVIC 2014,1,23139,23139,1
455,2023-05-26,162,1,7,AUTO HONDA CITY 2016,1,29673,29673,4
449,2023-05-27,160,1,3,AUTO HONDA ODISSEY 2013,1,22326,22326,4
452,2023-05-28,57,1,4,AUTO HONDA CRV 2014,1,26856,26856,1
508,2023-05-28,177,2,42,"LLANTAS 18""",17,87,1479,1
509,2023-05-28,167,1,42,"LLANTAS 18""",2,87,174,1
522,2023-06-01,142,1,2,AUTO HONDA CIVIC 2014,1,28100,28100,3
542,2023-06-02,100,2,6,AUTO HONDA FIT 2016,1,26714,26714,3
544,2023-06-02,196,2,6,AUTO HONDA FIT 2016,1,26714,26714,2
615,2023-06-04,155,1,43,BATERÍA DE 18 PLACAS,1,99,99,1
616,2023-06-05,89,1,43,BATERÍA DE 18 PLACAS,5,99,495,3
541,2023-06-06,17,1,6,AUTO HONDA FIT 2016,1,26714,26714,4
516,2023-06-08,113,1,1,AUTO HONDA ACCORD 2014,1,23221,23221,3
558,2023-06-08,37,1,11,CAMIONETA HONDA RID LINE PICK UP 2014,1,36458,36458,2
568,2023-06-09,127,1,39,FILTRO DE COMBUSTIBLE,11,122,1342,2
610,2023-06-09,26,2,43,BATERÍA DE 18 PLACAS,5,99,495,4
524,2023-06-10,193,1,2,AUTO HONDA CIVIC 2014,1,28100,28100,3
531,2023-06-10,30,1,4,AUTO HONDA CRV 2014,1,27599,27599,1
539,2023-06-11,92,1,5,AUTO HONDA PILOT 2013,1,33314,33314,4
565,2023-06-11,47,2,38,ACEITE DE MOTOR 5W30 FULL SINTÉTICO,11,126,1386,1
528,2023-06-12,187,1,3,AUTO HONDA ODISSEY 2013,1,18426,18426,4
543,2023-06-12,107,1,6,AUTO HONDA FIT 2016,1,26714,26714,2
549,2023-06-12,128,1,8,CAMIONETA HONDA ELEMENT 2013,1,37054,37054,4
597,2023-06-12,152,2,42,"LLANTAS 18""",12,71,852,3
609,2023-06-12,92,1,43,BATERÍA DE 18 PLACAS,1,99,99,2
613,2023-06-12,193,2,43,BATERÍA DE 18 PLACAS,2,99,198,1
551,2023-06-14,160,1,9,CAMIONETA HONDA CROSSTOUR 2013,1,36987,36987,2
608,2023-06-14,181,1,43,BATERÍA DE 18 PLACAS,16,99,1584,3
521,2023-06-16,144,2,2,AUTO HONDA CIVIC 2014,1,28100,28100,3
601,2023-06-16,115,2,42,"LLANTAS 18""",18,71,1278,3
560,2023-06-17,29,2,38,ACEITE DE MOTOR 5W30 FULL SINTÉTICO,5,126,630,4
611,2023-06-18,111,1,43,BATERÍA DE 18 PLACAS,12,99,1188,4
535,2023-06-19,49,1,5,AUTO HONDA PILOT 2013,1,33314,33314,2
536,2023-06-19,71,1,5,AUTO HONDA PILOT 2013,1,33314,33314,2
617,2023-06-20,192,1,43,BATERÍA DE 18 PLACAS,1,99,99,2
529,2023-06-21,3,1,4,AUTO HONDA CRV 2014,1,27599,27599,2
566,2023-06-21,159,2,38,ACEITE DE MOTOR 5W30 FULL SINTÉTICO,20,126,2520,2
555,2023-06-22,37,2,10,CAMIONETA HONDA CR-Z 2015,1,35460,35460,1
569,2023-06-22,123,1,39,FILTRO DE COMBUSTIBLE,1,122,122,2
603,2023-06-22,90,2,42,"LLANTAS 18""",11,71,781,1
612,2023-06-22,58,2,43,BATERÍA DE 18 PLACAS,10,99,990,2
596,2023-06-23,33,2,42,"LLANTAS 18""",2,71,142,4
599,2023-06-23,193,2,42,"LLANTAS 18""",8,71,568,3
600,2023-06-23,88,2,42,"LLANTAS 18""",18,71,1278,1
602,2023-06-23,180,2,42,"LLANTAS 18""",19,71,1349,2
526,2023-06-25,70,1,3,AUTO HONDA ODISSEY 2013,1,18426,18426,4
561,2023-06-25,53,2,38,ACEITE DE MOTOR 5W30 FULL SINTÉTICO,4,126,504,3
598,2023-06-25,24,2,42,"LLANTAS 18""",11,71,781,4
614,2023-06-26,63,2,43,BATERÍA DE 18 PLACAS,4,99,396,2
607,2023-06-27,179,2,43,BATERÍA DE 18 PLACAS,7,99,693,4
725,2023-07-01,75,2,43,BATERÍA DE 18 PLACAS,15,128,1920,4
662,2023-07-02,31,1,11,CAMIONETA HONDA RID LINE PICK UP 2014,1,44599,44599,4
730,2023-07-02,12,2,43,BATERÍA DE 18 PLACAS,1,128,128,3
644,2023-07-03,158,2,6,AUTO HONDA FIT 2016,1,23814,23814,1
652,2023-07-03,164,1,8,CAMIONETA HONDA ELEMENT 2013,1,33456,33456,3
635,2023-07-04,20,1,5,AUTO HONDA PILOT 2013,1,27703,27703,3
641,2023-07-04,78,1,6,AUTO HONDA FIT 2016,1,23814,23814,2
729,2023-07-04,142,1,43,BATERÍA DE 18 PLACAS,1,128,128,4
627,2023-07-06,193,1,4,AUTO HONDA CRV 2014,1,24489,24489,4
712,2023-07-06,68,2,42,"LLANTAS 18""",5,72,360,2
726,2023-07-06,24,1,43,BATERÍA DE 18 PLACAS,3,128,384,3
642,2023-07-07,90,2,6,AUTO HONDA FIT 2016,1,23814,23814,1
731,2023-07-07,96,1,43,BATERÍA DE 18 PLACAS,1,128,128,4
643,2023-07-09,15,2,6,AUTO HONDA FIT 2016,1,23814,23814,3
718,2023-07-09,27,2,42,"LLANTAS 18""",15,72,1080,1
720,2023-07-10,21,2,42,"LLANTAS 18""",2,72,144,2
728,2023-07-11,158,1,43,BATERÍA DE 18 PLACAS,2,128,256,1
628,2023-07-12,54,1,4,AUTO HONDA CRV 2014,1,24489,24489,2
710,2023-07-12,40,2,42,"LLANTAS 18""",3,72,216,4
621,2023-07-13,163,1,1,AUTO HONDA ACCORD 2014,1,25070,25070,1
632,2023-07-14,60,1,4,AUTO HONDA CRV 2014,1,24489,24489,4
660,2023-07-15,148,1,11,CAMIONETA HONDA RID LINE PICK UP 2014,1,44599,44599,4
618,2023-07-16,161,1,1,AUTO HONDA ACCORD 2014,1,25070,25070,1
634,2023-07-16,164,1,5,AUTO HONDA PILOT 2013,1,27703,27703,2
619,2023-07-17,174,1,1,AUTO HONDA ACCORD 2014,1,25070,25070,2
639,2023-07-17,119,1,5,AUTO HONDA PILOT 2013,1,27703,27703,4
709,2023-07-18,132,2,42,"LLANTAS 18""",13,72,936,1
708,2023-07-19,72,2,42,"LLANTAS 18""",3,72,216,4
719,2023-07-20,157,2,42,"LLANTAS 18""",4,72,288,2
724,2023-07-20,4,2,43,BATERÍA DE 18 PLACAS,7,128,896,2
727,2023-07-20,58,1,43,BATERÍA DE 18 PLACAS,6,128,768,3
631,2023-07-23,162,1,4,AUTO HONDA CRV 2014,1,24489,24489,4
661,2023-07-23,163,1,11,CAMIONETA HONDA RID LINE PICK UP 2014,1,44599,44599,1
633,2023-07-24,125,1,4,AUTO HONDA CRV 2014,1,24489,24489,2
723,2023-07-25,197,1,43,BATERÍA DE 18 PLACAS,10,128,1280,4
625,2023-07-26,87,1,3,AUTO HONDA ODISSEY 2013,1,31009,31009,2
654,2023-07-27,3,1,9,CAMIONETA HONDA CROSSTOUR 2013,1,40899,40899,1
680,2023-07-28,42,1,39,FILTRO DE COMBUSTIBLE,13,147,1911,3
759,2023-08-01,62,1,7,AUTO HONDA CITY 2016,1,31943,31943,3
745,2023-08-04,151,1,4,AUTO HONDA CRV 2014,1,20597,20597,2
817,2023-08-04,183,2,42,"LLANTAS 18""",3,65,195,1
754,2023-08-05,88,2,6,AUTO HONDA FIT 2016,1,34187,34187,1
769,2023-08-05,87,1,9,CAMIONETA HONDA CROSSTOUR 2013,1,40285,40285,4
778,2023-08-05,90,1,11,CAMIONETA HONDA RID LINE PICK UP 2014,1,45697,45697,2
821,2023-08-05,92,1,42,"LLANTAS 18""",13,65,845,2
751,2023-08-06,188,1,5,AUTO HONDA PILOT 2013,1,22007,22007,3
830,2023-08-06,79,1,43,BATERÍA DE 18 PLACAS,13,110,1430,4
824,2023-08-07,113,2,42,"LLANTAS 18""",11,65,715,1
743,2023-08-08,187,1,3,AUTO HONDA ODISSEY 2013,1,35914,35914,3
822,2023-08-08,127,2,42,"LLANTAS 18""",6,65,390,4
815,2023-08-09,126,2,42,"LLANTAS 18""",9,65,585,2
762,2023-08-10,58,1,7,AUTO HONDA CITY 2016,1,31943,31943,1
756,2023-08-12,48,2,6,AUTO HONDA FIT 2016,1,34187,34187,1
819,2023-08-12,78,2,42,"LLANTAS 18""",12,65,780,3
829,2023-08-12,184,2,43,BATERÍA DE 18 PLACAS,14,110,1540,2
735,2023-08-14,155,1,1,AUTO HONDA ACCORD 2014,1,21830,21830,3
763,2023-08-14,12,1,7,AUTO HONDA CITY 2016,1,31943,31943,4
764,2023-08-14,182,1,8,CAMIONETA HONDA ELEMENT 2013,1,36842,36842,3
752,2023-08-15,92,2,6,AUTO HONDA FIT 2016,1,34187,34187,2
776,2023-08-15,185,1,11,CAMIONETA HONDA RID LINE PICK UP 2014,1,45697,45697,2
820,2023-08-15,21,2,42,"LLANTAS 18""",15,65,975,3
777,2023-08-17,126,1,11,CAMIONETA HONDA RID LINE PICK UP 2014,1,45697,45697,1
816,2023-08-17,160,1,42,"LLANTAS 18""",19,65,1235,3
827,2023-08-18,154,1,42,"LLANTAS 18""",11,65,715,2
833,2023-08-18,160,2,43,BATERÍA DE 18 PLACAS,4,110,440,3
755,2023-08-19,189,2,6,AUTO HONDA FIT 2016,1,34187,34187,4
831,2023-08-19,86,1,43,BATERÍA DE 18 PLACAS,9,110,990,3
760,2023-08-20,116,1,7,AUTO HONDA CITY 2016,1,31943,31943,1
818,2023-08-21,166,2,42,"LLANTAS 18""",1,65,65,2
823,2023-08-21,104,2,42,"LLANTAS 18""",6,65,390,1
742,2023-08-22,171,1,3,AUTO HONDA ODISSEY 2013,1,35914,35914,2
779,2023-08-22,152,1,11,CAMIONETA HONDA RID LINE PICK UP 2014,1,45697,45697,1
790,2023-08-23,54,2,38,ACEITE DE MOTOR 5W30 FULL SINTÉTICO,1,121,121,2
828,2023-08-24,139,1,42,"LLANTAS 18""",1,65,65,1
825,2023-08-25,155,2,42,"LLANTAS 18""",15,65,975,1
789,2023-08-26,143,2,38,ACEITE DE MOTOR 5W30 FULL SINTÉTICO,1,121,121,2
791,2023-08-26,117,1,39,FILTRO DE COMBUSTIBLE,1,130,130,3
826,2023-08-27,50,2,42,"LLANTAS 18""",5,65,325,2
832,2023-08-27,120,2,43,BATERÍA DE 18 PLACAS,6,110,660,2
855,2023-09-01,76,2,6,AUTO HONDA FIT 2016,1,25974,25974,1
916,2023-09-03,95,2,43,BATERÍA DE 18 PLACAS,5,82,410,4
846,2023-09-05,46,1,4,AUTO HONDA CRV 2014,1,23573,23573,3
873,2023-09-05,177,2,38,ACEITE DE MOTOR 5W30 FULL SINTÉTICO,17,122,2074,3
868,2023-09-06,179,1,11,CAMIONETA HONDA RID LINE PICK UP 2014,1,48127,48127,2
870,2023-09-06,98,1,11,CAMIONETA HONDA RID LINE PICK UP 2014,1,48127,48127,1
908,2023-09-07,2,2,42,"LLANTAS 18""",20,81,1620,4
910,2023-09-07,88,2,42,"LLANTAS 18""",17,81,1377,1
845,2023-09-08,37,1,3,AUTO HONDA ODISSEY 2013,1,25541,25541,2
872,2023-09-08,151,2,38,ACEITE DE MOTOR 5W30 FULL SINTÉTICO,6,122,732,2
915,2023-09-08,199,2,42,"LLANTAS 18""",1,81,81,1
867,2023-09-09,182,1,11,CAMIONETA HONDA RID LINE PICK UP 2014,1,48127,48127,1
912,2023-09-10,179,2,42,"LLANTAS 18""",16,81,1296,2
914,2023-09-11,28,2,42,"LLANTAS 18""",4,81,324,2
918,2023-09-12,163,2,43,BATERÍA DE 18 PLACAS,4,82,328,1
922,2023-09-12,51,2,43,BATERÍA DE 18 PLACAS,1,82,82,1
835,2023-09-14,42,1,1,AUTO HONDA ACCORD 2014,1,24282,24282,1
859,2023-09-15,35,1,7,AUTO HONDA CITY 2016,1,24231,24231,4
902,2023-09-16,167,2,41,AMORTIGUADORES POSTERIORES,17,126,2142,3
893,2023-09-17,128,2,40,AMORTIGUADORES DELANTEROS,2,259,518,3
876,2023-09-18,40,2,38,ACEITE DE MOTOR 5W30 FULL SINTÉTICO,13,122,1586,2
901,2023-09-18,122,2,41,AMORTIGUADORES POSTERIORES,17,126,2142,2
913,2023-09-18,13,2,42,"LLANTAS 18""",3,81,243,2
878,2023-09-19,106,2,38,ACEITE DE MOTOR 5W30 FULL SINTÉTICO,13,122,1586,4
844,2023-09-20,41,1,3,AUTO HONDA ODISSEY 2013,1,25541,25541,2
847,2023-09-20,143,1,4,AUTO HONDA CRV 2014,1,23573,23573,4
919,2023-09-20,161,1,43,BATERÍA DE 18 PLACAS,1,82,82,1
874,2023-09-21,149,2,38,ACEITE DE MOTOR 5W30 FULL SINTÉTICO,6,122,732,4
883,2023-09-21,162,1,39,FILTRO DE COMBUSTIBLE,1,111,111,2
903,2023-09-21,61,2,41,AMORTIGUADORES POSTERIORES,9,126,1134,4
843,2023-09-22,186,1,3,AUTO HONDA ODISSEY 2013,1,25541,25541,2
854,2023-09-23,46,2,6,AUTO HONDA FIT 2016,1,25974,25974,1
882,2023-09-24,124,2,38,ACEITE DE MOTOR 5W30 FULL SINTÉTICO,1,122,122,3
891,2023-09-25,59,2,40,AMORTIGUADORES DELANTEROS,15,259,3885,2
866,2023-09-26,86,2,10,CAMIONETA HONDA CR-Z 2015,1,31577,31577,2
875,2023-09-26,187,1,38,ACEITE DE MOTOR 5W30 FULL SINTÉTICO,9,122,1098,2
880,2023-09-26,95,2,38,ACEITE DE MOTOR 5W30 FULL SINTÉTICO,6,122,732,4
972,2023-10-01,127,2,40,AMORTIGUADORES DELANTEROS,11,250,2750,2
1002,2023-10-01,73,1,42,"LLANTAS 18""",1,73,73,1
964,2023-10-03,33,1,38,ACEITE DE MOTOR 5W30 FULL SINTÉTICO,17,133,2261,3
936,2023-10-04,125,1,4,AUTO HONDA CRV 2014,1,30794,30794,1
1007,2023-10-04,66,1,43,BATERÍA DE 18 PLACAS,6,85,510,4
965,2023-10-05,44,2,38,ACEITE DE MOTOR 5W30 FULL SINTÉTICO,6,133,798,2
962,2023-10-06,100,2,38,ACEITE DE MOTOR 5W30 FULL SINTÉTICO,12,133,1596,3
974,2023-10-06,176,2,40,AMORTIGUADORES DELANTEROS,8,250,2000,3
998,2023-10-06,72,2,42,"LLANTAS 18""",2,73,146,1
1006,2023-10-06,167,1,43,BATERÍA DE 18 PLACAS,1,85,85,1
939,2023-10-07,45,1,5,AUTO HONDA PILOT 2013,1,15220,15220,1
971,2023-10-07,101,2,40,AMORTIGUADORES DELANTEROS,7,250,1750,4
944,2023-10-10,93,1,7,AUTO HONDA CITY 2016,1,23106,23106,1
934,2023-10-11,47,2,4,AUTO HONDA CRV 2014,1,30794,30794,1
986,2023-10-11,49,2,41,AMORTIGUADORES POSTERIORES,16,117,1872,4
960,2023-10-12,21,2,38,ACEITE DE MOTOR 5W30 FULL SINTÉTICO,16,133,2128,1
995,2023-10-12,157,2,42,"LLANTAS 18""",8,73,584,3
988,2023-10-13,110,2,41,AMORTIGUADORES POSTERIORES,7,117,819,1
1005,2023-10-13,190,1,43,BATERÍA DE 18 PLACAS,1,85,85,4
993,2023-10-14,32,2,42,"LLANTAS 18""",19,73,1387,2
963,2023-10-16,79,2,38,ACEITE DE MOTOR 5W30 FULL SINTÉTICO,15,133,1995,3
978,2023-10-17,3,2,40,AMORTIGUADORES DELANTEROS,19,250,4750,2
989,2023-10-18,141,2,41,AMORTIGUADORES POSTERIORES,1,117,117,2
949,2023-10-19,52,1,7,AUTO HONDA CITY 2016,1,23106,23106,3
953,2023-10-19,96,1,9,CAMIONETA HONDA CROSSTOUR 2013,1,33413,33413,3
957,2023-10-19,80,2,11,CAMIONETA HONDA RID LINE PICK UP 2014,1,27900,27900,3
961,2023-10-19,59,2,38,ACEITE DE MOTOR 5W30 FULL SINTÉTICO,17,133,2261,3
923,2023-10-20,177,1,1,AUTO HONDA ACCORD 2014,1,19776,19776,2
929,2023-10-20,105,1,3,AUTO HONDA ODISSEY 2013,1,17088,17088,2
935,2023-10-21,97,1,4,AUTO HONDA CRV 2014,1,30794,30794,4
950,2023-10-21,101,1,8,CAMIONETA HONDA ELEMENT 2013,1,33492,33492,1
966,2023-10-21,51,1,39,FILTRO DE COMBUSTIBLE,5,134,670,4
990,2023-10-21,70,2,42,"LLANTAS 18""",10,73,730,1
968,2023-10-22,119,1,39,FILTRO DE COMBUSTIBLE,1,134,134,2
958,2023-10-23,147,2,11,CAMIONETA HONDA RID LINE PICK UP 2014,1,27900,27900,1
991,2023-10-23,49,2,42,"LLANTAS 18""",13,73,949,4
1004,2023-10-23,27,1,43,BATERÍA DE 18 PLACAS,20,85,1700,1
933,2023-10-24,158,2,4,AUTO HONDA CRV 2014,1,30794,30794,4
941,2023-10-25,154,2,6,AUTO HONDA FIT 2016,1,24875,24875,2
1000,2023-10-25,81,2,42,"LLANTAS 18""",3,73,219,2
1001,2023-10-26,30,1,42,"LLANTAS 18""",2,73,146,2
940,2023-10-27,2,1,5,AUTO HONDA PILOT 2013,1,15220,15220,4
943,2023-10-27,57,1,7,AUTO HONDA CITY 2016,1,23106,23106,2
992,2023-10-27,84,2,42,"LLANTAS 18""",6,73,438,4
925,2023-10-28,5,2,2,AUTO HONDA CIVIC 2014,1,13230,13230,3
1048,2023-11-03,70,1,7,AUTO HONDA CITY 2016,1,30209,30209,2
1093,2023-11-03,65,2,41,AMORTIGUADORES POSTERIORES,9,106,954,3
1096,2023-11-03,158,2,41,AMORTIGUADORES POSTERIORES,17,106,1802,2
1109,2023-11-03,41,2,42,"LLANTAS 18""",2,47,94,1
1037,2023-11-04,159,1,5,AUTO HONDA PILOT 2013,1,14180,14180,2
1039,2023-11-04,3,1,5,AUTO HONDA PILOT 2013,1,14180,14180,2
1082,2023-11-04,155,2,40,AMORTIGUADORES DELANTEROS,4,275,1100,2
1008,2023-11-05,64,1,1,AUTO HONDA ACCORD 2014,1,19724,19724,1
1049,2023-11-05,153,1,8,CAMIONETA HONDA ELEMENT 2013,1,33770,33770,4
1099,2023-11-05,53,2,41,AMORTIGUADORES POSTERIORES,4,106,424,1
1060,2023-11-06,31,2,10,CAMIONETA HONDA CR-Z 2015,1,52175,52175,2
1016,2023-11-08,60,2,2,AUTO HONDA CIVIC 2014,1,31997,31997,4
1036,2023-11-08,138,1,5,AUTO HONDA PILOT 2013,1,14180,14180,2
1112,2023-11-08,49,1,42,"LLANTAS 18""",2,47,94,1
1113,2023-11-10,69,2,43,BATERÍA DE 18 PLACAS,13,85,1105,1
1009,2023-11-11,111,1,1,AUTO HONDA ACCORD 2014,1,19724,19724,1
1044,2023-11-12,37,2,6,AUTO HONDA FIT 2016,1,29112,29112,2
1083,2023-11-13,63,2,40,AMORTIGUADORES DELANTEROS,16,275,4400,3
1038,2023-11-14,164,1,5,AUTO HONDA PILOT 2013,1,14180,14180,2
1097,2023-11-14,190,2,41,AMORTIGUADORES POSTERIORES,9,106,954,4
1111,2023-11-15,159,2,42,"LLANTAS 18""",1,47,47,1
1118,2023-11-15,98,2,43,BATERÍA DE 18 PLACAS,1,85,85,1
1032,2023-11-16,27,1,5,AUTO HONDA PILOT 2013,1,14180,14180,1
1052,2023-11-18,68,1,8,CAMIONETA HONDA ELEMENT 2013,1,33770,33770,3
1055,2023-11-18,15,1,9,CAMIONETA HONDA CROSSTOUR 2013,1,34597,34597,3
1114,2023-11-18,103,1,43,BATERÍA DE 18 PLACAS,11,85,935,4
1010,2023-11-21,156,2,2,AUTO HONDA CIVIC 2014,1,31997,31997,3
1047,2023-11-22,59,1,7,AUTO HONDA CITY 2016,1,30209,30209,1
1100,2023-11-22,112,2,41,AMORTIGUADORES POSTERIORES,8,106,848,2
1116,2023-11-22,105,2,43,BATERÍA DE 18 PLACAS,3,85,255,1
1085,2023-11-23,126,2,40,AMORTIGUADORES DELANTEROS,17,275,4675,1
1115,2023-11-23,141,1,43,BATERÍA DE 18 PLACAS,18,85,1530,4
1117,2023-11-24,120,2,43,BATERÍA DE 18 PLACAS,1,85,85,2
1101,2023-11-26,199,2,41,AMORTIGUADORES POSTERIORES,2,106,212,4
1054,2023-11-27,191,1,9,CAMIONETA HONDA CROSSTOUR 2013,1,34597,34597,1
1081,2023-11-27,24,2,40,AMORTIGUADORES DELANTEROS,2,275,550,1
1046,2023-11-28,73,2,6,AUTO HONDA FIT 2016,1,29112,29112,2
1090,2023-11-28,118,2,40,AMORTIGUADORES DELANTEROS,3,275,825,2
1197,2023-12-01,36,1,38,ACEITE DE MOTOR 5W30 FULL SINTÉTICO,2,112,224,2
1211,2023-12-01,75,2,40,AMORTIGUADORES DELANTEROS,9,279,2511,3
1159,2023-12-02,23,2,6,AUTO HONDA FIT 2016,1,26266,26266,3
1146,2023-12-03,27,1,5,AUTO HONDA PILOT 2013,1,31985,31985,2
1202,2023-12-03,199,2,40,AMORTIGUADORES DELANTEROS,19,279,5301,1
1212,2023-12-03,86,2,40,AMORTIGUADORES DELANTEROS,1,279,279,1
1250,2023-12-04,115,1,43,BATERÍA DE 18 PLACAS,12,118,1416,2
1121,2023-12-05,125,1,1,AUTO HONDA ACCORD 2014,1,29721,29721,3
1180,2023-12-05,80,2,10,CAMIONETA HONDA CR-Z 2015,1,33896,33896,4
1206,2023-12-05,32,2,40,AMORTIGUADORES DELANTEROS,18,279,5022,2
1175,2023-12-06,38,1,9,CAMIONETA HONDA CROSSTOUR 2013,1,35956,35956,3
1171,2023-12-07,49,1,8,CAMIONETA HONDA ELEMENT 2013,1,42453,42453,3
1172,2023-12-07,40,1,8,CAMIONETA HONDA ELEMENT 2013,1,42453,42453,1
1251,2023-12-07,124,1,43,BATERÍA DE 18 PLACAS,7,118,826,2
1252,2023-12-08,95,2,43,BATERÍA DE 18 PLACAS,1,118,118,3
1179,2023-12-10,47,2,10,CAMIONETA HONDA CR-Z 2015,1,33896,33896,2
1183,2023-12-10,120,2,11,CAMIONETA HONDA RID LINE PICK UP 2014,1,27243,27243,1
1142,2023-12-11,141,2,4,AUTO HONDA CRV 2014,1,26104,26104,2
1181,2023-12-11,111,2,10,CAMIONETA HONDA CR-Z 2015,1,33896,33896,1
1153,2023-12-13,91,2,6,AUTO HONDA FIT 2016,1,26266,26266,3
1229,2023-12-13,122,2,41,AMORTIGUADORES POSTERIORES,1,120,120,4
1249,2023-12-13,140,2,43,BATERÍA DE 18 PLACAS,20,118,2360,3
1200,2023-12-14,105,1,39,FILTRO DE COMBUSTIBLE,5,119,595,4
1165,2023-12-15,165,1,7,AUTO HONDA CITY 2016,1,23900,23900,3
1196,2023-12-15,168,2,38,ACEITE DE MOTOR 5W30 FULL SINTÉTICO,2,112,224,3
1213,2023-12-15,78,2,40,AMORTIGUADORES DELANTEROS,1,279,279,2
1152,2023-12-17,25,2,6,AUTO HONDA FIT 2016,1,26266,26266,1
1225,2023-12-18,47,2,41,AMORTIGUADORES POSTERIORES,1,120,120,4
1248,2023-12-18,62,2,43,BATERÍA DE 18 PLACAS,19,118,2242,3
1158,2023-12-21,104,2,6,AUTO HONDA FIT 2016,1,26266,26266,1
1119,2023-12-22,22,1,1,AUTO HONDA ACCORD 2014,1,29721,29721,2
1166,2023-12-22,137,1,7,AUTO HONDA CITY 2016,1,23900,23900,2
1214,2023-12-22,152,2,40,AMORTIGUADORES DELANTEROS,1,279,279,4
1254,2023-12-24,191,2,43,BATERÍA DE 18 PLACAS,5,118,590,1
1253,2023-12-25,141,1,43,BATERÍA DE 18 PLACAS,9,118,1062,4
1132,2023-12-26,32,2,3,AUTO HONDA ODISSEY 2013,1,24222,24222,2
1137,2023-12-27,176,2,4,AUTO HONDA CRV 2014,1,26104,26104,3
1201,2023-12-27,137,1,39,FILTRO DE COMBUSTIBLE,11,119,1309,1
1162,2023-12-28,104,1,7,AUTO HONDA CITY 2016,1,23900,23900,1
1173,2023-12-28,74,2,8,CAMIONETA HONDA ELEMENT 2013,1,42453,42453,2
1177,2023-12-28,114,1,9,CAMIONETA HONDA CROSSTOUR 2013,1,35956,35956,3
1274,2024-01-01,175,2,4,AUTO HONDA CRV 2014,1,31884,31884,4
1305,2024-01-01,27,2,10,CAMIONETA HONDA CR-Z 2015,1,32603,32603,1
1381,2024-01-02,165,1,43,BATERÍA DE 18 PLACAS,14,111,1554,4
1384,2024-01-02,16,2,43,BATERÍA DE 18 PLACAS,8,111,888,3
1391,2024-01-02,63,1,43,BATERÍA DE 18 PLACAS,3,111,333,4
1273,2024-01-03,96,2,4,AUTO HONDA CRV 2014,1,31884,31884,2
1294,2024-01-03,56,2,7,AUTO HONDA CITY 2016,1,31853,31853,1
1297,2024-01-03,22,1,8,CAMIONETA HONDA ELEMENT 2013,1,36968,36968,4
1349,2024-01-04,130,1,40,AMORTIGUADORES DELANTEROS,1,292,292,2
1256,2024-01-06,176,2,1,AUTO HONDA ACCORD 2014,1,22153,22153,4
1264,2024-01-06,197,1,1,AUTO HONDA ACCORD 2014,1,22153,22153,1
1293,2024-01-06,28,2,7,AUTO HONDA CITY 2016,1,31853,31853,3
1307,2024-01-06,52,2,11,CAMIONETA HONDA RID LINE PICK UP 2014,1,24544,24544,2
1386,2024-01-06,8,2,43,BATERÍA DE 18 PLACAS,3,111,333,1
1255,2024-01-07,18,1,1,AUTO HONDA ACCORD 2014,1,22153,22153,3
1299,2024-01-07,182,2,9,CAMIONETA HONDA CROSSTOUR 2013,1,42874,42874,3
1343,2024-01-07,72,1,40,AMORTIGUADORES DELANTEROS,2,292,584,4
1390,2024-01-08,161,2,43,BATERÍA DE 18 PLACAS,1,111,111,1
1270,2024-01-09,109,2,3,AUTO HONDA ODISSEY 2013,1,23899,23899,4
1338,2024-01-09,49,2,40,AMORTIGUADORES DELANTEROS,6,292,1752,2
1259,2024-01-10,102,1,1,AUTO HONDA ACCORD 2014,1,22153,22153,2
1285,2024-01-10,85,1,5,AUTO HONDA PILOT 2013,1,34571,34571,3
1283,2024-01-12,140,1,5,AUTO HONDA PILOT 2013,1,34571,34571,3
1298,2024-01-12,79,1,8,CAMIONETA HONDA ELEMENT 2013,1,36968,36968,3
1346,2024-01-12,19,2,40,AMORTIGUADORES DELANTEROS,6,292,1752,1
1378,2024-01-12,167,1,43,BATERÍA DE 18 PLACAS,7,111,777,1
1271,2024-01-14,197,2,3,AUTO HONDA ODISSEY 2013,1,23899,23899,1
1295,2024-01-14,66,2,7,AUTO HONDA CITY 2016,1,31853,31853,2
1306,2024-01-14,44,1,10,CAMIONETA HONDA CR-Z 2015,1,32603,32603,2
1336,2024-01-14,57,2,40,AMORTIGUADORES DELANTEROS,15,292,4380,1
1379,2024-01-14,162,1,43,BATERÍA DE 18 PLACAS,3,111,333,4
1286,2024-01-15,164,1,5,AUTO HONDA PILOT 2013,1,34571,34571,1
1288,2024-01-16,166,1,6,AUTO HONDA FIT 2016,1,30137,30137,4
1392,2024-01-16,112,1,43,BATERÍA DE 18 PLACAS,1,111,111,3
1383,2024-01-17,57,1,43,BATERÍA DE 18 PLACAS,6,111,666,3
1333,2024-01-18,140,1,39,FILTRO DE COMBUSTIBLE,1,139,139,3
1388,2024-01-18,82,1,43,BATERÍA DE 18 PLACAS,1,111,111,1
1335,2024-01-19,35,2,40,AMORTIGUADORES DELANTEROS,7,292,2044,2
1308,2024-01-20,9,2,11,CAMIONETA HONDA RID LINE PICK UP 2014,1,24544,24544,1
1332,2024-01-20,21,1,39,FILTRO DE COMBUSTIBLE,2,139,278,1
1309,2024-01-21,107,2,11,CAMIONETA HONDA RID LINE PICK UP 2014,1,24544,24544,4
1377,2024-01-21,51,2,43,BATERÍA DE 18 PLACAS,3,111,333,3
1387,2024-01-21,115,1,43,BATERÍA DE 18 PLACAS,1,111,111,3
1276,2024-01-22,94,2,4,AUTO HONDA CRV 2014,1,31884,31884,2
1296,2024-01-22,38,1,8,CAMIONETA HONDA ELEMENT 2013,1,36968,36968,2
1302,2024-01-23,181,1,10,CAMIONETA HONDA CR-Z 2015,1,32603,32603,2
1342,2024-01-23,181,2,40,AMORTIGUADORES DELANTEROS,17,292,4964,1
1291,2024-01-24,130,1,7,AUTO HONDA CITY 2016,1,31853,31853,3
1287,2024-01-25,92,1,6,AUTO HONDA FIT 2016,1,30137,30137,2
1292,2024-01-25,74,1,7,AUTO HONDA CITY 2016,1,31853,31853,1
1389,2024-01-25,151,1,43,BATERÍA DE 18 PLACAS,3,111,333,1
1279,2024-01-27,105,1,4,AUTO HONDA CRV 2014,1,31884,31884,3
1304,2024-01-27,91,2,10,CAMIONETA HONDA CR-Z 2015,1,32603,32603,1
1282,2024-01-28,82,1,5,AUTO HONDA PILOT 2013,1,34571,34571,3
1303,2024-01-28,97,2,10,CAMIONETA HONDA CR-Z 2015,1,32603,32603,3
1347,2024-01-28,185,2,40,AMORTIGUADORES DELANTEROS,3,292,876,2
1348,2024-01-28,52,2,40,AMORTIGUADORES DELANTEROS,3,292,876,4
1435,2024-02-01,188,2,10,CAMIONETA HONDA CR-Z 2015,1,42354,42354,3
1429,2024-02-02,53,1,8,CAMIONETA HONDA ELEMENT 2013,1,32194,32194,1
1430,2024-02-02,89,1,8,CAMIONETA HONDA ELEMENT 2013,1,32194,32194,2
1432,2024-02-03,170,1,9,CAMIONETA HONDA CROSSTOUR 2013,1,38757,38757,2
1399,2024-02-05,49,1,2,AUTO HONDA CIVIC 2014,1,25052,25052,4
1396,2024-02-06,30,1,1,AUTO HONDA ACCORD 2014,1,22954,22954,1
1465,2024-02-06,81,2,40,AMORTIGUADORES DELANTEROS,1,241,241,1
1440,2024-02-07,96,2,11,CAMIONETA HONDA RID LINE PICK UP 2014,1,31628,31628,4
1494,2024-02-07,62,1,43,BATERÍA DE 18 PLACAS,15,115,1725,1
1431,2024-02-08,126,1,9,CAMIONETA HONDA CROSSTOUR 2013,1,38757,38757,1
1469,2024-02-10,123,1,40,AMORTIGUADORES DELANTEROS,5,241,1205,4
1397,2024-02-11,8,1,1,AUTO HONDA ACCORD 2014,1,22954,22954,2
1461,2024-02-11,4,2,40,AMORTIGUADORES DELANTEROS,12,241,2892,4
1437,2024-02-13,64,2,10,CAMIONETA HONDA CR-Z 2015,1,42354,42354,2
1427,2024-02-14,199,2,7,AUTO HONDA CITY 2016,1,23726,23726,4
1428,2024-02-15,153,2,8,CAMIONETA HONDA ELEMENT 2013,1,32194,32194,2
1471,2024-02-16,72,2,40,AMORTIGUADORES DELANTEROS,3,241,723,4
1468,2024-02-17,29,2,40,AMORTIGUADORES DELANTEROS,15,241,3615,3
1493,2024-02-17,149,1,43,BATERÍA DE 18 PLACAS,11,115,1265,2
1412,2024-02-18,115,1,4,AUTO HONDA CRV 2014,1,40870,40870,3
1460,2024-02-18,29,1,39,FILTRO DE COMBUSTIBLE,1,95,95,2
1491,2024-02-19,75,2,43,BATERÍA DE 18 PLACAS,5,115,575,3
1417,2024-02-20,157,1,5,AUTO HONDA PILOT 2013,1,34653,34653,2
1489,2024-02-22,22,1,43,BATERÍA DE 18 PLACAS,5,115,575,1
1467,2024-02-24,154,2,40,AMORTIGUADORES DELANTEROS,13,241,3133,3
1490,2024-02-24,125,2,43,BATERÍA DE 18 PLACAS,4,115,460,3
1410,2024-02-25,83,1,4,AUTO HONDA CRV 2014,1,40870,40870,1
1438,2024-02-25,91,1,10,CAMIONETA HONDA CR-Z 2015,1,42354,42354,1
1457,2024-02-25,157,1,39,FILTRO DE COMBUSTIBLE,1,95,95,3
1405,2024-02-27,199,2,3,AUTO HONDA ODISSEY 2013,1,28077,28077,1
1425,2024-02-27,127,2,7,AUTO HONDA CITY 2016,1,23726,23726,3
1470,2024-02-27,162,2,40,AMORTIGUADORES DELANTEROS,3,241,723,3
1402,2024-02-28,84,2,2,AUTO HONDA CIVIC 2014,1,25052,25052,1
1408,2024-02-28,88,1,4,AUTO HONDA CRV 2014,1,40870,40870,2
1436,2024-02-28,120,2,10,CAMIONETA HONDA CR-Z 2015,1,42354,42354,2
1515,2024-03-02,83,1,5,AUTO HONDA PILOT 2013,1,30041,30041,1
1503,2024-03-03,134,1,4,AUTO HONDA CRV 2014,1,29055,29055,1
1532,2024-03-03,181,2,9,CAMIONETA HONDA CROSSTOUR 2013,1,42082,42082,3
1547,2024-03-03,115,2,40,AMORTIGUADORES DELANTEROS,17,241,4097,3
1517,2024-03-04,180,1,6,AUTO HONDA FIT 2016,1,25363,25363,4
1536,2024-03-04,65,1,10,CAMIONETA HONDA CR-Z 2015,1,38409,38409,1
1507,2024-03-05,53,2,4,AUTO HONDA CRV 2014,1,29055,29055,2
1555,2024-03-06,118,1,40,AMORTIGUADORES DELANTEROS,5,241,1205,1
1574,2024-03-06,108,1,42,"LLANTAS 18""",15,88,1320,4
1580,2024-03-06,119,1,42,"LLANTAS 18""",5,88,440,3
1550,2024-03-07,198,2,40,AMORTIGUADORES DELANTEROS,2,241,482,1
1557,2024-03-07,82,1,40,AMORTIGUADORES DELANTEROS,1,241,241,3
1582,2024-03-08,53,1,42,"LLANTAS 18""",19,88,1672,3
1511,2024-03-09,133,1,5,AUTO HONDA PILOT 2013,1,30041,30041,2
1542,2024-03-09,184,2,38,ACEITE DE MOTOR 5W30 FULL SINTÉTICO,18,90,1620,2
1549,2024-03-10,189,2,40,AMORTIGUADORES DELANTEROS,14,241,3374,4
1534,2024-03-11,146,2,9,CAMIONETA HONDA CROSSTOUR 2013,1,42082,42082,4
1556,2024-03-11,158,2,40,AMORTIGUADORES DELANTEROS,20,241,4820,1
1543,2024-03-12,142,2,38,ACEITE DE MOTOR 5W30 FULL SINTÉTICO,12,90,1080,3
1592,2024-03-12,119,1,43,BATERÍA DE 18 PLACAS,1,100,100,1
1497,2024-03-13,77,2,2,AUTO HONDA CIVIC 2014,1,22305,22305,4
1510,2024-03-13,184,1,5,AUTO HONDA PILOT 2013,1,30041,30041,2
1528,2024-03-13,140,2,7,AUTO HONDA CITY 2016,1,36301,36301,3
1553,2024-03-13,32,2,40,AMORTIGUADORES DELANTEROS,11,241,2651,1
1535,2024-03-14,78,2,9,CAMIONETA HONDA CROSSTOUR 2013,1,42082,42082,2
1551,2024-03-14,123,2,40,AMORTIGUADORES DELANTEROS,9,241,2169,1
1499,2024-03-16,100,1,2,AUTO HONDA CIVIC 2014,1,22305,22305,2
1495,2024-03-20,78,2,1,AUTO HONDA ACCORD 2014,1,25116,25116,3
1496,2024-03-20,165,2,2,AUTO HONDA CIVIC 2014,1,22305,22305,3
1531,2024-03-20,8,1,8,CAMIONETA HONDA ELEMENT 2013,1,32648,32648,2
1545,2024-03-20,136,2,38,ACEITE DE MOTOR 5W30 FULL SINTÉTICO,4,90,360,3
1529,2024-03-21,44,2,8,CAMIONETA HONDA ELEMENT 2013,1,32648,32648,4
1539,2024-03-22,66,1,38,ACEITE DE MOTOR 5W30 FULL SINTÉTICO,1,90,90,3
1589,2024-03-22,6,2,43,BATERÍA DE 18 PLACAS,3,100,300,2
1588,2024-03-23,37,2,43,BATERÍA DE 18 PLACAS,8,100,800,3
1525,2024-03-25,149,2,7,AUTO HONDA CITY 2016,1,36301,36301,1
1554,2024-03-25,1,2,40,AMORTIGUADORES DELANTEROS,5,241,1205,3
1548,2024-03-26,24,2,40,AMORTIGUADORES DELANTEROS,1,241,241,2
1524,2024-03-27,109,2,7,AUTO HONDA CITY 2016,1,36301,36301,2
1587,2024-03-27,178,2,43,BATERÍA DE 18 PLACAS,12,100,1200,1
1498,2024-03-28,142,1,2,AUTO HONDA CIVIC 2014,1,22305,22305,4
1505,2024-03-28,16,1,4,AUTO HONDA CRV 2014,1,29055,29055,2
1620,2024-04-01,101,1,38,ACEITE DE MOTOR 5W30 FULL SINTÉTICO,5,114,570,2
1623,2024-04-01,167,2,38,ACEITE DE MOTOR 5W30 FULL SINTÉTICO,15,114,1710,3
1595,2024-04-02,143,2,5,AUTO HONDA PILOT 2013,1,23097,23097,1
1607,2024-04-02,79,2,8,CAMIONETA HONDA ELEMENT 2013,1,29620,29620,3
1657,2024-04-05,2,2,42,"LLANTAS 18""",12,83,996,1
1622,2024-04-06,101,2,38,ACEITE DE MOTOR 5W30 FULL SINTÉTICO,1,114,114,2
1626,2024-04-06,15,2,38,ACEITE DE MOTOR 5W30 FULL SINTÉTICO,17,114,1938,2
1639,2024-04-06,64,2,40,AMORTIGUADORES DELANTEROS,19,319,6061,1
1617,2024-04-08,169,1,38,ACEITE DE MOTOR 5W30 FULL SINTÉTICO,12,114,1368,2
1676,2024-04-08,195,1,43,BATERÍA DE 18 PLACAS,2,89,178,3
1601,2024-04-09,43,1,7,AUTO HONDA CITY 2016,1,30280,30280,1
1606,2024-04-09,71,2,8,CAMIONETA HONDA ELEMENT 2013,1,29620,29620,2
1618,2024-04-09,147,2,38,ACEITE DE MOTOR 5W30 FULL SINTÉTICO,15,114,1710,3
1613,2024-04-11,195,2,10,CAMIONETA HONDA CR-Z 2015,1,34715,34715,2
1616,2024-04-11,196,2,38,ACEITE DE MOTOR 5W30 FULL SINTÉTICO,1,114,114,4
1634,2024-04-11,168,2,40,AMORTIGUADORES DELANTEROS,17,319,5423,1
1619,2024-04-12,37,2,38,ACEITE DE MOTOR 5W30 FULL SINTÉTICO,18,114,2052,1
1661,2024-04-14,46,2,42,"LLANTAS 18""",20,83,1660,3
1605,2024-04-16,174,2,8,CAMIONETA HONDA ELEMENT 2013,1,29620,29620,4
1670,2024-04-16,193,1,43,BATERÍA DE 18 PLACAS,1,89,89,1
1662,2024-04-17,130,2,42,"LLANTAS 18""",3,83,249,1
1630,2024-04-18,108,2,39,FILTRO DE COMBUSTIBLE,1,129,129,3
1656,2024-04-18,4,2,42,"LLANTAS 18""",3,83,249,4
1628,2024-04-19,55,2,38,ACEITE DE MOTOR 5W30 FULL SINTÉTICO,4,114,456,1
1673,2024-04-19,160,1,43,BATERÍA DE 18 PLACAS,2,89,178,1
1594,2024-04-20,89,1,4,AUTO HONDA CRV 2014,1,31088,31088,4
1610,2024-04-20,72,2,9,CAMIONETA HONDA CROSSTOUR 2013,1,25982,25982,3
1599,2024-04-21,116,1,6,AUTO HONDA FIT 2016,1,27279,27279,2
1625,2024-04-21,30,1,38,ACEITE DE MOTOR 5W30 FULL SINTÉTICO,15,114,1710,1
1627,2024-04-21,68,2,38,ACEITE DE MOTOR 5W30 FULL SINTÉTICO,7,114,798,4
1664,2024-04-21,11,2,42,"LLANTAS 18""",3,83,249,4
1675,2024-04-21,14,2,43,BATERÍA DE 18 PLACAS,1,89,89,3
1642,2024-04-22,120,1,40,AMORTIGUADORES DELANTEROS,2,319,638,3
1609,2024-04-23,66,2,9,CAMIONETA HONDA CROSSTOUR 2013,1,25982,25982,1
1629,2024-04-23,117,2,38,ACEITE DE MOTOR 5W30 FULL SINTÉTICO,2,114,228,2
1641,2024-04-24,172,2,40,AMORTIGUADORES DELANTEROS,1,319,319,4
1658,2024-04-24,173,2,42,"LLANTAS 18""",14,83,1162,1
1631,2024-04-26,56,2,40,AMORTIGUADORES DELANTEROS,12,319,3828,4
1643,2024-04-27,22,1,40,AMORTIGUADORES DELANTEROS,2,319,638,2
1669,2024-04-28,116,1,43,BATERÍA DE 18 PLACAS,1,89,89,2
1724,2024-05-01,165,2,40,AMORTIGUADORES DELANTEROS,2,236,472,2
1703,2024-05-02,5,2,38,ACEITE DE MOTOR 5W30 FULL SINTÉTICO,5,118,590,2
1678,2024-05-03,158,2,1,AUTO HONDA ACCORD 2014,1,20904,20904,2
1700,2024-05-03,48,1,11,CAMIONETA HONDA RID LINE PICK UP 2014,1,34782,34782,1
1711,2024-05-03,108,2,38,ACEITE DE MOTOR 5W30 FULL SINTÉTICO,2,118,236,1
1747,2024-05-03,89,2,42,"LLANTAS 18""",2,69,138,4
1754,2024-05-03,7,1,43,BATERÍA DE 18 PLACAS,11,116,1276,1
1690,2024-05-04,89,2,5,AUTO HONDA PILOT 2013,1,20699,20699,3
1756,2024-05-04,185,1,43,BATERÍA DE 18 PLACAS,3,116,348,4
1689,2024-05-06,29,2,5,AUTO HONDA PILOT 2013,1,20699,20699,4
1746,2024-05-06,154,2,42,"LLANTAS 18""",15,69,1035,4
1709,2024-05-07,49,1,38,ACEITE DE MOTOR 5W30 FULL SINTÉTICO,2,118,236,2
1735,2024-05-07,123,2,42,"LLANTAS 18""",8,69,552,2
1753,2024-05-07,181,2,43,BATERÍA DE 18 PLACAS,4,116,464,4
1760,2024-05-07,162,1,43,BATERÍA DE 18 PLACAS,1,116,116,3
1714,2024-05-08,167,1,39,FILTRO DE COMBUSTIBLE,2,108,216,3
1719,2024-05-08,26,2,40,AMORTIGUADORES DELANTEROS,10,236,2360,3
1687,2024-05-09,31,2,3,AUTO HONDA ODISSEY 2013,1,27063,27063,3
1693,2024-05-09,176,1,9,CAMIONETA HONDA CROSSTOUR 2013,1,30668,30668,3
1752,2024-05-09,49,2,43,BATERÍA DE 18 PLACAS,1,116,116,3
1697,2024-05-10,132,1,10,CAMIONETA HONDA CR-Z 2015,1,39946,39946,1
1702,2024-05-10,9,2,38,ACEITE DE MOTOR 5W30 FULL SINTÉTICO,4,118,472,1
1677,2024-05-11,21,2,1,AUTO HONDA ACCORD 2014,1,20904,20904,1
1699,2024-05-11,93,2,11,CAMIONETA HONDA RID LINE PICK UP 2014,1,34782,34782,4
1691,2024-05-12,16,1,7,AUTO HONDA CITY 2016,1,26912,26912,2
1710,2024-05-12,2,2,38,ACEITE DE MOTOR 5W30 FULL SINTÉTICO,5,118,590,1
1712,2024-05-13,146,2,38,ACEITE DE MOTOR 5W30 FULL SINTÉTICO,1,118,118,3
1683,2024-05-14,53,1,2,AUTO HONDA CIVIC 2014,1,24311,24311,4
1684,2024-05-14,146,1,2,AUTO HONDA CIVIC 2014,1,24311,24311,4
1716,2024-05-14,97,2,40,AMORTIGUADORES DELANTEROS,12,236,2832,1
1759,2024-05-15,178,1,43,BATERÍA DE 18 PLACAS,7,116,812,3
1701,2024-05-16,62,2,38,ACEITE DE MOTOR 5W30 FULL SINTÉTICO,5,118,590,4
1705,2024-05-16,114,1,38,ACEITE DE MOTOR 5W30 FULL SINTÉTICO,3,118,354,1
1707,2024-05-16,53,2,38,ACEITE DE MOTOR 5W30 FULL SINTÉTICO,8,118,944,4
1718,2024-05-16,139,2,40,AMORTIGUADORES DELANTEROS,13,236,3068,2
1723,2024-05-16,11,2,40,AMORTIGUADORES DELANTEROS,17,236,4012,1
1681,2024-05-20,69,1,2,AUTO HONDA CIVIC 2014,1,24311,24311,3
1695,2024-05-20,19,1,10,CAMIONETA HONDA CR-Z 2015,1,39946,39946,4
1679,2024-05-21,55,1,1,AUTO HONDA ACCORD 2014,1,20904,20904,4
1706,2024-05-21,87,2,38,ACEITE DE MOTOR 5W30 FULL SINTÉTICO,4,118,472,1
1688,2024-05-22,67,1,4,AUTO HONDA CRV 2014,1,30434,30434,4
1720,2024-05-23,105,2,40,AMORTIGUADORES DELANTEROS,5,236,1180,1
1685,2024-05-24,21,1,3,AUTO HONDA ODISSEY 2013,1,27063,27063,4
1749,2024-05-24,30,2,42,"LLANTAS 18""",1,69,69,1
1715,2024-05-27,26,2,40,AMORTIGUADORES DELANTEROS,14,236,3304,2
1800,2024-06-02,198,1,9,CAMIONETA HONDA CROSSTOUR 2013,1,25600,25600,1
1764,2024-06-04,73,2,1,AUTO HONDA ACCORD 2014,1,20005,20005,1
1771,2024-06-05,11,2,3,AUTO HONDA ODISSEY 2013,1,27276,27276,1
1781,2024-06-05,64,1,5,AUTO HONDA PILOT 2013,1,22709,22709,1
1813,2024-06-05,151,2,38,ACEITE DE MOTOR 5W30 FULL SINTÉTICO,2,143,286,2
1792,2024-06-06,164,1,7,AUTO HONDA CITY 2016,1,29270,29270,2
1810,2024-06-06,120,2,38,ACEITE DE MOTOR 5W30 FULL SINTÉTICO,17,143,2431,3
1830,2024-06-08,197,2,40,AMORTIGUADORES DELANTEROS,3,260,780,2
1807,2024-06-09,14,2,11,CAMIONETA HONDA RID LINE PICK UP 2014,1,42075,42075,2
1818,2024-06-09,109,1,38,ACEITE DE MOTOR 5W30 FULL SINTÉTICO,3,143,429,4
1819,2024-06-09,192,2,38,ACEITE DE MOTOR 5W30 FULL SINTÉTICO,2,143,286,4
1825,2024-06-09,10,2,40,AMORTIGUADORES DELANTEROS,4,260,1040,3
1769,2024-06-10,24,2,3,AUTO HONDA ODISSEY 2013,1,27276,27276,3
1783,2024-06-10,122,1,5,AUTO HONDA PILOT 2013,1,22709,22709,2
1787,2024-06-11,136,1,6,AUTO HONDA FIT 2016,1,24780,24780,1
1822,2024-06-11,140,1,39,FILTRO DE COMBUSTIBLE,7,133,931,4
1784,2024-06-12,126,1,5,AUTO HONDA PILOT 2013,1,22709,22709,1
1785,2024-06-13,63,1,6,AUTO HONDA FIT 2016,1,24780,24780,1
1796,2024-06-13,144,1,8,CAMIONETA HONDA ELEMENT 2013,1,46284,46284,3
1808,2024-06-13,128,2,11,CAMIONETA HONDA RID LINE PICK UP 2014,1,42075,42075,1
1779,2024-06-14,147,2,4,AUTO HONDA CRV 2014,1,30558,30558,2
1815,2024-06-16,170,2,38,ACEITE DE MOTOR 5W30 FULL SINTÉTICO,6,143,858,4
1816,2024-06-19,196,2,38,ACEITE DE MOTOR 5W30 FULL SINTÉTICO,11,143,1573,3
1831,2024-06-19,189,2,41,AMORTIGUADORES POSTERIORES,2,115,230,3
1857,2024-06-19,93,1,43,BATERÍA DE 18 PLACAS,8,115,920,3
1860,2024-06-19,91,1,43,BATERÍA DE 18 PLACAS,1,115,115,4
1767,2024-06-20,83,1,2,AUTO HONDA CIVIC 2014,1,27255,27255,1
1859,2024-06-20,98,1,43,BATERÍA DE 18 PLACAS,16,115,1840,3
1858,2024-06-21,56,1,43,BATERÍA DE 18 PLACAS,8,115,920,2
1833,2024-06-24,7,2,41,AMORTIGUADORES POSTERIORES,8,115,920,1
1778,2024-06-25,119,1,4,AUTO HONDA CRV 2014,1,30558,30558,1
1797,2024-06-25,28,1,8,CAMIONETA HONDA ELEMENT 2013,1,46284,46284,1
1820,2024-06-25,132,1,38,ACEITE DE MOTOR 5W30 FULL SINTÉTICO,1,143,143,2
1824,2024-06-25,28,2,40,AMORTIGUADORES DELANTEROS,19,260,4940,1
1761,2024-06-26,87,2,1,AUTO HONDA ACCORD 2014,1,20005,20005,2
1809,2024-06-26,175,2,11,CAMIONETA HONDA RID LINE PICK UP 2014,1,42075,42075,1
1836,2024-06-26,198,2,41,AMORTIGUADORES POSTERIORES,19,115,2185,1
1826,2024-06-27,51,2,40,AMORTIGUADORES DELANTEROS,20,260,5200,4
1821,2024-06-28,39,1,39,FILTRO DE COMBUSTIBLE,8,133,1064,4
1862,2024-07-01,55,1,2,AUTO HONDA CIVIC 2014,1,29171,29171,4
1872,2024-07-01,165,1,4,AUTO HONDA CRV 2014,1,26882,26882,3
1910,2024-07-01,78,2,11,CAMIONETA HONDA RID LINE PICK UP 2014,1,45272,45272,2
1953,2024-07-04,39,2,41,AMORTIGUADORES POSTERIORES,15,85,1275,4
1991,2024-07-04,132,1,43,BATERÍA DE 18 PLACAS,3,102,306,2
1873,2024-07-05,50,1,4,AUTO HONDA CRV 2014,1,26882,26882,4
1926,2024-07-05,17,2,38,ACEITE DE MOTOR 5W30 FULL SINTÉTICO,10,113,1130,4
1992,2024-07-05,123,2,43,BATERÍA DE 18 PLACAS,5,102,510,2
1964,2024-07-07,128,2,41,AMORTIGUADORES POSTERIORES,2,85,170,1
1894,2024-07-08,38,1,8,CAMIONETA HONDA ELEMENT 2013,1,47872,47872,3
1940,2024-07-08,84,2,40,AMORTIGUADORES DELANTEROS,1,279,279,1
1951,2024-07-08,68,2,40,AMORTIGUADORES DELANTEROS,3,279,837,3
1989,2024-07-08,105,2,43,BATERÍA DE 18 PLACAS,6,102,612,4
1985,2024-07-09,170,2,43,BATERÍA DE 18 PLACAS,2,102,204,1
1884,2024-07-11,127,2,6,AUTO HONDA FIT 2016,1,26767,26767,2
1871,2024-07-12,66,2,4,AUTO HONDA CRV 2014,1,26882,26882,4
1885,2024-07-14,134,1,6,AUTO HONDA FIT 2016,1,26767,26767,4
1957,2024-07-14,82,2,41,AMORTIGUADORES POSTERIORES,11,85,935,2
1988,2024-07-14,18,1,43,BATERÍA DE 18 PLACAS,1,102,102,1
1870,2024-07-15,66,2,4,AUTO HONDA CRV 2014,1,26882,26882,3
1944,2024-07-15,49,2,40,AMORTIGUADORES DELANTEROS,9,279,2511,2
1906,2024-07-16,59,1,11,CAMIONETA HONDA RID LINE PICK UP 2014,1,45272,45272,3
1954,2024-07-16,19,2,41,AMORTIGUADORES POSTERIORES,7,85,595,1
1961,2024-07-16,124,2,41,AMORTIGUADORES POSTERIORES,8,85,680,2
1902,2024-07-17,54,2,10,CAMIONETA HONDA CR-Z 2015,1,39540,39540,2
1956,2024-07-17,29,2,41,AMORTIGUADORES POSTERIORES,10,85,850,2
1868,2024-07-19,92,2,3,AUTO HONDA ODISSEY 2013,1,26696,26696,1
1990,2024-07-19,49,2,43,BATERÍA DE 18 PLACAS,4,102,408,2
1865,2024-07-21,198,1,2,AUTO HONDA CIVIC 2014,1,29171,29171,4
1963,2024-07-21,57,2,41,AMORTIGUADORES POSTERIORES,9,85,765,4
1987,2024-07-23,174,2,43,BATERÍA DE 18 PLACAS,17,102,1734,4
1932,2024-07-24,13,2,38,ACEITE DE MOTOR 5W30 FULL SINTÉTICO,1,113,113,1
1892,2024-07-25,105,2,8,CAMIONETA HONDA ELEMENT 2013,1,47872,47872,3
1935,2024-07-25,136,2,40,AMORTIGUADORES DELANTEROS,19,279,5301,3
1943,2024-07-25,75,2,40,AMORTIGUADORES DELANTEROS,4,279,1116,4
1945,2024-07-25,197,2,40,AMORTIGUADORES DELANTEROS,9,279,2511,4
1897,2024-07-26,187,1,9,CAMIONETA HONDA CROSSTOUR 2013,1,23373,23373,2
1950,2024-07-26,56,2,40,AMORTIGUADORES DELANTEROS,2,279,558,2
1960,2024-07-26,26,2,41,AMORTIGUADORES POSTERIORES,5,85,425,4
1867,2024-07-27,12,2,3,AUTO HONDA ODISSEY 2013,1,26696,26696,4
1899,2024-07-27,40,1,9,CAMIONETA HONDA CROSSTOUR 2013,1,23373,23373,4
1863,2024-07-28,106,1,2,AUTO HONDA CIVIC 2014,1,29171,29171,2
1907,2024-07-28,92,2,11,CAMIONETA HONDA RID LINE PICK UP 2014,1,45272,45272,1
2025,2024-08-01,165,1,6,AUTO HONDA FIT 2016,1,26722,26722,4
2038,2024-08-01,62,1,8,CAMIONETA HONDA ELEMENT 2013,1,41915,41915,4
2040,2024-08-02,16,2,8,CAMIONETA HONDA ELEMENT 2013,1,41915,41915,2
2044,2024-08-02,167,1,9,CAMIONETA HONDA CROSSTOUR 2013,1,31846,31846,3
2070,2024-08-02,26,1,39,FILTRO DE COMBUSTIBLE,1,125,125,4
1999,2024-08-03,163,1,1,AUTO HONDA ACCORD 2014,1,36852,36852,2
2048,2024-08-03,185,2,10,CAMIONETA HONDA CR-Z 2015,1,37347,37347,3
2000,2024-08-04,173,1,2,AUTO HONDA CIVIC 2014,1,23469,23469,4
2013,2024-08-04,58,1,3,AUTO HONDA ODISSEY 2013,1,21122,21122,4
2042,2024-08-04,173,2,9,CAMIONETA HONDA CROSSTOUR 2013,1,31846,31846,2
2090,2024-08-04,171,2,41,AMORTIGUADORES POSTERIORES,1,93,93,2
2122,2024-08-04,139,1,43,BATERÍA DE 18 PLACAS,7,137,959,2
2011,2024-08-05,121,1,3,AUTO HONDA ODISSEY 2013,1,21122,21122,3
2028,2024-08-05,31,1,6,AUTO HONDA FIT 2016,1,26722,26722,4
2030,2024-08-05,11,1,6,AUTO HONDA FIT 2016,1,26722,26722,2
2052,2024-08-05,62,1,11,CAMIONETA HONDA RID LINE PICK UP 2014,1,25122,25122,1
2080,2024-08-05,146,2,40,AMORTIGUADORES DELANTEROS,16,267,4272,2
2121,2024-08-05,153,1,43,BATERÍA DE 18 PLACAS,3,137,411,2
2010,2024-08-06,79,2,3,AUTO HONDA ODISSEY 2013,1,21122,21122,3
2051,2024-08-06,95,1,11,CAMIONETA HONDA RID LINE PICK UP 2014,1,25122,25122,1
2005,2024-08-07,183,1,2,AUTO HONDA CIVIC 2014,1,23469,23469,3
2068,2024-08-07,165,1,39,FILTRO DE COMBUSTIBLE,4,125,500,1
2114,2024-08-07,97,2,42,"LLANTAS 18""",3,73,219,3
2120,2024-08-07,180,1,43,BATERÍA DE 18 PLACAS,16,137,2192,4
2041,2024-08-08,57,1,8,CAMIONETA HONDA ELEMENT 2013,1,41915,41915,2
2047,2024-08-09,3,1,10,CAMIONETA HONDA CR-Z 2015,1,37347,37347,4
1997,2024-08-10,74,2,1,AUTO HONDA ACCORD 2014,1,36852,36852,1
2019,2024-08-10,95,1,5,AUTO HONDA PILOT 2013,1,31401,31401,1
2099,2024-08-10,91,2,42,"LLANTAS 18""",7,73,511,3
2100,2024-08-10,15,2,42,"LLANTAS 18""",10,73,730,1
2007,2024-08-11,12,2,3,AUTO HONDA ODISSEY 2013,1,21122,21122,4
1998,2024-08-12,164,2,1,AUTO HONDA ACCORD 2014,1,36852,36852,2
2079,2024-08-12,34,2,40,AMORTIGUADORES DELANTEROS,12,267,3204,2
2032,2024-08-13,156,1,7,AUTO HONDA CITY 2016,1,23620,23620,1
2094,2024-08-13,168,2,41,AMORTIGUADORES POSTERIORES,4,93,372,1
1994,2024-08-14,98,2,1,AUTO HONDA ACCORD 2014,1,36852,36852,3
2073,2024-08-14,34,2,39,FILTRO DE COMBUSTIBLE,1,125,125,3
2003,2024-08-15,70,1,2,AUTO HONDA CIVIC 2014,1,23469,23469,3
2020,2024-08-15,12,1,5,AUTO HONDA PILOT 2013,1,31401,31401,2
2027,2024-08-15,160,1,6,AUTO HONDA FIT 2016,1,26722,26722,1
2037,2024-08-15,160,1,7,AUTO HONDA CITY 2016,1,23620,23620,2
2039,2024-08-15,86,1,8,CAMIONETA HONDA ELEMENT 2013,1,41915,41915,4
2102,2024-08-16,92,2,42,"LLANTAS 18""",18,73,1314,1
2119,2024-08-16,107,1,43,BATERÍA DE 18 PLACAS,15,137,2055,2
2024,2024-08-17,140,1,6,AUTO HONDA FIT 2016,1,26722,26722,1
2050,2024-08-17,140,2,10,CAMIONETA HONDA CR-Z 2015,1,37347,37347,3
2072,2024-08-17,47,1,39,FILTRO DE COMBUSTIBLE,1,125,125,3
2108,2024-08-17,183,2,42,"LLANTAS 18""",13,73,949,2
2031,2024-08-18,198,1,6,AUTO HONDA FIT 2016,1,26722,26722,3
2045,2024-08-18,172,1,9,CAMIONETA HONDA CROSSTOUR 2013,1,31846,31846,4
2083,2024-08-18,119,2,40,AMORTIGUADORES DELANTEROS,2,267,534,1
1995,2024-08-19,147,2,1,AUTO HONDA ACCORD 2014,1,36852,36852,4
2012,2024-08-19,111,1,3,AUTO HONDA ODISSEY 2013,1,21122,21122,3
2015,2024-08-19,146,1,4,AUTO HONDA CRV 2014,1,29024,29024,1
2054,2024-08-19,8,2,11,CAMIONETA HONDA RID LINE PICK UP 2014,1,25122,25122,3
2116,2024-08-19,31,1,43,BATERÍA DE 18 PLACAS,8,137,1096,1
2074,2024-08-20,46,2,40,AMORTIGUADORES DELANTEROS,7,267,1869,1
2071,2024-08-21,70,1,39,FILTRO DE COMBUSTIBLE,4,125,500,3
2016,2024-08-22,31,2,4,AUTO HONDA CRV 2014,1,29024,29024,1
2103,2024-08-22,140,2,42,"LLANTAS 18""",1,73,73,1
2118,2024-08-22,36,2,43,BATERÍA DE 18 PLACAS,1,137,137,2
2107,2024-08-23,140,2,42,"LLANTAS 18""",4,73,292,4
2046,2024-08-24,109,1,10,CAMIONETA HONDA CR-Z 2015,1,37347,37347,3
2055,2024-08-24,112,2,11,CAMIONETA HONDA RID LINE PICK UP 2014,1,25122,25122,2
2081,2024-08-24,6,1,40,AMORTIGUADORES DELANTEROS,6,267,1602,3
2115,2024-08-24,15,2,42,"LLANTAS 18""",1,73,73,3
2018,2024-08-25,175,1,5,AUTO HONDA PILOT 2013,1,31401,31401,1
2105,2024-08-25,96,1,42,"LLANTAS 18""",19,73,1387,4
2124,2024-08-25,187,1,43,BATERÍA DE 18 PLACAS,1,137,137,1
1993,2024-08-26,113,1,1,AUTO HONDA ACCORD 2014,1,36852,36852,1
2008,2024-08-26,99,1,3,AUTO HONDA ODISSEY 2013,1,21122,21122,3
2009,2024-08-26,12,2,3,AUTO HONDA ODISSEY 2013,1,21122,21122,3
2014,2024-08-26,142,1,3,AUTO HONDA ODISSEY 2013,1,21122,21122,4
2034,2024-08-26,142,1,7,AUTO HONDA CITY 2016,1,23620,23620,4
2101,2024-08-26,55,2,42,"LLANTAS 18""",11,73,803,4
2106,2024-08-27,123,1,42,"LLANTAS 18""",2,73,146,2
2035,2024-08-28,189,1,7,AUTO HONDA CITY 2016,1,23620,23620,1
2177,2024-09-01,59,1,39,FILTRO DE COMBUSTIBLE,1,103,103,4
2202,2024-09-01,170,2,42,"LLANTAS 18""",12,87,1044,1
2210,2024-09-01,39,1,42,"LLANTAS 18""",15,87,1305,4
2183,2024-09-02,160,1,40,AMORTIGUADORES DELANTEROS,1,281,281,4
2187,2024-09-03,1,2,40,AMORTIGUADORES DELANTEROS,1,281,281,1
2197,2024-09-03,190,2,42,"LLANTAS 18""",17,87,1479,1
2203,2024-09-03,9,1,42,"LLANTAS 18""",9,87,783,3
2136,2024-09-04,9,1,4,AUTO HONDA CRV 2014,1,31407,31407,3
2222,2024-09-04,142,1,43,BATERÍA DE 18 PLACAS,1,122,122,4
2143,2024-09-05,135,1,5,AUTO HONDA PILOT 2013,1,20039,20039,4
2207,2024-09-05,143,2,42,"LLANTAS 18""",4,87,348,4
2142,2024-09-06,148,2,4,AUTO HONDA CRV 2014,1,31407,31407,2
2180,2024-09-06,7,1,40,AMORTIGUADORES DELANTEROS,20,281,5620,3
2178,2024-09-08,25,2,40,AMORTIGUADORES DELANTEROS,20,281,5620,4
2220,2024-09-08,190,1,43,BATERÍA DE 18 PLACAS,4,122,488,3
2127,2024-09-09,124,1,1,AUTO HONDA ACCORD 2014,1,25745,25745,2
2139,2024-09-09,163,2,4,AUTO HONDA CRV 2014,1,31407,31407,4
2219,2024-09-10,139,2,43,BATERÍA DE 18 PLACAS,2,122,244,2
2162,2024-09-11,116,1,10,CAMIONETA HONDA CR-Z 2015,1,43318,43318,1
2206,2024-09-11,70,2,42,"LLANTAS 18""",14,87,1218,2
2128,2024-09-12,200,1,1,AUTO HONDA ACCORD 2014,1,25745,25745,3
2218,2024-09-12,114,1,43,BATERÍA DE 18 PLACAS,4,122,488,1
2141,2024-09-13,156,2,4,AUTO HONDA CRV 2014,1,31407,31407,1
2155,2024-09-13,27,1,7,AUTO HONDA CITY 2016,1,25016,25016,1
2157,2024-09-13,70,2,8,CAMIONETA HONDA ELEMENT 2013,1,32757,32757,3
2221,2024-09-13,191,2,43,BATERÍA DE 18 PLACAS,1,122,122,2
2135,2024-09-14,3,2,4,AUTO HONDA CRV 2014,1,31407,31407,3
2153,2024-09-14,21,1,7,AUTO HONDA CITY 2016,1,25016,25016,4
2195,2024-09-14,21,2,41,AMORTIGUADORES POSTERIORES,1,119,119,2
2161,2024-09-15,72,1,9,CAMIONETA HONDA CROSSTOUR 2013,1,25064,25064,2
2211,2024-09-15,144,2,42,"LLANTAS 18""",3,87,261,3
2156,2024-09-16,123,1,8,CAMIONETA HONDA ELEMENT 2013,1,32757,32757,3
2200,2024-09-16,90,2,42,"LLANTAS 18""",7,87,609,1
2212,2024-09-16,191,2,42,"LLANTAS 18""",1,87,87,2
2130,2024-09-17,172,1,2,AUTO HONDA CIVIC 2014,1,21014,21014,4
2140,2024-09-17,111,2,4,AUTO HONDA CRV 2014,1,31407,31407,4
2147,2024-09-17,196,1,5,AUTO HONDA PILOT 2013,1,20039,20039,3
2201,2024-09-17,77,2,42,"LLANTAS 18""",2,87,174,1
2182,2024-09-18,50,2,40,AMORTIGUADORES DELANTEROS,15,281,4215,1
2185,2024-09-18,88,1,40,AMORTIGUADORES DELANTEROS,3,281,843,3
2181,2024-09-19,71,2,40,AMORTIGUADORES DELANTEROS,5,281,1405,3
2137,2024-09-20,45,2,4,AUTO HONDA CRV 2014,1,31407,31407,1
2158,2024-09-20,40,1,8,CAMIONETA HONDA ELEMENT 2013,1,32757,32757,2
2186,2024-09-21,151,1,40,AMORTIGUADORES DELANTEROS,2,281,562,1
2198,2024-09-21,55,2,42,"LLANTAS 18""",2,87,174,1
2132,2024-09-22,35,1,3,AUTO HONDA ODISSEY 2013,1,25285,25285,1
2149,2024-09-22,181,1,6,AUTO HONDA FIT 2016,1,19366,19366,2
2209,2024-09-22,163,2,42,"LLANTAS 18""",9,87,783,1
2213,2024-09-22,198,2,43,BATERÍA DE 18 PLACAS,19,122,2318,2
2215,2024-09-22,91,2,43,BATERÍA DE 18 PLACAS,17,122,2074,2
2216,2024-09-22,77,2,43,BATERÍA DE 18 PLACAS,6,122,732,2
2138,2024-09-25,192,2,4,AUTO HONDA CRV 2014,1,31407,31407,1
2179,2024-09-25,75,2,40,AMORTIGUADORES DELANTEROS,5,281,1405,4
2205,2024-09-25,179,1,42,"LLANTAS 18""",3,87,261,2
2146,2024-09-26,112,1,5,AUTO HONDA PILOT 2013,1,20039,20039,3
2148,2024-09-27,6,1,5,AUTO HONDA PILOT 2013,1,20039,20039,3
2184,2024-09-27,71,2,40,AMORTIGUADORES DELANTEROS,3,281,843,4
2240,2024-10-01,19,1,5,AUTO HONDA PILOT 2013,1,31597,31597,1
2281,2024-10-01,93,2,40,AMORTIGUADORES DELANTEROS,20,263,5260,3
2312,2024-10-01,45,2,42,"LLANTAS 18""",13,73,949,2
2323,2024-10-01,59,2,43,BATERÍA DE 18 PLACAS,8,108,864,1
2251,2024-10-02,94,1,8,CAMIONETA HONDA ELEMENT 2013,1,32544,32544,1
2282,2024-10-02,64,1,40,AMORTIGUADORES DELANTEROS,1,263,263,4
2308,2024-10-02,113,2,42,"LLANTAS 18""",13,73,949,3
2275,2024-10-03,198,2,40,AMORTIGUADORES DELANTEROS,1,263,263,1
2238,2024-10-04,139,2,4,AUTO HONDA CRV 2014,1,18025,18025,4
2283,2024-10-04,171,2,40,AMORTIGUADORES DELANTEROS,16,263,4208,2
2311,2024-10-04,119,2,42,"LLANTAS 18""",1,73,73,3
2236,2024-10-05,148,1,4,AUTO HONDA CRV 2014,1,18025,18025,3
2232,2024-10-06,110,1,3,AUTO HONDA ODISSEY 2013,1,20228,20228,3
2280,2024-10-06,139,1,40,AMORTIGUADORES DELANTEROS,13,263,3419,3
2231,2024-10-07,182,1,3,AUTO HONDA ODISSEY 2013,1,20228,20228,3
2250,2024-10-09,80,1,7,AUTO HONDA CITY 2016,1,27919,27919,3
2273,2024-10-09,63,1,39,FILTRO DE COMBUSTIBLE,1,125,125,2
2284,2024-10-09,70,1,40,AMORTIGUADORES DELANTEROS,9,263,2367,2
2256,2024-10-10,54,2,9,CAMIONETA HONDA CROSSTOUR 2013,1,30927,30927,2
2239,2024-10-13,73,1,4,AUTO HONDA CRV 2014,1,18025,18025,1
2314,2024-10-13,78,2,42,"LLANTAS 18""",9,73,657,1
2277,2024-10-14,192,2,40,AMORTIGUADORES DELANTEROS,10,263,2630,3
2320,2024-10-14,135,2,43,BATERÍA DE 18 PLACAS,14,108,1512,2
2228,2024-10-15,119,1,2,AUTO HONDA CIVIC 2014,1,20343,20343,4
2285,2024-10-15,67,2,40,AMORTIGUADORES DELANTEROS,1,263,263,2
2287,2024-10-15,74,1,40,AMORTIGUADORES DELANTEROS,4,263,1052,4
2321,2024-10-15,133,1,43,BATERÍA DE 18 PLACAS,13,108,1404,2
2234,2024-10-17,184,2,4,AUTO HONDA CRV 2014,1,18025,18025,3
2318,2024-10-17,13,2,42,"LLANTAS 18""",1,73,73,1
2242,2024-10-18,124,1,5,AUTO HONDA PILOT 2013,1,31597,31597,3
2237,2024-10-20,1,1,4,AUTO HONDA CRV 2014,1,18025,18025,4
2229,2024-10-21,35,1,3,AUTO HONDA ODISSEY 2013,1,20228,20228,3
2257,2024-10-22,128,1,9,CAMIONETA HONDA CROSSTOUR 2013,1,30927,30927,4
2276,2024-10-22,54,2,40,AMORTIGUADORES DELANTEROS,4,263,1052,4
2279,2024-10-22,25,2,40,AMORTIGUADORES DELANTEROS,6,263,1578,3
2274,2024-10-23,40,2,40,AMORTIGUADORES DELANTEROS,13,263,3419,3
2319,2024-10-23,158,2,42,"LLANTAS 18""",1,73,73,4
2246,2024-10-26,92,1,6,AUTO HONDA FIT 2016,1,19496,19496,4
2288,2024-10-26,87,2,40,AMORTIGUADORES DELANTEROS,1,263,263,2
2286,2024-10-27,200,2,40,AMORTIGUADORES DELANTEROS,1,263,263,3
2233,2024-10-28,46,2,4,AUTO HONDA CRV 2014,1,18025,18025,1
2255,2024-10-28,123,2,9,CAMIONETA HONDA CROSSTOUR 2013,1,30927,30927,1
2278,2024-10-28,58,2,40,AMORTIGUADORES DELANTEROS,3,263,789,2
2322,2024-10-28,138,1,43,BATERÍA DE 18 PLACAS,20,108,2160,3
2340,2024-11-01,149,1,4,AUTO HONDA CRV 2014,1,28292,28292,1
2395,2024-11-01,71,2,40,AMORTIGUADORES DELANTEROS,19,285,5415,3
2406,2024-11-01,58,2,40,AMORTIGUADORES DELANTEROS,18,285,5130,1
2341,2024-11-02,149,2,4,AUTO HONDA CRV 2014,1,28292,28292,2
2400,2024-11-02,4,2,40,AMORTIGUADORES DELANTEROS,2,285,570,1
2437,2024-11-02,1,2,43,BATERÍA DE 18 PLACAS,10,105,1050,2
2439,2024-11-02,154,2,43,BATERÍA DE 18 PLACAS,15,105,1575,2
2332,2024-11-04,134,2,2,AUTO HONDA CIVIC 2014,1,21644,21644,2
2344,2024-11-04,65,2,4,AUTO HONDA CRV 2014,1,28292,28292,3
2394,2024-11-05,113,1,40,AMORTIGUADORES DELANTEROS,5,285,1425,4
2405,2024-11-05,29,1,40,AMORTIGUADORES DELANTEROS,10,285,2850,2
2372,2024-11-06,55,2,9,CAMIONETA HONDA CROSSTOUR 2013,1,25810,25810,4
2403,2024-11-06,186,2,40,AMORTIGUADORES DELANTEROS,9,285,2565,2
2353,2024-11-07,45,2,6,AUTO HONDA FIT 2016,1,26151,26151,1
2379,2024-11-07,60,2,10,CAMIONETA HONDA CR-Z 2015,1,37054,37054,2
2402,2024-11-07,25,1,40,AMORTIGUADORES DELANTEROS,3,285,855,3
2346,2024-11-08,46,2,4,AUTO HONDA CRV 2014,1,28292,28292,2
2374,2024-11-08,21,2,9,CAMIONETA HONDA CROSSTOUR 2013,1,25810,25810,1
2336,2024-11-09,133,1,3,AUTO HONDA ODISSEY 2013,1,27745,27745,3
2442,2024-11-09,120,1,43,BATERÍA DE 18 PLACAS,1,105,105,4
2392,2024-11-10,83,1,39,FILTRO DE COMBUSTIBLE,1,95,95,3
2396,2024-11-10,192,1,40,AMORTIGUADORES DELANTEROS,16,285,4560,2
2398,2024-11-10,186,2,40,AMORTIGUADORES DELANTEROS,9,285,2565,3
2351,2024-11-11,94,1,5,AUTO HONDA PILOT 2013,1,37562,37562,4
2393,2024-11-11,81,2,39,FILTRO DE COMBUSTIBLE,1,95,95,4
2352,2024-11-12,32,1,6,AUTO HONDA FIT 2016,1,26151,26151,1
2383,2024-11-14,63,1,11,CAMIONETA HONDA RID LINE PICK UP 2014,1,37977,37977,2
2404,2024-11-14,83,1,40,AMORTIGUADORES DELANTEROS,12,285,3420,1
2330,2024-11-15,24,1,1,AUTO HONDA ACCORD 2014,1,29094,29094,1
2440,2024-11-16,160,2,43,BATERÍA DE 18 PLACAS,5,105,525,1
2408,2024-11-17,58,1,40,AMORTIGUADORES DELANTEROS,2,285,570,2
2401,2024-11-18,124,1,40,AMORTIGUADORES DELANTEROS,8,285,2280,3
2337,2024-11-19,186,2,3,AUTO HONDA ODISSEY 2013,1,27745,27745,4
2381,2024-11-20,100,1,11,CAMIONETA HONDA RID LINE PICK UP 2014,1,37977,37977,2
2378,2024-11-21,29,2,10,CAMIONETA HONDA CR-Z 2015,1,37054,37054,4
2327,2024-11-22,85,1,1,AUTO HONDA ACCORD 2014,1,29094,29094,4
2377,2024-11-22,152,1,10,CAMIONETA HONDA CR-Z 2015,1,37054,37054,2
2335,2024-11-23,45,1,2,AUTO HONDA CIVIC 2014,1,21644,21644,3
2407,2024-11-23,75,2,40,AMORTIGUADORES DELANTEROS,6,285,1710,4
2436,2024-11-25,123,2,42,"LLANTAS 18""",1,70,70,4
2441,2024-11-25,7,1,43,BATERÍA DE 18 PLACAS,1,105,105,3
2397,2024-11-26,45,2,40,AMORTIGUADORES DELANTEROS,15,285,4275,1
2438,2024-11-26,157,2,43,BATERÍA DE 18 PLACAS,20,105,2100,1
2339,2024-11-27,128,1,3,AUTO HONDA ODISSEY 2013,1,27745,27745,3
2357,2024-11-27,65,1,6,AUTO HONDA FIT 2016,1,26151,26151,3
2361,2024-11-27,111,1,7,AUTO HONDA CITY 2016,1,23410,23410,3
2349,2024-11-28,200,2,5,AUTO HONDA PILOT 2013,1,37562,37562,2
2375,2024-11-28,20,1,9,CAMIONETA HONDA CROSSTOUR 2013,1,25810,25810,3
2520,2024-12-01,159,1,40,AMORTIGUADORES DELANTEROS,1,296,296,1
2562,2024-12-01,74,2,43,BATERÍA DE 18 PLACAS,4,115,460,1
2527,2024-12-02,191,2,40,AMORTIGUADORES DELANTEROS,15,296,4440,2
2452,2024-12-03,102,1,2,AUTO HONDA CIVIC 2014,1,20723,20723,3
2479,2024-12-03,115,1,7,AUTO HONDA CITY 2016,1,22414,22414,4
2474,2024-12-04,161,1,6,AUTO HONDA FIT 2016,1,30745,30745,4
2460,2024-12-05,64,1,4,AUTO HONDA CRV 2014,1,26574,26574,2
2467,2024-12-06,79,1,5,AUTO HONDA PILOT 2013,1,28201,28201,1
2558,2024-12-06,91,2,43,BATERÍA DE 18 PLACAS,17,115,1955,2
2455,2024-12-07,103,1,2,AUTO HONDA CIVIC 2014,1,20723,20723,2
2487,2024-12-08,167,2,9,CAMIONETA HONDA CROSSTOUR 2013,1,28755,28755,4
2443,2024-12-09,130,1,1,AUTO HONDA ACCORD 2014,1,30191,30191,2
2463,2024-12-09,200,1,5,AUTO HONDA PILOT 2013,1,28201,28201,4
2469,2024-12-10,77,1,6,AUTO HONDA FIT 2016,1,30745,30745,3
2473,2024-12-10,76,1,6,AUTO HONDA FIT 2016,1,30745,30745,4
2477,2024-12-10,15,1,7,AUTO HONDA CITY 2016,1,22414,22414,1
2519,2024-12-10,108,2,40,AMORTIGUADORES DELANTEROS,4,296,1184,3
2523,2024-12-10,7,1,40,AMORTIGUADORES DELANTEROS,8,296,2368,3
2461,2024-12-11,157,1,5,AUTO HONDA PILOT 2013,1,28201,28201,3
2459,2024-12-12,56,1,3,AUTO HONDA ODISSEY 2013,1,36473,36473,4
2466,2024-12-12,159,2,5,AUTO HONDA PILOT 2013,1,28201,28201,2
2557,2024-12-13,155,1,43,BATERÍA DE 18 PLACAS,10,115,1150,2
2484,2024-12-14,177,1,8,CAMIONETA HONDA ELEMENT 2013,1,33313,33313,1
2529,2024-12-14,152,1,40,AMORTIGUADORES DELANTEROS,8,296,2368,2
2458,2024-12-15,104,1,2,AUTO HONDA CIVIC 2014,1,20723,20723,2
2561,2024-12-16,137,1,43,BATERÍA DE 18 PLACAS,9,115,1035,1
2493,2024-12-17,105,1,11,CAMIONETA HONDA RID LINE PICK UP 2014,1,61221,61221,1
2530,2024-12-17,3,2,40,AMORTIGUADORES DELANTEROS,1,296,296,1
2490,2024-12-19,13,2,10,CAMIONETA HONDA CR-Z 2015,1,37222,37222,2
2524,2024-12-20,135,2,40,AMORTIGUADORES DELANTEROS,19,296,5624,3
2560,2024-12-20,119,2,43,BATERÍA DE 18 PLACAS,12,115,1380,1
2457,2024-12-22,123,1,2,AUTO HONDA CIVIC 2014,1,20723,20723,4
2486,2024-12-22,142,1,9,CAMIONETA HONDA CROSSTOUR 2013,1,28755,28755,2
2494,2024-12-23,155,1,11,CAMIONETA HONDA RID LINE PICK UP 2014,1,61221,61221,1
2528,2024-12-23,71,2,40,AMORTIGUADORES DELANTEROS,9,296,2664,4
2475,2024-12-26,63,1,6,AUTO HONDA FIT 2016,1,30745,30745,4
2495,2024-12-26,40,2,11,CAMIONETA HONDA RID LINE PICK UP 2014,1,61221,61221,4
2568,2025-01-02,131,1,2,AUTO HONDA CIVIC 2014,1,22706,22706,1
2581,2025-01-02,150,1,4,AUTO HONDA CRV 2014,1,23404,23404,3
2582,2025-01-02,130,1,4,AUTO HONDA CRV 2014,1,23404,23404,2
2588,2025-01-03,89,1,6,AUTO HONDA FIT 2016,1,28629,28629,2
2577,2025-01-04,192,1,3,AUTO HONDA ODISSEY 2013,1,34100,34100,2
2628,2025-01-04,158,2,40,AMORTIGUADORES DELANTEROS,3,221,663,1
2629,2025-01-04,69,2,40,AMORTIGUADORES DELANTEROS,7,221,1547,1
2635,2025-01-04,165,2,40,AMORTIGUADORES DELANTEROS,10,221,2210,1
2674,2025-01-04,107,1,43,BATERÍA DE 18 PLACAS,3,116,348,2
2669,2025-01-06,118,2,43,BATERÍA DE 18 PLACAS,4,116,464,1
2675,2025-01-07,115,2,43,BATERÍA DE 18 PLACAS,3,116,348,4
2574,2025-01-08,71,1,3,AUTO HONDA ODISSEY 2013,1,34100,34100,2
2670,2025-01-08,99,2,43,BATERÍA DE 18 PLACAS,10,116,1160,1
2671,2025-01-08,45,2,43,BATERÍA DE 18 PLACAS,6,116,696,1
2676,2025-01-09,170,1,43,BATERÍA DE 18 PLACAS,1,116,116,1
2576,2025-01-10,109,2,3,AUTO HONDA ODISSEY 2013,1,34100,34100,4
2595,2025-01-10,127,1,9,CAMIONETA HONDA CROSSTOUR 2013,1,31692,31692,4
2601,2025-01-13,149,1,11,CAMIONETA HONDA RID LINE PICK UP 2014,1,45941,45941,1
2567,2025-01-14,11,2,2,AUTO HONDA CIVIC 2014,1,22706,22706,3
2673,2025-01-14,145,2,43,BATERÍA DE 18 PLACAS,4,116,464,1
2599,2025-01-15,172,2,10,CAMIONETA HONDA CR-Z 2015,1,43142,43142,3
2668,2025-01-15,106,2,43,BATERÍA DE 18 PLACAS,6,116,696,1
2570,2025-01-16,74,1,2,AUTO HONDA CIVIC 2014,1,22706,22706,3
2630,2025-01-18,136,2,40,AMORTIGUADORES DELANTEROS,11,221,2431,4
2593,2025-01-19,134,1,8,CAMIONETA HONDA ELEMENT 2013,1,34358,34358,4
2594,2025-01-21,172,2,8,CAMIONETA HONDA ELEMENT 2013,1,34358,34358,1
2608,2025-01-21,102,2,38,ACEITE DE MOTOR 5W30 FULL SINTÉTICO,1,130,130,3
2653,2025-01-21,26,2,42,"LLANTAS 18""",12,80,960,3
2659,2025-01-21,162,2,42,"LLANTAS 18""",4,80,320,3
2573,2025-01-22,103,1,3,AUTO HONDA ODISSEY 2013,1,34100,34100,1
2592,2025-01-22,192,1,8,CAMIONETA HONDA ELEMENT 2013,1,34358,34358,3
2637,2025-01-22,139,2,40,AMORTIGUADORES DELANTEROS,9,221,1989,2
2648,2025-01-22,76,2,41,AMORTIGUADORES POSTERIORES,15,83,1245,4
2645,2025-01-24,124,2,41,AMORTIGUADORES POSTERIORES,15,83,1245,3
2640,2025-01-25,56,2,41,AMORTIGUADORES POSTERIORES,19,83,1577,1
2579,2025-01-26,133,2,4,AUTO HONDA CRV 2014,1,23404,23404,4
2605,2025-01-26,175,2,38,ACEITE DE MOTOR 5W30 FULL SINTÉTICO,19,130,2470,1
2617,2025-01-26,144,2,38,ACEITE DE MOTOR 5W30 FULL SINTÉTICO,1,130,130,2
2597,2025-01-27,145,2,9,CAMIONETA HONDA CROSSTOUR 2013,1,31692,31692,2
2623,2025-01-27,76,1,39,FILTRO DE COMBUSTIBLE,4,129,516,3
2626,2025-01-27,162,2,40,AMORTIGUADORES DELANTEROS,16,221,3536,2
2667,2025-01-28,24,2,42,"LLANTAS 18""",1,80,80,1
2710,2025-02-01,46,1,9,CAMIONETA HONDA CROSSTOUR 2013,1,36577,36577,1
2681,2025-02-02,43,1,3,AUTO HONDA ODISSEY 2013,1,26842,26842,2
2716,2025-02-03,174,2,38,ACEITE DE MOTOR 5W30 FULL SINTÉTICO,19,118,2242,4
2746,2025-02-03,15,2,41,AMORTIGUADORES POSTERIORES,14,99,1386,1
2737,2025-02-04,43,2,40,AMORTIGUADORES DELANTEROS,1,250,250,4
2721,2025-02-05,16,2,38,ACEITE DE MOTOR 5W30 FULL SINTÉTICO,2,118,236,2
2751,2025-02-05,172,2,42,"LLANTAS 18""",17,65,1105,3
2750,2025-02-06,158,2,41,AMORTIGUADORES POSTERIORES,1,99,99,1
2765,2025-02-07,134,2,43,BATERÍA DE 18 PLACAS,1,107,107,4
2724,2025-02-09,168,2,38,ACEITE DE MOTOR 5W30 FULL SINTÉTICO,20,118,2360,1
2687,2025-02-10,114,2,4,AUTO HONDA CRV 2014,1,17982,17982,1
2705,2025-02-10,110,2,7,AUTO HONDA CITY 2016,1,31679,31679,4
2718,2025-02-10,137,2,38,ACEITE DE MOTOR 5W30 FULL SINTÉTICO,2,118,236,1
2753,2025-02-10,114,2,42,"LLANTAS 18""",18,65,1170,2
2739,2025-02-11,196,2,40,AMORTIGUADORES DELANTEROS,16,250,4000,2
2755,2025-02-11,59,2,42,"LLANTAS 18""",20,65,1300,2
2708,2025-02-12,114,2,8,CAMIONETA HONDA ELEMENT 2013,1,36713,36713,1
2711,2025-02-13,108,2,10,CAMIONETA HONDA CR-Z 2015,1,35215,35215,4
2761,2025-02-13,134,2,42,"LLANTAS 18""",8,65,520,2
2698,2025-02-14,49,2,6,AUTO HONDA FIT 2016,1,21442,21442,3
2683,2025-02-15,154,1,3,AUTO HONDA ODISSEY 2013,1,26842,26842,1
2719,2025-02-15,25,2,38,ACEITE DE MOTOR 5W30 FULL SINTÉTICO,6,118,708,4
2736,2025-02-15,108,2,40,AMORTIGUADORES DELANTEROS,20,250,5000,1
2725,2025-02-16,39,2,38,ACEITE DE MOTOR 5W30 FULL SINTÉTICO,5,118,590,1
2734,2025-02-16,173,2,40,AMORTIGUADORES DELANTEROS,6,250,1500,2
2759,2025-02-16,41,2,42,"LLANTAS 18""",1,65,65,2
2743,2025-02-17,30,2,40,AMORTIGUADORES DELANTEROS,1,250,250,1
2678,2025-02-18,195,1,2,AUTO HONDA CIVIC 2014,1,27628,27628,3
2707,2025-02-18,137,1,8,CAMIONETA HONDA ELEMENT 2013,1,36713,36713,2
2715,2025-02-19,126,1,11,CAMIONETA HONDA RID LINE PICK UP 2014,1,36951,36951,1
2728,2025-02-20,185,2,38,ACEITE DE MOTOR 5W30 FULL SINTÉTICO,6,118,708,1
2720,2025-02-22,184,2,38,ACEITE DE MOTOR 5W30 FULL SINTÉTICO,5,118,590,4
2727,2025-02-22,195,2,38,ACEITE DE MOTOR 5W30 FULL SINTÉTICO,2,118,236,2
2696,2025-02-23,117,2,6,AUTO HONDA FIT 2016,1,21442,21442,4
2744,2025-02-23,87,2,41,AMORTIGUADORES POSTERIORES,11,99,1089,2
2709,2025-02-24,163,1,9,CAMIONETA HONDA CROSSTOUR 2013,1,36577,36577,3
2714,2025-02-24,109,1,11,CAMIONETA HONDA RID LINE PICK UP 2014,1,36951,36951,2
2722,2025-02-25,114,2,38,ACEITE DE MOTOR 5W30 FULL SINTÉTICO,11,118,1298,1
2733,2025-02-25,13,2,40,AMORTIGUADORES DELANTEROS,12,250,3000,3
2689,2025-02-28,64,1,5,AUTO HONDA PILOT 2013,1,25142,25142,4
2693,2025-02-28,146,1,5,AUTO HONDA PILOT 2013,1,25142,25142,3
2766,2025-02-28,64,2,43,BATERÍA DE 18 PLACAS,7,107,749,3
2796,2025-03-02,98,2,6,AUTO HONDA FIT 2016,1,24689,24689,2
2848,2025-03-03,144,2,41,AMORTIGUADORES POSTERIORES,11,108,1188,2
2836,2025-03-04,181,2,40,AMORTIGUADORES DELANTEROS,8,284,2272,3
2850,2025-03-04,151,2,41,AMORTIGUADORES POSTERIORES,1,108,108,2
2830,2025-03-05,70,2,40,AMORTIGUADORES DELANTEROS,1,284,284,1
2849,2025-03-05,161,2,41,AMORTIGUADORES POSTERIORES,1,108,108,4
2801,2025-03-08,17,2,7,AUTO HONDA CITY 2016,1,26655,26655,2
2818,2025-03-08,58,2,38,ACEITE DE MOTOR 5W30 FULL SINTÉTICO,2,118,236,1
2827,2025-03-08,189,1,39,FILTRO DE COMBUSTIBLE,2,115,230,3
2835,2025-03-09,11,2,40,AMORTIGUADORES DELANTEROS,5,284,1420,3
2804,2025-03-11,175,2,8,CAMIONETA HONDA ELEMENT 2013,1,49721,49721,2
2769,2025-03-13,156,1,1,AUTO HONDA ACCORD 2014,1,26527,26527,3
2772,2025-03-13,186,1,2,AUTO HONDA CIVIC 2014,1,27927,27927,2
2785,2025-03-13,77,1,4,AUTO HONDA CRV 2014,1,20986,20986,4
2807,2025-03-13,167,1,8,CAMIONETA HONDA ELEMENT 2013,1,49721,49721,1
2833,2025-03-13,107,2,40,AMORTIGUADORES DELANTEROS,1,284,284,1
2868,2025-03-13,30,1,43,BATERÍA DE 18 PLACAS,18,90,1620,2
2770,2025-03-14,76,1,1,AUTO HONDA ACCORD 2014,1,26527,26527,3
2791,2025-03-14,159,1,5,AUTO HONDA PILOT 2013,1,21783,21783,1
2817,2025-03-14,56,2,38,ACEITE DE MOTOR 5W30 FULL SINTÉTICO,13,118,1534,2
2838,2025-03-14,79,2,40,AMORTIGUADORES DELANTEROS,13,284,3692,4
2786,2025-03-15,200,1,4,AUTO HONDA CRV 2014,1,20986,20986,2
2805,2025-03-15,188,2,8,CAMIONETA HONDA ELEMENT 2013,1,49721,49721,4
2792,2025-03-16,79,1,5,AUTO HONDA PILOT 2013,1,21783,21783,3
2816,2025-03-17,194,2,38,ACEITE DE MOTOR 5W30 FULL SINTÉTICO,13,118,1534,2
2767,2025-03-18,195,1,1,AUTO HONDA ACCORD 2014,1,26527,26527,4
2793,2025-03-18,115,1,5,AUTO HONDA PILOT 2013,1,21783,21783,4
2798,2025-03-18,66,2,6,AUTO HONDA FIT 2016,1,24689,24689,3
2800,2025-03-18,152,1,7,AUTO HONDA CITY 2016,1,26655,26655,3
2824,2025-03-18,77,2,38,ACEITE DE MOTOR 5W30 FULL SINTÉTICO,1,118,118,4
2846,2025-03-19,64,2,41,AMORTIGUADORES POSTERIORES,14,108,1512,4
2784,2025-03-20,181,1,3,AUTO HONDA ODISSEY 2013,1,24961,24961,1
2867,2025-03-21,195,1,43,BATERÍA DE 18 PLACAS,1,90,90,3
2844,2025-03-23,95,2,41,AMORTIGUADORES POSTERIORES,3,108,324,4
2780,2025-03-25,32,1,3,AUTO HONDA ODISSEY 2013,1,24961,24961,4
2771,2025-03-26,72,1,1,AUTO HONDA ACCORD 2014,1,26527,26527,1
2775,2025-03-27,142,1,2,AUTO HONDA CIVIC 2014,1,27927,27927,1
2826,2025-03-27,26,1,39,FILTRO DE COMBUSTIBLE,5,115,575,3
2777,2025-03-28,166,1,3,AUTO HONDA ODISSEY 2013,1,24961,24961,1
2799,2025-03-28,191,1,6,AUTO HONDA FIT 2016,1,24689,24689,4
2820,2025-03-28,126,2,38,ACEITE DE MOTOR 5W30 FULL SINTÉTICO,11,118,1298,3
2825,2025-03-28,116,1,39,FILTRO DE COMBUSTIBLE,7,115,805,3
2869,2025-03-28,116,2,43,BATERÍA DE 18 PLACAS,11,90,990,2
2928,2025-04-01,150,2,40,AMORTIGUADORES DELANTEROS,17,267,4539,3
2891,2025-04-02,176,1,6,AUTO HONDA FIT 2016,1,23797,23797,4
2927,2025-04-04,160,2,40,AMORTIGUADORES DELANTEROS,10,267,2670,2
2878,2025-04-05,63,1,3,AUTO HONDA ODISSEY 2013,1,24459,24459,1
2890,2025-04-05,110,1,6,AUTO HONDA FIT 2016,1,23797,23797,3
2888,2025-04-07,149,2,6,AUTO HONDA FIT 2016,1,23797,23797,2
2889,2025-04-07,187,1,6,AUTO HONDA FIT 2016,1,23797,23797,3
2926,2025-04-12,20,2,40,AMORTIGUADORES DELANTEROS,10,267,2670,3
2929,2025-04-12,67,2,40,AMORTIGUADORES DELANTEROS,4,267,1068,2
2892,2025-04-13,199,2,7,AUTO HONDA CITY 2016,1,37287,37287,3
2956,2025-04-13,77,1,43,BATERÍA DE 18 PLACAS,4,121,484,2
2879,2025-04-14,134,1,3,AUTO HONDA ODISSEY 2013,1,24459,24459,3
2899,2025-04-14,103,1,9,CAMIONETA HONDA CROSSTOUR 2013,1,35843,35843,4
2952,2025-04-14,70,2,43,BATERÍA DE 18 PLACAS,12,121,1452,4
2876,2025-04-15,56,1,3,AUTO HONDA ODISSEY 2013,1,24459,24459,2
2954,2025-04-17,93,1,43,BATERÍA DE 18 PLACAS,15,121,1815,2
2955,2025-04-17,24,1,43,BATERÍA DE 18 PLACAS,6,121,726,3
2894,2025-04-18,172,2,7,AUTO HONDA CITY 2016,1,37287,37287,4
2917,2025-04-18,159,1,39,FILTRO DE COMBUSTIBLE,2,110,220,1
2923,2025-04-19,60,2,40,AMORTIGUADORES DELANTEROS,9,267,2403,2
2945,2025-04-20,80,2,42,"LLANTAS 18""",13,77,1001,3
2906,2025-04-23,173,2,38,ACEITE DE MOTOR 5W30 FULL SINTÉTICO,14,112,1568,2
2915,2025-04-23,36,2,38,ACEITE DE MOTOR 5W30 FULL SINTÉTICO,2,112,224,4
2922,2025-04-23,15,2,40,AMORTIGUADORES DELANTEROS,9,267,2403,4
2930,2025-04-23,180,2,40,AMORTIGUADORES DELANTEROS,4,267,1068,3
2935,2025-04-27,197,2,41,AMORTIGUADORES POSTERIORES,18,101,1818,1
2893,2025-04-28,39,2,7,AUTO HONDA CITY 2016,1,37287,37287,4
2901,2025-04-28,54,1,9,CAMIONETA HONDA CROSSTOUR 2013,1,35843,35843,2
2957,2025-04-28,195,1,43,BATERÍA DE 18 PLACAS,1,121,121,1
2973,2025-05-01,109,1,4,AUTO HONDA CRV 2014,1,23391,23391,1
3060,2025-05-01,95,2,43,BATERÍA DE 18 PLACAS,3,86,258,1
3011,2025-05-02,42,2,38,ACEITE DE MOTOR 5W30 FULL SINTÉTICO,7,112,784,4
3021,2025-05-02,26,2,40,AMORTIGUADORES DELANTEROS,3,346,1038,4
3051,2025-05-02,65,2,42,"LLANTAS 18""",14,77,1078,3
3010,2025-05-03,111,2,38,ACEITE DE MOTOR 5W30 FULL SINTÉTICO,4,112,448,3
2989,2025-05-04,145,2,7,AUTO HONDA CITY 2016,1,36096,36096,1
3042,2025-05-04,122,2,41,AMORTIGUADORES POSTERIORES,13,124,1612,2
3018,2025-05-05,123,1,39,FILTRO DE COMBUSTIBLE,12,119,1428,2
3049,2025-05-06,68,2,42,"LLANTAS 18""",4,77,308,1
3044,2025-05-07,13,2,41,AMORTIGUADORES POSTERIORES,7,124,868,1
2977,2025-05-08,114,1,4,AUTO HONDA CRV 2014,1,23391,23391,3
3017,2025-05-08,130,1,39,FILTRO DE COMBUSTIBLE,1,119,119,2
3045,2025-05-08,89,2,41,AMORTIGUADORES POSTERIORES,5,124,620,2
2982,2025-05-09,162,1,5,AUTO HONDA PILOT 2013,1,24983,24983,3
3004,2025-05-09,146,2,38,ACEITE DE MOTOR 5W30 FULL SINTÉTICO,5,112,560,1
2964,2025-05-10,12,1,2,AUTO HONDA CIVIC 2014,1,20092,20092,2
3001,2025-05-10,39,2,11,CAMIONETA HONDA RID LINE PICK UP 2014,1,31305,31305,3
3014,2025-05-10,119,2,38,ACEITE DE MOTOR 5W30 FULL SINTÉTICO,4,112,448,4
3026,2025-05-11,51,2,40,AMORTIGUADORES DELANTEROS,4,346,1384,1
3028,2025-05-11,7,2,40,AMORTIGUADORES DELANTEROS,11,346,3806,2
2963,2025-05-14,129,1,2,AUTO HONDA CIVIC 2014,1,20092,20092,4
3023,2025-05-15,21,2,40,AMORTIGUADORES DELANTEROS,18,346,6228,1
2965,2025-05-17,145,1,2,AUTO HONDA CIVIC 2014,1,20092,20092,1
3058,2025-05-17,32,2,43,BATERÍA DE 18 PLACAS,1,86,86,1
3052,2025-05-18,41,2,42,"LLANTAS 18""",13,77,1001,2
3025,2025-05-19,15,2,40,AMORTIGUADORES DELANTEROS,10,346,3460,1
3055,2025-05-19,22,2,42,"LLANTAS 18""",3,77,231,2
3002,2025-05-20,171,1,11,CAMIONETA HONDA RID LINE PICK UP 2014,1,31305,31305,4
3046,2025-05-20,6,2,41,AMORTIGUADORES POSTERIORES,1,124,124,2
3050,2025-05-20,26,2,42,"LLANTAS 18""",19,77,1463,3
3032,2025-05-22,69,2,40,AMORTIGUADORES DELANTEROS,10,346,3460,1
2961,2025-05-23,186,1,2,AUTO HONDA CIVIC 2014,1,20092,20092,2
3030,2025-05-23,79,2,40,AMORTIGUADORES DELANTEROS,16,346,5536,3
3062,2025-05-23,61,1,43,BATERÍA DE 18 PLACAS,1,86,86,4
3027,2025-05-24,6,1,40,AMORTIGUADORES DELANTEROS,10,346,3460,1
3033,2025-05-24,176,2,40,AMORTIGUADORES DELANTEROS,8,346,2768,1
3056,2025-05-24,48,2,42,"LLANTAS 18""",1,77,77,2
2997,2025-05-25,89,2,10,CAMIONETA HONDA CR-Z 2015,1,37663,37663,2
3000,2025-05-25,175,1,11,CAMIONETA HONDA RID LINE PICK UP 2014,1,31305,31305,1
3061,2025-05-25,193,1,43,BATERÍA DE 18 PLACAS,6,86,516,1
3031,2025-05-26,147,2,40,AMORTIGUADORES DELANTEROS,6,346,2076,3
2962,2025-05-27,45,1,2,AUTO HONDA CIVIC 2014,1,20092,20092,1
3034,2025-05-27,133,2,41,AMORTIGUADORES POSTERIORES,3,124,372,3
3029,2025-05-28,51,2,40,AMORTIGUADORES DELANTEROS,18,346,6228,1
3121,2025-06-01,3,2,41,AMORTIGUADORES POSTERIORES,1,125,125,3
3103,2025-06-06,15,2,38,ACEITE DE MOTOR 5W30 FULL SINTÉTICO,1,108,108,1
3115,2025-06-06,196,2,40,AMORTIGUADORES DELANTEROS,15,244,3660,4
3098,2025-06-07,56,2,38,ACEITE DE MOTOR 5W30 FULL SINTÉTICO,6,108,648,3
3099,2025-06-07,82,2,38,ACEITE DE MOTOR 5W30 FULL SINTÉTICO,10,108,1080,1
3124,2025-06-07,153,2,41,AMORTIGUADORES POSTERIORES,14,125,1750,4
3073,2025-06-08,53,1,4,AUTO HONDA CRV 2014,1,21230,21230,3
3076,2025-06-08,99,1,4,AUTO HONDA CRV 2014,1,21230,21230,1
3080,2025-06-09,173,1,5,AUTO HONDA PILOT 2013,1,24683,24683,1
3092,2025-06-09,124,1,11,CAMIONETA HONDA RID LINE PICK UP 2014,1,30542,30542,3
3107,2025-06-11,114,1,39,FILTRO DE COMBUSTIBLE,2,126,252,2
3097,2025-06-13,114,2,38,ACEITE DE MOTOR 5W30 FULL SINTÉTICO,20,108,2160,4
3154,2025-06-13,138,1,43,BATERÍA DE 18 PLACAS,6,117,702,2
3077,2025-06-15,63,1,5,AUTO HONDA PILOT 2013,1,24683,24683,4
3085,2025-06-15,47,1,7,AUTO HONDA CITY 2016,1,28279,28279,1
3125,2025-06-15,100,2,41,AMORTIGUADORES POSTERIORES,17,125,2125,3
3065,2025-06-17,137,1,1,AUTO HONDA ACCORD 2014,1,23881,23881,2
3089,2025-06-17,192,2,9,CAMIONETA HONDA CROSSTOUR 2013,1,20616,20616,3
3129,2025-06-17,66,2,41,AMORTIGUADORES POSTERIORES,6,125,750,4
3132,2025-06-17,37,2,41,AMORTIGUADORES POSTERIORES,13,125,1625,3
3106,2025-06-18,63,1,39,FILTRO DE COMBUSTIBLE,2,126,252,1
3158,2025-06-18,32,1,43,BATERÍA DE 18 PLACAS,9,117,1053,2
3079,2025-06-19,200,1,5,AUTO HONDA PILOT 2013,1,24683,24683,3
3096,2025-06-19,124,2,11,CAMIONETA HONDA RID LINE PICK UP 2014,1,30542,30542,2
3146,2025-06-19,180,2,42,"LLANTAS 18""",1,59,59,4
3138,2025-06-20,84,2,41,AMORTIGUADORES POSTERIORES,1,125,125,1
3063,2025-06-23,11,1,1,AUTO HONDA ACCORD 2014,1,23881,23881,2
3128,2025-06-23,47,2,41,AMORTIGUADORES POSTERIORES,14,125,1750,2
3137,2025-06-23,197,2,41,AMORTIGUADORES POSTERIORES,2,125,250,4
3155,2025-06-25,153,1,43,BATERÍA DE 18 PLACAS,4,117,468,4
3066,2025-06-27,115,1,1,AUTO HONDA ACCORD 2014,1,23881,23881,1
3072,2025-06-27,82,2,4,AUTO HONDA CRV 2014,1,21230,21230,1
3069,2025-06-28,32,2,2,AUTO HONDA CIVIC 2014,1,26905,26905,1
3091,2025-06-28,31,2,10,CAMIONETA HONDA CR-Z 2015,1,52510,52510,1
3119,2025-06-28,192,2,40,AMORTIGUADORES DELANTEROS,1,244,244,2
3205,2025-07-01,40,2,10,CAMIONETA HONDA CR-Z 2015,1,40680,40680,4
3214,2025-07-01,171,2,38,ACEITE DE MOTOR 5W30 FULL SINTÉTICO,19,129,2451,4
3206,2025-07-02,94,2,10,CAMIONETA HONDA CR-Z 2015,1,40680,40680,2
3160,2025-07-03,118,2,2,AUTO HONDA CIVIC 2014,1,26834,26834,2
3193,2025-07-03,44,1,7,AUTO HONDA CITY 2016,1,36397,36397,1
3262,2025-07-03,162,1,43,BATERÍA DE 18 PLACAS,14,101,1414,2
3162,2025-07-04,32,1,2,AUTO HONDA CIVIC 2014,1,26834,26834,1
3164,2025-07-04,106,1,2,AUTO HONDA CIVIC 2014,1,26834,26834,2
3174,2025-07-04,42,1,4,AUTO HONDA CRV 2014,1,25425,25425,2
3177,2025-07-04,182,1,4,AUTO HONDA CRV 2014,1,25425,25425,4
3241,2025-07-04,16,2,41,AMORTIGUADORES POSTERIORES,4,119,476,3
3246,2025-07-06,29,2,41,AMORTIGUADORES POSTERIORES,3,119,357,2
3261,2025-07-08,139,1,43,BATERÍA DE 18 PLACAS,13,101,1313,1
3265,2025-07-08,132,1,43,BATERÍA DE 18 PLACAS,1,101,101,4
3260,2025-07-09,103,2,43,BATERÍA DE 18 PLACAS,9,101,909,4
3161,2025-07-10,142,1,2,AUTO HONDA CIVIC 2014,1,26834,26834,4
3201,2025-07-11,66,1,9,CAMIONETA HONDA CROSSTOUR 2013,1,29681,29681,4
3221,2025-07-11,128,2,38,ACEITE DE MOTOR 5W30 FULL SINTÉTICO,7,129,903,2
3202,2025-07-12,2,1,9,CAMIONETA HONDA CROSSTOUR 2013,1,29681,29681,4
3207,2025-07-14,99,2,10,CAMIONETA HONDA CR-Z 2015,1,40680,40680,4
3266,2025-07-16,50,1,43,BATERÍA DE 18 PLACAS,3,101,303,2
3222,2025-07-18,10,1,38,ACEITE DE MOTOR 5W30 FULL SINTÉTICO,16,129,2064,1
3225,2025-07-18,68,1,39,FILTRO DE COMBUSTIBLE,6,107,642,3
3220,2025-07-19,157,2,38,ACEITE DE MOTOR 5W30 FULL SINTÉTICO,8,129,1032,4
3267,2025-07-20,106,1,43,BATERÍA DE 18 PLACAS,1,101,101,3
3268,2025-07-20,185,2,43,BATERÍA DE 18 PLACAS,3,101,303,2
3216,2025-07-22,159,1,38,ACEITE DE MOTOR 5W30 FULL SINTÉTICO,5,129,645,1
3228,2025-07-22,63,1,39,FILTRO DE COMBUSTIBLE,1,107,107,2
3264,2025-07-23,10,2,43,BATERÍA DE 18 PLACAS,6,101,606,2
3204,2025-07-26,172,1,9,CAMIONETA HONDA CROSSTOUR 2013,1,29681,29681,2
3259,2025-07-27,36,1,43,BATERÍA DE 18 PLACAS,10,101,1010,3
3263,2025-07-27,168,1,43,BATERÍA DE 18 PLACAS,2,101,202,2
3180,2025-07-28,167,2,5,AUTO HONDA PILOT 2013,1,27732,27732,2
3182,2025-07-28,106,1,5,AUTO HONDA PILOT 2013,1,27732,27732,2
3275,2025-08-01,141,1,1,AUTO HONDA ACCORD 2014,1,32247,32247,2
3280,2025-08-01,36,1,2,AUTO HONDA CIVIC 2014,1,28647,28647,2
3334,2025-08-01,103,1,38,ACEITE DE MOTOR 5W30 FULL SINTÉTICO,16,150,2400,1
3296,2025-08-02,116,1,5,AUTO HONDA PILOT 2013,1,32956,32956,4
3353,2025-08-03,150,2,40,AMORTIGUADORES DELANTEROS,2,312,624,3
3274,2025-08-04,109,2,1,AUTO HONDA ACCORD 2014,1,32247,32247,1
3269,2025-08-05,194,1,1,AUTO HONDA ACCORD 2014,1,32247,32247,1
3277,2025-08-05,182,1,1,AUTO HONDA ACCORD 2014,1,32247,32247,2
3325,2025-08-05,53,2,11,CAMIONETA HONDA RID LINE PICK UP 2014,1,24840,24840,1
3342,2025-08-05,119,2,38,ACEITE DE MOTOR 5W30 FULL SINTÉTICO,12,150,1800,3
3360,2025-08-05,151,2,41,AMORTIGUADORES POSTERIORES,16,119,1904,3
3272,2025-08-06,182,2,1,AUTO HONDA ACCORD 2014,1,32247,32247,2
3400,2025-08-06,111,1,43,BATERÍA DE 18 PLACAS,4,90,360,1
3319,2025-08-07,125,2,10,CAMIONETA HONDA CR-Z 2015,1,37832,37832,4
3336,2025-08-07,132,2,38,ACEITE DE MOTOR 5W30 FULL SINTÉTICO,6,150,900,3
3359,2025-08-07,180,2,41,AMORTIGUADORES POSTERIORES,1,119,119,3
3374,2025-08-07,30,2,41,AMORTIGUADORES POSTERIORES,10,119,1190,4
3328,2025-08-08,76,2,38,ACEITE DE MOTOR 5W30 FULL SINTÉTICO,8,150,1200,1
3292,2025-08-09,166,1,4,AUTO HONDA CRV 2014,1,35696,35696,4
3335,2025-08-09,1,2,38,ACEITE DE MOTOR 5W30 FULL SINTÉTICO,13,150,1950,2
3283,2025-08-10,36,1,3,AUTO HONDA ODISSEY 2013,1,28399,28399,1
3315,2025-08-10,164,1,8,CAMIONETA HONDA ELEMENT 2013,1,27035,27035,3
3318,2025-08-10,158,1,10,CAMIONETA HONDA CR-Z 2015,1,37832,37832,1
3343,2025-08-10,59,1,38,ACEITE DE MOTOR 5W30 FULL SINTÉTICO,11,150,1650,3
3349,2025-08-10,50,1,39,FILTRO DE COMBUSTIBLE,1,129,129,4
3271,2025-08-11,107,1,1,AUTO HONDA ACCORD 2014,1,32247,32247,3
3323,2025-08-11,27,2,11,CAMIONETA HONDA RID LINE PICK UP 2014,1,24840,24840,2
3326,2025-08-11,125,2,38,ACEITE DE MOTOR 5W30 FULL SINTÉTICO,12,150,1800,4
3331,2025-08-11,153,2,38,ACEITE DE MOTOR 5W30 FULL SINTÉTICO,3,150,450,3
3376,2025-08-11,15,2,41,AMORTIGUADORES POSTERIORES,12,119,1428,3
3330,2025-08-12,119,1,38,ACEITE DE MOTOR 5W30 FULL SINTÉTICO,5,150,750,1
3348,2025-08-12,83,1,39,FILTRO DE COMBUSTIBLE,4,129,516,1
3368,2025-08-12,117,2,41,AMORTIGUADORES POSTERIORES,4,119,476,3
3398,2025-08-12,155,1,43,BATERÍA DE 18 PLACAS,6,90,540,1
3285,2025-08-13,135,1,3,AUTO HONDA ODISSEY 2013,1,28399,28399,3
3287,2025-08-13,8,1,3,AUTO HONDA ODISSEY 2013,1,28399,28399,3
3314,2025-08-13,140,2,8,CAMIONETA HONDA ELEMENT 2013,1,27035,27035,3
3337,2025-08-13,36,1,38,ACEITE DE MOTOR 5W30 FULL SINTÉTICO,3,150,450,1
3364,2025-08-13,125,2,41,AMORTIGUADORES POSTERIORES,11,119,1309,3
3379,2025-08-13,92,2,41,AMORTIGUADORES POSTERIORES,2,119,238,3
3320,2025-08-15,163,1,11,CAMIONETA HONDA RID LINE PICK UP 2014,1,24840,24840,2
3329,2025-08-15,116,1,38,ACEITE DE MOTOR 5W30 FULL SINTÉTICO,5,150,750,3
3327,2025-08-17,200,1,38,ACEITE DE MOTOR 5W30 FULL SINTÉTICO,6,150,900,4
3370,2025-08-17,82,2,41,AMORTIGUADORES POSTERIORES,5,119,595,1
3278,2025-08-18,154,1,1,AUTO HONDA ACCORD 2014,1,32247,32247,1
3321,2025-08-19,50,2,11,CAMIONETA HONDA RID LINE PICK UP 2014,1,24840,24840,3
3341,2025-08-19,180,1,38,ACEITE DE MOTOR 5W30 FULL SINTÉTICO,5,150,750,1
3309,2025-08-20,34,1,7,AUTO HONDA CITY 2016,1,26820,26820,3
3345,2025-08-20,200,2,38,ACEITE DE MOTOR 5W30 FULL SINTÉTICO,5,150,750,4
3312,2025-08-21,2,1,8,CAMIONETA HONDA ELEMENT 2013,1,27035,27035,2
3317,2025-08-21,25,1,9,CAMIONETA HONDA CROSSTOUR 2013,1,35765,35765,1
3333,2025-08-21,148,2,38,ACEITE DE MOTOR 5W30 FULL SINTÉTICO,9,150,1350,1
3371,2025-08-21,4,2,41,AMORTIGUADORES POSTERIORES,8,119,952,3
3363,2025-08-22,90,2,41,AMORTIGUADORES POSTERIORES,11,119,1309,4
3383,2025-08-23,28,2,42,"LLANTAS 18""",16,76,1216,1
3396,2025-08-23,92,2,43,BATERÍA DE 18 PLACAS,1,90,90,2
3279,2025-08-24,114,1,2,AUTO HONDA CIVIC 2014,1,28647,28647,1
3332,2025-08-24,72,1,38,ACEITE DE MOTOR 5W30 FULL SINTÉTICO,1,150,150,1
3399,2025-08-24,119,1,43,BATERÍA DE 18 PLACAS,18,90,1620,3
3305,2025-08-25,182,1,7,AUTO HONDA CITY 2016,1,26820,26820,2
3316,2025-08-25,66,1,9,CAMIONETA HONDA CROSSTOUR 2013,1,35765,35765,1
3344,2025-08-25,77,1,38,ACEITE DE MOTOR 5W30 FULL SINTÉTICO,3,150,450,3
3377,2025-08-25,189,2,41,AMORTIGUADORES POSTERIORES,11,119,1309,2
3401,2025-08-26,3,1,43,BATERÍA DE 18 PLACAS,1,90,90,1
3293,2025-08-27,47,1,4,AUTO HONDA CRV 2014,1,35696,35696,3
3311,2025-08-27,66,2,8,CAMIONETA HONDA ELEMENT 2013,1,27035,27035,1
3355,2025-08-27,140,2,40,AMORTIGUADORES DELANTEROS,18,312,5616,3
3294,2025-08-28,79,1,4,AUTO HONDA CRV 2014,1,35696,35696,2
3313,2025-08-28,10,2,8,CAMIONETA HONDA ELEMENT 2013,1,27035,27035,2
3394,2025-08-28,163,2,43,BATERÍA DE 18 PLACAS,6,90,540,3
3454,2025-09-02,123,1,39,FILTRO DE COMBUSTIBLE,10,133,1330,1
3477,2025-09-03,143,2,41,AMORTIGUADORES POSTERIORES,16,126,2016,1
3485,2025-09-04,103,2,42,"LLANTAS 18""",2,82,164,3
3497,2025-09-04,71,1,43,BATERÍA DE 18 PLACAS,7,129,903,2
3413,2025-09-05,102,1,5,AUTO HONDA PILOT 2013,1,30008,30008,2
3423,2025-09-05,155,1,6,AUTO HONDA FIT 2016,1,26262,26262,3
3403,2025-09-07,5,1,1,AUTO HONDA ACCORD 2014,1,27325,27325,3
3415,2025-09-07,35,1,5,AUTO HONDA PILOT 2013,1,30008,30008,2
3418,2025-09-08,13,1,5,AUTO HONDA PILOT 2013,1,30008,30008,4
3434,2025-09-08,180,1,10,CAMIONETA HONDA CR-Z 2015,1,30171,30171,2
3446,2025-09-08,11,2,38,ACEITE DE MOTOR 5W30 FULL SINTÉTICO,19,112,2128,2
3402,2025-09-09,175,2,1,AUTO HONDA ACCORD 2014,1,27325,27325,4
3441,2025-09-09,156,1,11,CAMIONETA HONDA RID LINE PICK UP 2014,1,39521,39521,1
3471,2025-09-09,57,2,41,AMORTIGUADORES POSTERIORES,9,126,1134,1
3491,2025-09-09,19,2,42,"LLANTAS 18""",5,82,410,2
3428,2025-09-11,2,1,8,CAMIONETA HONDA ELEMENT 2013,1,35830,35830,1
3472,2025-09-11,118,2,41,AMORTIGUADORES POSTERIORES,3,126,378,2
3480,2025-09-11,10,2,41,AMORTIGUADORES POSTERIORES,5,126,630,2
3420,2025-09-12,118,1,6,AUTO HONDA FIT 2016,1,26262,26262,1
3429,2025-09-12,188,1,8,CAMIONETA HONDA ELEMENT 2013,1,35830,35830,3
3458,2025-09-13,81,2,40,AMORTIGUADORES DELANTEROS,10,271,2710,2
3459,2025-09-13,33,2,40,AMORTIGUADORES DELANTEROS,2,271,542,4
3494,2025-09-13,48,1,43,BATERÍA DE 18 PLACAS,4,129,516,4
3483,2025-09-14,171,2,42,"LLANTAS 18""",9,82,738,3
3406,2025-09-15,183,1,2,AUTO HONDA CIVIC 2014,1,25382,25382,2
3410,2025-09-15,184,1,4,AUTO HONDA CRV 2014,1,29404,29404,2
3431,2025-09-15,28,2,9,CAMIONETA HONDA CROSSTOUR 2013,1,32411,32411,3
3465,2025-09-15,68,2,40,AMORTIGUADORES DELANTEROS,4,271,1084,2
3473,2025-09-15,42,2,41,AMORTIGUADORES POSTERIORES,2,126,252,4
3482,2025-09-15,148,2,41,AMORTIGUADORES POSTERIORES,1,126,126,4
3496,2025-09-15,55,2,43,BATERÍA DE 18 PLACAS,7,129,903,2
3421,2025-09-16,109,2,6,AUTO HONDA FIT 2016,1,26262,26262,3
3460,2025-09-16,152,2,40,AMORTIGUADORES DELANTEROS,19,271,5149,3
3467,2025-09-16,175,2,41,AMORTIGUADORES POSTERIORES,8,126,1008,4
3492,2025-09-16,195,1,43,BATERÍA DE 18 PLACAS,15,129,1935,1
3439,2025-09-18,148,2,11,CAMIONETA HONDA RID LINE PICK UP 2014,1,39521,39521,3
3451,2025-09-18,2,2,38,ACEITE DE MOTOR 5W30 FULL SINTÉTICO,3,112,336,4
3490,2025-09-18,118,2,42,"LLANTAS 18""",4,82,328,3
3433,2025-09-19,35,1,9,CAMIONETA HONDA CROSSTOUR 2013,1,32411,32411,1
3425,2025-09-20,46,1,7,AUTO HONDA CITY 2016,1,31107,31107,4
3444,2025-09-21,124,2,38,ACEITE DE MOTOR 5W30 FULL SINTÉTICO,9,112,1008,3
3448,2025-09-21,190,2,38,ACEITE DE MOTOR 5W30 FULL SINTÉTICO,10,112,1120,4
3432,2025-09-22,187,2,9,CAMIONETA HONDA CROSSTOUR 2013,1,32411,32411,4
3440,2025-09-22,95,1,11,CAMIONETA HONDA RID LINE PICK UP 2014,1,39521,39521,1
3456,2025-09-22,42,1,39,FILTRO DE COMBUSTIBLE,1,133,133,4
3422,2025-09-23,16,1,6,AUTO HONDA FIT 2016,1,26262,26262,2
3426,2025-09-24,171,1,7,AUTO HONDA CITY 2016,1,31107,31107,2
3495,2025-09-24,183,1,43,BATERÍA DE 18 PLACAS,12,129,1548,4
3419,2025-09-25,100,1,5,AUTO HONDA PILOT 2013,1,30008,30008,3
3464,2025-09-25,37,2,40,AMORTIGUADORES DELANTEROS,3,271,813,1
3409,2025-09-26,98,1,4,AUTO HONDA CRV 2014,1,29404,29404,1
3466,2025-09-26,156,2,40,AMORTIGUADORES DELANTEROS,2,271,542,3
3407,2025-09-27,144,2,3,AUTO HONDA ODISSEY 2013,1,31337,31337,2
3438,2025-09-27,28,2,10,CAMIONETA HONDA CR-Z 2015,1,30171,30171,4
3442,2025-09-27,14,2,11,CAMIONETA HONDA RID LINE PICK UP 2014,1,39521,39521,1
3405,2025-09-28,76,1,2,AUTO HONDA CIVIC 2014,1,25382,25382,1
3412,2025-09-28,68,1,4,AUTO HONDA CRV 2014,1,29404,29404,4
3437,2025-09-28,173,2,10,CAMIONETA HONDA CR-Z 2015,1,30171,30171,2
3455,2025-09-28,155,1,39,FILTRO DE COMBUSTIBLE,1,133,133,4
3548,2025-10-01,64,2,40,AMORTIGUADORES DELANTEROS,18,304,5472,3
3575,2025-10-01,68,2,42,"LLANTAS 18""",15,55,825,2
3577,2025-10-01,85,2,42,"LLANTAS 18""",15,55,825,3
3507,2025-10-02,148,1,3,AUTO HONDA ODISSEY 2013,1,26815,26815,2
3500,2025-10-04,72,2,1,AUTO HONDA ACCORD 2014,1,29759,29759,3
3583,2025-10-04,92,1,43,BATERÍA DE 18 PLACAS,18,118,2124,1
3550,2025-10-05,55,2,40,AMORTIGUADORES DELANTEROS,20,304,6080,4
3552,2025-10-05,24,2,40,AMORTIGUADORES DELANTEROS,1,304,304,3
3572,2025-10-06,136,2,42,"LLANTAS 18""",4,55,220,3
3502,2025-10-07,94,2,3,AUTO HONDA ODISSEY 2013,1,26815,26815,3
3528,2025-10-08,137,1,8,CAMIONETA HONDA ELEMENT 2013,1,47594,47594,3
3541,2025-10-08,82,2,38,ACEITE DE MOTOR 5W30 FULL SINTÉTICO,2,99,198,3
3506,2025-10-09,92,1,3,AUTO HONDA ODISSEY 2013,1,26815,26815,1
3517,2025-10-09,116,1,6,AUTO HONDA FIT 2016,1,22872,22872,3
3519,2025-10-09,73,1,6,AUTO HONDA FIT 2016,1,22872,22872,2
3510,2025-10-10,169,1,4,AUTO HONDA CRV 2014,1,35915,35915,2
3511,2025-10-13,147,1,4,AUTO HONDA CRV 2014,1,35915,35915,4
3521,2025-10-13,81,1,7,AUTO HONDA CITY 2016,1,32522,32522,1
3584,2025-10-13,133,2,43,BATERÍA DE 18 PLACAS,11,118,1298,1
3505,2025-10-14,149,1,3,AUTO HONDA ODISSEY 2013,1,26815,26815,2
3556,2025-10-14,171,2,40,AMORTIGUADORES DELANTEROS,15,304,4560,3
3503,2025-10-15,11,2,3,AUTO HONDA ODISSEY 2013,1,26815,26815,3
3531,2025-10-15,66,2,10,CAMIONETA HONDA CR-Z 2015,1,27544,27544,3
3532,2025-10-15,13,2,10,CAMIONETA HONDA CR-Z 2015,1,27544,27544,1
3581,2025-10-15,97,2,42,"LLANTAS 18""",3,55,165,1
3513,2025-10-16,73,2,4,AUTO HONDA CRV 2014,1,35915,35915,1
3520,2025-10-17,161,1,6,AUTO HONDA FIT 2016,1,22872,22872,3
3526,2025-10-17,185,1,8,CAMIONETA HONDA ELEMENT 2013,1,47594,47594,4
3551,2025-10-17,141,2,40,AMORTIGUADORES DELANTEROS,19,304,5776,4
3512,2025-10-18,49,1,4,AUTO HONDA CRV 2014,1,35915,35915,2
3554,2025-10-18,98,2,40,AMORTIGUADORES DELANTEROS,2,304,608,2
3536,2025-10-19,109,2,38,ACEITE DE MOTOR 5W30 FULL SINTÉTICO,7,99,693,2
3542,2025-10-19,182,1,38,ACEITE DE MOTOR 5W30 FULL SINTÉTICO,2,99,198,4
3557,2025-10-20,91,2,40,AMORTIGUADORES DELANTEROS,11,304,3344,3
3522,2025-10-21,35,1,7,AUTO HONDA CITY 2016,1,32522,32522,4
3549,2025-10-22,44,2,40,AMORTIGUADORES DELANTEROS,9,304,2736,1
3582,2025-10-22,118,2,42,"LLANTAS 18""",1,55,55,1
3508,2025-10-23,168,1,3,AUTO HONDA ODISSEY 2013,1,26815,26815,1
3538,2025-10-23,136,1,38,ACEITE DE MOTOR 5W30 FULL SINTÉTICO,15,99,1485,2
3553,2025-10-23,65,2,40,AMORTIGUADORES DELANTEROS,2,304,608,2
3558,2025-10-23,112,2,40,AMORTIGUADORES DELANTEROS,10,304,3040,2
3516,2025-10-24,36,1,6,AUTO HONDA FIT 2016,1,22872,22872,1
3566,2025-10-24,12,2,41,AMORTIGUADORES POSTERIORES,7,116,812,1
3586,2025-10-24,153,1,43,BATERÍA DE 18 PLACAS,2,118,236,1
3537,2025-10-25,73,1,38,ACEITE DE MOTOR 5W30 FULL SINTÉTICO,9,99,891,1
3501,2025-10-26,63,1,2,AUTO HONDA CIVIC 2014,1,21526,21526,4
3540,2025-10-26,126,1,38,ACEITE DE MOTOR 5W30 FULL SINTÉTICO,4,99,396,3
3544,2025-10-26,134,1,39,FILTRO DE COMBUSTIBLE,5,104,520,1
3524,2025-10-27,135,1,7,AUTO HONDA CITY 2016,1,32522,32522,4
3535,2025-10-27,114,2,11,CAMIONETA HONDA RID LINE PICK UP 2014,1,40232,40232,2
3533,2025-10-28,25,1,11,CAMIONETA HONDA RID LINE PICK UP 2014,1,40232,40232,2
3539,2025-10-28,88,1,38,ACEITE DE MOTOR 5W30 FULL SINTÉTICO,5,99,495,1
3619,2025-11-01,163,1,9,CAMIONETA HONDA CROSSTOUR 2013,1,37280,37280,2
3658,2025-11-01,193,2,40,AMORTIGUADORES DELANTEROS,3,298,894,4
3626,2025-11-02,102,2,38,ACEITE DE MOTOR 5W30 FULL SINTÉTICO,3,125,375,2
3693,2025-11-02,58,2,43,BATERÍA DE 18 PLACAS,1,115,115,3
3630,2025-11-03,50,2,38,ACEITE DE MOTOR 5W30 FULL SINTÉTICO,14,125,1750,3
3595,2025-11-05,21,2,2,AUTO HONDA CIVIC 2014,1,31736,31736,4
3615,2025-11-05,29,1,7,AUTO HONDA CITY 2016,1,15924,15924,1
3616,2025-11-06,30,1,8,CAMIONETA HONDA ELEMENT 2013,1,43373,43373,2
3614,2025-11-07,72,1,7,AUTO HONDA CITY 2016,1,15924,15924,4
3635,2025-11-07,157,2,38,ACEITE DE MOTOR 5W30 FULL SINTÉTICO,4,125,500,4
3629,2025-11-08,24,2,38,ACEITE DE MOTOR 5W30 FULL SINTÉTICO,11,125,1375,1
3643,2025-11-08,111,2,40,AMORTIGUADORES DELANTEROS,5,298,1490,4
3617,2025-11-09,83,1,8,CAMIONETA HONDA ELEMENT 2013,1,43373,43373,2
3653,2025-11-09,112,2,40,AMORTIGUADORES DELANTEROS,9,298,2682,2
3605,2025-11-10,76,1,5,AUTO HONDA PILOT 2013,1,25368,25368,2
3612,2025-11-10,131,1,6,AUTO HONDA FIT 2016,1,27630,27630,2
3690,2025-11-10,150,2,42,"LLANTAS 18""",1,96,96,2
3594,2025-11-11,167,2,2,AUTO HONDA CIVIC 2014,1,31736,31736,4
3623,2025-11-11,136,1,11,CAMIONETA HONDA RID LINE PICK UP 2014,1,26959,26959,1
3699,2025-11-11,147,2,43,BATERÍA DE 18 PLACAS,3,115,345,4
3631,2025-11-12,29,1,38,ACEITE DE MOTOR 5W30 FULL SINTÉTICO,19,125,2375,4
3669,2025-11-12,45,2,41,AMORTIGUADORES POSTERIORES,1,118,118,1
3618,2025-11-13,59,1,9,CAMIONETA HONDA CROSSTOUR 2013,1,37280,37280,4
3597,2025-11-14,108,2,2,AUTO HONDA CIVIC 2014,1,31736,31736,4
3622,2025-11-14,145,2,11,CAMIONETA HONDA RID LINE PICK UP 2014,1,26959,26959,2
3652,2025-11-14,10,2,40,AMORTIGUADORES DELANTEROS,17,298,5066,3
3608,2025-11-15,28,2,6,AUTO HONDA FIT 2016,1,27630,27630,4
3698,2025-11-16,24,2,43,BATERÍA DE 18 PLACAS,3,115,345,4
3621,2025-11-17,22,2,10,CAMIONETA HONDA CR-Z 2015,1,31089,31089,3
3590,2025-11-18,164,2,1,AUTO HONDA ACCORD 2014,1,30018,30018,1
3611,2025-11-18,112,2,6,AUTO HONDA FIT 2016,1,27630,27630,2
3697,2025-11-18,17,1,43,BATERÍA DE 18 PLACAS,8,115,920,1
3625,2025-11-19,34,1,11,CAMIONETA HONDA RID LINE PICK UP 2014,1,26959,26959,2
3613,2025-11-20,113,2,6,AUTO HONDA FIT 2016,1,27630,27630,2
3588,2025-11-21,144,2,1,AUTO HONDA ACCORD 2014,1,30018,30018,3
3636,2025-11-21,104,1,38,ACEITE DE MOTOR 5W30 FULL SINTÉTICO,1,125,125,2
3620,2025-11-22,194,2,10,CAMIONETA HONDA CR-Z 2015,1,31089,31089,4
3602,2025-11-23,119,2,3,AUTO HONDA ODISSEY 2013,1,23675,23675,1
3591,2025-11-24,170,2,1,AUTO HONDA ACCORD 2014,1,30018,30018,4
3600,2025-11-24,7,1,3,AUTO HONDA ODISSEY 2013,1,23675,23675,2
3601,2025-11-24,157,2,3,AUTO HONDA ODISSEY 2013,1,23675,23675,3
3624,2025-11-24,129,2,11,CAMIONETA HONDA RID LINE PICK UP 2014,1,26959,26959,4
3694,2025-11-24,105,2,43,BATERÍA DE 18 PLACAS,9,115,1035,3
3598,2025-11-25,53,1,2,AUTO HONDA CIVIC 2014,1,31736,31736,2
3695,2025-11-25,110,1,43,BATERÍA DE 18 PLACAS,20,115,2300,4
3700,2025-11-25,16,1,43,BATERÍA DE 18 PLACAS,1,115,115,3
3633,2025-11-26,26,1,38,ACEITE DE MOTOR 5W30 FULL SINTÉTICO,16,125,2000,4
3599,2025-11-27,31,1,3,AUTO HONDA ODISSEY 2013,1,23675,23675,3
3603,2025-11-27,181,1,4,AUTO HONDA CRV 2014,1,26801,26801,3
3644,2025-11-28,116,2,40,AMORTIGUADORES DELANTEROS,1,298,298,1
3724,2025-12-02,78,1,6,AUTO HONDA FIT 2016,1,30048,30048,1
3725,2025-12-03,178,1,6,AUTO HONDA FIT 2016,1,30048,30048,4
3804,2025-12-04,15,2,43,BATERÍA DE 18 PLACAS,14,135,1890,3
3731,2025-12-05,140,1,7,AUTO HONDA CITY 2016,1,21572,21572,2
3776,2025-12-05,106,2,41,AMORTIGUADORES POSTERIORES,11,129,1419,2
3703,2025-12-06,26,2,1,AUTO HONDA ACCORD 2014,1,26847,26847,4
3713,2025-12-06,183,2,3,AUTO HONDA ODISSEY 2013,1,23444,23444,3
3759,2025-12-06,157,1,39,FILTRO DE COMBUSTIBLE,4,127,508,1
3743,2025-12-07,3,2,9,CAMIONETA HONDA CROSSTOUR 2013,1,47633,47633,2
3802,2025-12-07,88,2,43,BATERÍA DE 18 PLACAS,12,135,1620,1
3722,2025-12-08,1,1,5,AUTO HONDA PILOT 2013,1,30233,30233,3
3732,2025-12-08,168,2,8,CAMIONETA HONDA ELEMENT 2013,1,38880,38880,1
3749,2025-12-08,3,2,38,ACEITE DE MOTOR 5W30 FULL SINTÉTICO,13,113,1469,1
3760,2025-12-09,5,1,39,FILTRO DE COMBUSTIBLE,10,127,1270,2
3711,2025-12-10,44,2,3,AUTO HONDA ODISSEY 2013,1,23444,23444,1
3716,2025-12-10,118,1,4,AUTO HONDA CRV 2014,1,28657,28657,3
3717,2025-12-10,47,1,4,AUTO HONDA CRV 2014,1,28657,28657,4
3757,2025-12-11,87,2,38,ACEITE DE MOTOR 5W30 FULL SINTÉTICO,10,113,1130,3
3750,2025-12-12,109,2,38,ACEITE DE MOTOR 5W30 FULL SINTÉTICO,3,113,339,2
3755,2025-12-12,39,1,38,ACEITE DE MOTOR 5W30 FULL SINTÉTICO,1,113,113,3
3803,2025-12-13,154,2,43,BATERÍA DE 18 PLACAS,5,135,675,1
3723,2025-12-14,131,1,6,AUTO HONDA FIT 2016,1,30048,30048,3
3740,2025-12-15,78,2,9,CAMIONETA HONDA CROSSTOUR 2013,1,47633,47633,2
3808,2025-12-15,159,1,43,BATERÍA DE 18 PLACAS,1,135,135,2
3730,2025-12-16,190,1,7,AUTO HONDA CITY 2016,1,21572,21572,1
3745,2025-12-16,43,2,10,CAMIONETA HONDA CR-Z 2015,1,26062,26062,4
3709,2025-12-18,116,1,2,AUTO HONDA CIVIC 2014,1,26946,26946,2
3807,2025-12-18,180,2,43,BATERÍA DE 18 PLACAS,1,135,135,1
3741,2025-12-19,77,2,9,CAMIONETA HONDA CROSSTOUR 2013,1,47633,47633,4
3751,2025-12-19,155,2,38,ACEITE DE MOTOR 5W30 FULL SINTÉTICO,4,113,452,2
3754,2025-12-19,71,1,38,ACEITE DE MOTOR 5W30 FULL SINTÉTICO,19,113,2147,3
3705,2025-12-20,65,1,2,AUTO HONDA CIVIC 2014,1,26946,26946,4
3706,2025-12-20,116,1,2,AUTO HONDA CIVIC 2014,1,26946,26946,1
3753,2025-12-20,23,1,38,ACEITE DE MOTOR 5W30 FULL SINTÉTICO,20,113,2260,1
3806,2025-12-20,128,1,43,BATERÍA DE 18 PLACAS,13,135,1755,2
3710,2025-12-22,46,1,2,AUTO HONDA CIVIC 2014,1,26946,26946,3
3744,2025-12-22,22,2,10,CAMIONETA HONDA CR-Z 2015,1,26062,26062,3
3780,2025-12-22,123,1,41,AMORTIGUADORES POSTERIORES,10,129,1290,3
3785,2025-12-22,33,1,41,AMORTIGUADORES POSTERIORES,1,129,129,1
3801,2025-12-22,189,2,43,BATERÍA DE 18 PLACAS,19,135,2565,2
3783,2025-12-23,64,2,41,AMORTIGUADORES POSTERIORES,13,129,1677,3
3718,2025-12-24,118,1,5,AUTO HONDA PILOT 2013,1,30233,30233,1
3738,2025-12-24,197,2,8,CAMIONETA HONDA ELEMENT 2013,1,38880,38880,1
3739,2025-12-25,172,2,9,CAMIONETA HONDA CROSSTOUR 2013,1,47633,47633,2
3752,2025-12-26,50,2,38,ACEITE DE MOTOR 5W30 FULL SINTÉTICO,6,113,678,4
3784,2025-12-26,143,2,41,AMORTIGUADORES POSTERIORES,3,129,387,2
3721,2025-12-27,172,1,5,AUTO HONDA PILOT 2013,1,30233,30233,4
