id_venta,Fecha,Cliente,Almacen,Producto,Cantidad_Vendida,Precio_Venta,Monto_Venta,Vendedor,TIPO_PRODUCTO
1,2023-01-01,Cliente 12,SURCO,AUTO HONDA ACCORD 2014,1,29500.0,29500.0,Vendedor 2,AUTOS
2,2023-01-01,Cliente 44,SURCO,AUTO HONDA CIVIC 2014,1,30000.0,30000.0,Vendedor 4,AUTOS
3,2023-01-01,Cliente 8,LA MOLINA,AUTO HONDA ODISSEY 2013,1,27500.0,27500.0,Vendedor 10,AUTOS
4,2023-01-01,Cliente 38,SURCO,AUTO HONDA CRV 2014,1,27500.0,27500.0,Vendedor 10,AUTOS
5,2023-01-01,Cliente 40,SURCO,AUTO HONDA PILOT 2013,1,16500.0,16500.0,Vendedor 2,AUTOS
6,2023-01-01,Cliente 43,LA MOLINA,AUTO HONDA FIT 2016,1,26000.0,26000.0,Vendedor 10,AUTOS
7,2023-01-01,Cliente 17,LA MOLINA,AUTO HONDA CITY 2016,1,29500.0,29500.0,Vendedor 4,AUTOS
8,2023-01-01,Cliente 16,LA MOLINA,CAMIONETA HONDA ELEMENT 2013,1,36000.0,36000.0,Vendedor 5,CAMIONETAS
9,2023-01-01,Cliente 9,LA MOLINA,CAMIONETA HONDA CROSSTOUR 2013,1,34000.0,34000.0,Vendedor 5,CAMIONETAS
10,2023-01-01,Cliente 21,LA MOLINA,CAMIONETA HONDA CR-Z 2015,1,31500.0,31500.0,Vendedor 2,CAMIONETAS
11,2023-01-01,Cliente 30,SURCO,CAMIONETA HONDA RID LINE PICK UP 2014,1,37500.0,37500.0,Vendedor 10,CAMIONETAS
12,2023-01-01,Cliente 35,SURCO,ACEITE DE MOTOR 5W30 FULL SINTÉTICO,1,100.3,100.3,Vendedor 4,REPUESTOS
13,2023-01-01,Cliente 9,LA MOLINA,FILTRO DE COMBUSTIBLE,1,136.1,136.1,Vendedor 6,REPUESTOS
14,2023-01-01,Cliente 24,SURCO,AMORTIGUADORES DELANTEROS,1,225.8,225.8,Vendedor 5,REPUESTOS
15,2023-01-01,Cliente 35,LA MOLINA,AMORTIGUADORES POSTERIORES,1,107.4,107.4,Vendedor 5,REPUESTOS
16,2023-01-01,Cliente 43,LA MOLINA,"LLANTAS 18""",1,78.9,78.9,Vendedor 2,REPUESTOS
17,2023-01-01,Cliente 17,SURCO,BATERÍA DE 18 PLACAS,1,131.3,131.3,Vendedor 2,REPUESTOS
18,2023-01-02,Cliente 48,SURCO,AUTO HONDA ACCORD 2014,1,29500.0,29500.0,Vendedor 9,AUTOS
19,2023-01-02,Cliente 18,SURCO,AUTO HONDA CIVIC 2014,1,30000.0,30000.0,Vendedor 5,AUTOS
20,2023-01-02,Cliente 46,SURCO,AUTO HONDA ODISSEY 2013,1,27500.0,27500.0,Vendedor 6,AUTOS
21,2023-01-02,Cliente 44,SURCO,AUTO HONDA CRV 2014,1,27500.0,27500.0,Vendedor 5,AUTOS
22,2023-01-02,Cliente 17,LA MOLINA,AUTO HONDA PILOT 2013,1,16500.0,16500.0,Vendedor 1,AUTOS
23,2023-01-02,Cliente 41,SURCO,CAMIONETA HONDA ELEMENT 2013,1,36000.0,36000.0,Vendedor 7,CAMIONETAS
24,2023-01-02,Cliente 3,LA MOLINA,CAMIONETA HONDA CROSSTOUR 2013,1,34000.0,34000.0,Vendedor 1,CAMIONETAS
25,2023-01-02,Cliente 50,LA MOLINA,CAMIONETA HONDA CR-Z 2015,1,31500.0,31500.0,Vendedor 3,CAMIONETAS
26,2023-01-02,Cliente 11,LA MOLINA,CAMIONETA HONDA RID LINE PICK UP 2014,1,37500.0,37500.0,Vendedor 8,CAMIONETAS
27,2023-01-02,Cliente 8,SURCO,ACEITE DE MOTOR 5W30 FULL SINTÉTICO,4,100.3,401.2,Vendedor 2,REPUESTOS
28,2023-01-02,Cliente 35,SURCO,FILTRO DE COMBUSTIBLE,1,136.1,136.1,Vendedor 1,REPUESTOS
29,2023-01-02,Cliente 28,SURCO,AMORTIGUADORES DELANTEROS,2,225.8,451.6,Vendedor 3,REPUESTOS
30,2023-01-02,Cliente 24,LA MOLINA,AMORTIGUADORES POSTERIORES,1,107.4,107.4,Vendedor 1,REPUESTOS
31,2023-01-02,Cliente 44,SURCO,"LLANTAS 18""",2,78.9,157.8,Vendedor 4,REPUESTOS
32,2023-01-02,Cliente 23,SURCO,BATERÍA DE 18 PLACAS,1,131.3,131.3,Vendedor 9,REPUESTOS
33,2023-01-03,Cliente 40,SURCO,AUTO HONDA ACCORD 2014,1,29500.0,29500.0,Vendedor 3,AUTOS
34,2023-01-03,Cliente 11,SURCO,AUTO HONDA CIVIC 2014,1,30000.0,30000.0,Vendedor 3,AUTOS
35,2023-01-03,Cliente 2,LA MOLINA,AUTO HONDA CRV 2014,1,27500.0,27500.0,Vendedor 3,AUTOS
36,2023-01-03,Cliente 27,LA MOLINA,AUTO HONDA PILOT 2013,1,16500.0,16500.0,Vendedor 4,AUTOS
37,2023-01-03,Cliente 11,LA MOLINA,CAMIONETA HONDA ELEMENT 2013,1,36000.0,36000.0,Vendedor 2,CAMIONETAS
38,2023-01-03,Cliente 3,SURCO,CAMIONETA HONDA CR-Z 2015,1,31500.0,31500.0,Vendedor 8,CAMIONETAS
39,2023-01-03,Cliente 30,SURCO,ACEITE DE MOTOR 5W30 FULL SINTÉTICO,2,100.3,200.6,Vendedor 6,REPUESTOS
40,2023-01-03,Cliente 15,LA MOLINA,FILTRO DE COMBUSTIBLE,1,136.1,136.1,Vendedor 4,REPUESTOS
41,2023-01-03,Cliente 26,SURCO,AMORTIGUADORES DELANTEROS,1,225.8,225.8,Vendedor 6,REPUESTOS
42,2023-01-03,Cliente 50,SURCO,AMORTIGUADORES POSTERIORES,3,107.4,322.2,Vendedor 5,REPUESTOS
43,2023-01-03,Cliente 44,LA MOLINA,"LLANTAS 18""",2,78.9,157.8,Vendedor 9,REPUESTOS
44,2023-01-03,Cliente 2,LA MOLINA,BATERÍA DE 18 PLACAS,1,131.3,131.3,Vendedor 2,REPUESTOS
45,2023-01-04,Cliente 12,SURCO,AUTO HONDA ACCORD 2014,1,29500.0,29500.0,Vendedor 10,AUTOS
46,2023-01-04,Cliente 3,SURCO,AUTO HONDA CIVIC 2014,1,30000.0,30000.0,Vendedor 2,AUTOS
47,2023-01-04,Cliente 47,LA MOLINA,ACEITE DE MOTOR 5W30 FULL SINTÉTICO,4,100.3,401.2,Vendedor 6,REPUESTOS
48,2023-01-04,Cliente 39,LA MOLINA,FILTRO DE COMBUSTIBLE,1,136.1,136.1,Vendedor 9,REPUESTOS
49,2023-01-04,Cliente 37,LA MOLINA,AMORTIGUADORES DELANTEROS,1,225.8,225.8,Vendedor 4,REPUESTOS
50,2023-01-04,Cliente 46,SURCO,AMORTIGUADORES POSTERIORES,3,107.4,322.2,Vendedor 7,REPUESTOS
51,2023-01-04,Cliente 24,SURCO,"LLANTAS 18""",1,78.9,78.9,Vendedor 7,REPUESTOS
52,2023-01-04,Cliente 43,SURCO,BATERÍA DE 18 PLACAS,1,131.3,131.3,Vendedor 6,REPUESTOS
53,2023-01-05,Cliente 47,SURCO,ACEITE DE MOTOR 5W30 FULL SINTÉTICO,3,100.3,300.9,Vendedor 5,REPUESTOS
54,2023-01-05,Cliente 43,LA MOLINA,FILTRO DE COMBUSTIBLE,1,136.1,136.1,Vendedor 7,REPUESTOS
55,2023-01-05,Cliente 45,LA MOLINA,AMORTIGUADORES DELANTEROS,2,225.8,451.6,Vendedor 5,REPUESTOS
56,2023-01-05,Cliente 27,SURCO,AMORTIGUADORES POSTERIORES,2,107.4,214.8,Vendedor 7,REPUESTOS
57,2023-01-05,Cliente 26,LA MOLINA,"LLANTAS 18""",1,78.9,78.9,Vendedor 9,REPUESTOS
58,2023-01-05,Cliente 20,SURCO,BATERÍA DE 18 PLACAS,1,131.3,131.3,Vendedor 5,REPUESTOS
59,2023-01-06,Cliente 38,LA MOLINA,ACEITE DE MOTOR 5W30 FULL SINTÉTICO,2,100.3,200.6,Vendedor 10,REPUESTOS
60,2023-01-06,Cliente 30,LA MOLINA,FILTRO DE COMBUSTIBLE,1,136.1,136.1,Vendedor 8,REPUESTOS
61,2023-01-06,Cliente 33,SURCO,AMORTIGUADORES DELANTEROS,2,225.8,451.6,Vendedor 8,REPUESTOS
62,2023-01-06,Cliente 19,SURCO,AMORTIGUADORES POSTERIORES,1,107.4,107.4,Vendedor 9,REPUESTOS
63,2023-01-06,Cliente 49,SURCO,"LLANTAS 18""",2,78.9,157.8,Vendedor 4,REPUESTOS
64,2023-01-06,Cliente 15,LA MOLINA,BATERÍA DE 18 PLACAS,1,131.3,131.3,Vendedor 4,REPUESTOS
65,2023-01-07,Cliente 3,SURCO,ACEITE DE MOTOR 5W30 FULL SINTÉTICO,2,100.3,200.6,Vendedor 4,REPUESTOS
66,2023-01-07,Cliente 30,SURCO,AMORTIGUADORES DELANTEROS,2,225.8,451.6,Vendedor 7,REPUESTOS
67,2023-01-07,Cliente 32,LA MOLINA,AMORTIGUADORES POSTERIORES,2,107.4,214.8,Vendedor 7,REPUESTOS
68,2023-01-07,Cliente 42,SURCO,"LLANTAS 18""",1,78.9,78.9,Vendedor 1,REPUESTOS
69,2023-01-07,Cliente 50,SURCO,BATERÍA DE 18 PLACAS,1,131.3,131.3,Vendedor 7,REPUESTOS
70,2023-01-08,Cliente 45,SURCO,ACEITE DE MOTOR 5W30 FULL SINTÉTICO,2,100.3,200.6,Vendedor 9,REPUESTOS
71,2023-01-08,Cliente 36,SURCO,AMORTIGUADORES DELANTEROS,2,225.8,451.6,Vendedor 4,REPUESTOS
72,2023-01-08,Cliente 9,LA MOLINA,AMORTIGUADORES POSTERIORES,1,107.4,107.4,Vendedor 8,REPUESTOS
73,2023-01-08,Cliente 40,LA MOLINA,"LLANTAS 18""",2,78.9,157.8,Vendedor 9,REPUESTOS
74,2023-01-08,Cliente 36,LA MOLINA,BATERÍA DE 18 PLACAS,1,131.3,131.3,Vendedor 8,REPUESTOS
75,2023-01-09,Cliente 29,LA MOLINA,ACEITE DE MOTOR 5W30 FULL SINTÉTICO,2,100.3,200.6,Vendedor 5,REPUESTOS
76,2023-01-09,Cliente 50,LA MOLINA,AMORTIGUADORES DELANTEROS,1,225.8,225.8,Vendedor 9,REPUESTOS
77,2023-01-09,Cliente 18,LA MOLINA,AMORTIGUADORES POSTERIORES,4,107.4,429.6,Vendedor 8,REPUESTOS
78,2023-01-09,Cliente 16,LA MOLINA,"LLANTAS 18""",1,78.9,78.9,Vendedor 5,REPUESTOS
79,2023-01-09,Cliente 21,LA MOLINA,BATERÍA DE 18 PLACAS,1,131.3,131.3,Vendedor 9,REPUESTOS
80,2023-01-10,Cliente 10,SURCO,ACEITE DE MOTOR 5W30 FULL SINTÉTICO,1,100.3,100.3,Vendedor 4,REPUESTOS
81,2023-01-10,Cliente 46,SURCO,AMORTIGUADORES DELANTEROS,2,225.8,451.6,Vendedor 4,REPUESTOS
82,2023-01-10,Cliente 27,LA MOLINA,AMORTIGUADORES POSTERIORES,1,107.4,107.4,Vendedor 6,REPUESTOS
83,2023-01-10,Cliente 4,LA MOLINA,"LLANTAS 18""",2,78.9,157.8,Vendedor 4,REPUESTOS
84,2023-01-10,Cliente 25,LA MOLINA,BATERÍA DE 18 PLACAS,1,131.3,131.3,Vendedor 10,REPUESTOS
85,2023-01-11,Cliente 31,LA MOLINA,ACEITE DE MOTOR 5W30 FULL SINTÉTICO,1,100.3,100.3,Vendedor 1,REPUESTOS
86,2023-01-11,Cliente 49,LA MOLINA,AMORTIGUADORES DELANTEROS,2,225.8,451.6,Vendedor 7,REPUESTOS
87,2023-01-11,Cliente 32,LA MOLINA,AMORTIGUADORES POSTERIORES,4,107.4,429.6,Vendedor 4,REPUESTOS
88,2023-01-11,Cliente 32,LA MOLINA,"LLANTAS 18""",2,78.9,157.8,Vendedor 1,REPUESTOS
89,2023-01-11,Cliente 43,LA MOLINA,BATERÍA DE 18 PLACAS,2,131.3,262.6,Vendedor 7,REPUESTOS
90,2023-01-12,Cliente 9,LA MOLINA,ACEITE DE MOTOR 5W30 FULL SINTÉTICO,2,100.3,200.6,Vendedor 10,REPUESTOS
91,2023-01-12,Cliente 26,SURCO,AMORTIGUADORES DELANTEROS,3,225.8,677.4,Vendedor 10,REPUESTOS
92,2023-01-12,Cliente 42,LA MOLINA,AMORTIGUADORES POSTERIORES,1,107.4,107.4,Vendedor 7,REPUESTOS
93,2023-01-12,Cliente 12,LA MOLINA,"LLANTAS 18""",1,78.9,78.9,Vendedor 1,REPUESTOS
94,2023-01-12,Cliente 21,LA MOLINA,BATERÍA DE 18 PLACAS,2,131.3,262.6,Vendedor 4,REPUESTOS
95,2023-01-13,Cliente 22,LA MOLINA,ACEITE DE MOTOR 5W30 FULL SINTÉTICO,4,100.3,401.2,Vendedor 7,REPUESTOS
96,2023-01-13,Cliente 17,LA MOLINA,AMORTIGUADORES DELANTEROS,2,225.8,451.6,Vendedor 2,REPUESTOS
97,2023-01-13,Cliente 48,LA MOLINA,AMORTIGUADORES POSTERIORES,4,107.4,429.6,Vendedor 9,REPUESTOS
98,2023-01-13,Cliente 15,LA MOLINA,"LLANTAS 18""",1,78.9,78.9,Vendedor 2,REPUESTOS
99,2023-01-13,Cliente 16,SURCO,BATERÍA DE 18 PLACAS,1,131.3,131.3,Vendedor 4,REPUESTOS
100,2023-01-14,Cliente 16,LA MOLINA,ACEITE DE MOTOR 5W30 FULL SINTÉTICO,1,100.3,100.3,Vendedor 3,REPUESTOS
101,2023-01-14,Cliente 37,SURCO,AMORTIGUADORES DELANTEROS,2,225.8,451.6,Vendedor 4,REPUESTOS
102,2023-01-14,Cliente 50,LA MOLINA,AMORTIGUADORES POSTERIORES,4,107.4,429.6,Vendedor 6,REPUESTOS
103,2023-01-14,Cliente 50,SURCO,"LLANTAS 18""",1,78.9,78.9,Vendedor 3,REPUESTOS
104,2023-01-14,Cliente 38,SURCO,BATERÍA DE 18 PLACAS,2,131.3,262.6,Vendedor 1,REPUESTOS
105,2023-01-15,Cliente 26,LA MOLINA,ACEITE DE MOTOR 5W30 FULL SINTÉTICO,3,100.3,300.9,Vendedor 4,REPUESTOS
106,2023-01-15,Cliente 7,SURCO,AMORTIGUADORES DELANTEROS,1,225.8,225.8,Vendedor 5,REPUESTOS
107,2023-01-15,Cliente 37,LA MOLINA,AMORTIGUADORES POSTERIORES,5,107.4,537.0,Vendedor 1,REPUESTOS
108,2023-01-15,Cliente 43,LA MOLINA,"LLANTAS 18""",2,78.9,157.8,Vendedor 6,REPUESTOS
109,2023-01-15,Cliente 1,LA MOLINA,BATERÍA DE 18 PLACAS,1,131.3,131.3,Vendedor 7,REPUESTOS
110,2023-01-16,Cliente 28,LA MOLINA,ACEITE DE MOTOR 5W30 FULL SINTÉTICO,4,100.3,401.2,Vendedor 6,REPUESTOS
111,2023-01-16,Cliente 28,SURCO,AMORTIGUADORES DELANTEROS,2,225.8,451.6,Vendedor 3,REPUESTOS
112,2023-01-16,Cliente 40,LA MOLINA,AMORTIGUADORES POSTERIORES,5,107.4,537.0,Vendedor 9,REPUESTOS
113,2023-01-16,Cliente 28,LA MOLINA,"LLANTAS 18""",2,78.9,157.8,Vendedor 10,REPUESTOS
114,2023-01-16,Cliente 16,LA MOLINA,BATERÍA DE 18 PLACAS,2,131.3,262.6,Vendedor 2,REPUESTOS
115,2023-01-17,Cliente 16,LA MOLINA,ACEITE DE MOTOR 5W30 FULL SINTÉTICO,3,100.3,300.9,Vendedor 8,REPUESTOS
116,2023-01-17,Cliente 2,LA MOLINA,AMORTIGUADORES DELANTEROS,4,225.8,903.2,Vendedor 8,REPUESTOS
117,2023-01-17,Cliente 32,SURCO,AMORTIGUADORES POSTERIORES,3,107.4,322.2,Vendedor 4,REPUESTOS
118,2023-01-17,Cliente 22,LA MOLINA,"LLANTAS 18""",2,78.9,157.8,Vendedor 5,REPUESTOS
119,2023-01-17,Cliente 34,SURCO,BATERÍA DE 18 PLACAS,2,131.3,262.6,Vendedor 4,REPUESTOS
120,2023-01-18,Cliente 47,SURCO,ACEITE DE MOTOR 5W30 FULL SINTÉTICO,1,100.3,100.3,Vendedor 7,REPUESTOS
121,2023-01-18,Cliente 45,SURCO,AMORTIGUADORES DELANTEROS,4,225.8,903.2,Vendedor 8,REPUESTOS
122,2023-01-18,Cliente 2,LA MOLINA,AMORTIGUADORES POSTERIORES,4,107.4,429.6,Vendedor 2,REPUESTOS
123,2023-01-18,Cliente 26,SURCO,"LLANTAS 18""",2,78.9,157.8,Vendedor 4,REPUESTOS
124,2023-01-18,Cliente 31,LA MOLINA,BATERÍA DE 18 PLACAS,2,131.3,262.6,Vendedor 9,REPUESTOS
125,2023-01-19,Cliente 28,LA MOLINA,ACEITE DE MOTOR 5W30 FULL SINTÉTICO,5,100.3,501.5,Vendedor 9,REPUESTOS
126,2023-01-19,Cliente 45,LA MOLINA,AMORTIGUADORES DELANTEROS,3,225.8,677.4,Vendedor 8,REPUESTOS
127,2023-01-19,Cliente 17,SURCO,AMORTIGUADORES POSTERIORES,3,107.4,322.2,Vendedor 4,REPUESTOS
128,2023-01-19,Cliente 21,SURCO,"LLANTAS 18""",1,78.9,78.9,Vendedor 2,REPUESTOS
129,2023-01-19,Cliente 14,SURCO,BATERÍA DE 18 PLACAS,1,131.3,131.3,Vendedor 8,REPUESTOS
130,2023-01-20,Cliente 7,LA MOLINA,ACEITE DE MOTOR 5W30 FULL SINTÉTICO,3,100.3,300.9,Vendedor 4,REPUESTOS
131,2023-01-20,Cliente 24,SURCO,AMORTIGUADORES DELANTEROS,3,225.8,677.4,Vendedor 3,REPUESTOS
132,2023-01-20,Cliente 46,SURCO,AMORTIGUADORES POSTERIORES,3,107.4,322.2,Vendedor 9,REPUESTOS
133,2023-01-20,Cliente 3,LA MOLINA,"LLANTAS 18""",1,78.9,78.9,Vendedor 1,REPUESTOS
134,2023-01-20,Cliente 41,SURCO,BATERÍA DE 18 PLACAS,2,131.3,262.6,Vendedor 8,REPUESTOS
135,2023-01-21,Cliente 37,SURCO,ACEITE DE MOTOR 5W30 FULL SINTÉTICO,2,100.3,200.6,Vendedor 5,REPUESTOS
136,2023-01-21,Cliente 29,LA MOLINA,AMORTIGUADORES DELANTEROS,4,225.8,903.2,Vendedor 6,REPUESTOS
137,2023-01-21,Cliente 17,SURCO,AMORTIGUADORES POSTERIORES,1,107.4,107.4,Vendedor 8,REPUESTOS
138,2023-01-21,Cliente 26,SURCO,"LLANTAS 18""",1,78.9,78.9,Vendedor 8,REPUESTOS
139,2023-01-21,Cliente 10,SURCO,BATERÍA DE 18 PLACAS,1,131.3,131.3,Vendedor 3,REPUESTOS
140,2023-01-22,Cliente 16,SURCO,ACEITE DE MOTOR 5W30 FULL SINTÉTICO,5,100.3,501.5,Vendedor 2,REPUESTOS
141,2023-01-22,Cliente 50,LA MOLINA,AMORTIGUADORES DELANTEROS,4,225.8,903.2,Vendedor 9,REPUESTOS
142,2023-01-22,Cliente 20,LA MOLINA,"LLANTAS 18""",2,78.9,157.8,Vendedor 10,REPUESTOS
143,2023-01-22,Cliente 37,LA MOLINA,BATERÍA DE 18 PLACAS,2,131.3,262.6,Vendedor 10,REPUESTOS
144,2023-01-23,Cliente 49,SURCO,ACEITE DE MOTOR 5W30 FULL SINTÉTICO,1,100.3,100.3,Vendedor 4,REPUESTOS
145,2023-01-23,Cliente 16,SURCO,"LLANTAS 18""",1,78.9,78.9,Vendedor 3,REPUESTOS
146,2023-01-23,Cliente 1,SURCO,BATERÍA DE 18 PLACAS,1,131.3,131.3,Vendedor 7,REPUESTOS
147,2023-01-24,Cliente 19,LA MOLINA,ACEITE DE MOTOR 5W30 FULL SINTÉTICO,8,100.3,802.4,Vendedor 1,REPUESTOS
148,2023-01-24,Cliente 5,LA MOLINA,"LLANTAS 18""",3,78.9,236.7,Vendedor 4,REPUESTOS
149,2023-01-24,Cliente 28,SURCO,BATERÍA DE 18 PLACAS,2,131.3,262.6,Vendedor 2,REPUESTOS
150,2023-01-25,Cliente 42,SURCO,ACEITE DE MOTOR 5W30 FULL SINTÉTICO,1,100.3,100.3,Vendedor 3,REPUESTOS
151,2023-01-25,Cliente 11,SURCO,"LLANTAS 18""",1,78.9,78.9,Vendedor 5,REPUESTOS
152,2023-01-25,Cliente 8,LA MOLINA,BATERÍA DE 18 PLACAS,2,131.3,262.6,Vendedor 8,REPUESTOS
153,2023-01-26,Cliente 45,LA MOLINA,ACEITE DE MOTOR 5W30 FULL SINTÉTICO,1,100.3,100.3,Vendedor 7,REPUESTOS
154,2023-01-26,Cliente 29,LA MOLINA,"LLANTAS 18""",5,78.9,394.5,Vendedor 2,REPUESTOS
155,2023-01-26,Cliente 48,LA MOLINA,BATERÍA DE 18 PLACAS,1,131.3,131.3,Vendedor 6,REPUESTOS
156,2023-01-27,Cliente 44,SURCO,"LLANTAS 18""",1,78.9,78.9,Vendedor 10,REPUESTOS
157,2023-01-27,Cliente 49,LA MOLINA,BATERÍA DE 18 PLACAS,3,131.3,393.9,Vendedor 5,REPUESTOS
158,2023-01-28,Cliente 18,LA MOLINA,"LLANTAS 18""",5,78.9,394.5,Vendedor 3,REPUESTOS
159,2023-01-28,Cliente 41,LA MOLINA,BATERÍA DE 18 PLACAS,3,131.3,393.9,Vendedor 8,REPUESTOS
160,2023-01-29,Cliente 21,LA MOLINA,"LLANTAS 18""",1,78.9,78.9,Vendedor 2,REPUESTOS
161,2023-01-29,Cliente 27,LA MOLINA,BATERÍA DE 18 PLACAS,1,131.3,131.3,Vendedor 8,REPUESTOS
162,2023-01-30,Cliente 21,SURCO,"LLANTAS 18""",3,78.9,236.7,Vendedor 5,REPUESTOS
163,2023-01-30,Cliente 50,LA MOLINA,BATERÍA DE 18 PLACAS,3,131.3,393.9,Vendedor 7,REPUESTOS
164,2023-01-31,Cliente 41,LA MOLINA,BATERÍA DE 18 PLACAS,5,131.3,656.5,Vendedor 8,REPUESTOS
165,2023-02-01,Cliente 14,LA MOLINA,AUTO HONDA ODISSEY 2013,1,27500.0,27500.0,Vendedor 5,AUTOS
166,2023-02-01,Cliente 19,SURCO,AUTO HONDA CRV 2014,1,27500.0,27500.0,Vendedor 8,AUTOS
167,2023-02-01,Cliente 8,LA MOLINA,AUTO HONDA CITY 2016,1,22500.0,22500.0,Vendedor 1,AUTOS
168,2023-02-01,Cliente 46,SURCO,CAMIONETA HONDA CROSSTOUR 2013,1,34000.0,34000.0,Vendedor 3,CAMIONETAS
169,2023-02-01,Cliente 36,SURCO,CAMIONETA HONDA CR-Z 2015,1,35500.0,35500.0,Vendedor 1,CAMIONETAS
170,2023-02-01,Cliente 6,SURCO,CAMIONETA HONDA RID LINE PICK UP 2014,1,47000.0,47000.0,Vendedor 4,CAMIONETAS
171,2023-02-01,Cliente 8,LA MOLINA,FILTRO DE COMBUSTIBLE,1,132.1,132.1,Vendedor 3,REPUESTOS
172,2023-02-02,Cliente 31,LA MOLINA,AUTO HONDA CRV 2014,1,27500.0,27500.0,Vendedor 4,AUTOS
173,2023-02-02,Cliente 36,LA MOLINA,AUTO HONDA CITY 2016,1,22500.0,22500.0,Vendedor 3,AUTOS
174,2023-02-02,Cliente 13,SURCO,CAMIONETA HONDA CROSSTOUR 2013,1,34000.0,34000.0,Vendedor 10,CAMIONETAS
175,2023-02-02,Cliente 5,SURCO,CAMIONETA HONDA CR-Z 2015,1,35500.0,35500.0,Vendedor 5,CAMIONETAS
176,2023-02-02,Cliente 22,SURCO,CAMIONETA HONDA RID LINE PICK UP 2014,1,47000.0,47000.0,Vendedor 9,CAMIONETAS
177,2023-02-02,Cliente 19,SURCO,FILTRO DE COMBUSTIBLE,1,132.1,132.1,Vendedor 5,REPUESTOS
178,2023-02-03,Cliente 22,SURCO,AUTO HONDA CRV 2014,1,27500.0,27500.0,Vendedor 9,AUTOS
179,2023-02-03,Cliente 30,SURCO,AUTO HONDA CITY 2016,1,22500.0,22500.0,Vendedor 6,AUTOS
180,2023-02-03,Cliente 37,SURCO,ACEITE DE MOTOR 5W30 FULL SINTÉTICO,2,102.9,205.8,Vendedor 7,REPUESTOS
181,2023-02-03,Cliente 50,SURCO,FILTRO DE COMBUSTIBLE,1,132.1,132.1,Vendedor 7,REPUESTOS
182,2023-02-03,Cliente 48,LA MOLINA,AMORTIGUADORES DELANTEROS,1,356.2,356.2,Vendedor 8,REPUESTOS
183,2023-02-03,Cliente 43,LA MOLINA,AMORTIGUADORES POSTERIORES,4,101.1,404.4,Vendedor 3,REPUESTOS
184,2023-02-03,Cliente 9,SURCO,"LLANTAS 18""",4,79.9,319.6,Vendedor 9,REPUESTOS
185,2023-02-03,Cliente 29,SURCO,BATERÍA DE 18 PLACAS,2,96.4,192.8,Vendedor 2,REPUESTOS
186,2023-02-04,Cliente 1,SURCO,AUTO HONDA CRV 2014,1,27500.0,27500.0,Vendedor 3,AUTOS
187,2023-02-04,Cliente 42,SURCO,AUTO HONDA CITY 2016,1,22500.0,22500.0,Vendedor 3,AUTOS
188,2023-02-04,Cliente 17,LA MOLINA,ACEITE DE MOTOR 5W30 FULL SINTÉTICO,1,102.9,102.9,Vendedor 6,REPUESTOS
189,2023-02-04,Cliente 42,LA MOLINA,FILTRO DE COMBUSTIBLE,1,132.1,132.1,Vendedor 2,REPUESTOS
190,2023-02-04,Cliente 21,LA MOLINA,AMORTIGUADORES DELANTEROS,3,356.2,1068.6,Vendedor 8,REPUESTOS
191,2023-02-04,Cliente 16,SURCO,AMORTIGUADORES POSTERIORES,1,101.1,101.1,Vendedor 5,REPUESTOS
192,2023-02-04,Cliente 28,SURCO,"LLANTAS 18""",2,79.9,159.8,Vendedor 2,REPUESTOS
193,2023-02-04,Cliente 11,LA MOLINA,BATERÍA DE 18 PLACAS,1,96.4,96.4,Vendedor 5,REPUESTOS
194,2023-02-05,Cliente 3,SURCO,AUTO HONDA CRV 2014,1,27500.0,27500.0,Vendedor 6,AUTOS
195,2023-02-05,Cliente 23,LA MOLINA,ACEITE DE MOTOR 5W30 FULL SINTÉTICO,1,102.9,102.9,Vendedor 6,REPUESTOS
196,2023-02-05,Cliente 10,LA MOLINA,FILTRO DE COMBUSTIBLE,1,132.1,132.1,Vendedor 4,REPUESTOS
197,2023-02-05,Cliente 11,SURCO,AMORTIGUADORES DELANTEROS,4,356.2,1424.8,Vendedor 3,REPUESTOS
198,2023-02-05,Cliente 40,LA MOLINA,AMORTIGUADORES POSTERIORES,1,101.1,101.1,Vendedor 4,REPUESTOS
199,2023-02-05,Cliente 15,SURCO,"LLANTAS 18""",4,79.9,319.6,Vendedor 8,REPUESTOS
200,2023-02-05,Cliente 17,LA MOLINA,BATERÍA DE 18 PLACAS,2,96.4,192.8,Vendedor 1,REPUESTOS
201,2023-02-06,Cliente 44,LA MOLINA,ACEITE DE MOTOR 5W30 FULL SINTÉTICO,4,102.9,411.6,Vendedor 9,REPUESTOS
202,2023-02-06,Cliente 5,SURCO,FILTRO DE COMBUSTIBLE,1,132.1,132.1,Vendedor 8,REPUESTOS
203,2023-02-06,Cliente 41,LA MOLINA,AMORTIGUADORES DELANTEROS,3,356.2,1068.6,Vendedor 7,REPUESTOS
204,2023-02-06,Cliente 20,LA MOLINA,AMORTIGUADORES POSTERIORES,3,101.1,303.3,Vendedor 4,REPUESTOS
205,2023-02-06,Cliente 7,LA MOLINA,"LLANTAS 18""",4,79.9,319.6,Vendedor 4,REPUESTOS
206,2023-02-06,Cliente 37,LA MOLINA,BATERÍA DE 18 PLACAS,2,96.4,192.8,Vendedor 5,REPUESTOS
207,2023-02-07,Cliente 43,SURCO,ACEITE DE MOTOR 5W30 FULL SINTÉTICO,3,102.9,308.7,Vendedor 7,REPUESTOS
208,2023-02-07,Cliente 1,LA MOLINA,FILTRO DE COMBUSTIBLE,1,132.1,132.1,Vendedor 10,REPUESTOS
209,2023-02-07,Cliente 19,LA MOLINA,AMORTIGUADORES DELANTEROS,1,356.2,356.2,Vendedor 4,REPUESTOS
210,2023-02-07,Cliente 15,LA MOLINA,AMORTIGUADORES POSTERIORES,2,101.1,202.2,Vendedor 4,REPUESTOS
211,2023-02-07,Cliente 44,LA MOLINA,"LLANTAS 18""",5,79.9,399.5,Vendedor 3,REPUESTOS
212,2023-02-07,Cliente 20,SURCO,BATERÍA DE 18 PLACAS,1,96.4,96.4,Vendedor 8,REPUESTOS
213,2023-02-08,Cliente 47,LA MOLINA,ACEITE DE MOTOR 5W30 FULL SINTÉTICO,1,102.9,102.9,Vendedor 3,REPUESTOS
214,2023-02-08,Cliente 19,SURCO,FILTRO DE COMBUSTIBLE,1,132.1,132.1,Vendedor 6,REPUESTOS
215,2023-02-08,Cliente 13,SURCO,AMORTIGUADORES DELANTEROS,4,356.2,1424.8,Vendedor 3,REPUESTOS
216,2023-02-08,Cliente 34,SURCO,AMORTIGUADORES POSTERIORES,5,101.1,505.5,Vendedor 9,REPUESTOS
217,2023-02-08,Cliente 17,LA MOLINA,"LLANTAS 18""",1,79.9,79.9,Vendedor 8,REPUESTOS
218,2023-02-08,Cliente 8,SURCO,BATERÍA DE 18 PLACAS,2,96.4,192.8,Vendedor 8,REPUESTOS
219,2023-02-09,Cliente 10,SURCO,AUTO HONDA ACCORD 2014,1,32000.0,32000.0,Vendedor 4,AUTOS
220,2023-02-09,Cliente 36,LA MOLINA,AUTO HONDA CIVIC 2014,1,33500.0,33500.0,Vendedor 6,AUTOS
221,2023-02-09,Cliente 26,SURCO,AUTO HONDA ODISSEY 2013,1,27500.0,27500.0,Vendedor 1,AUTOS
222,2023-02-09,Cliente 35,SURCO,AUTO HONDA PILOT 2013,1,16500.0,16500.0,Vendedor 2,AUTOS
223,2023-02-09,Cliente 44,LA MOLINA,ACEITE DE MOTOR 5W30 FULL SINTÉTICO,3,102.9,308.7,Vendedor 5,REPUESTOS
224,2023-02-09,Cliente 41,LA MOLINA,FILTRO DE COMBUSTIBLE,1,132.1,132.1,Vendedor 6,REPUESTOS
225,2023-02-09,Cliente 31,SURCO,AMORTIGUADORES DELANTEROS,1,356.2,356.2,Vendedor 1,REPUESTOS
226,2023-02-09,Cliente 40,SURCO,AMORTIGUADORES POSTERIORES,4,101.1,404.4,Vendedor 4,REPUESTOS
227,2023-02-10,Cliente 42,LA MOLINA,AUTO HONDA ACCORD 2014,1,32000.0,32000.0,Vendedor 7,AUTOS
228,2023-02-10,Cliente 9,SURCO,AUTO HONDA CIVIC 2014,1,33500.0,33500.0,Vendedor 1,AUTOS
229,2023-02-10,Cliente 20,SURCO,AUTO HONDA PILOT 2013,1,16500.0,16500.0,Vendedor 8,AUTOS
230,2023-02-10,Cliente 16,SURCO,ACEITE DE MOTOR 5W30 FULL SINTÉTICO,1,102.9,102.9,Vendedor 9,REPUESTOS
231,2023-02-10,Cliente 25,SURCO,FILTRO DE COMBUSTIBLE,1,132.1,132.1,Vendedor 8,REPUESTOS
232,2023-02-10,Cliente 38,LA MOLINA,AMORTIGUADORES DELANTEROS,2,356.2,712.4,Vendedor 3,REPUESTOS
233,2023-02-11,Cliente 18,LA MOLINA,AUTO HONDA ACCORD 2014,1,32000.0,32000.0,Vendedor 1,AUTOS
234,2023-02-11,Cliente 14,LA MOLINA,AUTO HONDA CIVIC 2014,1,33500.0,33500.0,Vendedor 8,AUTOS
235,2023-02-11,Cliente 16,SURCO,AUTO HONDA PILOT 2013,1,16500.0,16500.0,Vendedor 6,AUTOS
236,2023-02-11,Cliente 35,SURCO,ACEITE DE MOTOR 5W30 FULL SINTÉTICO,1,102.9,102.9,Vendedor 6,REPUESTOS
237,2023-02-11,Cliente 26,SURCO,FILTRO DE COMBUSTIBLE,1,132.1,132.1,Vendedor 5,REPUESTOS
238,2023-02-11,Cliente 30,SURCO,AMORTIGUADORES DELANTEROS,1,356.2,356.2,Vendedor 2,REPUESTOS
239,2023-02-12,Cliente 22,SURCO,AUTO HONDA ACCORD 2014,1,32000.0,32000.0,Vendedor 4,AUTOS
240,2023-02-12,Cliente 37,SURCO,AUTO HONDA CIVIC 2014,1,33500.0,33500.0,Vendedor 4,AUTOS
241,2023-02-12,Cliente 49,SURCO,AUTO HONDA PILOT 2013,1,16500.0,16500.0,Vendedor 9,AUTOS
242,2023-02-12,Cliente 15,SURCO,ACEITE DE MOTOR 5W30 FULL SINTÉTICO,2,102.9,205.8,Vendedor 6,REPUESTOS
243,2023-02-12,Cliente 39,SURCO,FILTRO DE COMBUSTIBLE,1,132.1,132.1,Vendedor 1,REPUESTOS
244,2023-02-13,Cliente 8,SURCO,AUTO HONDA PILOT 2013,1,16500.0,16500.0,Vendedor 1,AUTOS
245,2023-02-13,Cliente 23,SURCO,ACEITE DE MOTOR 5W30 FULL SINTÉTICO,1,102.9,102.9,Vendedor 4,REPUESTOS
246,2023-02-13,Cliente 2,LA MOLINA,FILTRO DE COMBUSTIBLE,1,132.1,132.1,Vendedor 3,REPUESTOS
247,2023-02-14,Cliente 48,SURCO,FILTRO DE COMBUSTIBLE,1,132.1,132.1,Vendedor 2,REPUESTOS
248,2023-02-15,Cliente 29,SURCO,FILTRO DE COMBUSTIBLE,1,132.1,132.1,Vendedor 9,REPUESTOS
249,2023-02-16,Cliente 30,LA MOLINA,FILTRO DE COMBUSTIBLE,1,132.1,132.1,Vendedor 1,REPUESTOS
250,2023-02-17,Cliente 32,SURCO,ACEITE DE MOTOR 5W30 FULL SINTÉTICO,6,102.9,617.4,Vendedor 8,REPUESTOS
251,2023-02-17,Cliente 6,SURCO,FILTRO DE COMBUSTIBLE,1,132.1,132.1,Vendedor 6,REPUESTOS
252,2023-02-17,Cliente 5,SURCO,AMORTIGUADORES DELANTEROS,5,356.2,1781.0,Vendedor 3,REPUESTOS
253,2023-02-17,Cliente 25,LA MOLINA,AMORTIGUADORES POSTERIORES,5,101.1,505.5,Vendedor 10,REPUESTOS
254,2023-02-17,Cliente 33,LA MOLINA,"LLANTAS 18""",5,79.9,399.5,Vendedor 10,REPUESTOS
255,2023-02-17,Cliente 45,SURCO,BATERÍA DE 18 PLACAS,2,96.4,192.8,Vendedor 2,REPUESTOS
256,2023-02-18,Cliente 28,SURCO,ACEITE DE MOTOR 5W30 FULL SINTÉTICO,4,102.9,411.6,Vendedor 8,REPUESTOS
257,2023-02-18,Cliente 27,SURCO,FILTRO DE COMBUSTIBLE,1,132.1,132.1,Vendedor 6,REPUESTOS
258,2023-02-18,Cliente 27,LA MOLINA,AMORTIGUADORES DELANTEROS,8,356.2,2849.6,Vendedor 2,REPUESTOS
259,2023-02-18,Cliente 21,LA MOLINA,AMORTIGUADORES POSTERIORES,5,101.1,505.5,Vendedor 5,REPUESTOS
260,2023-02-18,Cliente 44,SURCO,"LLANTAS 18""",6,79.9,479.4,Vendedor 8,REPUESTOS
261,2023-02-18,Cliente 6,SURCO,BATERÍA DE 18 PLACAS,1,96.4,96.4,Vendedor 2,REPUESTOS
262,2023-02-19,Cliente 48,LA MOLINA,ACEITE DE MOTOR 5W30 FULL SINTÉTICO,7,102.9,720.3,Vendedor 6,REPUESTOS
263,2023-02-19,Cliente 36,SURCO,FILTRO DE COMBUSTIBLE,1,132.1,132.1,Vendedor 1,REPUESTOS
264,2023-02-19,Cliente 27,SURCO,AMORTIGUADORES DELANTEROS,5,356.2,1781.0,Vendedor 6,REPUESTOS
265,2023-02-19,Cliente 19,SURCO,AMORTIGUADORES POSTERIORES,7,101.1,707.7,Vendedor 10,REPUESTOS
266,2023-02-19,Cliente 7,LA MOLINA,"LLANTAS 18""",5,79.9,399.5,Vendedor 10,REPUESTOS
267,2023-02-19,Cliente 43,SURCO,BATERÍA DE 18 PLACAS,2,96.4,192.8,Vendedor 8,REPUESTOS
268,2023-02-20,Cliente 23,LA MOLINA,ACEITE DE MOTOR 5W30 FULL SINTÉTICO,3,102.9,308.7,Vendedor 9,REPUESTOS
269,2023-02-20,Cliente 8,LA MOLINA,FILTRO DE COMBUSTIBLE,1,132.1,132.1,Vendedor 5,REPUESTOS
270,2023-02-20,Cliente 36,LA MOLINA,AMORTIGUADORES DELANTEROS,2,356.2,712.4,Vendedor 10,REPUESTOS
271,2023-02-20,Cliente 39,SURCO,AMORTIGUADORES POSTERIORES,3,101.1,303.3,Vendedor 5,REPUESTOS
272,2023-02-20,Cliente 18,SURCO,"LLANTAS 18""",1,79.9,79.9,Vendedor 5,REPUESTOS
273,2023-02-20,Cliente 1,LA MOLINA,BATERÍA DE 18 PLACAS,3,96.4,289.2,Vendedor 3,REPUESTOS
274,2023-02-21,Cliente 5,LA MOLINA,FILTRO DE COMBUSTIBLE,1,132.1,132.1,Vendedor 3,REPUESTOS
275,2023-02-21,Cliente 25,SURCO,"LLANTAS 18""",3,79.9,239.7,Vendedor 7,REPUESTOS
276,2023-02-21,Cliente 11,LA MOLINA,BATERÍA DE 18 PLACAS,2,96.4,192.8,Vendedor 6,REPUESTOS
277,2023-02-22,Cliente 50,LA MOLINA,FILTRO DE COMBUSTIBLE,1,132.1,132.1,Vendedor 10,REPUESTOS
278,2023-02-23,Cliente 44,SURCO,FILTRO DE COMBUSTIBLE,1,132.1,132.1,Vendedor 2,REPUESTOS
279,2023-02-24,Cliente 27,LA MOLINA,FILTRO DE COMBUSTIBLE,1,132.1,132.1,Vendedor 5,REPUESTOS
280,2023-02-25,Cliente 19,SURCO,FILTRO DE COMBUSTIBLE,1,132.1,132.1,Vendedor 10,REPUESTOS
281,2023-02-26,Cliente 1,LA MOLINA,FILTRO DE COMBUSTIBLE,1,132.1,132.1,Vendedor 4,REPUESTOS
282,2023-02-27,Cliente 8,LA MOLINA,FILTRO DE COMBUSTIBLE,1,132.1,132.1,Vendedor 1,REPUESTOS
283,2023-02-28,Cliente 30,LA MOLINA,FILTRO DE COMBUSTIBLE,2,132.1,264.2,Vendedor 2,REPUESTOS
284,2023-03-01,Cliente 46,LA MOLINA,AUTO HONDA ACCORD 2014,1,27000.0,27000.0,Vendedor 7,AUTOS
285,2023-03-01,Cliente 8,LA MOLINA,AUTO HONDA CIVIC 2014,1,31500.0,31500.0,Vendedor 7,AUTOS
286,2023-03-01,Cliente 21,SURCO,AUTO HONDA ODISSEY 2013,1,27500.0,27500.0,Vendedor 3,AUTOS
287,2023-03-01,Cliente 45,LA MOLINA,AUTO HONDA CRV 2014,1,27500.0,27500.0,Vendedor 6,AUTOS
288,2023-03-01,Cliente 28,SURCO,CAMIONETA HONDA CROSSTOUR 2013,1,33500.0,33500.0,Vendedor 2,CAMIONETAS
289,2023-03-01,Cliente 38,LA MOLINA,FILTRO DE COMBUSTIBLE,1,130.8,130.8,Vendedor 7,REPUESTOS
290,2023-03-02,Cliente 48,LA MOLINA,AUTO HONDA ACCORD 2014,1,27000.0,27000.0,Vendedor 6,AUTOS
291,2023-03-02,Cliente 22,SURCO,AUTO HONDA ODISSEY 2013,1,27500.0,27500.0,Vendedor 3,AUTOS
292,2023-03-02,Cliente 33,SURCO,AUTO HONDA CRV 2014,1,27500.0,27500.0,Vendedor 2,AUTOS
293,2023-03-02,Cliente 50,SURCO,CAMIONETA HONDA CROSSTOUR 2013,1,33500.0,33500.0,Vendedor 6,CAMIONETAS
294,2023-03-02,Cliente 16,LA MOLINA,FILTRO DE COMBUSTIBLE,1,130.8,130.8,Vendedor 2,REPUESTOS
295,2023-03-03,Cliente 12,SURCO,AUTO HONDA ACCORD 2014,1,27000.0,27000.0,Vendedor 10,AUTOS
296,2023-03-03,Cliente 49,SURCO,AUTO HONDA ODISSEY 2013,1,27500.0,27500.0,Vendedor 2,AUTOS
297,2023-03-03,Cliente 50,LA MOLINA,AUTO HONDA CRV 2014,1,27500.0,27500.0,Vendedor 8,AUTOS
298,2023-03-03,Cliente 44,LA MOLINA,ACEITE DE MOTOR 5W30 FULL SINTÉTICO,4,113.4,453.6,Vendedor 10,REPUESTOS
299,2023-03-03,Cliente 41,LA MOLINA,FILTRO DE COMBUSTIBLE,1,130.8,130.8,Vendedor 6,REPUESTOS
300,2023-03-03,Cliente 5,LA MOLINA,AMORTIGUADORES DELANTEROS,1,283.9,283.9,Vendedor 8,REPUESTOS
301,2023-03-03,Cliente 18,LA MOLINA,AMORTIGUADORES POSTERIORES,4,99.5,398.0,Vendedor 10,REPUESTOS
302,2023-03-03,Cliente 23,SURCO,"LLANTAS 18""",1,70.9,70.9,Vendedor 9,REPUESTOS
303,2023-03-03,Cliente 20,SURCO,BATERÍA DE 18 PLACAS,1,68.1,68.1,Vendedor 8,REPUESTOS
304,2023-03-04,Cliente 3,LA MOLINA,AUTO HONDA ACCORD 2014,1,27000.0,27000.0,Vendedor 1,AUTOS
305,2023-03-04,Cliente 19,LA MOLINA,AUTO HONDA ODISSEY 2013,1,27500.0,27500.0,Vendedor 2,AUTOS
306,2023-03-04,Cliente 30,LA MOLINA,ACEITE DE MOTOR 5W30 FULL SINTÉTICO,1,113.4,113.4,Vendedor 10,REPUESTOS
307,2023-03-04,Cliente 29,SURCO,FILTRO DE COMBUSTIBLE,1,130.8,130.8,Vendedor 10,REPUESTOS
308,2023-03-04,Cliente 39,LA MOLINA,AMORTIGUADORES DELANTEROS,1,283.9,283.9,Vendedor 8,REPUESTOS
309,2023-03-04,Cliente 4,SURCO,AMORTIGUADORES POSTERIORES,5,99.5,497.5,Vendedor 8,REPUESTOS
310,2023-03-04,Cliente 22,SURCO,"LLANTAS 18""",1,70.9,70.9,Vendedor 2,REPUESTOS
311,2023-03-04,Cliente 3,SURCO,BATERÍA DE 18 PLACAS,1,68.1,68.1,Vendedor 4,REPUESTOS
312,2023-03-05,Cliente 29,SURCO,AUTO HONDA ACCORD 2014,1,27000.0,27000.0,Vendedor 9,AUTOS
313,2023-03-05,Cliente 24,SURCO,AUTO HONDA ODISSEY 2013,1,27500.0,27500.0,Vendedor 6,AUTOS
314,2023-03-05,Cliente 27,LA MOLINA,ACEITE DE MOTOR 5W30 FULL SINTÉTICO,3,113.4,340.2,Vendedor 6,REPUESTOS
315,2023-03-05,Cliente 41,LA MOLINA,FILTRO DE COMBUSTIBLE,1,130.8,130.8,Vendedor 6,REPUESTOS
316,2023-03-05,Cliente 7,LA MOLINA,AMORTIGUADORES DELANTEROS,1,283.9,283.9,Vendedor 9,REPUESTOS
317,2023-03-05,Cliente 17,LA MOLINA,AMORTIGUADORES POSTERIORES,4,99.5,398.0,Vendedor 10,REPUESTOS
318,2023-03-05,Cliente 22,SURCO,"LLANTAS 18""",1,70.9,70.9,Vendedor 2,REPUESTOS
319,2023-03-05,Cliente 23,SURCO,BATERÍA DE 18 PLACAS,1,68.1,68.1,Vendedor 5,REPUESTOS
320,2023-03-06,Cliente 9,SURCO,AUTO HONDA ACCORD 2014,1,27000.0,27000.0,Vendedor 10,AUTOS
321,2023-03-06,Cliente 20,LA MOLINA,AUTO HONDA ODISSEY 2013,1,27500.0,27500.0,Vendedor 9,AUTOS
322,2023-03-06,Cliente 9,LA MOLINA,ACEITE DE MOTOR 5W30 FULL SINTÉTICO,2,113.4,226.8,Vendedor 9,REPUESTOS
323,2023-03-06,Cliente 42,LA MOLINA,FILTRO DE COMBUSTIBLE,1,130.8,130.8,Vendedor 7,REPUESTOS
324,2023-03-06,Cliente 24,SURCO,AMORTIGUADORES DELANTEROS,2,283.9,567.8,Vendedor 5,REPUESTOS
325,2023-03-06,Cliente 22,SURCO,AMORTIGUADORES POSTERIORES,2,99.5,199.0,Vendedor 8,REPUESTOS
326,2023-03-06,Cliente 15,SURCO,"LLANTAS 18""",1,70.9,70.9,Vendedor 3,REPUESTOS
327,2023-03-06,Cliente 5,SURCO,BATERÍA DE 18 PLACAS,1,68.1,68.1,Vendedor 5,REPUESTOS
328,2023-03-07,Cliente 43,SURCO,ACEITE DE MOTOR 5W30 FULL SINTÉTICO,1,113.4,113.4,Vendedor 6,REPUESTOS
329,2023-03-07,Cliente 39,LA MOLINA,FILTRO DE COMBUSTIBLE,1,130.8,130.8,Vendedor 7,REPUESTOS
330,2023-03-07,Cliente 12,SURCO,AMORTIGUADORES DELANTEROS,1,283.9,283.9,Vendedor 10,REPUESTOS
331,2023-03-07,Cliente 3,LA MOLINA,AMORTIGUADORES POSTERIORES,2,99.5,199.0,Vendedor 7,REPUESTOS
332,2023-03-07,Cliente 44,LA MOLINA,"LLANTAS 18""",1,70.9,70.9,Vendedor 4,REPUESTOS
333,2023-03-07,Cliente 40,LA MOLINA,BATERÍA DE 18 PLACAS,1,68.1,68.1,Vendedor 5,REPUESTOS
334,2023-03-08,Cliente 35,SURCO,ACEITE DE MOTOR 5W30 FULL SINTÉTICO,4,113.4,453.6,Vendedor 4,REPUESTOS
335,2023-03-08,Cliente 31,LA MOLINA,FILTRO DE COMBUSTIBLE,1,130.8,130.8,Vendedor 4,REPUESTOS
336,2023-03-08,Cliente 30,LA MOLINA,AMORTIGUADORES DELANTEROS,2,283.9,567.8,Vendedor 5,REPUESTOS
337,2023-03-08,Cliente 11,SURCO,AMORTIGUADORES POSTERIORES,3,99.5,298.5,Vendedor 4,REPUESTOS
338,2023-03-08,Cliente 17,SURCO,"LLANTAS 18""",1,70.9,70.9,Vendedor 1,REPUESTOS
339,2023-03-08,Cliente 24,LA MOLINA,BATERÍA DE 18 PLACAS,1,68.1,68.1,Vendedor 9,REPUESTOS
340,2023-03-09,Cliente 19,SURCO,ACEITE DE MOTOR 5W30 FULL SINTÉTICO,1,113.4,113.4,Vendedor 2,REPUESTOS
341,2023-03-09,Cliente 18,LA MOLINA,FILTRO DE COMBUSTIBLE,1,130.8,130.8,Vendedor 8,REPUESTOS
342,2023-03-09,Cliente 6,LA MOLINA,AMORTIGUADORES DELANTEROS,1,283.9,283.9,Vendedor 4,REPUESTOS
343,2023-03-09,Cliente 2,LA MOLINA,"LLANTAS 18""",1,70.9,70.9,Vendedor 7,REPUESTOS
344,2023-03-09,Cliente 26,SURCO,BATERÍA DE 18 PLACAS,1,68.1,68.1,Vendedor 9,REPUESTOS
345,2023-03-10,Cliente 25,SURCO,ACEITE DE MOTOR 5W30 FULL SINTÉTICO,3,113.4,340.2,Vendedor 2,REPUESTOS
346,2023-03-10,Cliente 15,LA MOLINA,FILTRO DE COMBUSTIBLE,1,130.8,130.8,Vendedor 1,REPUESTOS
347,2023-03-10,Cliente 46,SURCO,AMORTIGUADORES DELANTEROS,2,283.9,567.8,Vendedor 6,REPUESTOS
348,2023-03-10,Cliente 19,SURCO,"LLANTAS 18""",1,70.9,70.9,Vendedor 8,REPUESTOS
349,2023-03-10,Cliente 49,LA MOLINA,BATERÍA DE 18 PLACAS,1,68.1,68.1,Vendedor 8,REPUESTOS
350,2023-03-11,Cliente 6,SURCO,ACEITE DE MOTOR 5W30 FULL SINTÉTICO,1,113.4,113.4,Vendedor 1,REPUESTOS
351,2023-03-11,Cliente 14,LA MOLINA,FILTRO DE COMBUSTIBLE,1,130.8,130.8,Vendedor 3,REPUESTOS
352,2023-03-11,Cliente 50,SURCO,AMORTIGUADORES DELANTEROS,2,283.9,567.8,Vendedor 5,REPUESTOS
353,2023-03-11,Cliente 4,SURCO,"LLANTAS 18""",2,70.9,141.8,Vendedor 4,REPUESTOS
354,2023-03-11,Cliente 41,LA MOLINA,BATERÍA DE 18 PLACAS,1,68.1,68.1,Vendedor 10,REPUESTOS
355,2023-03-12,Cliente 5,LA MOLINA,AUTO HONDA ACCORD 2014,1,27000.0,27000.0,Vendedor 2,AUTOS
356,2023-03-12,Cliente 39,LA MOLINA,AUTO HONDA CRV 2014,1,27500.0,27500.0,Vendedor 9,AUTOS
357,2023-03-12,Cliente 41,SURCO,AUTO HONDA PILOT 2013,1,24000.0,24000.0,Vendedor 9,AUTOS
358,2023-03-12,Cliente 46,SURCO,AUTO HONDA FIT 2016,1,20500.0,20500.0,Vendedor 3,AUTOS
359,2023-03-12,Cliente 28,SURCO,AUTO HONDA CITY 2016,1,23000.0,23000.0,Vendedor 1,AUTOS
360,2023-03-12,Cliente 37,LA MOLINA,FILTRO DE COMBUSTIBLE,1,130.8,130.8,Vendedor 7,REPUESTOS
361,2023-03-12,Cliente 34,SURCO,AMORTIGUADORES DELANTEROS,1,283.9,283.9,Vendedor 6,REPUESTOS
362,2023-03-12,Cliente 31,LA MOLINA,"LLANTAS 18""",1,70.9,70.9,Vendedor 1,REPUESTOS
363,2023-03-12,Cliente 24,LA MOLINA,BATERÍA DE 18 PLACAS,1,68.1,68.1,Vendedor 5,REPUESTOS
364,2023-03-13,Cliente 23,SURCO,AUTO HONDA PILOT 2013,1,24000.0,24000.0,Vendedor 2,AUTOS
365,2023-03-13,Cliente 16,SURCO,AUTO HONDA FIT 2016,1,20500.0,20500.0,Vendedor 2,AUTOS
366,2023-03-13,Cliente 9,SURCO,AUTO HONDA CITY 2016,1,23000.0,23000.0,Vendedor 1,AUTOS
367,2023-03-13,Cliente 42,LA MOLINA,FILTRO DE COMBUSTIBLE,1,130.8,130.8,Vendedor 3,REPUESTOS
368,2023-03-13,Cliente 41,LA MOLINA,AMORTIGUADORES DELANTEROS,2,283.9,567.8,Vendedor 3,REPUESTOS
369,2023-03-13,Cliente 46,SURCO,"LLANTAS 18""",1,70.9,70.9,Vendedor 8,REPUESTOS
370,2023-03-14,Cliente 13,SURCO,AUTO HONDA FIT 2016,1,20500.0,20500.0,Vendedor 1,AUTOS
371,2023-03-14,Cliente 3,SURCO,AUTO HONDA CITY 2016,1,23000.0,23000.0,Vendedor 6,AUTOS
372,2023-03-14,Cliente 35,LA MOLINA,FILTRO DE COMBUSTIBLE,1,130.8,130.8,Vendedor 8,REPUESTOS
373,2023-03-14,Cliente 49,SURCO,AMORTIGUADORES DELANTEROS,2,283.9,567.8,Vendedor 4,REPUESTOS
374,2023-03-14,Cliente 42,SURCO,"LLANTAS 18""",1,70.9,70.9,Vendedor 6,REPUESTOS
375,2023-03-15,Cliente 24,SURCO,AUTO HONDA FIT 2016,1,20500.0,20500.0,Vendedor 7,AUTOS
376,2023-03-15,Cliente 25,LA MOLINA,FILTRO DE COMBUSTIBLE,1,130.8,130.8,Vendedor 6,REPUESTOS
377,2023-03-15,Cliente 45,LA MOLINA,AMORTIGUADORES DELANTEROS,1,283.9,283.9,Vendedor 8,REPUESTOS
378,2023-03-15,Cliente 47,LA MOLINA,"LLANTAS 18""",2,70.9,141.8,Vendedor 7,REPUESTOS
379,2023-03-16,Cliente 39,SURCO,AUTO HONDA FIT 2016,1,20500.0,20500.0,Vendedor 3,AUTOS
380,2023-03-16,Cliente 21,LA MOLINA,FILTRO DE COMBUSTIBLE,1,130.8,130.8,Vendedor 2,REPUESTOS
381,2023-03-16,Cliente 43,LA MOLINA,AMORTIGUADORES DELANTEROS,1,283.9,283.9,Vendedor 5,REPUESTOS
382,2023-03-16,Cliente 11,LA MOLINA,"LLANTAS 18""",2,70.9,141.8,Vendedor 8,REPUESTOS
383,2023-03-17,Cliente 47,SURCO,ACEITE DE MOTOR 5W30 FULL SINTÉTICO,4,113.4,453.6,Vendedor 6,REPUESTOS
384,2023-03-17,Cliente 18,LA MOLINA,FILTRO DE COMBUSTIBLE,1,130.8,130.8,Vendedor 1,REPUESTOS
385,2023-03-17,Cliente 24,LA MOLINA,AMORTIGUADORES DELANTEROS,1,283.9,283.9,Vendedor 9,REPUESTOS
386,2023-03-17,Cliente 10,SURCO,AMORTIGUADORES POSTERIORES,3,99.5,298.5,Vendedor 10,REPUESTOS
387,2023-03-17,Cliente 9,SURCO,"LLANTAS 18""",2,70.9,141.8,Vendedor 2,REPUESTOS
388,2023-03-17,Cliente 24,LA MOLINA,BATERÍA DE 18 PLACAS,1,68.1,68.1,Vendedor 7,REPUESTOS
389,2023-03-18,Cliente 39,SURCO,ACEITE DE MOTOR 5W30 FULL SINTÉTICO,5,113.4,567.0,Vendedor 3,REPUESTOS
390,2023-03-18,Cliente 24,LA MOLINA,FILTRO DE COMBUSTIBLE,1,130.8,130.8,Vendedor 6,REPUESTOS
391,2023-03-18,Cliente 37,SURCO,AMORTIGUADORES DELANTEROS,2,283.9,567.8,Vendedor 3,REPUESTOS
392,2023-03-18,Cliente 26,LA MOLINA,AMORTIGUADORES POSTERIORES,9,99.5,895.5,Vendedor 6,REPUESTOS
393,2023-03-18,Cliente 8,SURCO,"LLANTAS 18""",2,70.9,141.8,Vendedor 1,REPUESTOS
394,2023-03-18,Cliente 34,LA MOLINA,BATERÍA DE 18 PLACAS,1,68.1,68.1,Vendedor 7,REPUESTOS
395,2023-03-19,Cliente 17,SURCO,ACEITE DE MOTOR 5W30 FULL SINTÉTICO,1,113.4,113.4,Vendedor 5,REPUESTOS
396,2023-03-19,Cliente 14,LA MOLINA,AMORTIGUADORES DELANTEROS,3,283.9,851.7,Vendedor 10,REPUESTOS
397,2023-03-19,Cliente 13,LA MOLINA,AMORTIGUADORES POSTERIORES,1,99.5,99.5,Vendedor 2,REPUESTOS
398,2023-03-19,Cliente 29,SURCO,"LLANTAS 18""",1,70.9,70.9,Vendedor 3,REPUESTOS
399,2023-03-19,Cliente 44,SURCO,BATERÍA DE 18 PLACAS,2,68.1,136.2,Vendedor 6,REPUESTOS
400,2023-03-20,Cliente 46,LA MOLINA,ACEITE DE MOTOR 5W30 FULL SINTÉTICO,6,113.4,680.4,Vendedor 2,REPUESTOS
401,2023-03-20,Cliente 20,LA MOLINA,AMORTIGUADORES DELANTEROS,3,283.9,851.7,Vendedor 3,REPUESTOS
402,2023-03-20,Cliente 33,SURCO,AMORTIGUADORES POSTERIORES,3,99.5,298.5,Vendedor 4,REPUESTOS
403,2023-03-20,Cliente 9,SURCO,"LLANTAS 18""",1,70.9,70.9,Vendedor 4,REPUESTOS
404,2023-03-20,Cliente 24,SURCO,BATERÍA DE 18 PLACAS,2,68.1,136.2,Vendedor 9,REPUESTOS
405,2023-03-21,Cliente 30,LA MOLINA,ACEITE DE MOTOR 5W30 FULL SINTÉTICO,4,113.4,453.6,Vendedor 9,REPUESTOS
406,2023-03-21,Cliente 5,SURCO,AMORTIGUADORES DELANTEROS,1,283.9,283.9,Vendedor 5,REPUESTOS
407,2023-03-21,Cliente 34,SURCO,AMORTIGUADORES POSTERIORES,4,99.5,398.0,Vendedor 7,REPUESTOS
408,2023-03-21,Cliente 9,SURCO,"LLANTAS 18""",2,70.9,141.8,Vendedor 6,REPUESTOS
409,2023-03-21,Cliente 30,LA MOLINA,BATERÍA DE 18 PLACAS,1,68.1,68.1,Vendedor 9,REPUESTOS
410,2023-03-22,Cliente 50,SURCO,AMORTIGUADORES DELANTEROS,1,283.9,283.9,Vendedor 3,REPUESTOS
411,2023-03-22,Cliente 34,SURCO,"LLANTAS 18""",1,70.9,70.9,Vendedor 3,REPUESTOS
412,2023-03-22,Cliente 11,SURCO,BATERÍA DE 18 PLACAS,1,68.1,68.1,Vendedor 6,REPUESTOS
413,2023-03-23,Cliente 6,LA MOLINA,AMORTIGUADORES DELANTEROS,1,283.9,283.9,Vendedor 5,REPUESTOS
414,2023-03-23,Cliente 41,SURCO,"LLANTAS 18""",1,70.9,70.9,Vendedor 5,REPUESTOS
415,2023-03-23,Cliente 33,LA MOLINA,BATERÍA DE 18 PLACAS,2,68.1,136.2,Vendedor 3,REPUESTOS
416,2023-03-24,Cliente 37,SURCO,AMORTIGUADORES DELANTEROS,2,283.9,567.8,Vendedor 1,REPUESTOS
417,2023-03-24,Cliente 3,LA MOLINA,"LLANTAS 18""",1,70.9,70.9,Vendedor 10,REPUESTOS
418,2023-03-25,Cliente 40,SURCO,AMORTIGUADORES DELANTEROS,2,283.9,567.8,Vendedor 1,REPUESTOS
419,2023-03-25,Cliente 42,LA MOLINA,"LLANTAS 18""",3,70.9,212.7,Vendedor 5,REPUESTOS
420,2023-03-26,Cliente 30,SURCO,AMORTIGUADORES DELANTEROS,2,283.9,567.8,Vendedor 2,REPUESTOS
421,2023-03-26,Cliente 27,LA MOLINA,"LLANTAS 18""",1,70.9,70.9,Vendedor 8,REPUESTOS
422,2023-03-27,Cliente 46,LA MOLINA,"LLANTAS 18""",1,70.9,70.9,Vendedor 6,REPUESTOS
423,2023-04-01,Cliente 21,SURCO,AUTO HONDA ACCORD 2014,1,22500.0,22500.0,Vendedor 10,AUTOS
424,2023-04-01,Cliente 13,LA MOLINA,AUTO HONDA CIVIC 2014,1,26500.0,26500.0,Vendedor 3,AUTOS
425,2023-04-01,Cliente 33,LA MOLINA,AUTO HONDA ODISSEY 2013,1,24000.0,24000.0,Vendedor 8,AUTOS
426,2023-04-01,Cliente 20,LA MOLINA,AUTO HONDA CRV 2014,1,25500.0,25500.0,Vendedor 8,AUTOS
427,2023-04-01,Cliente 6,SURCO,AUTO HONDA PILOT 2013,1,25500.0,25500.0,Vendedor 7,AUTOS
428,2023-04-01,Cliente 16,LA MOLINA,FILTRO DE COMBUSTIBLE,1,136.4,136.4,Vendedor 4,REPUESTOS
429,2023-04-02,Cliente 19,SURCO,AUTO HONDA ACCORD 2014,1,22500.0,22500.0,Vendedor 8,AUTOS
430,2023-04-02,Cliente 19,LA MOLINA,AUTO HONDA CIVIC 2014,1,26500.0,26500.0,Vendedor 9,AUTOS
431,2023-04-02,Cliente 7,SURCO,AUTO HONDA ODISSEY 2013,1,24000.0,24000.0,Vendedor 7,AUTOS
432,2023-04-02,Cliente 17,SURCO,AUTO HONDA CRV 2014,1,25500.0,25500.0,Vendedor 6,AUTOS
433,2023-04-02,Cliente 24,SURCO,AUTO HONDA PILOT 2013,1,25500.0,25500.0,Vendedor 1,AUTOS
434,2023-04-02,Cliente 37,SURCO,FILTRO DE COMBUSTIBLE,1,136.4,136.4,Vendedor 9,REPUESTOS
435,2023-04-03,Cliente 5,LA MOLINA,AUTO HONDA ACCORD 2014,1,22500.0,22500.0,Vendedor 7,AUTOS
436,2023-04-03,Cliente 49,LA MOLINA,AUTO HONDA CIVIC 2014,1,26500.0,26500.0,Vendedor 9,AUTOS
437,2023-04-03,Cliente 40,LA MOLINA,AUTO HONDA ODISSEY 2013,1,24000.0,24000.0,Vendedor 10,AUTOS
438,2023-04-03,Cliente 9,SURCO,AUTO HONDA CRV 2014,1,25500.0,25500.0,Vendedor 2,AUTOS
439,2023-04-03,Cliente 22,LA MOLINA,ACEITE DE MOTOR 5W30 FULL SINTÉTICO,2,130.5,261.0,Vendedor 9,REPUESTOS
440,2023-04-03,Cliente 49,LA MOLINA,FILTRO DE COMBUSTIBLE,1,136.4,136.4,Vendedor 3,REPUESTOS
441,2023-04-03,Cliente 33,LA MOLINA,AMORTIGUADORES DELANTEROS,2,234.4,468.8,Vendedor 1,REPUESTOS
442,2023-04-03,Cliente 9,SURCO,AMORTIGUADORES POSTERIORES,1,103.9,103.9,Vendedor 6,REPUESTOS
443,2023-04-03,Cliente 10,LA MOLINA,"LLANTAS 18""",2,66.1,132.2,Vendedor 10,REPUESTOS
444,2023-04-03,Cliente 21,SURCO,BATERÍA DE 18 PLACAS,1,104.0,104.0,Vendedor 10,REPUESTOS
445,2023-04-04,Cliente 11,LA MOLINA,AUTO HONDA CIVIC 2014,1,26500.0,26500.0,Vendedor 7,AUTOS
446,2023-04-04,Cliente 38,LA MOLINA,AUTO HONDA ODISSEY 2013,1,24000.0,24000.0,Vendedor 6,AUTOS
447,2023-04-04,Cliente 46,LA MOLINA,AUTO HONDA CRV 2014,1,25500.0,25500.0,Vendedor 10,AUTOS
448,2023-04-04,Cliente 2,LA MOLINA,ACEITE DE MOTOR 5W30 FULL SINTÉTICO,2,130.5,261.0,Vendedor 6,REPUESTOS
449,2023-04-04,Cliente 27,SURCO,AMORTIGUADORES DELANTEROS,3,234.4,703.2,Vendedor 10,REPUESTOS
450,2023-04-04,Cliente 39,SURCO,AMORTIGUADORES POSTERIORES,2,103.9,207.8,Vendedor 8,REPUESTOS
451,2023-04-04,Cliente 47,SURCO,"LLANTAS 18""",2,66.1,132.2,Vendedor 1,REPUESTOS
452,2023-04-04,Cliente 11,LA MOLINA,BATERÍA DE 18 PLACAS,1,104.0,104.0,Vendedor 9,REPUESTOS
453,2023-04-05,Cliente 10,SURCO,AUTO HONDA CIVIC 2014,1,26500.0,26500.0,Vendedor 4,AUTOS
454,2023-04-05,Cliente 13,SURCO,ACEITE DE MOTOR 5W30 FULL SINTÉTICO,1,130.5,130.5,Vendedor 1,REPUESTOS
455,2023-04-05,Cliente 27,LA MOLINA,AMORTIGUADORES DELANTEROS,4,234.4,937.6,Vendedor 3,REPUESTOS
456,2023-04-05,Cliente 27,SURCO,AMORTIGUADORES POSTERIORES,2,103.9,207.8,Vendedor 9,REPUESTOS
457,2023-04-05,Cliente 48,LA MOLINA,"LLANTAS 18""",3,66.1,198.3,Vendedor 1,REPUESTOS
458,2023-04-05,Cliente 34,SURCO,BATERÍA DE 18 PLACAS,1,104.0,104.0,Vendedor 4,REPUESTOS
459,2023-04-06,Cliente 43,SURCO,AUTO HONDA CIVIC 2014,1,26500.0,26500.0,Vendedor 8,AUTOS
460,2023-04-06,Cliente 21,LA MOLINA,ACEITE DE MOTOR 5W30 FULL SINTÉTICO,3,130.5,391.5,Vendedor 3,REPUESTOS
461,2023-04-06,Cliente 35,LA MOLINA,AMORTIGUADORES DELANTEROS,4,234.4,937.6,Vendedor 6,REPUESTOS
462,2023-04-06,Cliente 40,LA MOLINA,AMORTIGUADORES POSTERIORES,3,103.9,311.7,Vendedor 8,REPUESTOS
463,2023-04-06,Cliente 18,SURCO,"LLANTAS 18""",1,66.1,66.1,Vendedor 9,REPUESTOS
464,2023-04-06,Cliente 15,LA MOLINA,BATERÍA DE 18 PLACAS,1,104.0,104.0,Vendedor 5,REPUESTOS
465,2023-04-07,Cliente 45,SURCO,ACEITE DE MOTOR 5W30 FULL SINTÉTICO,2,130.5,261.0,Vendedor 8,REPUESTOS
466,2023-04-07,Cliente 23,SURCO,AMORTIGUADORES DELANTEROS,3,234.4,703.2,Vendedor 9,REPUESTOS
467,2023-04-07,Cliente 19,LA MOLINA,AMORTIGUADORES POSTERIORES,3,103.9,311.7,Vendedor 2,REPUESTOS
468,2023-04-07,Cliente 23,LA MOLINA,"LLANTAS 18""",4,66.1,264.4,Vendedor 3,REPUESTOS
469,2023-04-07,Cliente 3,LA MOLINA,BATERÍA DE 18 PLACAS,1,104.0,104.0,Vendedor 5,REPUESTOS
470,2023-04-08,Cliente 23,SURCO,ACEITE DE MOTOR 5W30 FULL SINTÉTICO,3,130.5,391.5,Vendedor 8,REPUESTOS
471,2023-04-08,Cliente 14,SURCO,AMORTIGUADORES DELANTEROS,3,234.4,703.2,Vendedor 4,REPUESTOS
472,2023-04-08,Cliente 36,LA MOLINA,AMORTIGUADORES POSTERIORES,3,103.9,311.7,Vendedor 5,REPUESTOS
473,2023-04-08,Cliente 40,SURCO,"LLANTAS 18""",2,66.1,132.2,Vendedor 10,REPUESTOS
474,2023-04-08,Cliente 16,SURCO,BATERÍA DE 18 PLACAS,1,104.0,104.0,Vendedor 1,REPUESTOS
475,2023-04-09,Cliente 41,SURCO,AUTO HONDA ACCORD 2014,1,22500.0,22500.0,Vendedor 4,AUTOS
476,2023-04-09,Cliente 7,SURCO,AUTO HONDA FIT 2016,1,20000.0,20000.0,Vendedor 7,AUTOS
477,2023-04-09,Cliente 46,SURCO,AUTO HONDA CITY 2016,1,21500.0,21500.0,Vendedor 8,AUTOS
478,2023-04-09,Cliente 1,SURCO,ACEITE DE MOTOR 5W30 FULL SINTÉTICO,1,130.5,130.5,Vendedor 9,REPUESTOS
479,2023-04-09,Cliente 42,SURCO,AMORTIGUADORES DELANTEROS,1,234.4,234.4,Vendedor 8,REPUESTOS
480,2023-04-09,Cliente 49,SURCO,AMORTIGUADORES POSTERIORES,2,103.9,207.8,Vendedor 5,REPUESTOS
481,2023-04-09,Cliente 42,LA MOLINA,"LLANTAS 18""",1,66.1,66.1,Vendedor 1,REPUESTOS
482,2023-04-09,Cliente 35,SURCO,BATERÍA DE 18 PLACAS,1,104.0,104.0,Vendedor 1,REPUESTOS
483,2023-04-10,Cliente 27,SURCO,AUTO HONDA ACCORD 2014,1,22500.0,22500.0,Vendedor 3,AUTOS
484,2023-04-10,Cliente 26,SURCO,AUTO HONDA FIT 2016,1,20000.0,20000.0,Vendedor 8,AUTOS
485,2023-04-10,Cliente 48,SURCO,AUTO HONDA CITY 2016,1,21500.0,21500.0,Vendedor 5,AUTOS
486,2023-04-10,Cliente 20,SURCO,ACEITE DE MOTOR 5W30 FULL SINTÉTICO,1,130.5,130.5,Vendedor 10,REPUESTOS
487,2023-04-10,Cliente 30,LA MOLINA,AMORTIGUADORES POSTERIORES,1,103.9,103.9,Vendedor 9,REPUESTOS
488,2023-04-10,Cliente 33,SURCO,"LLANTAS 18""",4,66.1,264.4,Vendedor 8,REPUESTOS
489,2023-04-10,Cliente 8,SURCO,BATERÍA DE 18 PLACAS,1,104.0,104.0,Vendedor 6,REPUESTOS
490,2023-04-11,Cliente 47,SURCO,AUTO HONDA ACCORD 2014,1,22500.0,22500.0,Vendedor 8,AUTOS
491,2023-04-11,Cliente 46,SURCO,AUTO HONDA FIT 2016,1,20000.0,20000.0,Vendedor 3,AUTOS
492,2023-04-11,Cliente 48,SURCO,AUTO HONDA CITY 2016,1,21500.0,21500.0,Vendedor 6,AUTOS
493,2023-04-11,Cliente 12,SURCO,ACEITE DE MOTOR 5W30 FULL SINTÉTICO,2,130.5,261.0,Vendedor 10,REPUESTOS
494,2023-04-11,Cliente 6,SURCO,AMORTIGUADORES POSTERIORES,2,103.9,207.8,Vendedor 7,REPUESTOS
495,2023-04-11,Cliente 9,SURCO,"LLANTAS 18""",1,66.1,66.1,Vendedor 8,REPUESTOS
496,2023-04-11,Cliente 1,LA MOLINA,BATERÍA DE 18 PLACAS,2,104.0,208.0,Vendedor 5,REPUESTOS
497,2023-04-12,Cliente 16,LA MOLINA,AUTO HONDA ACCORD 2014,1,22500.0,22500.0,Vendedor 8,AUTOS
498,2023-04-12,Cliente 20,LA MOLINA,ACEITE DE MOTOR 5W30 FULL SINTÉTICO,3,130.5,391.5,Vendedor 10,REPUESTOS
499,2023-04-12,Cliente 42,SURCO,AMORTIGUADORES POSTERIORES,1,103.9,103.9,Vendedor 6,REPUESTOS
500,2023-04-17,Cliente 49,SURCO,ACEITE DE MOTOR 5W30 FULL SINTÉTICO,5,130.5,652.5,Vendedor 4,REPUESTOS
501,2023-04-17,Cliente 34,SURCO,FILTRO DE COMBUSTIBLE,1,136.4,136.4,Vendedor 8,REPUESTOS
502,2023-04-17,Cliente 5,LA MOLINA,AMORTIGUADORES DELANTEROS,5,234.4,1172.0,Vendedor 10,REPUESTOS
503,2023-04-17,Cliente 36,SURCO,AMORTIGUADORES POSTERIORES,1,103.9,103.9,Vendedor 9,REPUESTOS
504,2023-04-17,Cliente 11,SURCO,"LLANTAS 18""",2,66.1,132.2,Vendedor 6,REPUESTOS
505,2023-04-17,Cliente 44,SURCO,BATERÍA DE 18 PLACAS,2,104.0,208.0,Vendedor 4,REPUESTOS
506,2023-04-18,Cliente 6,LA MOLINA,ACEITE DE MOTOR 5W30 FULL SINTÉTICO,5,130.5,652.5,Vendedor 9,REPUESTOS
507,2023-04-18,Cliente 4,LA MOLINA,FILTRO DE COMBUSTIBLE,1,136.4,136.4,Vendedor 8,REPUESTOS
508,2023-04-18,Cliente 30,LA MOLINA,AMORTIGUADORES DELANTEROS,2,234.4,468.8,Vendedor 10,REPUESTOS
509,2023-04-18,Cliente 44,LA MOLINA,AMORTIGUADORES POSTERIORES,1,103.9,103.9,Vendedor 5,REPUESTOS
510,2023-04-18,Cliente 26,SURCO,"LLANTAS 18""",6,66.1,396.6,Vendedor 5,REPUESTOS
511,2023-04-18,Cliente 38,SURCO,BATERÍA DE 18 PLACAS,1,104.0,104.0,Vendedor 2,REPUESTOS
512,2023-04-19,Cliente 23,LA MOLINA,ACEITE DE MOTOR 5W30 FULL SINTÉTICO,1,130.5,130.5,Vendedor 2,REPUESTOS
513,2023-04-19,Cliente 5,SURCO,AMORTIGUADORES DELANTEROS,5,234.4,1172.0,Vendedor 8,REPUESTOS
514,2023-04-19,Cliente 27,LA MOLINA,AMORTIGUADORES POSTERIORES,1,103.9,103.9,Vendedor 3,REPUESTOS
515,2023-04-19,Cliente 24,LA MOLINA,"LLANTAS 18""",2,66.1,132.2,Vendedor 7,REPUESTOS
516,2023-04-19,Cliente 25,LA MOLINA,BATERÍA DE 18 PLACAS,2,104.0,208.0,Vendedor 2,REPUESTOS
517,2023-04-20,Cliente 42,SURCO,ACEITE DE MOTOR 5W30 FULL SINTÉTICO,5,130.5,652.5,Vendedor 6,REPUESTOS
518,2023-04-20,Cliente 35,SURCO,AMORTIGUADORES DELANTEROS,1,234.4,234.4,Vendedor 7,REPUESTOS
519,2023-04-20,Cliente 47,SURCO,AMORTIGUADORES POSTERIORES,5,103.9,519.5,Vendedor 4,REPUESTOS
520,2023-04-20,Cliente 20,SURCO,"LLANTAS 18""",1,66.1,66.1,Vendedor 8,REPUESTOS
521,2023-04-20,Cliente 35,LA MOLINA,BATERÍA DE 18 PLACAS,3,104.0,312.0,Vendedor 7,REPUESTOS
522,2023-04-21,Cliente 30,LA MOLINA,ACEITE DE MOTOR 5W30 FULL SINTÉTICO,2,130.5,261.0,Vendedor 6,REPUESTOS
523,2023-04-21,Cliente 13,LA MOLINA,AMORTIGUADORES DELANTEROS,3,234.4,703.2,Vendedor 2,REPUESTOS
524,2023-04-21,Cliente 40,LA MOLINA,AMORTIGUADORES POSTERIORES,1,103.9,103.9,Vendedor 1,REPUESTOS
525,2023-04-21,Cliente 5,SURCO,"LLANTAS 18""",1,66.1,66.1,Vendedor 2,REPUESTOS
526,2023-04-21,Cliente 29,SURCO,BATERÍA DE 18 PLACAS,2,104.0,208.0,Vendedor 10,REPUESTOS
527,2023-04-22,Cliente 16,LA MOLINA,ACEITE DE MOTOR 5W30 FULL SINTÉTICO,2,130.5,261.0,Vendedor 1,REPUESTOS
528,2023-04-22,Cliente 15,SURCO,AMORTIGUADORES DELANTEROS,4,234.4,937.6,Vendedor 9,REPUESTOS
529,2023-04-22,Cliente 9,SURCO,AMORTIGUADORES POSTERIORES,2,103.9,207.8,Vendedor 9,REPUESTOS
530,2023-04-22,Cliente 47,LA MOLINA,"LLANTAS 18""",5,66.1,330.5,Vendedor 10,REPUESTOS
531,2023-04-23,Cliente 10,LA MOLINA,AMORTIGUADORES POSTERIORES,2,103.9,207.8,Vendedor 9,REPUESTOS
532,2023-04-23,Cliente 20,LA MOLINA,"LLANTAS 18""",3,66.1,198.3,Vendedor 5,REPUESTOS
533,2023-04-24,Cliente 4,LA MOLINA,AMORTIGUADORES POSTERIORES,5,103.9,519.5,Vendedor 6,REPUESTOS
534,2023-04-25,Cliente 25,SURCO,AMORTIGUADORES POSTERIORES,2,103.9,207.8,Vendedor 3,REPUESTOS
535,2023-05-01,Cliente 22,SURCO,AUTO HONDA ACCORD 2014,1,25500.0,25500.0,Vendedor 5,AUTOS
536,2023-05-01,Cliente 14,SURCO,AUTO HONDA CIVIC 2014,1,33500.0,33500.0,Vendedor 4,AUTOS
537,2023-05-01,Cliente 48,SURCO,AUTO HONDA ODISSEY 2013,1,24000.0,24000.0,Vendedor 8,AUTOS
538,2023-05-01,Cliente 45,SURCO,AUTO HONDA CRV 2014,1,25500.0,25500.0,Vendedor 10,AUTOS
539,2023-05-01,Cliente 26,SURCO,AUTO HONDA PILOT 2013,1,22000.0,22000.0,Vendedor 4,AUTOS
540,2023-05-01,Cliente 50,SURCO,AUTO HONDA CITY 2016,1,25000.0,25000.0,Vendedor 5,AUTOS
541,2023-05-02,Cliente 17,LA MOLINA,AUTO HONDA ACCORD 2014,1,25500.0,25500.0,Vendedor 6,AUTOS
542,2023-05-02,Cliente 30,LA MOLINA,AUTO HONDA CIVIC 2014,1,33500.0,33500.0,Vendedor 2,AUTOS
543,2023-05-02,Cliente 49,LA MOLINA,AUTO HONDA ODISSEY 2013,1,24000.0,24000.0,Vendedor 6,AUTOS
544,2023-05-02,Cliente 24,SURCO,AUTO HONDA CRV 2014,1,25500.0,25500.0,Vendedor 6,AUTOS
545,2023-05-02,Cliente 3,SURCO,AUTO HONDA PILOT 2013,1,22000.0,22000.0,Vendedor 10,AUTOS
546,2023-05-03,Cliente 36,LA MOLINA,AUTO HONDA ACCORD 2014,1,25500.0,25500.0,Vendedor 10,AUTOS
547,2023-05-03,Cliente 19,SURCO,AUTO HONDA CIVIC 2014,1,33500.0,33500.0,Vendedor 3,AUTOS
548,2023-05-03,Cliente 22,SURCO,AUTO HONDA ODISSEY 2013,1,24000.0,24000.0,Vendedor 4,AUTOS
549,2023-05-03,Cliente 37,LA MOLINA,AUTO HONDA CRV 2014,1,25500.0,25500.0,Vendedor 4,AUTOS
550,2023-05-03,Cliente 36,SURCO,AUTO HONDA PILOT 2013,1,22000.0,22000.0,Vendedor 6,AUTOS
551,2023-05-03,Cliente 47,LA MOLINA,ACEITE DE MOTOR 5W30 FULL SINTÉTICO,2,103.9,207.8,Vendedor 8,REPUESTOS
552,2023-05-03,Cliente 11,LA MOLINA,FILTRO DE COMBUSTIBLE,1,128.4,128.4,Vendedor 6,REPUESTOS
553,2023-05-03,Cliente 47,SURCO,AMORTIGUADORES DELANTEROS,2,242.9,485.8,Vendedor 9,REPUESTOS
554,2023-05-03,Cliente 35,SURCO,AMORTIGUADORES POSTERIORES,2,139.7,279.4,Vendedor 1,REPUESTOS
555,2023-05-03,Cliente 43,SURCO,"LLANTAS 18""",1,95.2,95.2,Vendedor 1,REPUESTOS
556,2023-05-03,Cliente 27,SURCO,BATERÍA DE 18 PLACAS,1,105.9,105.9,Vendedor 3,REPUESTOS
557,2023-05-04,Cliente 5,SURCO,AUTO HONDA CIVIC 2014,1,33500.0,33500.0,Vendedor 3,AUTOS
558,2023-05-04,Cliente 14,SURCO,AUTO HONDA ODISSEY 2013,1,24000.0,24000.0,Vendedor 9,AUTOS
559,2023-05-04,Cliente 24,LA MOLINA,AUTO HONDA CRV 2014,1,25500.0,25500.0,Vendedor 1,AUTOS
560,2023-05-04,Cliente 43,LA MOLINA,ACEITE DE MOTOR 5W30 FULL SINTÉTICO,3,103.9,311.7,Vendedor 8,REPUESTOS
561,2023-05-04,Cliente 1,SURCO,FILTRO DE COMBUSTIBLE,1,128.4,128.4,Vendedor 9,REPUESTOS
562,2023-05-04,Cliente 2,SURCO,AMORTIGUADORES DELANTEROS,4,242.9,971.6,Vendedor 9,REPUESTOS
563,2023-05-04,Cliente 35,LA MOLINA,AMORTIGUADORES POSTERIORES,3,139.7,419.1,Vendedor 5,REPUESTOS
564,2023-05-04,Cliente 12,LA MOLINA,"LLANTAS 18""",1,95.2,95.2,Vendedor 2,REPUESTOS
565,2023-05-04,Cliente 34,SURCO,BATERÍA DE 18 PLACAS,1,105.9,105.9,Vendedor 3,REPUESTOS
566,2023-05-05,Cliente 13,SURCO,AUTO HONDA ODISSEY 2013,1,24000.0,24000.0,Vendedor 10,AUTOS
567,2023-05-05,Cliente 23,LA MOLINA,ACEITE DE MOTOR 5W30 FULL SINTÉTICO,3,103.9,311.7,Vendedor 5,REPUESTOS
568,2023-05-05,Cliente 24,SURCO,AMORTIGUADORES DELANTEROS,4,242.9,971.6,Vendedor 7,REPUESTOS
569,2023-05-05,Cliente 45,SURCO,AMORTIGUADORES POSTERIORES,2,139.7,279.4,Vendedor 4,REPUESTOS
570,2023-05-05,Cliente 42,SURCO,"LLANTAS 18""",2,95.2,190.4,Vendedor 1,REPUESTOS
571,2023-05-05,Cliente 26,SURCO,BATERÍA DE 18 PLACAS,1,105.9,105.9,Vendedor 7,REPUESTOS
572,2023-05-06,Cliente 36,LA MOLINA,AUTO HONDA ODISSEY 2013,1,24000.0,24000.0,Vendedor 8,AUTOS
573,2023-05-06,Cliente 45,SURCO,ACEITE DE MOTOR 5W30 FULL SINTÉTICO,1,103.9,103.9,Vendedor 3,REPUESTOS
574,2023-05-06,Cliente 28,LA MOLINA,AMORTIGUADORES DELANTEROS,1,242.9,242.9,Vendedor 6,REPUESTOS
575,2023-05-06,Cliente 34,SURCO,AMORTIGUADORES POSTERIORES,3,139.7,419.1,Vendedor 1,REPUESTOS
576,2023-05-06,Cliente 45,SURCO,"LLANTAS 18""",1,95.2,95.2,Vendedor 10,REPUESTOS
577,2023-05-06,Cliente 18,LA MOLINA,BATERÍA DE 18 PLACAS,1,105.9,105.9,Vendedor 1,REPUESTOS
578,2023-05-07,Cliente 35,LA MOLINA,ACEITE DE MOTOR 5W30 FULL SINTÉTICO,1,103.9,103.9,Vendedor 10,REPUESTOS
579,2023-05-07,Cliente 21,LA MOLINA,AMORTIGUADORES DELANTEROS,1,242.9,242.9,Vendedor 1,REPUESTOS
580,2023-05-07,Cliente 49,SURCO,AMORTIGUADORES POSTERIORES,1,139.7,139.7,Vendedor 7,REPUESTOS
581,2023-05-07,Cliente 11,LA MOLINA,"LLANTAS 18""",1,95.2,95.2,Vendedor 10,REPUESTOS
582,2023-05-07,Cliente 37,SURCO,BATERÍA DE 18 PLACAS,1,105.9,105.9,Vendedor 7,REPUESTOS
583,2023-05-08,Cliente 25,LA MOLINA,ACEITE DE MOTOR 5W30 FULL SINTÉTICO,1,103.9,103.9,Vendedor 3,REPUESTOS
584,2023-05-08,Cliente 4,LA MOLINA,AMORTIGUADORES DELANTEROS,1,242.9,242.9,Vendedor 2,REPUESTOS
585,2023-05-08,Cliente 5,SURCO,AMORTIGUADORES POSTERIORES,2,139.7,279.4,Vendedor 6,REPUESTOS
586,2023-05-08,Cliente 2,LA MOLINA,"LLANTAS 18""",2,95.2,190.4,Vendedor 5,REPUESTOS
587,2023-05-08,Cliente 32,LA MOLINA,BATERÍA DE 18 PLACAS,1,105.9,105.9,Vendedor 4,REPUESTOS
588,2023-05-09,Cliente 28,SURCO,ACEITE DE MOTOR 5W30 FULL SINTÉTICO,2,103.9,207.8,Vendedor 3,REPUESTOS
589,2023-05-09,Cliente 50,LA MOLINA,AMORTIGUADORES DELANTEROS,4,242.9,971.6,Vendedor 10,REPUESTOS
590,2023-05-09,Cliente 46,LA MOLINA,AMORTIGUADORES POSTERIORES,3,139.7,419.1,Vendedor 2,REPUESTOS
591,2023-05-09,Cliente 10,LA MOLINA,"LLANTAS 18""",1,95.2,95.2,Vendedor 7,REPUESTOS
592,2023-05-09,Cliente 48,SURCO,BATERÍA DE 18 PLACAS,1,105.9,105.9,Vendedor 7,REPUESTOS
593,2023-05-10,Cliente 24,LA MOLINA,AUTO HONDA CIVIC 2014,1,33500.0,33500.0,Vendedor 2,AUTOS
594,2023-05-10,Cliente 1,SURCO,AUTO HONDA ODISSEY 2013,1,24000.0,24000.0,Vendedor 5,AUTOS
595,2023-05-10,Cliente 24,SURCO,AUTO HONDA PILOT 2013,1,22000.0,22000.0,Vendedor 5,AUTOS
596,2023-05-10,Cliente 9,SURCO,AUTO HONDA FIT 2016,1,24000.0,24000.0,Vendedor 2,AUTOS
597,2023-05-10,Cliente 29,SURCO,ACEITE DE MOTOR 5W30 FULL SINTÉTICO,1,103.9,103.9,Vendedor 9,REPUESTOS
598,2023-05-10,Cliente 2,LA MOLINA,AMORTIGUADORES DELANTEROS,3,242.9,728.7,Vendedor 2,REPUESTOS
599,2023-05-10,Cliente 39,LA MOLINA,AMORTIGUADORES POSTERIORES,3,139.7,419.1,Vendedor 10,REPUESTOS
600,2023-05-10,Cliente 1,LA MOLINA,"LLANTAS 18""",2,95.2,190.4,Vendedor 5,REPUESTOS
601,2023-05-10,Cliente 25,LA MOLINA,BATERÍA DE 18 PLACAS,1,105.9,105.9,Vendedor 2,REPUESTOS
602,2023-05-11,Cliente 37,SURCO,AUTO HONDA PILOT 2013,1,22000.0,22000.0,Vendedor 9,AUTOS
603,2023-05-11,Cliente 11,SURCO,ACEITE DE MOTOR 5W30 FULL SINTÉTICO,2,103.9,207.8,Vendedor 3,REPUESTOS
604,2023-05-11,Cliente 32,LA MOLINA,AMORTIGUADORES POSTERIORES,1,139.7,139.7,Vendedor 3,REPUESTOS
605,2023-05-11,Cliente 28,SURCO,"LLANTAS 18""",1,95.2,95.2,Vendedor 5,REPUESTOS
606,2023-05-11,Cliente 20,LA MOLINA,BATERÍA DE 18 PLACAS,1,105.9,105.9,Vendedor 8,REPUESTOS
607,2023-05-12,Cliente 17,SURCO,ACEITE DE MOTOR 5W30 FULL SINTÉTICO,1,103.9,103.9,Vendedor 4,REPUESTOS
608,2023-05-12,Cliente 9,SURCO,"LLANTAS 18""",2,95.2,190.4,Vendedor 5,REPUESTOS
609,2023-05-12,Cliente 26,LA MOLINA,BATERÍA DE 18 PLACAS,1,105.9,105.9,Vendedor 6,REPUESTOS
610,2023-05-13,Cliente 29,SURCO,ACEITE DE MOTOR 5W30 FULL SINTÉTICO,3,103.9,311.7,Vendedor 6,REPUESTOS
611,2023-05-13,Cliente 39,LA MOLINA,"LLANTAS 18""",2,95.2,190.4,Vendedor 4,REPUESTOS
612,2023-05-14,Cliente 19,LA MOLINA,"LLANTAS 18""",1,95.2,95.2,Vendedor 8,REPUESTOS
613,2023-05-15,Cliente 24,SURCO,"LLANTAS 18""",2,95.2,190.4,Vendedor 2,REPUESTOS
614,2023-05-16,Cliente 46,SURCO,"LLANTAS 18""",1,95.2,95.2,Vendedor 4,REPUESTOS
615,2023-05-17,Cliente 27,SURCO,ACEITE DE MOTOR 5W30 FULL SINTÉTICO,3,103.9,311.7,Vendedor 8,REPUESTOS
616,2023-05-17,Cliente 41,SURCO,FILTRO DE COMBUSTIBLE,1,128.4,128.4,Vendedor 5,REPUESTOS
617,2023-05-17,Cliente 43,LA MOLINA,AMORTIGUADORES DELANTEROS,2,242.9,485.8,Vendedor 3,REPUESTOS
618,2023-05-17,Cliente 5,LA MOLINA,AMORTIGUADORES POSTERIORES,4,139.7,558.8,Vendedor 8,REPUESTOS
619,2023-05-17,Cliente 38,LA MOLINA,"LLANTAS 18""",3,95.2,285.6,Vendedor 7,REPUESTOS
620,2023-05-17,Cliente 24,SURCO,BATERÍA DE 18 PLACAS,2,105.9,211.8,Vendedor 9,REPUESTOS
621,2023-05-18,Cliente 7,SURCO,ACEITE DE MOTOR 5W30 FULL SINTÉTICO,5,103.9,519.5,Vendedor 4,REPUESTOS
622,2023-05-18,Cliente 11,LA MOLINA,AMORTIGUADORES DELANTEROS,6,242.9,1457.4,Vendedor 10,REPUESTOS
623,2023-05-18,Cliente 49,LA MOLINA,AMORTIGUADORES POSTERIORES,1,139.7,139.7,Vendedor 6,REPUESTOS
624,2023-05-18,Cliente 1,SURCO,"LLANTAS 18""",2,95.2,190.4,Vendedor 2,REPUESTOS
625,2023-05-18,Cliente 33,SURCO,BATERÍA DE 18 PLACAS,2,105.9,211.8,Vendedor 9,REPUESTOS
626,2023-05-19,Cliente 29,SURCO,ACEITE DE MOTOR 5W30 FULL SINTÉTICO,2,103.9,207.8,Vendedor 6,REPUESTOS
627,2023-05-19,Cliente 50,LA MOLINA,AMORTIGUADORES DELANTEROS,2,242.9,485.8,Vendedor 10,REPUESTOS
628,2023-05-19,Cliente 23,SURCO,AMORTIGUADORES POSTERIORES,6,139.7,838.2,Vendedor 1,REPUESTOS
629,2023-05-19,Cliente 19,SURCO,"LLANTAS 18""",4,95.2,380.8,Vendedor 7,REPUESTOS
630,2023-05-19,Cliente 47,SURCO,BATERÍA DE 18 PLACAS,1,105.9,105.9,Vendedor 3,REPUESTOS
631,2023-05-20,Cliente 22,LA MOLINA,ACEITE DE MOTOR 5W30 FULL SINTÉTICO,3,103.9,311.7,Vendedor 8,REPUESTOS
632,2023-05-20,Cliente 34,SURCO,AMORTIGUADORES DELANTEROS,7,242.9,1700.3,Vendedor 8,REPUESTOS
633,2023-05-20,Cliente 7,LA MOLINA,AMORTIGUADORES POSTERIORES,3,139.7,419.1,Vendedor 8,REPUESTOS
634,2023-05-20,Cliente 5,LA MOLINA,"LLANTAS 18""",4,95.2,380.8,Vendedor 5,REPUESTOS
635,2023-05-20,Cliente 2,LA MOLINA,BATERÍA DE 18 PLACAS,1,105.9,105.9,Vendedor 6,REPUESTOS
636,2023-05-21,Cliente 48,LA MOLINA,ACEITE DE MOTOR 5W30 FULL SINTÉTICO,1,103.9,103.9,Vendedor 4,REPUESTOS
637,2023-05-21,Cliente 36,SURCO,AMORTIGUADORES DELANTEROS,3,242.9,728.7,Vendedor 3,REPUESTOS
638,2023-05-21,Cliente 30,LA MOLINA,AMORTIGUADORES POSTERIORES,2,139.7,279.4,Vendedor 4,REPUESTOS
639,2023-05-21,Cliente 12,SURCO,"LLANTAS 18""",1,95.2,95.2,Vendedor 7,REPUESTOS
640,2023-05-21,Cliente 48,LA MOLINA,BATERÍA DE 18 PLACAS,2,105.9,211.8,Vendedor 10,REPUESTOS
641,2023-05-22,Cliente 38,LA MOLINA,ACEITE DE MOTOR 5W30 FULL SINTÉTICO,2,103.9,207.8,Vendedor 7,REPUESTOS
642,2023-05-22,Cliente 14,SURCO,AMORTIGUADORES POSTERIORES,1,139.7,139.7,Vendedor 5,REPUESTOS
643,2023-05-22,Cliente 35,LA MOLINA,"LLANTAS 18""",1,95.2,95.2,Vendedor 3,REPUESTOS
644,2023-05-22,Cliente 13,LA MOLINA,BATERÍA DE 18 PLACAS,2,105.9,211.8,Vendedor 8,REPUESTOS
645,2023-05-23,Cliente 43,LA MOLINA,ACEITE DE MOTOR 5W30 FULL SINTÉTICO,1,103.9,103.9,Vendedor 8,REPUESTOS
646,2023-05-23,Cliente 38,SURCO,AMORTIGUADORES POSTERIORES,3,139.7,419.1,Vendedor 2,REPUESTOS
647,2023-05-23,Cliente 30,LA MOLINA,"LLANTAS 18""",2,95.2,190.4,Vendedor 10,REPUESTOS
648,2023-05-24,Cliente 40,LA MOLINA,ACEITE DE MOTOR 5W30 FULL SINTÉTICO,3,103.9,311.7,Vendedor 10,REPUESTOS
649,2023-06-01,Cliente 27,LA MOLINA,AUTO HONDA ACCORD 2014,1,22500.0,22500.0,Vendedor 8,AUTOS
650,2023-06-01,Cliente 11,LA MOLINA,AUTO HONDA CIVIC 2014,1,27000.0,27000.0,Vendedor 2,AUTOS
651,2023-06-01,Cliente 49,LA MOLINA,AUTO HONDA ODISSEY 2013,1,19000.0,19000.0,Vendedor 4,AUTOS
652,2023-06-01,Cliente 3,LA MOLINA,AUTO HONDA CRV 2014,1,28500.0,28500.0,Vendedor 5,AUTOS
653,2023-06-01,Cliente 35,SURCO,AUTO HONDA FIT 2016,1,25000.0,25000.0,Vendedor 5,AUTOS
654,2023-06-01,Cliente 50,SURCO,AUTO HONDA CITY 2016,1,25000.0,25000.0,Vendedor 8,AUTOS
655,2023-06-01,Cliente 36,LA MOLINA,FILTRO DE COMBUSTIBLE,1,114.1,114.1,Vendedor 9,REPUESTOS
656,2023-06-02,Cliente 18,SURCO,AUTO HONDA ACCORD 2014,1,22500.0,22500.0,Vendedor 9,AUTOS
657,2023-06-02,Cliente 35,LA MOLINA,AUTO HONDA CIVIC 2014,1,27000.0,27000.0,Vendedor 1,AUTOS
658,2023-06-02,Cliente 35,LA MOLINA,AUTO HONDA ODISSEY 2013,1,19000.0,19000.0,Vendedor 4,AUTOS
659,2023-06-02,Cliente 7,SURCO,AUTO HONDA FIT 2016,1,25000.0,25000.0,Vendedor 4,AUTOS
660,2023-06-02,Cliente 3,SURCO,AUTO HONDA CITY 2016,1,25000.0,25000.0,Vendedor 8,AUTOS
661,2023-06-03,Cliente 50,SURCO,AUTO HONDA CIVIC 2014,1,27000.0,27000.0,Vendedor 4,AUTOS
662,2023-06-03,Cliente 48,LA MOLINA,AUTO HONDA ODISSEY 2013,1,19000.0,19000.0,Vendedor 10,AUTOS
663,2023-06-03,Cliente 46,SURCO,AUTO HONDA FIT 2016,1,25000.0,25000.0,Vendedor 10,AUTOS
664,2023-06-03,Cliente 11,LA MOLINA,ACEITE DE MOTOR 5W30 FULL SINTÉTICO,3,146.9,440.7,Vendedor 10,REPUESTOS
665,2023-06-03,Cliente 14,SURCO,FILTRO DE COMBUSTIBLE,1,114.1,114.1,Vendedor 4,REPUESTOS
666,2023-06-03,Cliente 35,LA MOLINA,AMORTIGUADORES DELANTEROS,1,230.4,230.4,Vendedor 5,REPUESTOS
667,2023-06-03,Cliente 46,LA MOLINA,AMORTIGUADORES POSTERIORES,1,136.9,136.9,Vendedor 5,REPUESTOS
668,2023-06-03,Cliente 33,LA MOLINA,"LLANTAS 18""",2,61.2,122.4,Vendedor 2,REPUESTOS
669,2023-06-03,Cliente 49,SURCO,BATERÍA DE 18 PLACAS,1,98.0,98.0,Vendedor 7,REPUESTOS
670,2023-06-04,Cliente 18,SURCO,AUTO HONDA CIVIC 2014,1,27000.0,27000.0,Vendedor 3,AUTOS
671,2023-06-04,Cliente 16,SURCO,ACEITE DE MOTOR 5W30 FULL SINTÉTICO,3,146.9,440.7,Vendedor 3,REPUESTOS
672,2023-06-04,Cliente 49,SURCO,AMORTIGUADORES DELANTEROS,3,230.4,691.2,Vendedor 7,REPUESTOS
673,2023-06-04,Cliente 37,SURCO,AMORTIGUADORES POSTERIORES,2,136.9,273.8,Vendedor 5,REPUESTOS
674,2023-06-04,Cliente 25,LA MOLINA,"LLANTAS 18""",3,61.2,183.6,Vendedor 8,REPUESTOS
675,2023-06-04,Cliente 41,SURCO,BATERÍA DE 18 PLACAS,1,98.0,98.0,Vendedor 2,REPUESTOS
676,2023-06-05,Cliente 45,LA MOLINA,ACEITE DE MOTOR 5W30 FULL SINTÉTICO,2,146.9,293.8,Vendedor 6,REPUESTOS
677,2023-06-05,Cliente 21,LA MOLINA,AMORTIGUADORES DELANTEROS,4,230.4,921.6,Vendedor 10,REPUESTOS
678,2023-06-05,Cliente 47,SURCO,AMORTIGUADORES POSTERIORES,1,136.9,136.9,Vendedor 8,REPUESTOS
679,2023-06-05,Cliente 5,LA MOLINA,"LLANTAS 18""",3,61.2,183.6,Vendedor 9,REPUESTOS
680,2023-06-05,Cliente 14,LA MOLINA,BATERÍA DE 18 PLACAS,1,98.0,98.0,Vendedor 7,REPUESTOS
681,2023-06-06,Cliente 18,LA MOLINA,ACEITE DE MOTOR 5W30 FULL SINTÉTICO,1,146.9,146.9,Vendedor 6,REPUESTOS
682,2023-06-06,Cliente 36,LA MOLINA,AMORTIGUADORES DELANTEROS,3,230.4,691.2,Vendedor 10,REPUESTOS
683,2023-06-06,Cliente 22,LA MOLINA,AMORTIGUADORES POSTERIORES,1,136.9,136.9,Vendedor 1,REPUESTOS
684,2023-06-06,Cliente 41,SURCO,"LLANTAS 18""",1,61.2,61.2,Vendedor 8,REPUESTOS
685,2023-06-06,Cliente 8,SURCO,BATERÍA DE 18 PLACAS,1,98.0,98.0,Vendedor 3,REPUESTOS
686,2023-06-07,Cliente 1,LA MOLINA,ACEITE DE MOTOR 5W30 FULL SINTÉTICO,4,146.9,587.6,Vendedor 7,REPUESTOS
687,2023-06-07,Cliente 42,SURCO,AMORTIGUADORES DELANTEROS,2,230.4,460.8,Vendedor 5,REPUESTOS
688,2023-06-07,Cliente 6,LA MOLINA,AMORTIGUADORES POSTERIORES,1,136.9,136.9,Vendedor 6,REPUESTOS
689,2023-06-07,Cliente 24,SURCO,"LLANTAS 18""",2,61.2,122.4,Vendedor 3,REPUESTOS
690,2023-06-07,Cliente 26,SURCO,BATERÍA DE 18 PLACAS,1,98.0,98.0,Vendedor 5,REPUESTOS
691,2023-06-08,Cliente 42,SURCO,ACEITE DE MOTOR 5W30 FULL SINTÉTICO,2,146.9,293.8,Vendedor 2,REPUESTOS
692,2023-06-08,Cliente 14,SURCO,AMORTIGUADORES DELANTEROS,1,230.4,230.4,Vendedor 8,REPUESTOS
693,2023-06-08,Cliente 38,SURCO,AMORTIGUADORES POSTERIORES,1,136.9,136.9,Vendedor 4,REPUESTOS
694,2023-06-08,Cliente 1,LA MOLINA,"LLANTAS 18""",2,61.2,122.4,Vendedor 1,REPUESTOS
695,2023-06-08,Cliente 8,LA MOLINA,BATERÍA DE 18 PLACAS,1,98.0,98.0,Vendedor 7,REPUESTOS
696,2023-06-09,Cliente 31,SURCO,AUTO HONDA ODISSEY 2013,1,19000.0,19000.0,Vendedor 2,AUTOS
697,2023-06-09,Cliente 25,SURCO,AUTO HONDA PILOT 2013,1,27000.0,27000.0,Vendedor 2,AUTOS
698,2023-06-09,Cliente 7,SURCO,AUTO HONDA CITY 2016,1,25000.0,25000.0,Vendedor 6,AUTOS
699,2023-06-09,Cliente 9,SURCO,ACEITE DE MOTOR 5W30 FULL SINTÉTICO,3,146.9,440.7,Vendedor 7,REPUESTOS
700,2023-06-09,Cliente 5,SURCO,AMORTIGUADORES DELANTEROS,2,230.4,460.8,Vendedor 9,REPUESTOS
701,2023-06-09,Cliente 29,SURCO,AMORTIGUADORES POSTERIORES,1,136.9,136.9,Vendedor 6,REPUESTOS
702,2023-06-09,Cliente 41,SURCO,"LLANTAS 18""",3,61.2,183.6,Vendedor 3,REPUESTOS
703,2023-06-09,Cliente 40,LA MOLINA,BATERÍA DE 18 PLACAS,1,98.0,98.0,Vendedor 8,REPUESTOS
704,2023-06-10,Cliente 6,SURCO,AUTO HONDA ODISSEY 2013,1,19000.0,19000.0,Vendedor 2,AUTOS
705,2023-06-10,Cliente 49,SURCO,AUTO HONDA PILOT 2013,1,27000.0,27000.0,Vendedor 2,AUTOS
706,2023-06-10,Cliente 23,SURCO,AUTO HONDA CITY 2016,1,25000.0,25000.0,Vendedor 7,AUTOS
707,2023-06-10,Cliente 16,SURCO,ACEITE DE MOTOR 5W30 FULL SINTÉTICO,2,146.9,293.8,Vendedor 5,REPUESTOS
708,2023-06-10,Cliente 36,SURCO,AMORTIGUADORES DELANTEROS,1,230.4,230.4,Vendedor 10,REPUESTOS
709,2023-06-10,Cliente 43,SURCO,AMORTIGUADORES POSTERIORES,2,136.9,273.8,Vendedor 5,REPUESTOS
710,2023-06-10,Cliente 48,SURCO,"LLANTAS 18""",1,61.2,61.2,Vendedor 7,REPUESTOS
711,2023-06-10,Cliente 42,LA MOLINA,BATERÍA DE 18 PLACAS,1,98.0,98.0,Vendedor 1,REPUESTOS
712,2023-06-11,Cliente 32,SURCO,AUTO HONDA ODISSEY 2013,1,19000.0,19000.0,Vendedor 7,AUTOS
713,2023-06-11,Cliente 16,SURCO,AUTO HONDA PILOT 2013,1,27000.0,27000.0,Vendedor 8,AUTOS
714,2023-06-11,Cliente 21,LA MOLINA,AMORTIGUADORES DELANTEROS,1,230.4,230.4,Vendedor 3,REPUESTOS
715,2023-06-11,Cliente 24,LA MOLINA,AMORTIGUADORES POSTERIORES,2,136.9,273.8,Vendedor 9,REPUESTOS
716,2023-06-11,Cliente 50,SURCO,"LLANTAS 18""",2,61.2,122.4,Vendedor 2,REPUESTOS
717,2023-06-11,Cliente 38,SURCO,BATERÍA DE 18 PLACAS,1,98.0,98.0,Vendedor 2,REPUESTOS
718,2023-06-12,Cliente 17,SURCO,AUTO HONDA PILOT 2013,1,27000.0,27000.0,Vendedor 4,AUTOS
719,2023-06-12,Cliente 33,LA MOLINA,AMORTIGUADORES DELANTEROS,1,230.4,230.4,Vendedor 5,REPUESTOS
720,2023-06-12,Cliente 45,LA MOLINA,AMORTIGUADORES POSTERIORES,2,136.9,273.8,Vendedor 7,REPUESTOS
721,2023-06-12,Cliente 18,SURCO,"LLANTAS 18""",1,61.2,61.2,Vendedor 2,REPUESTOS
722,2023-06-12,Cliente 6,LA MOLINA,BATERÍA DE 18 PLACAS,1,98.0,98.0,Vendedor 9,REPUESTOS
723,2023-06-13,Cliente 10,SURCO,AUTO HONDA PILOT 2013,1,27000.0,27000.0,Vendedor 9,AUTOS
724,2023-06-13,Cliente 20,SURCO,AMORTIGUADORES DELANTEROS,1,230.4,230.4,Vendedor 7,REPUESTOS
725,2023-06-13,Cliente 16,SURCO,AMORTIGUADORES POSTERIORES,1,136.9,136.9,Vendedor 2,REPUESTOS
726,2023-06-14,Cliente 43,LA MOLINA,AMORTIGUADORES POSTERIORES,1,136.9,136.9,Vendedor 3,REPUESTOS
727,2023-06-15,Cliente 11,SURCO,AMORTIGUADORES POSTERIORES,1,136.9,136.9,Vendedor 8,REPUESTOS
728,2023-06-16,Cliente 24,SURCO,AMORTIGUADORES POSTERIORES,1,136.9,136.9,Vendedor 3,REPUESTOS
729,2023-06-17,Cliente 50,SURCO,ACEITE DE MOTOR 5W30 FULL SINTÉTICO,6,146.9,881.4,Vendedor 1,REPUESTOS
730,2023-06-17,Cliente 28,LA MOLINA,FILTRO DE COMBUSTIBLE,1,114.1,114.1,Vendedor 5,REPUESTOS
731,2023-06-17,Cliente 17,SURCO,AMORTIGUADORES DELANTEROS,5,230.4,1152.0,Vendedor 10,REPUESTOS
732,2023-06-17,Cliente 30,LA MOLINA,AMORTIGUADORES POSTERIORES,1,136.9,136.9,Vendedor 9,REPUESTOS
733,2023-06-17,Cliente 32,SURCO,"LLANTAS 18""",3,61.2,183.6,Vendedor 10,REPUESTOS
734,2023-06-17,Cliente 11,LA MOLINA,BATERÍA DE 18 PLACAS,1,98.0,98.0,Vendedor 5,REPUESTOS
735,2023-06-18,Cliente 15,SURCO,ACEITE DE MOTOR 5W30 FULL SINTÉTICO,1,146.9,146.9,Vendedor 9,REPUESTOS
736,2023-06-18,Cliente 3,SURCO,FILTRO DE COMBUSTIBLE,1,114.1,114.1,Vendedor 1,REPUESTOS
737,2023-06-18,Cliente 31,SURCO,AMORTIGUADORES DELANTEROS,2,230.4,460.8,Vendedor 6,REPUESTOS
738,2023-06-18,Cliente 12,SURCO,AMORTIGUADORES POSTERIORES,2,136.9,273.8,Vendedor 1,REPUESTOS
739,2023-06-18,Cliente 15,LA MOLINA,"LLANTAS 18""",5,61.2,306.0,Vendedor 6,REPUESTOS
740,2023-06-18,Cliente 47,LA MOLINA,BATERÍA DE 18 PLACAS,1,98.0,98.0,Vendedor 6,REPUESTOS
741,2023-06-19,Cliente 37,SURCO,ACEITE DE MOTOR 5W30 FULL SINTÉTICO,3,146.9,440.7,Vendedor 6,REPUESTOS
742,2023-06-19,Cliente 12,SURCO,AMORTIGUADORES DELANTEROS,1,230.4,230.4,Vendedor 4,REPUESTOS
743,2023-06-19,Cliente 26,SURCO,AMORTIGUADORES POSTERIORES,3,136.9,410.7,Vendedor 2,REPUESTOS
744,2023-06-19,Cliente 50,LA MOLINA,"LLANTAS 18""",4,61.2,244.8,Vendedor 5,REPUESTOS
745,2023-06-19,Cliente 36,SURCO,BATERÍA DE 18 PLACAS,2,98.0,196.0,Vendedor 8,REPUESTOS
746,2023-06-20,Cliente 13,LA MOLINA,ACEITE DE MOTOR 5W30 FULL SINTÉTICO,1,146.9,146.9,Vendedor 5,REPUESTOS
747,2023-06-20,Cliente 30,SURCO,AMORTIGUADORES DELANTEROS,2,230.4,460.8,Vendedor 6,REPUESTOS
748,2023-06-20,Cliente 50,LA MOLINA,AMORTIGUADORES POSTERIORES,3,136.9,410.7,Vendedor 4,REPUESTOS
749,2023-06-20,Cliente 10,SURCO,"LLANTAS 18""",6,61.2,367.2,Vendedor 1,REPUESTOS
750,2023-06-20,Cliente 15,SURCO,BATERÍA DE 18 PLACAS,2,98.0,196.0,Vendedor 9,REPUESTOS
751,2023-06-21,Cliente 22,LA MOLINA,ACEITE DE MOTOR 5W30 FULL SINTÉTICO,3,146.9,440.7,Vendedor 1,REPUESTOS
752,2023-06-21,Cliente 7,LA MOLINA,AMORTIGUADORES DELANTEROS,7,230.4,1612.8,Vendedor 4,REPUESTOS
753,2023-06-21,Cliente 27,SURCO,AMORTIGUADORES POSTERIORES,3,136.9,410.7,Vendedor 8,REPUESTOS
754,2023-06-21,Cliente 46,SURCO,"LLANTAS 18""",1,61.2,61.2,Vendedor 5,REPUESTOS
755,2023-06-21,Cliente 15,SURCO,BATERÍA DE 18 PLACAS,1,98.0,98.0,Vendedor 9,REPUESTOS
756,2023-06-22,Cliente 30,LA MOLINA,ACEITE DE MOTOR 5W30 FULL SINTÉTICO,6,146.9,881.4,Vendedor 2,REPUESTOS
757,2023-06-22,Cliente 41,LA MOLINA,AMORTIGUADORES DELANTEROS,2,230.4,460.8,Vendedor 7,REPUESTOS
758,2023-06-22,Cliente 28,LA MOLINA,AMORTIGUADORES POSTERIORES,1,136.9,136.9,Vendedor 3,REPUESTOS
759,2023-06-22,Cliente 17,LA MOLINA,"LLANTAS 18""",1,61.2,61.2,Vendedor 6,REPUESTOS
760,2023-06-22,Cliente 21,LA MOLINA,BATERÍA DE 18 PLACAS,2,98.0,196.0,Vendedor 8,REPUESTOS
761,2023-06-23,Cliente 13,LA MOLINA,AMORTIGUADORES DELANTEROS,1,230.4,230.4,Vendedor 3,REPUESTOS
762,2023-06-23,Cliente 10,LA MOLINA,AMORTIGUADORES POSTERIORES,3,136.9,410.7,Vendedor 2,REPUESTOS
763,2023-06-23,Cliente 21,LA MOLINA,BATERÍA DE 18 PLACAS,1,98.0,98.0,Vendedor 7,REPUESTOS
764,2023-06-24,Cliente 29,LA MOLINA,AMORTIGUADORES POSTERIORES,2,136.9,273.8,Vendedor 5,REPUESTOS
765,2023-07-01,Cliente 50,SURCO,AUTO HONDA ACCORD 2014,1,20500.0,20500.0,Vendedor 4,AUTOS
766,2023-07-01,Cliente 13,SURCO,AUTO HONDA CIVIC 2014,1,31500.0,31500.0,Vendedor 7,AUTOS
767,2023-07-01,Cliente 44,LA MOLINA,AUTO HONDA ODISSEY 2013,1,22500.0,22500.0,Vendedor 2,AUTOS
768,2023-07-01,Cliente 5,LA MOLINA,AUTO HONDA CRV 2014,1,28500.0,28500.0,Vendedor 1,AUTOS
769,2023-07-01,Cliente 13,SURCO,AUTO HONDA FIT 2016,1,26500.0,26500.0,Vendedor 8,AUTOS
770,2023-07-02,Cliente 30,SURCO,AUTO HONDA ACCORD 2014,1,20500.0,20500.0,Vendedor 1,AUTOS
771,2023-07-02,Cliente 37,SURCO,AUTO HONDA CIVIC 2014,1,31500.0,31500.0,Vendedor 7,AUTOS
772,2023-07-02,Cliente 32,LA MOLINA,AUTO HONDA ODISSEY 2013,1,22500.0,22500.0,Vendedor 1,AUTOS
773,2023-07-02,Cliente 44,LA MOLINA,AUTO HONDA CRV 2014,1,28500.0,28500.0,Vendedor 7,AUTOS
774,2023-07-02,Cliente 23,SURCO,AUTO HONDA FIT 2016,1,26500.0,26500.0,Vendedor 4,AUTOS
775,2023-07-03,Cliente 3,SURCO,AUTO HONDA ACCORD 2014,1,20500.0,20500.0,Vendedor 10,AUTOS
776,2023-07-03,Cliente 42,SURCO,AUTO HONDA CIVIC 2014,1,31500.0,31500.0,Vendedor 5,AUTOS
777,2023-07-03,Cliente 27,SURCO,AUTO HONDA ODISSEY 2013,1,22500.0,22500.0,Vendedor 9,AUTOS
778,2023-07-03,Cliente 4,LA MOLINA,AUTO HONDA CRV 2014,1,28500.0,28500.0,Vendedor 2,AUTOS
779,2023-07-03,Cliente 9,LA MOLINA,ACEITE DE MOTOR 5W30 FULL SINTÉTICO,2,132.1,264.2,Vendedor 7,REPUESTOS
780,2023-07-03,Cliente 42,SURCO,FILTRO DE COMBUSTIBLE,1,104.9,104.9,Vendedor 9,REPUESTOS
781,2023-07-03,Cliente 25,SURCO,AMORTIGUADORES DELANTEROS,1,279.0,279.0,Vendedor 6,REPUESTOS
782,2023-07-03,Cliente 23,LA MOLINA,AMORTIGUADORES POSTERIORES,2,109.1,218.2,Vendedor 10,REPUESTOS
783,2023-07-03,Cliente 18,LA MOLINA,"LLANTAS 18""",3,76.1,228.3,Vendedor 3,REPUESTOS
784,2023-07-03,Cliente 21,SURCO,BATERÍA DE 18 PLACAS,1,117.3,117.3,Vendedor 10,REPUESTOS
785,2023-07-04,Cliente 2,SURCO,AUTO HONDA ACCORD 2014,1,20500.0,20500.0,Vendedor 5,AUTOS
786,2023-07-04,Cliente 31,LA MOLINA,AUTO HONDA CIVIC 2014,1,31500.0,31500.0,Vendedor 9,AUTOS
787,2023-07-04,Cliente 50,SURCO,AUTO HONDA ODISSEY 2013,1,22500.0,22500.0,Vendedor 10,AUTOS
788,2023-07-04,Cliente 11,SURCO,AUTO HONDA CRV 2014,1,28500.0,28500.0,Vendedor 2,AUTOS
789,2023-07-04,Cliente 18,SURCO,ACEITE DE MOTOR 5W30 FULL SINTÉTICO,1,132.1,132.1,Vendedor 9,REPUESTOS
790,2023-07-04,Cliente 49,LA MOLINA,FILTRO DE COMBUSTIBLE,1,104.9,104.9,Vendedor 4,REPUESTOS
791,2023-07-04,Cliente 23,LA MOLINA,AMORTIGUADORES DELANTEROS,3,279.0,837.0,Vendedor 3,REPUESTOS
792,2023-07-04,Cliente 38,SURCO,AMORTIGUADORES POSTERIORES,1,109.1,109.1,Vendedor 6,REPUESTOS
793,2023-07-04,Cliente 46,SURCO,"LLANTAS 18""",3,76.1,228.3,Vendedor 6,REPUESTOS
794,2023-07-04,Cliente 37,SURCO,BATERÍA DE 18 PLACAS,1,117.3,117.3,Vendedor 4,REPUESTOS
795,2023-07-05,Cliente 35,LA MOLINA,AUTO HONDA ACCORD 2014,1,20500.0,20500.0,Vendedor 5,AUTOS
796,2023-07-05,Cliente 32,LA MOLINA,AUTO HONDA CIVIC 2014,1,31500.0,31500.0,Vendedor 1,AUTOS
797,2023-07-05,Cliente 4,SURCO,AUTO HONDA CRV 2014,1,28500.0,28500.0,Vendedor 4,AUTOS
798,2023-07-05,Cliente 34,SURCO,ACEITE DE MOTOR 5W30 FULL SINTÉTICO,1,132.1,132.1,Vendedor 8,REPUESTOS
799,2023-07-05,Cliente 40,LA MOLINA,AMORTIGUADORES DELANTEROS,1,279.0,279.0,Vendedor 4,REPUESTOS
800,2023-07-05,Cliente 46,LA MOLINA,AMORTIGUADORES POSTERIORES,1,109.1,109.1,Vendedor 3,REPUESTOS
801,2023-07-05,Cliente 2,SURCO,"LLANTAS 18""",3,76.1,228.3,Vendedor 3,REPUESTOS
802,2023-07-05,Cliente 50,SURCO,BATERÍA DE 18 PLACAS,1,117.3,117.3,Vendedor 2,REPUESTOS
803,2023-07-06,Cliente 5,LA MOLINA,AUTO HONDA ACCORD 2014,1,20500.0,20500.0,Vendedor 6,AUTOS
804,2023-07-06,Cliente 38,LA MOLINA,AUTO HONDA CIVIC 2014,1,31500.0,31500.0,Vendedor 2,AUTOS
805,2023-07-06,Cliente 20,LA MOLINA,AUTO HONDA CRV 2014,1,28500.0,28500.0,Vendedor 6,AUTOS
806,2023-07-06,Cliente 47,SURCO,ACEITE DE MOTOR 5W30 FULL SINTÉTICO,1,132.1,132.1,Vendedor 7,REPUESTOS
807,2023-07-06,Cliente 42,LA MOLINA,AMORTIGUADORES DELANTEROS,3,279.0,837.0,Vendedor 6,REPUESTOS
808,2023-07-06,Cliente 15,LA MOLINA,AMORTIGUADORES POSTERIORES,1,109.1,109.1,Vendedor 10,REPUESTOS
809,2023-07-06,Cliente 20,LA MOLINA,"LLANTAS 18""",2,76.1,152.2,Vendedor 5,REPUESTOS
810,2023-07-06,Cliente 47,SURCO,BATERÍA DE 18 PLACAS,1,117.3,117.3,Vendedor 1,REPUESTOS
811,2023-07-07,Cliente 50,SURCO,AUTO HONDA CRV 2014,1,28500.0,28500.0,Vendedor 10,AUTOS
812,2023-07-07,Cliente 39,SURCO,ACEITE DE MOTOR 5W30 FULL SINTÉTICO,1,132.1,132.1,Vendedor 6,REPUESTOS
813,2023-07-07,Cliente 41,SURCO,AMORTIGUADORES DELANTEROS,3,279.0,837.0,Vendedor 10,REPUESTOS
814,2023-07-07,Cliente 10,LA MOLINA,AMORTIGUADORES POSTERIORES,1,109.1,109.1,Vendedor 6,REPUESTOS
815,2023-07-07,Cliente 23,SURCO,"LLANTAS 18""",1,76.1,76.1,Vendedor 6,REPUESTOS
816,2023-07-07,Cliente 46,SURCO,BATERÍA DE 18 PLACAS,1,117.3,117.3,Vendedor 6,REPUESTOS
817,2023-07-08,Cliente 1,SURCO,AUTO HONDA CRV 2014,1,28500.0,28500.0,Vendedor 5,AUTOS
818,2023-07-08,Cliente 45,SURCO,ACEITE DE MOTOR 5W30 FULL SINTÉTICO,1,132.1,132.1,Vendedor 2,REPUESTOS
819,2023-07-08,Cliente 7,LA MOLINA,AMORTIGUADORES DELANTEROS,2,279.0,558.0,Vendedor 1,REPUESTOS
820,2023-07-08,Cliente 29,LA MOLINA,AMORTIGUADORES POSTERIORES,1,109.1,109.1,Vendedor 7,REPUESTOS
821,2023-07-08,Cliente 32,LA MOLINA,"LLANTAS 18""",2,76.1,152.2,Vendedor 7,REPUESTOS
822,2023-07-08,Cliente 7,LA MOLINA,BATERÍA DE 18 PLACAS,2,117.3,234.6,Vendedor 8,REPUESTOS
823,2023-07-09,Cliente 29,SURCO,ACEITE DE MOTOR 5W30 FULL SINTÉTICO,1,132.1,132.1,Vendedor 2,REPUESTOS
824,2023-07-09,Cliente 2,LA MOLINA,AMORTIGUADORES DELANTEROS,1,279.0,279.0,Vendedor 6,REPUESTOS
825,2023-07-09,Cliente 5,SURCO,AMORTIGUADORES POSTERIORES,3,109.1,327.3,Vendedor 6,REPUESTOS
826,2023-07-09,Cliente 11,LA MOLINA,"LLANTAS 18""",2,76.1,152.2,Vendedor 2,REPUESTOS
827,2023-07-09,Cliente 39,LA MOLINA,BATERÍA DE 18 PLACAS,1,117.3,117.3,Vendedor 10,REPUESTOS
828,2023-07-10,Cliente 46,LA MOLINA,AUTO HONDA CIVIC 2014,1,31500.0,31500.0,Vendedor 1,AUTOS
829,2023-07-10,Cliente 42,LA MOLINA,AUTO HONDA ODISSEY 2013,1,22500.0,22500.0,Vendedor 3,AUTOS
830,2023-07-10,Cliente 11,SURCO,AUTO HONDA PILOT 2013,1,28500.0,28500.0,Vendedor 1,AUTOS
831,2023-07-10,Cliente 14,LA MOLINA,ACEITE DE MOTOR 5W30 FULL SINTÉTICO,1,132.1,132.1,Vendedor 4,REPUESTOS
832,2023-07-10,Cliente 43,SURCO,AMORTIGUADORES DELANTEROS,4,279.0,1116.0,Vendedor 5,REPUESTOS
833,2023-07-10,Cliente 7,SURCO,AMORTIGUADORES POSTERIORES,3,109.1,327.3,Vendedor 1,REPUESTOS
834,2023-07-10,Cliente 10,LA MOLINA,"LLANTAS 18""",1,76.1,76.1,Vendedor 1,REPUESTOS
835,2023-07-10,Cliente 28,LA MOLINA,BATERÍA DE 18 PLACAS,2,117.3,234.6,Vendedor 2,REPUESTOS
836,2023-07-11,Cliente 43,SURCO,AUTO HONDA PILOT 2013,1,28500.0,28500.0,Vendedor 10,AUTOS
837,2023-07-11,Cliente 7,SURCO,ACEITE DE MOTOR 5W30 FULL SINTÉTICO,2,132.1,264.2,Vendedor 1,REPUESTOS
838,2023-07-11,Cliente 41,SURCO,AMORTIGUADORES DELANTEROS,2,279.0,558.0,Vendedor 5,REPUESTOS
839,2023-07-11,Cliente 8,LA MOLINA,AMORTIGUADORES POSTERIORES,1,109.1,109.1,Vendedor 5,REPUESTOS
840,2023-07-11,Cliente 32,SURCO,"LLANTAS 18""",3,76.1,228.3,Vendedor 5,REPUESTOS
841,2023-07-12,Cliente 12,LA MOLINA,ACEITE DE MOTOR 5W30 FULL SINTÉTICO,3,132.1,396.3,Vendedor 6,REPUESTOS
842,2023-07-12,Cliente 29,SURCO,AMORTIGUADORES POSTERIORES,3,109.1,327.3,Vendedor 1,REPUESTOS
843,2023-07-13,Cliente 15,LA MOLINA,ACEITE DE MOTOR 5W30 FULL SINTÉTICO,2,132.1,264.2,Vendedor 5,REPUESTOS
844,2023-07-13,Cliente 6,LA MOLINA,AMORTIGUADORES POSTERIORES,2,109.1,218.2,Vendedor 6,REPUESTOS
845,2023-07-14,Cliente 36,SURCO,ACEITE DE MOTOR 5W30 FULL SINTÉTICO,2,132.1,264.2,Vendedor 1,REPUESTOS
846,2023-07-14,Cliente 37,LA MOLINA,AMORTIGUADORES POSTERIORES,1,109.1,109.1,Vendedor 4,REPUESTOS
847,2023-07-15,Cliente 46,LA MOLINA,ACEITE DE MOTOR 5W30 FULL SINTÉTICO,1,132.1,132.1,Vendedor 1,REPUESTOS
848,2023-07-16,Cliente 13,LA MOLINA,ACEITE DE MOTOR 5W30 FULL SINTÉTICO,1,132.1,132.1,Vendedor 3,REPUESTOS
849,2023-07-17,Cliente 39,SURCO,ACEITE DE MOTOR 5W30 FULL SINTÉTICO,1,132.1,132.1,Vendedor 5,REPUESTOS
850,2023-07-17,Cliente 47,LA MOLINA,FILTRO DE COMBUSTIBLE,1,104.9,104.9,Vendedor 2,REPUESTOS
851,2023-07-17,Cliente 36,LA MOLINA,AMORTIGUADORES DELANTEROS,1,279.0,279.0,Vendedor 7,REPUESTOS
852,2023-07-17,Cliente 18,LA MOLINA,AMORTIGUADORES POSTERIORES,5,109.1,545.5,Vendedor 9,REPUESTOS
853,2023-07-17,Cliente 45,SURCO,"LLANTAS 18""",4,76.1,304.4,Vendedor 10,REPUESTOS
854,2023-07-17,Cliente 8,LA MOLINA,BATERÍA DE 18 PLACAS,3,117.3,351.9,Vendedor 7,REPUESTOS
855,2023-07-18,Cliente 37,SURCO,ACEITE DE MOTOR 5W30 FULL SINTÉTICO,1,132.1,132.1,Vendedor 10,REPUESTOS
856,2023-07-18,Cliente 7,SURCO,FILTRO DE COMBUSTIBLE,1,104.9,104.9,Vendedor 10,REPUESTOS
857,2023-07-18,Cliente 35,LA MOLINA,AMORTIGUADORES DELANTEROS,1,279.0,279.0,Vendedor 6,REPUESTOS
858,2023-07-18,Cliente 25,LA MOLINA,AMORTIGUADORES POSTERIORES,4,109.1,436.4,Vendedor 8,REPUESTOS
859,2023-07-18,Cliente 3,LA MOLINA,"LLANTAS 18""",5,76.1,380.5,Vendedor 3,REPUESTOS
860,2023-07-18,Cliente 10,LA MOLINA,BATERÍA DE 18 PLACAS,2,117.3,234.6,Vendedor 10,REPUESTOS
861,2023-07-19,Cliente 3,LA MOLINA,ACEITE DE MOTOR 5W30 FULL SINTÉTICO,3,132.1,396.3,Vendedor 7,REPUESTOS
862,2023-07-19,Cliente 4,SURCO,AMORTIGUADORES DELANTEROS,3,279.0,837.0,Vendedor 8,REPUESTOS
863,2023-07-19,Cliente 2,LA MOLINA,AMORTIGUADORES POSTERIORES,1,109.1,109.1,Vendedor 6,REPUESTOS
864,2023-07-19,Cliente 18,LA MOLINA,"LLANTAS 18""",3,76.1,228.3,Vendedor 8,REPUESTOS
865,2023-07-19,Cliente 15,SURCO,BATERÍA DE 18 PLACAS,3,117.3,351.9,Vendedor 3,REPUESTOS
866,2023-07-20,Cliente 50,LA MOLINA,ACEITE DE MOTOR 5W30 FULL SINTÉTICO,2,132.1,264.2,Vendedor 6,REPUESTOS
867,2023-07-20,Cliente 39,LA MOLINA,AMORTIGUADORES DELANTEROS,3,279.0,837.0,Vendedor 2,REPUESTOS
868,2023-07-20,Cliente 14,SURCO,AMORTIGUADORES POSTERIORES,2,109.1,218.2,Vendedor 7,REPUESTOS
869,2023-07-20,Cliente 49,LA MOLINA,"LLANTAS 18""",2,76.1,152.2,Vendedor 9,REPUESTOS
870,2023-07-20,Cliente 33,SURCO,BATERÍA DE 18 PLACAS,2,117.3,234.6,Vendedor 3,REPUESTOS
871,2023-07-21,Cliente 46,LA MOLINA,ACEITE DE MOTOR 5W30 FULL SINTÉTICO,1,132.1,132.1,Vendedor 9,REPUESTOS
872,2023-07-21,Cliente 50,SURCO,AMORTIGUADORES DELANTEROS,4,279.0,1116.0,Vendedor 9,REPUESTOS
873,2023-07-21,Cliente 12,SURCO,AMORTIGUADORES POSTERIORES,5,109.1,545.5,Vendedor 4,REPUESTOS
874,2023-07-21,Cliente 4,SURCO,"LLANTAS 18""",6,76.1,456.6,Vendedor 4,REPUESTOS
875,2023-07-22,Cliente 24,SURCO,ACEITE DE MOTOR 5W30 FULL SINTÉTICO,4,132.1,528.4,Vendedor 4,REPUESTOS
876,2023-07-22,Cliente 30,LA MOLINA,AMORTIGUADORES DELANTEROS,3,279.0,837.0,Vendedor 9,REPUESTOS
877,2023-07-22,Cliente 44,SURCO,AMORTIGUADORES POSTERIORES,3,109.1,327.3,Vendedor 1,REPUESTOS
878,2023-07-23,Cliente 12,LA MOLINA,ACEITE DE MOTOR 5W30 FULL SINTÉTICO,2,132.1,264.2,Vendedor 8,REPUESTOS
879,2023-07-23,Cliente 17,SURCO,AMORTIGUADORES DELANTEROS,3,279.0,837.0,Vendedor 2,REPUESTOS
880,2023-07-24,Cliente 37,SURCO,ACEITE DE MOTOR 5W30 FULL SINTÉTICO,1,132.1,132.1,Vendedor 4,REPUESTOS
881,2023-07-24,Cliente 18,LA MOLINA,AMORTIGUADORES DELANTEROS,2,279.0,558.0,Vendedor 7,REPUESTOS
882,2023-07-25,Cliente 42,SURCO,ACEITE DE MOTOR 5W30 FULL SINTÉTICO,3,132.1,396.3,Vendedor 3,REPUESTOS
883,2023-08-01,Cliente 17,LA MOLINA,AUTO HONDA ACCORD 2014,1,24500.0,24500.0,Vendedor 7,AUTOS
884,2023-08-01,Cliente 25,LA MOLINA,AUTO HONDA CIVIC 2014,1,27500.0,27500.0,Vendedor 1,AUTOS
885,2023-08-01,Cliente 22,SURCO,AUTO HONDA ODISSEY 2013,1,22500.0,22500.0,Vendedor 4,AUTOS
886,2023-08-01,Cliente 43,LA MOLINA,AUTO HONDA CRV 2014,1,28500.0,28500.0,Vendedor 6,AUTOS
887,2023-08-01,Cliente 11,SURCO,AUTO HONDA PILOT 2013,1,34500.0,34500.0,Vendedor 9,AUTOS
888,2023-08-01,Cliente 19,SURCO,AUTO HONDA FIT 2016,1,29500.0,29500.0,Vendedor 2,AUTOS
889,2023-08-01,Cliente 9,SURCO,AUTO HONDA CITY 2016,1,20500.0,20500.0,Vendedor 5,AUTOS
890,2023-08-02,Cliente 23,SURCO,AUTO HONDA ACCORD 2014,1,24500.0,24500.0,Vendedor 4,AUTOS
891,2023-08-02,Cliente 27,SURCO,AUTO HONDA CIVIC 2014,1,27500.0,27500.0,Vendedor 6,AUTOS
892,2023-08-02,Cliente 17,LA MOLINA,AUTO HONDA ODISSEY 2013,1,22500.0,22500.0,Vendedor 10,AUTOS
893,2023-08-02,Cliente 30,SURCO,AUTO HONDA CRV 2014,1,28500.0,28500.0,Vendedor 2,AUTOS
894,2023-08-02,Cliente 4,SURCO,AUTO HONDA PILOT 2013,1,34500.0,34500.0,Vendedor 10,AUTOS
895,2023-08-02,Cliente 31,SURCO,AUTO HONDA FIT 2016,1,29500.0,29500.0,Vendedor 4,AUTOS
896,2023-08-02,Cliente 44,SURCO,AUTO HONDA CITY 2016,1,20500.0,20500.0,Vendedor 7,AUTOS
897,2023-08-03,Cliente 9,LA MOLINA,AUTO HONDA ACCORD 2014,1,24500.0,24500.0,Vendedor 4,AUTOS
898,2023-08-03,Cliente 27,SURCO,AUTO HONDA CIVIC 2014,1,27500.0,27500.0,Vendedor 10,AUTOS
899,2023-08-03,Cliente 10,SURCO,AUTO HONDA PILOT 2013,1,34500.0,34500.0,Vendedor 6,AUTOS
900,2023-08-03,Cliente 50,SURCO,AUTO HONDA CITY 2016,1,20500.0,20500.0,Vendedor 2,AUTOS
901,2023-08-03,Cliente 41,LA MOLINA,ACEITE DE MOTOR 5W30 FULL SINTÉTICO,2,120.9,241.8,Vendedor 3,REPUESTOS
902,2023-08-03,Cliente 41,LA MOLINA,FILTRO DE COMBUSTIBLE,1,121.0,121.0,Vendedor 1,REPUESTOS
903,2023-08-03,Cliente 18,LA MOLINA,AMORTIGUADORES DELANTEROS,1,249.7,249.7,Vendedor 4,REPUESTOS
904,2023-08-03,Cliente 32,SURCO,AMORTIGUADORES POSTERIORES,1,102.9,102.9,Vendedor 2,REPUESTOS
905,2023-08-03,Cliente 41,LA MOLINA,"LLANTAS 18""",1,98.2,98.2,Vendedor 7,REPUESTOS
906,2023-08-03,Cliente 28,LA MOLINA,BATERÍA DE 18 PLACAS,1,80.2,80.2,Vendedor 8,REPUESTOS
907,2023-08-04,Cliente 1,LA MOLINA,AUTO HONDA ACCORD 2014,1,24500.0,24500.0,Vendedor 1,AUTOS
908,2023-08-04,Cliente 47,SURCO,AUTO HONDA CITY 2016,1,20500.0,20500.0,Vendedor 6,AUTOS
909,2023-08-04,Cliente 49,LA MOLINA,ACEITE DE MOTOR 5W30 FULL SINTÉTICO,1,120.9,120.9,Vendedor 9,REPUESTOS
910,2023-08-04,Cliente 2,SURCO,FILTRO DE COMBUSTIBLE,1,121.0,121.0,Vendedor 1,REPUESTOS
911,2023-08-04,Cliente 45,SURCO,AMORTIGUADORES DELANTEROS,1,249.7,249.7,Vendedor 6,REPUESTOS
912,2023-08-04,Cliente 7,SURCO,AMORTIGUADORES POSTERIORES,3,102.9,308.7,Vendedor 7,REPUESTOS
913,2023-08-04,Cliente 5,SURCO,"LLANTAS 18""",3,98.2,294.6,Vendedor 1,REPUESTOS
914,2023-08-04,Cliente 19,LA MOLINA,BATERÍA DE 18 PLACAS,1,80.2,80.2,Vendedor 8,REPUESTOS
915,2023-08-05,Cliente 28,SURCO,AUTO HONDA CITY 2016,1,20500.0,20500.0,Vendedor 3,AUTOS
916,2023-08-05,Cliente 23,LA MOLINA,ACEITE DE MOTOR 5W30 FULL SINTÉTICO,2,120.9,241.8,Vendedor 4,REPUESTOS
917,2023-08-05,Cliente 2,LA MOLINA,AMORTIGUADORES DELANTEROS,1,249.7,249.7,Vendedor 4,REPUESTOS
918,2023-08-05,Cliente 14,SURCO,AMORTIGUADORES POSTERIORES,2,102.9,205.8,Vendedor 1,REPUESTOS
919,2023-08-05,Cliente 24,SURCO,"LLANTAS 18""",2,98.2,196.4,Vendedor 1,REPUESTOS
920,2023-08-05,Cliente 41,LA MOLINA,BATERÍA DE 18 PLACAS,1,80.2,80.2,Vendedor 5,REPUESTOS
921,2023-08-06,Cliente 39,SURCO,ACEITE DE MOTOR 5W30 FULL SINTÉTICO,3,120.9,362.7,Vendedor 1,REPUESTOS
922,2023-08-06,Cliente 4,SURCO,AMORTIGUADORES DELANTEROS,1,249.7,249.7,Vendedor 2,REPUESTOS
923,2023-08-06,Cliente 25,LA MOLINA,AMORTIGUADORES POSTERIORES,4,102.9,411.6,Vendedor 2,REPUESTOS
924,2023-08-06,Cliente 45,LA MOLINA,"LLANTAS 18""",3,98.2,294.6,Vendedor 3,REPUESTOS
925,2023-08-06,Cliente 45,SURCO,BATERÍA DE 18 PLACAS,1,80.2,80.2,Vendedor 1,REPUESTOS
926,2023-08-07,Cliente 43,LA MOLINA,ACEITE DE MOTOR 5W30 FULL SINTÉTICO,2,120.9,241.8,Vendedor 2,REPUESTOS
927,2023-08-07,Cliente 27,SURCO,AMORTIGUADORES DELANTEROS,2,249.7,499.4,Vendedor 2,REPUESTOS
928,2023-08-07,Cliente 8,LA MOLINA,AMORTIGUADORES POSTERIORES,1,102.9,102.9,Vendedor 2,REPUESTOS
929,2023-08-07,Cliente 39,SURCO,"LLANTAS 18""",4,98.2,392.8,Vendedor 4,REPUESTOS
930,2023-08-07,Cliente 34,LA MOLINA,BATERÍA DE 18 PLACAS,1,80.2,80.2,Vendedor 4,REPUESTOS
931,2023-08-08,Cliente 19,LA MOLINA,ACEITE DE MOTOR 5W30 FULL SINTÉTICO,2,120.9,241.8,Vendedor 3,REPUESTOS
932,2023-08-08,Cliente 14,LA MOLINA,AMORTIGUADORES DELANTEROS,1,249.7,249.7,Vendedor 8,REPUESTOS
933,2023-08-08,Cliente 1,SURCO,AMORTIGUADORES POSTERIORES,3,102.9,308.7,Vendedor 1,REPUESTOS
934,2023-08-08,Cliente 37,SURCO,"LLANTAS 18""",1,98.2,98.2,Vendedor 8,REPUESTOS
935,2023-08-08,Cliente 6,SURCO,BATERÍA DE 18 PLACAS,1,80.2,80.2,Vendedor 9,REPUESTOS
936,2023-08-09,Cliente 47,SURCO,AUTO HONDA ACCORD 2014,1,24500.0,24500.0,Vendedor 2,AUTOS
937,2023-08-09,Cliente 42,LA MOLINA,AUTO HONDA CIVIC 2014,1,27500.0,27500.0,Vendedor 4,AUTOS
938,2023-08-09,Cliente 19,LA MOLINA,AUTO HONDA CRV 2014,1,28500.0,28500.0,Vendedor 5,AUTOS
939,2023-08-09,Cliente 4,SURCO,AUTO HONDA PILOT 2013,1,34500.0,34500.0,Vendedor 2,AUTOS
940,2023-08-09,Cliente 19,SURCO,ACEITE DE MOTOR 5W30 FULL SINTÉTICO,1,120.9,120.9,Vendedor 6,REPUESTOS
941,2023-08-09,Cliente 48,LA MOLINA,AMORTIGUADORES DELANTEROS,2,249.7,499.4,Vendedor 2,REPUESTOS
942,2023-08-09,Cliente 1,SURCO,AMORTIGUADORES POSTERIORES,1,102.9,102.9,Vendedor 3,REPUESTOS
943,2023-08-09,Cliente 23,LA MOLINA,"LLANTAS 18""",2,98.2,196.4,Vendedor 8,REPUESTOS
944,2023-08-09,Cliente 47,LA MOLINA,BATERÍA DE 18 PLACAS,1,80.2,80.2,Vendedor 2,REPUESTOS
945,2023-08-10,Cliente 22,LA MOLINA,AUTO HONDA ACCORD 2014,1,24500.0,24500.0,Vendedor 3,AUTOS
946,2023-08-10,Cliente 26,SURCO,AUTO HONDA CIVIC 2014,1,27500.0,27500.0,Vendedor 7,AUTOS
947,2023-08-10,Cliente 18,SURCO,AUTO HONDA PILOT 2013,1,34500.0,34500.0,Vendedor 7,AUTOS
948,2023-08-10,Cliente 27,LA MOLINA,ACEITE DE MOTOR 5W30 FULL SINTÉTICO,1,120.9,120.9,Vendedor 3,REPUESTOS
949,2023-08-10,Cliente 45,SURCO,AMORTIGUADORES DELANTEROS,1,249.7,249.7,Vendedor 1,REPUESTOS
950,2023-08-10,Cliente 27,LA MOLINA,AMORTIGUADORES POSTERIORES,2,102.9,205.8,Vendedor 10,REPUESTOS
951,2023-08-10,Cliente 12,LA MOLINA,"LLANTAS 18""",4,98.2,392.8,Vendedor 10,REPUESTOS
952,2023-08-10,Cliente 50,SURCO,BATERÍA DE 18 PLACAS,1,80.2,80.2,Vendedor 6,REPUESTOS
953,2023-08-11,Cliente 44,SURCO,AUTO HONDA ACCORD 2014,1,24500.0,24500.0,Vendedor 3,AUTOS
954,2023-08-11,Cliente 8,SURCO,ACEITE DE MOTOR 5W30 FULL SINTÉTICO,2,120.9,241.8,Vendedor 7,REPUESTOS
955,2023-08-11,Cliente 5,SURCO,AMORTIGUADORES DELANTEROS,2,249.7,499.4,Vendedor 5,REPUESTOS
956,2023-08-11,Cliente 46,LA MOLINA,AMORTIGUADORES POSTERIORES,3,102.9,308.7,Vendedor 9,REPUESTOS
957,2023-08-11,Cliente 34,SURCO,BATERÍA DE 18 PLACAS,1,80.2,80.2,Vendedor 9,REPUESTOS
958,2023-08-12,Cliente 28,SURCO,ACEITE DE MOTOR 5W30 FULL SINTÉTICO,3,120.9,362.7,Vendedor 4,REPUESTOS
959,2023-08-12,Cliente 43,LA MOLINA,AMORTIGUADORES DELANTEROS,2,249.7,499.4,Vendedor 7,REPUESTOS
960,2023-08-12,Cliente 42,SURCO,BATERÍA DE 18 PLACAS,1,80.2,80.2,Vendedor 3,REPUESTOS
961,2023-08-13,Cliente 32,SURCO,ACEITE DE MOTOR 5W30 FULL SINTÉTICO,1,120.9,120.9,Vendedor 3,REPUESTOS
962,2023-08-13,Cliente 21,LA MOLINA,AMORTIGUADORES DELANTEROS,1,249.7,249.7,Vendedor 4,REPUESTOS
963,2023-08-14,Cliente 36,SURCO,AMORTIGUADORES DELANTEROS,3,249.7,749.1,Vendedor 7,REPUESTOS
964,2023-08-15,Cliente 6,LA MOLINA,AMORTIGUADORES DELANTEROS,2,249.7,499.4,Vendedor 8,REPUESTOS
965,2023-08-17,Cliente 36,SURCO,ACEITE DE MOTOR 5W30 FULL SINTÉTICO,4,120.9,483.6,Vendedor 9,REPUESTOS
966,2023-08-17,Cliente 6,SURCO,FILTRO DE COMBUSTIBLE,1,121.0,121.0,Vendedor 10,REPUESTOS
967,2023-08-17,Cliente 33,LA MOLINA,AMORTIGUADORES DELANTEROS,3,249.7,749.1,Vendedor 9,REPUESTOS
968,2023-08-17,Cliente 22,LA MOLINA,AMORTIGUADORES POSTERIORES,2,102.9,205.8,Vendedor 6,REPUESTOS
969,2023-08-17,Cliente 30,SURCO,"LLANTAS 18""",1,98.2,98.2,Vendedor 6,REPUESTOS
970,2023-08-17,Cliente 46,LA MOLINA,BATERÍA DE 18 PLACAS,2,80.2,160.4,Vendedor 8,REPUESTOS
971,2023-08-18,Cliente 49,SURCO,ACEITE DE MOTOR 5W30 FULL SINTÉTICO,1,120.9,120.9,Vendedor 4,REPUESTOS
972,2023-08-18,Cliente 22,LA MOLINA,FILTRO DE COMBUSTIBLE,1,121.0,121.0,Vendedor 6,REPUESTOS
973,2023-08-18,Cliente 36,LA MOLINA,AMORTIGUADORES DELANTEROS,3,249.7,749.1,Vendedor 9,REPUESTOS
974,2023-08-18,Cliente 3,SURCO,AMORTIGUADORES POSTERIORES,3,102.9,308.7,Vendedor 3,REPUESTOS
975,2023-08-18,Cliente 46,SURCO,"LLANTAS 18""",4,98.2,392.8,Vendedor 7,REPUESTOS
976,2023-08-18,Cliente 40,LA MOLINA,BATERÍA DE 18 PLACAS,1,80.2,80.2,Vendedor 4,REPUESTOS
977,2023-08-19,Cliente 26,SURCO,ACEITE DE MOTOR 5W30 FULL SINTÉTICO,2,120.9,241.8,Vendedor 4,REPUESTOS
978,2023-08-19,Cliente 46,SURCO,AMORTIGUADORES DELANTEROS,2,249.7,499.4,Vendedor 6,REPUESTOS
979,2023-08-19,Cliente 3,LA MOLINA,AMORTIGUADORES POSTERIORES,1,102.9,102.9,Vendedor 10,REPUESTOS
980,2023-08-19,Cliente 30,LA MOLINA,"LLANTAS 18""",1,98.2,98.2,Vendedor 10,REPUESTOS
981,2023-08-19,Cliente 1,LA MOLINA,BATERÍA DE 18 PLACAS,1,80.2,80.2,Vendedor 9,REPUESTOS
982,2023-08-20,Cliente 38,LA MOLINA,ACEITE DE MOTOR 5W30 FULL SINTÉTICO,1,120.9,120.9,Vendedor 8,REPUESTOS
983,2023-08-20,Cliente 45,SURCO,AMORTIGUADORES DELANTEROS,3,249.7,749.1,Vendedor 10,REPUESTOS
984,2023-08-20,Cliente 7,SURCO,AMORTIGUADORES POSTERIORES,2,102.9,205.8,Vendedor 7,REPUESTOS
985,2023-08-20,Cliente 33,LA MOLINA,"LLANTAS 18""",6,98.2,589.2,Vendedor 7,REPUESTOS
986,2023-08-20,Cliente 18,SURCO,BATERÍA DE 18 PLACAS,2,80.2,160.4,Vendedor 7,REPUESTOS
987,2023-08-21,Cliente 29,LA MOLINA,ACEITE DE MOTOR 5W30 FULL SINTÉTICO,3,120.9,362.7,Vendedor 3,REPUESTOS
988,2023-08-21,Cliente 39,LA MOLINA,AMORTIGUADORES DELANTEROS,1,249.7,249.7,Vendedor 9,REPUESTOS
989,2023-08-21,Cliente 46,LA MOLINA,AMORTIGUADORES POSTERIORES,3,102.9,308.7,Vendedor 9,REPUESTOS
990,2023-08-21,Cliente 13,SURCO,"LLANTAS 18""",5,98.2,491.0,Vendedor 4,REPUESTOS
991,2023-08-21,Cliente 44,LA MOLINA,BATERÍA DE 18 PLACAS,1,80.2,80.2,Vendedor 3,REPUESTOS
992,2023-08-22,Cliente 33,SURCO,ACEITE DE MOTOR 5W30 FULL SINTÉTICO,3,120.9,362.7,Vendedor 9,REPUESTOS
993,2023-08-22,Cliente 49,SURCO,AMORTIGUADORES DELANTEROS,3,249.7,749.1,Vendedor 6,REPUESTOS
994,2023-08-22,Cliente 44,LA MOLINA,AMORTIGUADORES POSTERIORES,4,102.9,411.6,Vendedor 9,REPUESTOS
995,2023-08-22,Cliente 1,LA MOLINA,"LLANTAS 18""",3,98.2,294.6,Vendedor 9,REPUESTOS
996,2023-08-22,Cliente 25,SURCO,BATERÍA DE 18 PLACAS,1,80.2,80.2,Vendedor 3,REPUESTOS
997,2023-08-23,Cliente 13,LA MOLINA,ACEITE DE MOTOR 5W30 FULL SINTÉTICO,1,120.9,120.9,Vendedor 5,REPUESTOS
998,2023-08-23,Cliente 44,LA MOLINA,AMORTIGUADORES DELANTEROS,1,249.7,249.7,Vendedor 5,REPUESTOS
999,2023-08-23,Cliente 45,SURCO,AMORTIGUADORES POSTERIORES,3,102.9,308.7,Vendedor 5,REPUESTOS
1000,2023-08-23,Cliente 23,SURCO,BATERÍA DE 18 PLACAS,2,80.2,160.4,Vendedor 8,REPUESTOS
1001,2023-08-24,Cliente 48,LA MOLINA,ACEITE DE MOTOR 5W30 FULL SINTÉTICO,1,120.9,120.9,Vendedor 9,REPUESTOS
1002,2023-08-24,Cliente 33,SURCO,AMORTIGUADORES DELANTEROS,2,249.7,499.4,Vendedor 5,REPUESTOS
1003,2023-08-24,Cliente 25,SURCO,AMORTIGUADORES POSTERIORES,1,102.9,102.9,Vendedor 7,REPUESTOS
1004,2023-08-25,Cliente 48,LA MOLINA,ACEITE DE MOTOR 5W30 FULL SINTÉTICO,1,120.9,120.9,Vendedor 5,REPUESTOS
1005,2023-08-25,Cliente 15,SURCO,AMORTIGUADORES POSTERIORES,1,102.9,102.9,Vendedor 6,REPUESTOS
1006,2023-08-26,Cliente 19,LA MOLINA,ACEITE DE MOTOR 5W30 FULL SINTÉTICO,3,120.9,362.7,Vendedor 8,REPUESTOS
1007,2023-09-01,Cliente 15,LA MOLINA,AUTO HONDA ACCORD 2014,1,28000.0,28000.0,Vendedor 4,AUTOS
1008,2023-09-01,Cliente 22,LA MOLINA,AUTO HONDA CIVIC 2014,1,26500.0,26500.0,Vendedor 6,AUTOS
1009,2023-09-01,Cliente 14,LA MOLINA,AUTO HONDA ODISSEY 2013,1,22500.0,22500.0,Vendedor 10,AUTOS
1010,2023-09-01,Cliente 36,LA MOLINA,AUTO HONDA CRV 2014,1,25500.0,25500.0,Vendedor 1,AUTOS
1011,2023-09-01,Cliente 43,SURCO,AUTO HONDA FIT 2016,1,33500.0,33500.0,Vendedor 6,AUTOS
1012,2023-09-02,Cliente 44,SURCO,AUTO HONDA ACCORD 2014,1,28000.0,28000.0,Vendedor 6,AUTOS
1013,2023-09-02,Cliente 8,LA MOLINA,AUTO HONDA CIVIC 2014,1,26500.0,26500.0,Vendedor 7,AUTOS
1014,2023-09-02,Cliente 35,LA MOLINA,AUTO HONDA ODISSEY 2013,1,22500.0,22500.0,Vendedor 5,AUTOS
1015,2023-09-02,Cliente 34,SURCO,AUTO HONDA CRV 2014,1,25500.0,25500.0,Vendedor 6,AUTOS
1016,2023-09-02,Cliente 32,SURCO,AUTO HONDA FIT 2016,1,33500.0,33500.0,Vendedor 1,AUTOS
1017,2023-09-03,Cliente 11,SURCO,AUTO HONDA ACCORD 2014,1,28000.0,28000.0,Vendedor 9,AUTOS
1018,2023-09-03,Cliente 41,SURCO,AUTO HONDA CIVIC 2014,1,26500.0,26500.0,Vendedor 2,AUTOS
1019,2023-09-03,Cliente 43,SURCO,AUTO HONDA ODISSEY 2013,1,22500.0,22500.0,Vendedor 4,AUTOS
1020,2023-09-03,Cliente 7,LA MOLINA,AUTO HONDA CRV 2014,1,25500.0,25500.0,Vendedor 4,AUTOS
1021,2023-09-03,Cliente 42,SURCO,AUTO HONDA FIT 2016,1,33500.0,33500.0,Vendedor 2,AUTOS
1022,2023-09-03,Cliente 2,SURCO,ACEITE DE MOTOR 5W30 FULL SINTÉTICO,3,135.5,406.5,Vendedor 8,REPUESTOS
1023,2023-09-03,Cliente 3,LA MOLINA,FILTRO DE COMBUSTIBLE,1,140.8,140.8,Vendedor 2,REPUESTOS
1024,2023-09-03,Cliente 12,SURCO,AMORTIGUADORES DELANTEROS,1,218.4,218.4,Vendedor 5,REPUESTOS
1025,2023-09-03,Cliente 17,SURCO,AMORTIGUADORES POSTERIORES,1,115.8,115.8,Vendedor 7,REPUESTOS
1026,2023-09-03,Cliente 41,LA MOLINA,"LLANTAS 18""",2,59.8,119.6,Vendedor 7,REPUESTOS
1027,2023-09-03,Cliente 21,LA MOLINA,BATERÍA DE 18 PLACAS,1,88.4,88.4,Vendedor 1,REPUESTOS
1028,2023-09-04,Cliente 44,LA MOLINA,AUTO HONDA CIVIC 2014,1,26500.0,26500.0,Vendedor 2,AUTOS
1029,2023-09-04,Cliente 42,SURCO,AUTO HONDA ODISSEY 2013,1,22500.0,22500.0,Vendedor 10,AUTOS
1030,2023-09-04,Cliente 49,SURCO,AUTO HONDA CRV 2014,1,25500.0,25500.0,Vendedor 10,AUTOS
1031,2023-09-04,Cliente 23,SURCO,ACEITE DE MOTOR 5W30 FULL SINTÉTICO,1,135.5,135.5,Vendedor 9,REPUESTOS
1032,2023-09-04,Cliente 19,SURCO,FILTRO DE COMBUSTIBLE,1,140.8,140.8,Vendedor 5,REPUESTOS
1033,2023-09-04,Cliente 49,LA MOLINA,AMORTIGUADORES DELANTEROS,1,218.4,218.4,Vendedor 8,REPUESTOS
1034,2023-09-04,Cliente 43,LA MOLINA,AMORTIGUADORES POSTERIORES,4,115.8,463.2,Vendedor 1,REPUESTOS
1035,2023-09-04,Cliente 35,SURCO,"LLANTAS 18""",2,59.8,119.6,Vendedor 4,REPUESTOS
1036,2023-09-04,Cliente 48,SURCO,BATERÍA DE 18 PLACAS,1,88.4,88.4,Vendedor 7,REPUESTOS
1037,2023-09-05,Cliente 41,LA MOLINA,AUTO HONDA ODISSEY 2013,1,22500.0,22500.0,Vendedor 3,AUTOS
1038,2023-09-05,Cliente 1,LA MOLINA,ACEITE DE MOTOR 5W30 FULL SINTÉTICO,2,135.5,271.0,Vendedor 9,REPUESTOS
1039,2023-09-05,Cliente 3,SURCO,AMORTIGUADORES DELANTEROS,2,218.4,436.8,Vendedor 1,REPUESTOS
1040,2023-09-05,Cliente 20,SURCO,AMORTIGUADORES POSTERIORES,4,115.8,463.2,Vendedor 4,REPUESTOS
1041,2023-09-05,Cliente 27,SURCO,"LLANTAS 18""",2,59.8,119.6,Vendedor 9,REPUESTOS
1042,2023-09-05,Cliente 11,SURCO,BATERÍA DE 18 PLACAS,1,88.4,88.4,Vendedor 3,REPUESTOS
1043,2023-09-06,Cliente 40,SURCO,AUTO HONDA ODISSEY 2013,1,22500.0,22500.0,Vendedor 5,AUTOS
1044,2023-09-06,Cliente 12,SURCO,ACEITE DE MOTOR 5W30 FULL SINTÉTICO,1,135.5,135.5,Vendedor 10,REPUESTOS
1045,2023-09-06,Cliente 42,LA MOLINA,AMORTIGUADORES DELANTEROS,1,218.4,218.4,Vendedor 9,REPUESTOS
1046,2023-09-06,Cliente 43,LA MOLINA,AMORTIGUADORES POSTERIORES,1,115.8,115.8,Vendedor 2,REPUESTOS
1047,2023-09-06,Cliente 13,SURCO,"LLANTAS 18""",2,59.8,119.6,Vendedor 10,REPUESTOS
1048,2023-09-06,Cliente 22,LA MOLINA,BATERÍA DE 18 PLACAS,1,88.4,88.4,Vendedor 6,REPUESTOS
1049,2023-09-07,Cliente 43,SURCO,AUTO HONDA ODISSEY 2013,1,22500.0,22500.0,Vendedor 4,AUTOS
1050,2023-09-07,Cliente 40,LA MOLINA,ACEITE DE MOTOR 5W30 FULL SINTÉTICO,1,135.5,135.5,Vendedor 2,REPUESTOS
1051,2023-09-07,Cliente 32,LA MOLINA,AMORTIGUADORES DELANTEROS,2,218.4,436.8,Vendedor 8,REPUESTOS
1052,2023-09-07,Cliente 45,LA MOLINA,AMORTIGUADORES POSTERIORES,3,115.8,347.4,Vendedor 10,REPUESTOS
1053,2023-09-07,Cliente 21,LA MOLINA,"LLANTAS 18""",1,59.8,59.8,Vendedor 7,REPUESTOS
1054,2023-09-07,Cliente 1,SURCO,BATERÍA DE 18 PLACAS,1,88.4,88.4,Vendedor 6,REPUESTOS
1055,2023-09-08,Cliente 15,LA MOLINA,AUTO HONDA ODISSEY 2013,1,22500.0,22500.0,Vendedor 7,AUTOS
1056,2023-09-08,Cliente 9,LA MOLINA,ACEITE DE MOTOR 5W30 FULL SINTÉTICO,2,135.5,271.0,Vendedor 6,REPUESTOS
1057,2023-09-08,Cliente 29,LA MOLINA,AMORTIGUADORES DELANTEROS,4,218.4,873.6,Vendedor 6,REPUESTOS
1058,2023-09-08,Cliente 36,LA MOLINA,AMORTIGUADORES POSTERIORES,2,115.8,231.6,Vendedor 2,REPUESTOS
1059,2023-09-08,Cliente 18,SURCO,"LLANTAS 18""",1,59.8,59.8,Vendedor 3,REPUESTOS
1060,2023-09-08,Cliente 17,SURCO,BATERÍA DE 18 PLACAS,1,88.4,88.4,Vendedor 2,REPUESTOS
1061,2023-09-09,Cliente 2,SURCO,AUTO HONDA ODISSEY 2013,1,22500.0,22500.0,Vendedor 9,AUTOS
1062,2023-09-09,Cliente 38,SURCO,AUTO HONDA PILOT 2013,1,24000.0,24000.0,Vendedor 10,AUTOS
1063,2023-09-09,Cliente 50,SURCO,AUTO HONDA CITY 2016,1,19500.0,19500.0,Vendedor 10,AUTOS
1064,2023-09-09,Cliente 36,SURCO,ACEITE DE MOTOR 5W30 FULL SINTÉTICO,1,135.5,135.5,Vendedor 5,REPUESTOS
1065,2023-09-09,Cliente 42,LA MOLINA,AMORTIGUADORES DELANTEROS,2,218.4,436.8,Vendedor 3,REPUESTOS
1066,2023-09-09,Cliente 15,SURCO,AMORTIGUADORES POSTERIORES,3,115.8,347.4,Vendedor 10,REPUESTOS
1067,2023-09-09,Cliente 30,SURCO,"LLANTAS 18""",2,59.8,119.6,Vendedor 9,REPUESTOS
1068,2023-09-09,Cliente 26,SURCO,BATERÍA DE 18 PLACAS,1,88.4,88.4,Vendedor 6,REPUESTOS
1069,2023-09-10,Cliente 43,SURCO,AUTO HONDA PILOT 2013,1,24000.0,24000.0,Vendedor 4,AUTOS
1070,2023-09-10,Cliente 49,SURCO,AUTO HONDA CITY 2016,1,19500.0,19500.0,Vendedor 9,AUTOS
1071,2023-09-10,Cliente 11,LA MOLINA,ACEITE DE MOTOR 5W30 FULL SINTÉTICO,1,135.5,135.5,Vendedor 3,REPUESTOS
1072,2023-09-10,Cliente 48,SURCO,AMORTIGUADORES DELANTEROS,5,218.4,1092.0,Vendedor 8,REPUESTOS
1073,2023-09-10,Cliente 15,SURCO,AMORTIGUADORES POSTERIORES,2,115.8,231.6,Vendedor 8,REPUESTOS
1074,2023-09-10,Cliente 17,SURCO,"LLANTAS 18""",1,59.8,59.8,Vendedor 6,REPUESTOS
1075,2023-09-10,Cliente 3,LA MOLINA,BATERÍA DE 18 PLACAS,1,88.4,88.4,Vendedor 4,REPUESTOS
1076,2023-09-11,Cliente 25,SURCO,AUTO HONDA PILOT 2013,1,24000.0,24000.0,Vendedor 8,AUTOS
1077,2023-09-11,Cliente 3,SURCO,AUTO HONDA CITY 2016,1,19500.0,19500.0,Vendedor 1,AUTOS
1078,2023-09-11,Cliente 7,LA MOLINA,ACEITE DE MOTOR 5W30 FULL SINTÉTICO,3,135.5,406.5,Vendedor 9,REPUESTOS
1079,2023-09-11,Cliente 38,SURCO,AMORTIGUADORES DELANTEROS,2,218.4,436.8,Vendedor 9,REPUESTOS
1080,2023-09-11,Cliente 24,LA MOLINA,"LLANTAS 18""",2,59.8,119.6,Vendedor 10,REPUESTOS
1081,2023-09-11,Cliente 34,LA MOLINA,BATERÍA DE 18 PLACAS,1,88.4,88.4,Vendedor 5,REPUESTOS
1082,2023-09-12,Cliente 15,SURCO,AUTO HONDA PILOT 2013,1,24000.0,24000.0,Vendedor 9,AUTOS
1083,2023-09-12,Cliente 23,SURCO,AUTO HONDA CITY 2016,1,19500.0,19500.0,Vendedor 6,AUTOS
1084,2023-09-12,Cliente 39,LA MOLINA,ACEITE DE MOTOR 5W30 FULL SINTÉTICO,1,135.5,135.5,Vendedor 1,REPUESTOS
1085,2023-09-12,Cliente 15,LA MOLINA,"LLANTAS 18""",2,59.8,119.6,Vendedor 2,REPUESTOS
1086,2023-09-12,Cliente 14,LA MOLINA,BATERÍA DE 18 PLACAS,1,88.4,88.4,Vendedor 3,REPUESTOS
1087,2023-09-13,Cliente 11,SURCO,AUTO HONDA PILOT 2013,1,24000.0,24000.0,Vendedor 6,AUTOS
1088,2023-09-13,Cliente 43,SURCO,ACEITE DE MOTOR 5W30 FULL SINTÉTICO,3,135.5,406.5,Vendedor 4,REPUESTOS
1089,2023-09-13,Cliente 44,LA MOLINA,"LLANTAS 18""",1,59.8,59.8,Vendedor 8,REPUESTOS
1090,2023-09-14,Cliente 38,SURCO,ACEITE DE MOTOR 5W30 FULL SINTÉTICO,1,135.5,135.5,Vendedor 3,REPUESTOS
1091,2023-09-14,Cliente 3,LA MOLINA,"LLANTAS 18""",1,59.8,59.8,Vendedor 3,REPUESTOS
1092,2023-09-15,Cliente 4,LA MOLINA,"LLANTAS 18""",1,59.8,59.8,Vendedor 3,REPUESTOS
1093,2023-09-17,Cliente 29,SURCO,ACEITE DE MOTOR 5W30 FULL SINTÉTICO,1,135.5,135.5,Vendedor 10,REPUESTOS
1094,2023-09-17,Cliente 31,LA MOLINA,FILTRO DE COMBUSTIBLE,1,140.8,140.8,Vendedor 3,REPUESTOS
1095,2023-09-17,Cliente 39,LA MOLINA,AMORTIGUADORES DELANTEROS,2,218.4,436.8,Vendedor 3,REPUESTOS
1096,2023-09-17,Cliente 40,SURCO,AMORTIGUADORES POSTERIORES,5,115.8,579.0,Vendedor 9,REPUESTOS
1097,2023-09-17,Cliente 47,SURCO,"LLANTAS 18""",2,59.8,119.6,Vendedor 6,REPUESTOS
1098,2023-09-17,Cliente 15,SURCO,BATERÍA DE 18 PLACAS,2,88.4,176.8,Vendedor 7,REPUESTOS
1099,2023-09-18,Cliente 7,SURCO,ACEITE DE MOTOR 5W30 FULL SINTÉTICO,4,135.5,542.0,Vendedor 1,REPUESTOS
1100,2023-09-18,Cliente 34,SURCO,FILTRO DE COMBUSTIBLE,1,140.8,140.8,Vendedor 9,REPUESTOS
1101,2023-09-18,Cliente 10,LA MOLINA,AMORTIGUADORES DELANTEROS,6,218.4,1310.4,Vendedor 10,REPUESTOS
1102,2023-09-18,Cliente 31,SURCO,AMORTIGUADORES POSTERIORES,1,115.8,115.8,Vendedor 10,REPUESTOS
1103,2023-09-18,Cliente 35,SURCO,"LLANTAS 18""",3,59.8,179.4,Vendedor 9,REPUESTOS
1104,2023-09-18,Cliente 31,SURCO,BATERÍA DE 18 PLACAS,1,88.4,88.4,Vendedor 3,REPUESTOS
1105,2023-09-19,Cliente 50,SURCO,ACEITE DE MOTOR 5W30 FULL SINTÉTICO,5,135.5,677.5,Vendedor 7,REPUESTOS
1106,2023-09-19,Cliente 3,LA MOLINA,AMORTIGUADORES DELANTEROS,2,218.4,436.8,Vendedor 9,REPUESTOS
1107,2023-09-19,Cliente 31,SURCO,AMORTIGUADORES POSTERIORES,4,115.8,463.2,Vendedor 7,REPUESTOS
1108,2023-09-19,Cliente 28,SURCO,"LLANTAS 18""",2,59.8,119.6,Vendedor 3,REPUESTOS
1109,2023-09-19,Cliente 50,LA MOLINA,BATERÍA DE 18 PLACAS,2,88.4,176.8,Vendedor 4,REPUESTOS
1110,2023-09-20,Cliente 39,LA MOLINA,ACEITE DE MOTOR 5W30 FULL SINTÉTICO,1,135.5,135.5,Vendedor 9,REPUESTOS
1111,2023-09-20,Cliente 13,SURCO,AMORTIGUADORES DELANTEROS,7,218.4,1528.8,Vendedor 1,REPUESTOS
1112,2023-09-20,Cliente 37,LA MOLINA,AMORTIGUADORES POSTERIORES,6,115.8,694.8,Vendedor 9,REPUESTOS
1113,2023-09-20,Cliente 25,SURCO,"LLANTAS 18""",1,59.8,59.8,Vendedor 4,REPUESTOS
1114,2023-09-20,Cliente 24,LA MOLINA,BATERÍA DE 18 PLACAS,2,88.4,176.8,Vendedor 2,REPUESTOS
1115,2023-09-21,Cliente 42,LA MOLINA,ACEITE DE MOTOR 5W30 FULL SINTÉTICO,2,135.5,271.0,Vendedor 10,REPUESTOS
1116,2023-09-21,Cliente 35,SURCO,AMORTIGUADORES DELANTEROS,3,218.4,655.2,Vendedor 7,REPUESTOS
1117,2023-09-21,Cliente 44,LA MOLINA,AMORTIGUADORES POSTERIORES,4,115.8,463.2,Vendedor 7,REPUESTOS
1118,2023-09-21,Cliente 36,LA MOLINA,"LLANTAS 18""",1,59.8,59.8,Vendedor 9,REPUESTOS
1119,2023-09-21,Cliente 24,SURCO,BATERÍA DE 18 PLACAS,2,88.4,176.8,Vendedor 9,REPUESTOS
1120,2023-09-22,Cliente 17,LA MOLINA,ACEITE DE MOTOR 5W30 FULL SINTÉTICO,5,135.5,677.5,Vendedor 5,REPUESTOS
1121,2023-09-22,Cliente 43,SURCO,"LLANTAS 18""",2,59.8,119.6,Vendedor 2,REPUESTOS
1122,2023-09-22,Cliente 45,LA MOLINA,BATERÍA DE 18 PLACAS,1,88.4,88.4,Vendedor 3,REPUESTOS
1123,2023-09-23,Cliente 33,LA MOLINA,ACEITE DE MOTOR 5W30 FULL SINTÉTICO,1,135.5,135.5,Vendedor 7,REPUESTOS
1124,2023-09-23,Cliente 11,LA MOLINA,"LLANTAS 18""",3,59.8,179.4,Vendedor 7,REPUESTOS
1125,2023-09-24,Cliente 31,LA MOLINA,ACEITE DE MOTOR 5W30 FULL SINTÉTICO,1,135.5,135.5,Vendedor 10,REPUESTOS
1126,2023-09-24,Cliente 15,LA MOLINA,"LLANTAS 18""",1,59.8,59.8,Vendedor 6,REPUESTOS
1127,2023-09-25,Cliente 40,LA MOLINA,"LLANTAS 18""",4,59.8,239.2,Vendedor 9,REPUESTOS
1128,2023-10-01,Cliente 23,LA MOLINA,AUTO HONDA ACCORD 2014,1,26500.0,26500.0,Vendedor 5,AUTOS
1129,2023-10-01,Cliente 39,SURCO,AUTO HONDA CIVIC 2014,1,31500.0,31500.0,Vendedor 4,AUTOS
1130,2023-10-01,Cliente 26,LA MOLINA,AUTO HONDA ODISSEY 2013,1,23500.0,23500.0,Vendedor 10,AUTOS
1131,2023-10-01,Cliente 17,SURCO,AUTO HONDA CRV 2014,1,21000.0,21000.0,Vendedor 3,AUTOS
1132,2023-10-01,Cliente 33,SURCO,AUTO HONDA FIT 2016,1,26000.0,26000.0,Vendedor 2,AUTOS
1133,2023-10-01,Cliente 33,SURCO,AUTO HONDA CITY 2016,1,25000.0,25000.0,Vendedor 5,AUTOS
1134,2023-10-02,Cliente 25,LA MOLINA,AUTO HONDA ACCORD 2014,1,26500.0,26500.0,Vendedor 10,AUTOS
1135,2023-10-02,Cliente 50,LA MOLINA,AUTO HONDA CIVIC 2014,1,31500.0,31500.0,Vendedor 4,AUTOS
1136,2023-10-02,Cliente 50,LA MOLINA,AUTO HONDA CRV 2014,1,21000.0,21000.0,Vendedor 8,AUTOS
1137,2023-10-02,Cliente 38,SURCO,AUTO HONDA FIT 2016,1,26000.0,26000.0,Vendedor 1,AUTOS
1138,2023-10-03,Cliente 41,LA MOLINA,AUTO HONDA ACCORD 2014,1,26500.0,26500.0,Vendedor 4,AUTOS
1139,2023-10-03,Cliente 21,SURCO,AUTO HONDA CRV 2014,1,21000.0,21000.0,Vendedor 7,AUTOS
1140,2023-10-03,Cliente 45,SURCO,ACEITE DE MOTOR 5W30 FULL SINTÉTICO,2,107.2,214.4,Vendedor 5,REPUESTOS
1141,2023-10-03,Cliente 19,SURCO,FILTRO DE COMBUSTIBLE,1,142.4,142.4,Vendedor 2,REPUESTOS
1142,2023-10-03,Cliente 5,LA MOLINA,AMORTIGUADORES DELANTEROS,4,280.5,1122.0,Vendedor 9,REPUESTOS
1143,2023-10-03,Cliente 21,LA MOLINA,AMORTIGUADORES POSTERIORES,1,120.5,120.5,Vendedor 6,REPUESTOS
1144,2023-10-03,Cliente 12,LA MOLINA,"LLANTAS 18""",1,63.2,63.2,Vendedor 4,REPUESTOS
1145,2023-10-03,Cliente 48,LA MOLINA,BATERÍA DE 18 PLACAS,1,100.3,100.3,Vendedor 4,REPUESTOS
1146,2023-10-04,Cliente 48,SURCO,AUTO HONDA ACCORD 2014,1,26500.0,26500.0,Vendedor 4,AUTOS
1147,2023-10-04,Cliente 14,LA MOLINA,AUTO HONDA CRV 2014,1,21000.0,21000.0,Vendedor 4,AUTOS
1148,2023-10-04,Cliente 40,SURCO,ACEITE DE MOTOR 5W30 FULL SINTÉTICO,1,107.2,107.2,Vendedor 6,REPUESTOS
1149,2023-10-04,Cliente 50,LA MOLINA,FILTRO DE COMBUSTIBLE,1,142.4,142.4,Vendedor 2,REPUESTOS
1150,2023-10-04,Cliente 44,SURCO,AMORTIGUADORES DELANTEROS,1,280.5,280.5,Vendedor 8,REPUESTOS
1151,2023-10-04,Cliente 49,SURCO,AMORTIGUADORES POSTERIORES,3,120.5,361.5,Vendedor 9,REPUESTOS
1152,2023-10-04,Cliente 24,LA MOLINA,"LLANTAS 18""",1,63.2,63.2,Vendedor 10,REPUESTOS
1153,2023-10-04,Cliente 32,LA MOLINA,BATERÍA DE 18 PLACAS,1,100.3,100.3,Vendedor 10,REPUESTOS
1154,2023-10-05,Cliente 32,LA MOLINA,AUTO HONDA ACCORD 2014,1,26500.0,26500.0,Vendedor 3,AUTOS
1155,2023-10-05,Cliente 26,LA MOLINA,ACEITE DE MOTOR 5W30 FULL SINTÉTICO,3,107.2,321.6,Vendedor 4,REPUESTOS
1156,2023-10-05,Cliente 34,SURCO,AMORTIGUADORES DELANTEROS,2,280.5,561.0,Vendedor 7,REPUESTOS
1157,2023-10-05,Cliente 33,SURCO,AMORTIGUADORES POSTERIORES,2,120.5,241.0,Vendedor 6,REPUESTOS
1158,2023-10-05,Cliente 30,SURCO,"LLANTAS 18""",2,63.2,126.4,Vendedor 2,REPUESTOS
1159,2023-10-05,Cliente 21,LA MOLINA,BATERÍA DE 18 PLACAS,1,100.3,100.3,Vendedor 1,REPUESTOS
1160,2023-10-06,Cliente 25,SURCO,ACEITE DE MOTOR 5W30 FULL SINTÉTICO,1,107.2,107.2,Vendedor 10,REPUESTOS
1161,2023-10-06,Cliente 24,LA MOLINA,AMORTIGUADORES DELANTEROS,1,280.5,280.5,Vendedor 10,REPUESTOS
1162,2023-10-06,Cliente 36,SURCO,AMORTIGUADORES POSTERIORES,2,120.5,241.0,Vendedor 5,REPUESTOS
1163,2023-10-06,Cliente 31,LA MOLINA,"LLANTAS 18""",1,63.2,63.2,Vendedor 10,REPUESTOS
1164,2023-10-06,Cliente 12,LA MOLINA,BATERÍA DE 18 PLACAS,2,100.3,200.6,Vendedor 8,REPUESTOS
1165,2023-10-07,Cliente 27,SURCO,ACEITE DE MOTOR 5W30 FULL SINTÉTICO,2,107.2,214.4,Vendedor 6,REPUESTOS
1166,2023-10-07,Cliente 18,LA MOLINA,AMORTIGUADORES DELANTEROS,3,280.5,841.5,Vendedor 8,REPUESTOS
1167,2023-10-07,Cliente 37,SURCO,AMORTIGUADORES POSTERIORES,1,120.5,120.5,Vendedor 4,REPUESTOS
1168,2023-10-07,Cliente 16,LA MOLINA,"LLANTAS 18""",1,63.2,63.2,Vendedor 9,REPUESTOS
1169,2023-10-07,Cliente 13,SURCO,BATERÍA DE 18 PLACAS,2,100.3,200.6,Vendedor 3,REPUESTOS
1170,2023-10-08,Cliente 31,SURCO,ACEITE DE MOTOR 5W30 FULL SINTÉTICO,3,107.2,321.6,Vendedor 1,REPUESTOS
1171,2023-10-08,Cliente 32,LA MOLINA,AMORTIGUADORES DELANTEROS,2,280.5,561.0,Vendedor 3,REPUESTOS
1172,2023-10-08,Cliente 32,LA MOLINA,AMORTIGUADORES POSTERIORES,3,120.5,361.5,Vendedor 5,REPUESTOS
1173,2023-10-08,Cliente 26,SURCO,"LLANTAS 18""",2,63.2,126.4,Vendedor 2,REPUESTOS
1174,2023-10-08,Cliente 14,SURCO,BATERÍA DE 18 PLACAS,1,100.3,100.3,Vendedor 5,REPUESTOS
1175,2023-10-09,Cliente 29,SURCO,ACEITE DE MOTOR 5W30 FULL SINTÉTICO,1,107.2,107.2,Vendedor 6,REPUESTOS
1176,2023-10-09,Cliente 24,SURCO,AMORTIGUADORES DELANTEROS,3,280.5,841.5,Vendedor 9,REPUESTOS
1177,2023-10-09,Cliente 23,LA MOLINA,AMORTIGUADORES POSTERIORES,3,120.5,361.5,Vendedor 1,REPUESTOS
1178,2023-10-09,Cliente 23,SURCO,"LLANTAS 18""",2,63.2,126.4,Vendedor 10,REPUESTOS
1179,2023-10-09,Cliente 50,SURCO,BATERÍA DE 18 PLACAS,1,100.3,100.3,Vendedor 5,REPUESTOS
1180,2023-10-10,Cliente 21,LA MOLINA,AUTO HONDA ODISSEY 2013,1,23500.0,23500.0,Vendedor 9,AUTOS
1181,2023-10-10,Cliente 50,SURCO,AUTO HONDA PILOT 2013,1,24000.0,24000.0,Vendedor 8,AUTOS
1182,2023-10-10,Cliente 25,SURCO,AUTO HONDA FIT 2016,1,26000.0,26000.0,Vendedor 10,AUTOS
1183,2023-10-10,Cliente 30,SURCO,AUTO HONDA CITY 2016,1,25000.0,25000.0,Vendedor 3,AUTOS
1184,2023-10-10,Cliente 27,LA MOLINA,ACEITE DE MOTOR 5W30 FULL SINTÉTICO,1,107.2,107.2,Vendedor 10,REPUESTOS
1185,2023-10-10,Cliente 5,SURCO,AMORTIGUADORES DELANTEROS,4,280.5,1122.0,Vendedor 2,REPUESTOS
1186,2023-10-10,Cliente 15,LA MOLINA,AMORTIGUADORES POSTERIORES,1,120.5,120.5,Vendedor 6,REPUESTOS
1187,2023-10-10,Cliente 46,LA MOLINA,"LLANTAS 18""",2,63.2,126.4,Vendedor 5,REPUESTOS
1188,2023-10-10,Cliente 29,SURCO,BATERÍA DE 18 PLACAS,1,100.3,100.3,Vendedor 6,REPUESTOS
1189,2023-10-11,Cliente 27,LA MOLINA,AUTO HONDA ODISSEY 2013,1,23500.0,23500.0,Vendedor 3,AUTOS
1190,2023-10-11,Cliente 2,SURCO,AUTO HONDA PILOT 2013,1,24000.0,24000.0,Vendedor 3,AUTOS
1191,2023-10-11,Cliente 43,SURCO,AUTO HONDA FIT 2016,1,26000.0,26000.0,Vendedor 5,AUTOS
1192,2023-10-11,Cliente 14,SURCO,AUTO HONDA CITY 2016,1,25000.0,25000.0,Vendedor 3,AUTOS
1193,2023-10-11,Cliente 7,LA MOLINA,ACEITE DE MOTOR 5W30 FULL SINTÉTICO,2,107.2,214.4,Vendedor 2,REPUESTOS
1194,2023-10-11,Cliente 2,SURCO,AMORTIGUADORES POSTERIORES,2,120.5,241.0,Vendedor 7,REPUESTOS
1195,2023-10-11,Cliente 7,SURCO,"LLANTAS 18""",3,63.2,189.6,Vendedor 5,REPUESTOS
1196,2023-10-12,Cliente 42,SURCO,AUTO HONDA ODISSEY 2013,1,23500.0,23500.0,Vendedor 7,AUTOS
1197,2023-10-12,Cliente 15,SURCO,AUTO HONDA PILOT 2013,1,24000.0,24000.0,Vendedor 4,AUTOS
1198,2023-10-12,Cliente 29,SURCO,AUTO HONDA FIT 2016,1,26000.0,26000.0,Vendedor 3,AUTOS
1199,2023-10-12,Cliente 34,SURCO,AUTO HONDA CITY 2016,1,25000.0,25000.0,Vendedor 3,AUTOS
1200,2023-10-12,Cliente 43,LA MOLINA,ACEITE DE MOTOR 5W30 FULL SINTÉTICO,1,107.2,107.2,Vendedor 6,REPUESTOS
1201,2023-10-12,Cliente 35,LA MOLINA,AMORTIGUADORES POSTERIORES,2,120.5,241.0,Vendedor 5,REPUESTOS
1202,2023-10-12,Cliente 9,LA MOLINA,"LLANTAS 18""",3,63.2,189.6,Vendedor 9,REPUESTOS
1203,2023-10-13,Cliente 41,LA MOLINA,AUTO HONDA ODISSEY 2013,1,23500.0,23500.0,Vendedor 10,AUTOS
1204,2023-10-13,Cliente 34,SURCO,AUTO HONDA PILOT 2013,1,24000.0,24000.0,Vendedor 9,AUTOS
1205,2023-10-13,Cliente 23,SURCO,AUTO HONDA CITY 2016,1,25000.0,25000.0,Vendedor 8,AUTOS
1206,2023-10-13,Cliente 6,LA MOLINA,ACEITE DE MOTOR 5W30 FULL SINTÉTICO,3,107.2,321.6,Vendedor 8,REPUESTOS
1207,2023-10-13,Cliente 10,LA MOLINA,"LLANTAS 18""",1,63.2,63.2,Vendedor 5,REPUESTOS
1208,2023-10-14,Cliente 34,SURCO,AUTO HONDA PILOT 2013,1,24000.0,24000.0,Vendedor 3,AUTOS
1209,2023-10-14,Cliente 45,SURCO,"LLANTAS 18""",1,63.2,63.2,Vendedor 8,REPUESTOS
1210,2023-10-17,Cliente 16,LA MOLINA,ACEITE DE MOTOR 5W30 FULL SINTÉTICO,4,107.2,428.8,Vendedor 3,REPUESTOS
1211,2023-10-17,Cliente 25,LA MOLINA,FILTRO DE COMBUSTIBLE,1,142.4,142.4,Vendedor 4,REPUESTOS
1212,2023-10-17,Cliente 28,SURCO,AMORTIGUADORES DELANTEROS,3,280.5,841.5,Vendedor 4,REPUESTOS
1213,2023-10-17,Cliente 42,LA MOLINA,AMORTIGUADORES POSTERIORES,3,120.5,361.5,Vendedor 9,REPUESTOS
1214,2023-10-17,Cliente 13,LA MOLINA,"LLANTAS 18""",2,63.2,126.4,Vendedor 2,REPUESTOS
1215,2023-10-17,Cliente 19,SURCO,BATERÍA DE 18 PLACAS,1,100.3,100.3,Vendedor 2,REPUESTOS
1216,2023-10-18,Cliente 18,LA MOLINA,ACEITE DE MOTOR 5W30 FULL SINTÉTICO,4,107.2,428.8,Vendedor 10,REPUESTOS
1217,2023-10-18,Cliente 13,SURCO,FILTRO DE COMBUSTIBLE,1,142.4,142.4,Vendedor 6,REPUESTOS
1218,2023-10-18,Cliente 4,SURCO,AMORTIGUADORES DELANTEROS,1,280.5,280.5,Vendedor 9,REPUESTOS
1219,2023-10-18,Cliente 7,SURCO,AMORTIGUADORES POSTERIORES,1,120.5,120.5,Vendedor 5,REPUESTOS
1220,2023-10-18,Cliente 46,SURCO,"LLANTAS 18""",3,63.2,189.6,Vendedor 8,REPUESTOS
1221,2023-10-18,Cliente 15,SURCO,BATERÍA DE 18 PLACAS,3,100.3,300.9,Vendedor 2,REPUESTOS
1222,2023-10-19,Cliente 32,SURCO,ACEITE DE MOTOR 5W30 FULL SINTÉTICO,2,107.2,214.4,Vendedor 4,REPUESTOS
1223,2023-10-19,Cliente 20,LA MOLINA,AMORTIGUADORES DELANTEROS,6,280.5,1683.0,Vendedor 8,REPUESTOS
1224,2023-10-19,Cliente 45,LA MOLINA,AMORTIGUADORES POSTERIORES,3,120.5,361.5,Vendedor 1,REPUESTOS
1225,2023-10-19,Cliente 49,SURCO,"LLANTAS 18""",3,63.2,189.6,Vendedor 3,REPUESTOS
1226,2023-10-19,Cliente 50,LA MOLINA,BATERÍA DE 18 PLACAS,1,100.3,100.3,Vendedor 7,REPUESTOS
1227,2023-10-20,Cliente 12,LA MOLINA,ACEITE DE MOTOR 5W30 FULL SINTÉTICO,1,107.2,107.2,Vendedor 4,REPUESTOS
1228,2023-10-20,Cliente 1,LA MOLINA,AMORTIGUADORES DELANTEROS,4,280.5,1122.0,Vendedor 2,REPUESTOS
1229,2023-10-20,Cliente 50,LA MOLINA,AMORTIGUADORES POSTERIORES,2,120.5,241.0,Vendedor 8,REPUESTOS
1230,2023-10-20,Cliente 13,SURCO,"LLANTAS 18""",2,63.2,126.4,Vendedor 8,REPUESTOS
1231,2023-10-20,Cliente 34,SURCO,BATERÍA DE 18 PLACAS,1,100.3,100.3,Vendedor 4,REPUESTOS
1232,2023-10-21,Cliente 44,LA MOLINA,ACEITE DE MOTOR 5W30 FULL SINTÉTICO,1,107.2,107.2,Vendedor 5,REPUESTOS
1233,2023-10-21,Cliente 41,SURCO,AMORTIGUADORES DELANTEROS,6,280.5,1683.0,Vendedor 1,REPUESTOS
1234,2023-10-21,Cliente 17,SURCO,AMORTIGUADORES POSTERIORES,5,120.5,602.5,Vendedor 8,REPUESTOS
1235,2023-10-21,Cliente 24,SURCO,"LLANTAS 18""",2,63.2,126.4,Vendedor 1,REPUESTOS
1236,2023-10-21,Cliente 8,LA MOLINA,BATERÍA DE 18 PLACAS,3,100.3,300.9,Vendedor 4,REPUESTOS
1237,2023-10-22,Cliente 1,SURCO,ACEITE DE MOTOR 5W30 FULL SINTÉTICO,4,107.2,428.8,Vendedor 3,REPUESTOS
1238,2023-10-22,Cliente 26,SURCO,AMORTIGUADORES POSTERIORES,4,120.5,482.0,Vendedor 4,REPUESTOS
1239,2023-10-22,Cliente 38,LA MOLINA,"LLANTAS 18""",1,63.2,63.2,Vendedor 8,REPUESTOS
1240,2023-10-22,Cliente 24,LA MOLINA,BATERÍA DE 18 PLACAS,1,100.3,100.3,Vendedor 2,REPUESTOS
1241,2023-10-23,Cliente 32,SURCO,ACEITE DE MOTOR 5W30 FULL SINTÉTICO,2,107.2,214.4,Vendedor 2,REPUESTOS
1242,2023-10-23,Cliente 4,LA MOLINA,AMORTIGUADORES POSTERIORES,2,120.5,241.0,Vendedor 6,REPUESTOS
1243,2023-10-23,Cliente 9,LA MOLINA,"LLANTAS 18""",2,63.2,126.4,Vendedor 8,REPUESTOS
1244,2023-10-24,Cliente 29,SURCO,ACEITE DE MOTOR 5W30 FULL SINTÉTICO,2,107.2,214.4,Vendedor 4,REPUESTOS
1245,2023-10-24,Cliente 17,LA MOLINA,"LLANTAS 18""",3,63.2,189.6,Vendedor 1,REPUESTOS
1246,2023-10-25,Cliente 13,LA MOLINA,"LLANTAS 18""",2,63.2,126.4,Vendedor 10,REPUESTOS
1247,2023-11-01,Cliente 3,SURCO,AUTO HONDA ACCORD 2014,1,24500.0,24500.0,Vendedor 3,AUTOS
1248,2023-11-01,Cliente 3,SURCO,AUTO HONDA CIVIC 2014,1,32500.0,32500.0,Vendedor 4,AUTOS
1249,2023-11-01,Cliente 32,SURCO,AUTO HONDA ODISSEY 2013,1,23500.0,23500.0,Vendedor 4,AUTOS
1250,2023-11-01,Cliente 3,SURCO,AUTO HONDA CRV 2014,1,21000.0,21000.0,Vendedor 10,AUTOS
1251,2023-11-02,Cliente 4,LA MOLINA,AUTO HONDA ACCORD 2014,1,24500.0,24500.0,Vendedor 6,AUTOS
1252,2023-11-02,Cliente 39,SURCO,AUTO HONDA CIVIC 2014,1,32500.0,32500.0,Vendedor 2,AUTOS
1253,2023-11-02,Cliente 14,SURCO,AUTO HONDA ODISSEY 2013,1,23500.0,23500.0,Vendedor 8,AUTOS
1254,2023-11-02,Cliente 30,SURCO,AUTO HONDA CRV 2014,1,21000.0,21000.0,Vendedor 1,AUTOS
1255,2023-11-03,Cliente 40,SURCO,AUTO HONDA ACCORD 2014,1,24500.0,24500.0,Vendedor 5,AUTOS
1256,2023-11-03,Cliente 47,SURCO,AUTO HONDA CIVIC 2014,1,32500.0,32500.0,Vendedor 2,AUTOS
1257,2023-11-03,Cliente 5,LA MOLINA,AUTO HONDA ODISSEY 2013,1,23500.0,23500.0,Vendedor 4,AUTOS
1258,2023-11-03,Cliente 7,SURCO,AUTO HONDA CRV 2014,1,21000.0,21000.0,Vendedor 4,AUTOS
1259,2023-11-03,Cliente 13,SURCO,ACEITE DE MOTOR 5W30 FULL SINTÉTICO,2,133.5,267.0,Vendedor 9,REPUESTOS
1260,2023-11-03,Cliente 37,SURCO,FILTRO DE COMBUSTIBLE,1,141.1,141.1,Vendedor 3,REPUESTOS
1261,2023-11-03,Cliente 48,LA MOLINA,AMORTIGUADORES DELANTEROS,3,285.2,855.6,Vendedor 2,REPUESTOS
1262,2023-11-03,Cliente 45,LA MOLINA,AMORTIGUADORES POSTERIORES,3,126.2,378.6,Vendedor 7,REPUESTOS
1263,2023-11-03,Cliente 12,SURCO,"LLANTAS 18""",1,73.1,73.1,Vendedor 9,REPUESTOS
1264,2023-11-03,Cliente 33,LA MOLINA,BATERÍA DE 18 PLACAS,1,96.1,96.1,Vendedor 6,REPUESTOS
1265,2023-11-04,Cliente 35,SURCO,AUTO HONDA ACCORD 2014,1,24500.0,24500.0,Vendedor 10,AUTOS
1266,2023-11-04,Cliente 23,LA MOLINA,AUTO HONDA CIVIC 2014,1,32500.0,32500.0,Vendedor 6,AUTOS
1267,2023-11-04,Cliente 24,SURCO,AUTO HONDA ODISSEY 2013,1,23500.0,23500.0,Vendedor 7,AUTOS
1268,2023-11-04,Cliente 47,LA MOLINA,AUTO HONDA CRV 2014,1,21000.0,21000.0,Vendedor 6,AUTOS
1269,2023-11-04,Cliente 25,SURCO,ACEITE DE MOTOR 5W30 FULL SINTÉTICO,1,133.5,133.5,Vendedor 9,REPUESTOS
1270,2023-11-04,Cliente 24,LA MOLINA,FILTRO DE COMBUSTIBLE,1,141.1,141.1,Vendedor 8,REPUESTOS
1271,2023-11-04,Cliente 1,LA MOLINA,AMORTIGUADORES DELANTEROS,2,285.2,570.4,Vendedor 1,REPUESTOS
1272,2023-11-04,Cliente 34,SURCO,AMORTIGUADORES POSTERIORES,3,126.2,378.6,Vendedor 3,REPUESTOS
1273,2023-11-04,Cliente 20,SURCO,"LLANTAS 18""",2,73.1,146.2,Vendedor 4,REPUESTOS
1274,2023-11-04,Cliente 21,SURCO,BATERÍA DE 18 PLACAS,1,96.1,96.1,Vendedor 1,REPUESTOS
1275,2023-11-05,Cliente 36,LA MOLINA,AUTO HONDA CIVIC 2014,1,32500.0,32500.0,Vendedor 9,AUTOS
1276,2023-11-05,Cliente 7,SURCO,AUTO HONDA ODISSEY 2013,1,23500.0,23500.0,Vendedor 1,AUTOS
1277,2023-11-05,Cliente 10,LA MOLINA,ACEITE DE MOTOR 5W30 FULL SINTÉTICO,2,133.5,267.0,Vendedor 3,REPUESTOS
1278,2023-11-05,Cliente 38,LA MOLINA,AMORTIGUADORES DELANTEROS,3,285.2,855.6,Vendedor 4,REPUESTOS
1279,2023-11-05,Cliente 20,LA MOLINA,AMORTIGUADORES POSTERIORES,2,126.2,252.4,Vendedor 2,REPUESTOS
1280,2023-11-05,Cliente 37,LA MOLINA,"LLANTAS 18""",3,73.1,219.3,Vendedor 4,REPUESTOS
1281,2023-11-05,Cliente 47,SURCO,BATERÍA DE 18 PLACAS,1,96.1,96.1,Vendedor 6,REPUESTOS
1282,2023-11-06,Cliente 32,SURCO,ACEITE DE MOTOR 5W30 FULL SINTÉTICO,2,133.5,267.0,Vendedor 10,REPUESTOS
1283,2023-11-06,Cliente 3,LA MOLINA,AMORTIGUADORES DELANTEROS,1,285.2,285.2,Vendedor 10,REPUESTOS
1284,2023-11-06,Cliente 50,SURCO,AMORTIGUADORES POSTERIORES,4,126.2,504.8,Vendedor 1,REPUESTOS
1285,2023-11-06,Cliente 28,LA MOLINA,"LLANTAS 18""",2,73.1,146.2,Vendedor 7,REPUESTOS
1286,2023-11-06,Cliente 50,SURCO,BATERÍA DE 18 PLACAS,1,96.1,96.1,Vendedor 4,REPUESTOS
1287,2023-11-07,Cliente 4,LA MOLINA,ACEITE DE MOTOR 5W30 FULL SINTÉTICO,1,133.5,133.5,Vendedor 5,REPUESTOS
1288,2023-11-07,Cliente 35,LA MOLINA,AMORTIGUADORES DELANTEROS,1,285.2,285.2,Vendedor 10,REPUESTOS
1289,2023-11-07,Cliente 33,LA MOLINA,AMORTIGUADORES POSTERIORES,2,126.2,252.4,Vendedor 4,REPUESTOS
1290,2023-11-07,Cliente 44,SURCO,"LLANTAS 18""",1,73.1,73.1,Vendedor 7,REPUESTOS
1291,2023-11-07,Cliente 49,LA MOLINA,BATERÍA DE 18 PLACAS,1,96.1,96.1,Vendedor 10,REPUESTOS
1292,2023-11-08,Cliente 28,SURCO,ACEITE DE MOTOR 5W30 FULL SINTÉTICO,1,133.5,133.5,Vendedor 5,REPUESTOS
1293,2023-11-08,Cliente 9,SURCO,AMORTIGUADORES DELANTEROS,4,285.2,1140.8,Vendedor 6,REPUESTOS
1294,2023-11-08,Cliente 37,LA MOLINA,AMORTIGUADORES POSTERIORES,1,126.2,126.2,Vendedor 1,REPUESTOS
1295,2023-11-08,Cliente 17,LA MOLINA,"LLANTAS 18""",3,73.1,219.3,Vendedor 2,REPUESTOS
1296,2023-11-08,Cliente 33,LA MOLINA,BATERÍA DE 18 PLACAS,1,96.1,96.1,Vendedor 7,REPUESTOS
1297,2023-11-09,Cliente 49,SURCO,AUTO HONDA PILOT 2013,1,26000.0,26000.0,Vendedor 3,AUTOS
1298,2023-11-09,Cliente 36,SURCO,AUTO HONDA FIT 2016,1,25500.0,25500.0,Vendedor 4,AUTOS
1299,2023-11-09,Cliente 26,SURCO,AUTO HONDA CITY 2016,1,20000.0,20000.0,Vendedor 10,AUTOS
1300,2023-11-09,Cliente 16,SURCO,ACEITE DE MOTOR 5W30 FULL SINTÉTICO,1,133.5,133.5,Vendedor 2,REPUESTOS
1301,2023-11-09,Cliente 21,SURCO,AMORTIGUADORES DELANTEROS,3,285.2,855.6,Vendedor 10,REPUESTOS
1302,2023-11-09,Cliente 43,SURCO,AMORTIGUADORES POSTERIORES,1,126.2,126.2,Vendedor 7,REPUESTOS
1303,2023-11-09,Cliente 23,LA MOLINA,"LLANTAS 18""",2,73.1,146.2,Vendedor 4,REPUESTOS
1304,2023-11-09,Cliente 23,LA MOLINA,BATERÍA DE 18 PLACAS,1,96.1,96.1,Vendedor 10,REPUESTOS
1305,2023-11-10,Cliente 50,SURCO,AUTO HONDA PILOT 2013,1,26000.0,26000.0,Vendedor 5,AUTOS
1306,2023-11-10,Cliente 23,SURCO,AUTO HONDA FIT 2016,1,25500.0,25500.0,Vendedor 10,AUTOS
1307,2023-11-10,Cliente 40,SURCO,AUTO HONDA CITY 2016,1,20000.0,20000.0,Vendedor 3,AUTOS
1308,2023-11-10,Cliente 15,SURCO,ACEITE DE MOTOR 5W30 FULL SINTÉTICO,2,133.5,267.0,Vendedor 4,REPUESTOS
1309,2023-11-10,Cliente 49,SURCO,AMORTIGUADORES DELANTEROS,3,285.2,855.6,Vendedor 2,REPUESTOS
1310,2023-11-10,Cliente 16,SURCO,AMORTIGUADORES POSTERIORES,1,126.2,126.2,Vendedor 10,REPUESTOS
1311,2023-11-10,Cliente 1,SURCO,"LLANTAS 18""",2,73.1,146.2,Vendedor 6,REPUESTOS
1312,2023-11-10,Cliente 20,SURCO,BATERÍA DE 18 PLACAS,1,96.1,96.1,Vendedor 8,REPUESTOS
1313,2023-11-11,Cliente 2,SURCO,AUTO HONDA PILOT 2013,1,26000.0,26000.0,Vendedor 6,AUTOS
1314,2023-11-11,Cliente 48,SURCO,AUTO HONDA FIT 2016,1,25500.0,25500.0,Vendedor 9,AUTOS
1315,2023-11-11,Cliente 14,SURCO,AUTO HONDA CITY 2016,1,20000.0,20000.0,Vendedor 9,AUTOS
1316,2023-11-11,Cliente 40,LA MOLINA,ACEITE DE MOTOR 5W30 FULL SINTÉTICO,2,133.5,267.0,Vendedor 3,REPUESTOS
1317,2023-11-11,Cliente 17,SURCO,AMORTIGUADORES POSTERIORES,1,126.2,126.2,Vendedor 3,REPUESTOS
1318,2023-11-11,Cliente 13,SURCO,"LLANTAS 18""",1,73.1,73.1,Vendedor 10,REPUESTOS
1319,2023-11-11,Cliente 4,LA MOLINA,BATERÍA DE 18 PLACAS,1,96.1,96.1,Vendedor 8,REPUESTOS
1320,2023-11-12,Cliente 5,SURCO,AUTO HONDA FIT 2016,1,25500.0,25500.0,Vendedor 7,AUTOS
1321,2023-11-12,Cliente 43,SURCO,AUTO HONDA CITY 2016,1,20000.0,20000.0,Vendedor 6,AUTOS
1322,2023-11-12,Cliente 19,SURCO,ACEITE DE MOTOR 5W30 FULL SINTÉTICO,1,133.5,133.5,Vendedor 7,REPUESTOS
1323,2023-11-12,Cliente 21,LA MOLINA,AMORTIGUADORES POSTERIORES,2,126.2,252.4,Vendedor 8,REPUESTOS
1324,2023-11-12,Cliente 13,SURCO,"LLANTAS 18""",1,73.1,73.1,Vendedor 9,REPUESTOS
1325,2023-11-12,Cliente 36,SURCO,BATERÍA DE 18 PLACAS,1,96.1,96.1,Vendedor 1,REPUESTOS
1326,2023-11-13,Cliente 16,SURCO,AUTO HONDA CITY 2016,1,20000.0,20000.0,Vendedor 9,AUTOS
1327,2023-11-13,Cliente 32,LA MOLINA,ACEITE DE MOTOR 5W30 FULL SINTÉTICO,2,133.5,267.0,Vendedor 7,REPUESTOS
1328,2023-11-13,Cliente 23,SURCO,"LLANTAS 18""",2,73.1,146.2,Vendedor 5,REPUESTOS
1329,2023-11-14,Cliente 4,LA MOLINA,ACEITE DE MOTOR 5W30 FULL SINTÉTICO,1,133.5,133.5,Vendedor 5,REPUESTOS
1330,2023-11-15,Cliente 22,LA MOLINA,ACEITE DE MOTOR 5W30 FULL SINTÉTICO,1,133.5,133.5,Vendedor 7,REPUESTOS
1331,2023-11-16,Cliente 37,LA MOLINA,ACEITE DE MOTOR 5W30 FULL SINTÉTICO,1,133.5,133.5,Vendedor 3,REPUESTOS
1332,2023-11-17,Cliente 14,SURCO,ACEITE DE MOTOR 5W30 FULL SINTÉTICO,2,133.5,267.0,Vendedor 3,REPUESTOS
1333,2023-11-17,Cliente 9,SURCO,FILTRO DE COMBUSTIBLE,1,141.1,141.1,Vendedor 5,REPUESTOS
1334,2023-11-17,Cliente 28,SURCO,AMORTIGUADORES DELANTEROS,6,285.2,1711.2,Vendedor 3,REPUESTOS
1335,2023-11-17,Cliente 5,LA MOLINA,AMORTIGUADORES POSTERIORES,3,126.2,378.6,Vendedor 9,REPUESTOS
1336,2023-11-17,Cliente 12,SURCO,"LLANTAS 18""",5,73.1,365.5,Vendedor 6,REPUESTOS
1337,2023-11-17,Cliente 49,SURCO,BATERÍA DE 18 PLACAS,1,96.1,96.1,Vendedor 6,REPUESTOS
1338,2023-11-18,Cliente 20,LA MOLINA,ACEITE DE MOTOR 5W30 FULL SINTÉTICO,2,133.5,267.0,Vendedor 8,REPUESTOS
1339,2023-11-18,Cliente 10,LA MOLINA,FILTRO DE COMBUSTIBLE,1,141.1,141.1,Vendedor 4,REPUESTOS
1340,2023-11-18,Cliente 12,SURCO,AMORTIGUADORES DELANTEROS,1,285.2,285.2,Vendedor 1,REPUESTOS
1341,2023-11-18,Cliente 39,SURCO,AMORTIGUADORES POSTERIORES,5,126.2,631.0,Vendedor 4,REPUESTOS
1342,2023-11-18,Cliente 23,SURCO,"LLANTAS 18""",2,73.1,146.2,Vendedor 2,REPUESTOS
1343,2023-11-18,Cliente 33,SURCO,BATERÍA DE 18 PLACAS,2,96.1,192.2,Vendedor 10,REPUESTOS
1344,2023-11-19,Cliente 12,LA MOLINA,ACEITE DE MOTOR 5W30 FULL SINTÉTICO,2,133.5,267.0,Vendedor 7,REPUESTOS
1345,2023-11-19,Cliente 9,LA MOLINA,AMORTIGUADORES DELANTEROS,4,285.2,1140.8,Vendedor 3,REPUESTOS
1346,2023-11-19,Cliente 3,SURCO,AMORTIGUADORES POSTERIORES,4,126.2,504.8,Vendedor 7,REPUESTOS
1347,2023-11-19,Cliente 27,LA MOLINA,"LLANTAS 18""",1,73.1,73.1,Vendedor 4,REPUESTOS
1348,2023-11-19,Cliente 5,SURCO,BATERÍA DE 18 PLACAS,1,96.1,96.1,Vendedor 3,REPUESTOS
1349,2023-11-20,Cliente 45,LA MOLINA,ACEITE DE MOTOR 5W30 FULL SINTÉTICO,2,133.5,267.0,Vendedor 6,REPUESTOS
1350,2023-11-20,Cliente 16,LA MOLINA,AMORTIGUADORES DELANTEROS,6,285.2,1711.2,Vendedor 7,REPUESTOS
1351,2023-11-20,Cliente 39,SURCO,AMORTIGUADORES POSTERIORES,1,126.2,126.2,Vendedor 7,REPUESTOS
1352,2023-11-20,Cliente 26,LA MOLINA,"LLANTAS 18""",6,73.1,438.6,Vendedor 10,REPUESTOS
1353,2023-11-20,Cliente 29,SURCO,BATERÍA DE 18 PLACAS,1,96.1,96.1,Vendedor 8,REPUESTOS
1354,2023-11-21,Cliente 34,SURCO,ACEITE DE MOTOR 5W30 FULL SINTÉTICO,1,133.5,133.5,Vendedor 9,REPUESTOS
1355,2023-11-21,Cliente 36,SURCO,AMORTIGUADORES DELANTEROS,3,285.2,855.6,Vendedor 7,REPUESTOS
1356,2023-11-21,Cliente 13,LA MOLINA,AMORTIGUADORES POSTERIORES,7,126.2,883.4,Vendedor 5,REPUESTOS
1357,2023-11-21,Cliente 20,LA MOLINA,"LLANTAS 18""",3,73.1,219.3,Vendedor 5,REPUESTOS
1358,2023-11-21,Cliente 28,LA MOLINA,BATERÍA DE 18 PLACAS,2,96.1,192.2,Vendedor 5,REPUESTOS
1359,2023-11-22,Cliente 45,SURCO,ACEITE DE MOTOR 5W30 FULL SINTÉTICO,3,133.5,400.5,Vendedor 9,REPUESTOS
1360,2023-11-22,Cliente 6,SURCO,"LLANTAS 18""",3,73.1,219.3,Vendedor 9,REPUESTOS
1361,2023-11-22,Cliente 50,LA MOLINA,BATERÍA DE 18 PLACAS,1,96.1,96.1,Vendedor 10,REPUESTOS
1362,2023-11-23,Cliente 26,SURCO,ACEITE DE MOTOR 5W30 FULL SINTÉTICO,3,133.5,400.5,Vendedor 7,REPUESTOS
1363,2023-11-23,Cliente 38,LA MOLINA,BATERÍA DE 18 PLACAS,1,96.1,96.1,Vendedor 4,REPUESTOS
1364,2023-11-24,Cliente 17,SURCO,ACEITE DE MOTOR 5W30 FULL SINTÉTICO,1,133.5,133.5,Vendedor 6,REPUESTOS
1365,2023-11-24,Cliente 46,LA MOLINA,BATERÍA DE 18 PLACAS,1,96.1,96.1,Vendedor 8,REPUESTOS
1366,2023-11-25,Cliente 34,LA MOLINA,ACEITE DE MOTOR 5W30 FULL SINTÉTICO,2,133.5,267.0,Vendedor 7,REPUESTOS
1367,2023-12-01,Cliente 16,LA MOLINA,AUTO HONDA CIVIC 2014,1,33000.0,33000.0,Vendedor 4,AUTOS
1368,2023-12-01,Cliente 30,LA MOLINA,AUTO HONDA ODISSEY 2013,1,27000.0,27000.0,Vendedor 7,AUTOS
1369,2023-12-01,Cliente 6,LA MOLINA,AUTO HONDA CRV 2014,1,22000.0,22000.0,Vendedor 10,AUTOS
1370,2023-12-01,Cliente 16,SURCO,AUTO HONDA PILOT 2013,1,27000.0,27000.0,Vendedor 9,AUTOS
1371,2023-12-01,Cliente 40,SURCO,AUTO HONDA FIT 2016,1,25500.0,25500.0,Vendedor 9,AUTOS
1372,2023-12-02,Cliente 42,SURCO,AUTO HONDA CIVIC 2014,1,33000.0,33000.0,Vendedor 6,AUTOS
1373,2023-12-02,Cliente 10,SURCO,AUTO HONDA ODISSEY 2013,1,27000.0,27000.0,Vendedor 1,AUTOS
1374,2023-12-02,Cliente 22,LA MOLINA,AUTO HONDA CRV 2014,1,22000.0,22000.0,Vendedor 2,AUTOS
1375,2023-12-02,Cliente 7,SURCO,AUTO HONDA PILOT 2013,1,27000.0,27000.0,Vendedor 7,AUTOS
1376,2023-12-03,Cliente 30,SURCO,AUTO HONDA CIVIC 2014,1,33000.0,33000.0,Vendedor 10,AUTOS
1377,2023-12-03,Cliente 3,LA MOLINA,AUTO HONDA ODISSEY 2013,1,27000.0,27000.0,Vendedor 2,AUTOS
1378,2023-12-03,Cliente 24,LA MOLINA,ACEITE DE MOTOR 5W30 FULL SINTÉTICO,2,124.7,249.4,Vendedor 7,REPUESTOS
1379,2023-12-03,Cliente 49,SURCO,FILTRO DE COMBUSTIBLE,1,105.5,105.5,Vendedor 7,REPUESTOS
1380,2023-12-03,Cliente 31,LA MOLINA,AMORTIGUADORES DELANTEROS,1,183.9,183.9,Vendedor 3,REPUESTOS
1381,2023-12-03,Cliente 22,LA MOLINA,AMORTIGUADORES POSTERIORES,1,121.8,121.8,Vendedor 9,REPUESTOS
1382,2023-12-03,Cliente 45,SURCO,"LLANTAS 18""",4,65.0,260.0,Vendedor 4,REPUESTOS
1383,2023-12-03,Cliente 7,SURCO,BATERÍA DE 18 PLACAS,1,119.1,119.1,Vendedor 10,REPUESTOS
1384,2023-12-04,Cliente 31,LA MOLINA,AUTO HONDA CIVIC 2014,1,33000.0,33000.0,Vendedor 10,AUTOS
1385,2023-12-04,Cliente 28,LA MOLINA,ACEITE DE MOTOR 5W30 FULL SINTÉTICO,3,124.7,374.1,Vendedor 10,REPUESTOS
1386,2023-12-04,Cliente 17,LA MOLINA,FILTRO DE COMBUSTIBLE,1,105.5,105.5,Vendedor 9,REPUESTOS
1387,2023-12-04,Cliente 40,SURCO,AMORTIGUADORES DELANTEROS,3,183.9,551.7,Vendedor 10,REPUESTOS
1388,2023-12-04,Cliente 32,LA MOLINA,AMORTIGUADORES POSTERIORES,2,121.8,243.6,Vendedor 3,REPUESTOS
1389,2023-12-04,Cliente 13,LA MOLINA,"LLANTAS 18""",2,65.0,130.0,Vendedor 1,REPUESTOS
1390,2023-12-04,Cliente 2,SURCO,BATERÍA DE 18 PLACAS,1,119.1,119.1,Vendedor 8,REPUESTOS
1391,2023-12-05,Cliente 48,SURCO,ACEITE DE MOTOR 5W30 FULL SINTÉTICO,3,124.7,374.1,Vendedor 4,REPUESTOS
1392,2023-12-05,Cliente 3,LA MOLINA,AMORTIGUADORES DELANTEROS,4,183.9,735.6,Vendedor 6,REPUESTOS
1393,2023-12-05,Cliente 1,SURCO,AMORTIGUADORES POSTERIORES,2,121.8,243.6,Vendedor 4,REPUESTOS
1394,2023-12-05,Cliente 5,LA MOLINA,"LLANTAS 18""",3,65.0,195.0,Vendedor 5,REPUESTOS
1395,2023-12-05,Cliente 50,LA MOLINA,BATERÍA DE 18 PLACAS,2,119.1,238.2,Vendedor 1,REPUESTOS
1396,2023-12-06,Cliente 22,LA MOLINA,ACEITE DE MOTOR 5W30 FULL SINTÉTICO,1,124.7,124.7,Vendedor 7,REPUESTOS
1397,2023-12-06,Cliente 13,SURCO,AMORTIGUADORES DELANTEROS,1,183.9,183.9,Vendedor 6,REPUESTOS
1398,2023-12-06,Cliente 31,LA MOLINA,AMORTIGUADORES POSTERIORES,3,121.8,365.4,Vendedor 1,REPUESTOS
1399,2023-12-06,Cliente 10,LA MOLINA,"LLANTAS 18""",2,65.0,130.0,Vendedor 8,REPUESTOS
1400,2023-12-06,Cliente 27,LA MOLINA,BATERÍA DE 18 PLACAS,2,119.1,238.2,Vendedor 1,REPUESTOS
1401,2023-12-07,Cliente 37,LA MOLINA,ACEITE DE MOTOR 5W30 FULL SINTÉTICO,3,124.7,374.1,Vendedor 6,REPUESTOS
1402,2023-12-07,Cliente 37,SURCO,AMORTIGUADORES DELANTEROS,1,183.9,183.9,Vendedor 6,REPUESTOS
1403,2023-12-07,Cliente 10,SURCO,AMORTIGUADORES POSTERIORES,3,121.8,365.4,Vendedor 5,REPUESTOS
1404,2023-12-07,Cliente 25,LA MOLINA,"LLANTAS 18""",1,65.0,65.0,Vendedor 9,REPUESTOS
1405,2023-12-07,Cliente 12,LA MOLINA,BATERÍA DE 18 PLACAS,1,119.1,119.1,Vendedor 10,REPUESTOS
1406,2023-12-08,Cliente 46,LA MOLINA,ACEITE DE MOTOR 5W30 FULL SINTÉTICO,1,124.7,124.7,Vendedor 6,REPUESTOS
1407,2023-12-08,Cliente 27,LA MOLINA,AMORTIGUADORES DELANTEROS,1,183.9,183.9,Vendedor 2,REPUESTOS
1408,2023-12-08,Cliente 24,SURCO,AMORTIGUADORES POSTERIORES,4,121.8,487.2,Vendedor 8,REPUESTOS
1409,2023-12-08,Cliente 34,SURCO,"LLANTAS 18""",3,65.0,195.0,Vendedor 5,REPUESTOS
1410,2023-12-08,Cliente 24,SURCO,BATERÍA DE 18 PLACAS,1,119.1,119.1,Vendedor 1,REPUESTOS
1411,2023-12-09,Cliente 29,SURCO,ACEITE DE MOTOR 5W30 FULL SINTÉTICO,1,124.7,124.7,Vendedor 9,REPUESTOS
1412,2023-12-09,Cliente 33,LA MOLINA,AMORTIGUADORES DELANTEROS,1,183.9,183.9,Vendedor 3,REPUESTOS
1413,2023-12-09,Cliente 31,LA MOLINA,AMORTIGUADORES POSTERIORES,2,121.8,243.6,Vendedor 9,REPUESTOS
1414,2023-12-09,Cliente 10,LA MOLINA,"LLANTAS 18""",2,65.0,130.0,Vendedor 2,REPUESTOS
1415,2023-12-09,Cliente 47,SURCO,BATERÍA DE 18 PLACAS,1,119.1,119.1,Vendedor 1,REPUESTOS
1416,2023-12-10,Cliente 25,SURCO,AUTO HONDA PILOT 2013,1,27000.0,27000.0,Vendedor 9,AUTOS
1417,2023-12-10,Cliente 1,SURCO,AUTO HONDA FIT 2016,1,25500.0,25500.0,Vendedor 5,AUTOS
1418,2023-12-10,Cliente 44,SURCO,AUTO HONDA CITY 2016,1,31500.0,31500.0,Vendedor 10,AUTOS
1419,2023-12-10,Cliente 30,SURCO,ACEITE DE MOTOR 5W30 FULL SINTÉTICO,1,124.7,124.7,Vendedor 1,REPUESTOS
1420,2023-12-10,Cliente 2,LA MOLINA,AMORTIGUADORES DELANTEROS,1,183.9,183.9,Vendedor 10,REPUESTOS
1421,2023-12-10,Cliente 21,SURCO,AMORTIGUADORES POSTERIORES,1,121.8,121.8,Vendedor 4,REPUESTOS
1422,2023-12-10,Cliente 18,SURCO,"LLANTAS 18""",2,65.0,130.0,Vendedor 9,REPUESTOS
1423,2023-12-10,Cliente 43,SURCO,BATERÍA DE 18 PLACAS,1,119.1,119.1,Vendedor 2,REPUESTOS
1424,2023-12-11,Cliente 10,SURCO,AUTO HONDA FIT 2016,1,25500.0,25500.0,Vendedor 3,AUTOS
1425,2023-12-11,Cliente 8,SURCO,AUTO HONDA CITY 2016,1,31500.0,31500.0,Vendedor 1,AUTOS
1426,2023-12-11,Cliente 35,SURCO,ACEITE DE MOTOR 5W30 FULL SINTÉTICO,1,124.7,124.7,Vendedor 6,REPUESTOS
1427,2023-12-11,Cliente 10,LA MOLINA,AMORTIGUADORES DELANTEROS,2,183.9,367.8,Vendedor 5,REPUESTOS
1428,2023-12-11,Cliente 5,LA MOLINA,AMORTIGUADORES POSTERIORES,2,121.8,243.6,Vendedor 5,REPUESTOS
1429,2023-12-11,Cliente 4,SURCO,"LLANTAS 18""",1,65.0,65.0,Vendedor 3,REPUESTOS
1430,2023-12-12,Cliente 44,SURCO,AUTO HONDA FIT 2016,1,25500.0,25500.0,Vendedor 1,AUTOS
1431,2023-12-12,Cliente 25,SURCO,AUTO HONDA CITY 2016,1,31500.0,31500.0,Vendedor 1,AUTOS
1432,2023-12-12,Cliente 26,SURCO,ACEITE DE MOTOR 5W30 FULL SINTÉTICO,1,124.7,124.7,Vendedor 3,REPUESTOS
1433,2023-12-12,Cliente 40,SURCO,AMORTIGUADORES DELANTEROS,5,183.9,919.5,Vendedor 6,REPUESTOS
1434,2023-12-13,Cliente 49,SURCO,AUTO HONDA FIT 2016,1,25500.0,25500.0,Vendedor 8,AUTOS
1435,2023-12-13,Cliente 6,SURCO,AUTO HONDA CITY 2016,1,31500.0,31500.0,Vendedor 8,AUTOS
1436,2023-12-13,Cliente 20,SURCO,ACEITE DE MOTOR 5W30 FULL SINTÉTICO,1,124.7,124.7,Vendedor 8,REPUESTOS
1437,2023-12-14,Cliente 24,SURCO,AUTO HONDA CITY 2016,1,31500.0,31500.0,Vendedor 7,AUTOS
1438,2023-12-14,Cliente 21,SURCO,ACEITE DE MOTOR 5W30 FULL SINTÉTICO,2,124.7,249.4,Vendedor 8,REPUESTOS
1439,2023-12-17,Cliente 26,SURCO,ACEITE DE MOTOR 5W30 FULL SINTÉTICO,5,124.7,623.5,Vendedor 2,REPUESTOS
1440,2023-12-17,Cliente 36,LA MOLINA,FILTRO DE COMBUSTIBLE,1,105.5,105.5,Vendedor 2,REPUESTOS
1441,2023-12-17,Cliente 26,LA MOLINA,AMORTIGUADORES DELANTEROS,3,183.9,551.7,Vendedor 10,REPUESTOS
1442,2023-12-17,Cliente 40,SURCO,AMORTIGUADORES POSTERIORES,4,121.8,487.2,Vendedor 4,REPUESTOS
1443,2023-12-17,Cliente 31,SURCO,"LLANTAS 18""",5,65.0,325.0,Vendedor 7,REPUESTOS
1444,2023-12-17,Cliente 14,LA MOLINA,BATERÍA DE 18 PLACAS,1,119.1,119.1,Vendedor 10,REPUESTOS
1445,2023-12-18,Cliente 37,LA MOLINA,ACEITE DE MOTOR 5W30 FULL SINTÉTICO,4,124.7,498.8,Vendedor 6,REPUESTOS
1446,2023-12-18,Cliente 12,SURCO,FILTRO DE COMBUSTIBLE,1,105.5,105.5,Vendedor 2,REPUESTOS
1447,2023-12-18,Cliente 8,LA MOLINA,AMORTIGUADORES DELANTEROS,6,183.9,1103.4,Vendedor 10,REPUESTOS
1448,2023-12-18,Cliente 21,LA MOLINA,AMORTIGUADORES POSTERIORES,5,121.8,609.0,Vendedor 9,REPUESTOS
1449,2023-12-18,Cliente 12,LA MOLINA,"LLANTAS 18""",1,65.0,65.0,Vendedor 5,REPUESTOS
1450,2023-12-18,Cliente 39,SURCO,BATERÍA DE 18 PLACAS,2,119.1,238.2,Vendedor 2,REPUESTOS
1451,2023-12-19,Cliente 21,LA MOLINA,ACEITE DE MOTOR 5W30 FULL SINTÉTICO,5,124.7,623.5,Vendedor 8,REPUESTOS
1452,2023-12-19,Cliente 6,SURCO,AMORTIGUADORES DELANTEROS,6,183.9,1103.4,Vendedor 4,REPUESTOS
1453,2023-12-19,Cliente 49,SURCO,AMORTIGUADORES POSTERIORES,2,121.8,243.6,Vendedor 3,REPUESTOS
1454,2023-12-19,Cliente 29,SURCO,"LLANTAS 18""",5,65.0,325.0,Vendedor 9,REPUESTOS
1455,2023-12-19,Cliente 40,LA MOLINA,BATERÍA DE 18 PLACAS,2,119.1,238.2,Vendedor 10,REPUESTOS
1456,2023-12-20,Cliente 14,SURCO,ACEITE DE MOTOR 5W30 FULL SINTÉTICO,4,124.7,498.8,Vendedor 6,REPUESTOS
1457,2023-12-20,Cliente 28,LA MOLINA,AMORTIGUADORES DELANTEROS,1,183.9,183.9,Vendedor 6,REPUESTOS
1458,2023-12-20,Cliente 40,SURCO,AMORTIGUADORES POSTERIORES,1,121.8,121.8,Vendedor 9,REPUESTOS
1459,2023-12-20,Cliente 19,LA MOLINA,"LLANTAS 18""",4,65.0,260.0,Vendedor 1,REPUESTOS
1460,2023-12-20,Cliente 1,SURCO,BATERÍA DE 18 PLACAS,2,119.1,238.2,Vendedor 9,REPUESTOS
1461,2023-12-21,Cliente 19,SURCO,ACEITE DE MOTOR 5W30 FULL SINTÉTICO,1,124.7,124.7,Vendedor 1,REPUESTOS
1462,2023-12-21,Cliente 45,SURCO,AMORTIGUADORES DELANTEROS,2,183.9,367.8,Vendedor 10,REPUESTOS
1463,2023-12-21,Cliente 46,LA MOLINA,AMORTIGUADORES POSTERIORES,4,121.8,487.2,Vendedor 7,REPUESTOS
1464,2023-12-21,Cliente 28,LA MOLINA,"LLANTAS 18""",4,65.0,260.0,Vendedor 9,REPUESTOS
1465,2023-12-21,Cliente 31,SURCO,BATERÍA DE 18 PLACAS,1,119.1,119.1,Vendedor 3,REPUESTOS
1466,2023-12-22,Cliente 24,LA MOLINA,ACEITE DE MOTOR 5W30 FULL SINTÉTICO,1,124.7,124.7,Vendedor 7,REPUESTOS
1467,2023-12-22,Cliente 43,SURCO,AMORTIGUADORES DELANTEROS,2,183.9,367.8,Vendedor 3,REPUESTOS
1468,2023-12-22,Cliente 5,SURCO,AMORTIGUADORES POSTERIORES,2,121.8,243.6,Vendedor 1,REPUESTOS
1469,2023-12-22,Cliente 43,LA MOLINA,"LLANTAS 18""",1,65.0,65.0,Vendedor 7,REPUESTOS
1470,2023-12-22,Cliente 9,LA MOLINA,BATERÍA DE 18 PLACAS,1,119.1,119.1,Vendedor 7,REPUESTOS
1471,2023-12-23,Cliente 33,LA MOLINA,AMORTIGUADORES POSTERIORES,1,121.8,121.8,Vendedor 7,REPUESTOS
1472,2023-12-23,Cliente 23,LA MOLINA,BATERÍA DE 18 PLACAS,1,119.1,119.1,Vendedor 4,REPUESTOS
1473,2023-12-24,Cliente 47,SURCO,AMORTIGUADORES POSTERIORES,1,121.8,121.8,Vendedor 4,REPUESTOS
1474,2024-01-01,Cliente 4,LA MOLINA,AUTO HONDA ACCORD 2014,1,20000.0,20000.0,Vendedor 8,AUTOS
1475,2024-01-01,Cliente 37,SURCO,AUTO HONDA CIVIC 2014,1,33000.0,33000.0,Vendedor 1,AUTOS
1476,2024-01-01,Cliente 48,LA MOLINA,AUTO HONDA ODISSEY 2013,1,35000.0,35000.0,Vendedor 10,AUTOS
1477,2024-01-01,Cliente 19,SURCO,AUTO HONDA CRV 2014,1,24500.0,24500.0,Vendedor 8,AUTOS
1478,2024-01-01,Cliente 9,SURCO,AUTO HONDA PILOT 2013,1,27000.0,27000.0,Vendedor 9,AUTOS
1479,2024-01-02,Cliente 18,LA MOLINA,AUTO HONDA ACCORD 2014,1,20000.0,20000.0,Vendedor 5,AUTOS
1480,2024-01-02,Cliente 48,SURCO,AUTO HONDA CIVIC 2014,1,33000.0,33000.0,Vendedor 2,AUTOS
1481,2024-01-02,Cliente 38,SURCO,AUTO HONDA CRV 2014,1,24500.0,24500.0,Vendedor 3,AUTOS
1482,2024-01-02,Cliente 24,SURCO,AUTO HONDA PILOT 2013,1,27000.0,27000.0,Vendedor 3,AUTOS
1483,2024-01-03,Cliente 22,SURCO,AUTO HONDA ACCORD 2014,1,20000.0,20000.0,Vendedor 2,AUTOS
1484,2024-01-03,Cliente 39,SURCO,AUTO HONDA CRV 2014,1,24500.0,24500.0,Vendedor 3,AUTOS
1485,2024-01-03,Cliente 50,LA MOLINA,ACEITE DE MOTOR 5W30 FULL SINTÉTICO,2,107.6,215.2,Vendedor 7,REPUESTOS
1486,2024-01-03,Cliente 43,SURCO,FILTRO DE COMBUSTIBLE,1,153.0,153.0,Vendedor 8,REPUESTOS
1487,2024-01-03,Cliente 14,SURCO,AMORTIGUADORES DELANTEROS,3,274.6,823.8,Vendedor 10,REPUESTOS
1488,2024-01-03,Cliente 42,SURCO,AMORTIGUADORES POSTERIORES,3,119.4,358.2,Vendedor 5,REPUESTOS
1489,2024-01-03,Cliente 11,SURCO,"LLANTAS 18""",1,74.4,74.4,Vendedor 8,REPUESTOS
1490,2024-01-03,Cliente 31,LA MOLINA,BATERÍA DE 18 PLACAS,1,112.9,112.9,Vendedor 5,REPUESTOS
1491,2024-01-04,Cliente 48,LA MOLINA,AUTO HONDA CRV 2014,1,24500.0,24500.0,Vendedor 9,AUTOS
1492,2024-01-04,Cliente 44,LA MOLINA,ACEITE DE MOTOR 5W30 FULL SINTÉTICO,1,107.6,107.6,Vendedor 7,REPUESTOS
1493,2024-01-04,Cliente 17,LA MOLINA,FILTRO DE COMBUSTIBLE,1,153.0,153.0,Vendedor 3,REPUESTOS
1494,2024-01-04,Cliente 1,LA MOLINA,AMORTIGUADORES DELANTEROS,3,274.6,823.8,Vendedor 5,REPUESTOS
1495,2024-01-04,Cliente 44,LA MOLINA,AMORTIGUADORES POSTERIORES,4,119.4,477.6,Vendedor 6,REPUESTOS
1496,2024-01-04,Cliente 35,SURCO,"LLANTAS 18""",1,74.4,74.4,Vendedor 6,REPUESTOS
1497,2024-01-04,Cliente 40,LA MOLINA,BATERÍA DE 18 PLACAS,1,112.9,112.9,Vendedor 5,REPUESTOS
1498,2024-01-05,Cliente 18,LA MOLINA,AUTO HONDA CRV 2014,1,24500.0,24500.0,Vendedor 5,AUTOS
1499,2024-01-05,Cliente 42,LA MOLINA,ACEITE DE MOTOR 5W30 FULL SINTÉTICO,1,107.6,107.6,Vendedor 10,REPUESTOS
1500,2024-01-05,Cliente 50,LA MOLINA,AMORTIGUADORES DELANTEROS,2,274.6,549.2,Vendedor 4,REPUESTOS
1501,2024-01-05,Cliente 44,LA MOLINA,AMORTIGUADORES POSTERIORES,2,119.4,238.8,Vendedor 3,REPUESTOS
1502,2024-01-05,Cliente 44,SURCO,"LLANTAS 18""",3,74.4,223.2,Vendedor 1,REPUESTOS
1503,2024-01-05,Cliente 1,SURCO,BATERÍA DE 18 PLACAS,1,112.9,112.9,Vendedor 7,REPUESTOS
1504,2024-01-06,Cliente 34,SURCO,AUTO HONDA CRV 2014,1,24500.0,24500.0,Vendedor 2,AUTOS
1505,2024-01-06,Cliente 23,LA MOLINA,ACEITE DE MOTOR 5W30 FULL SINTÉTICO,3,107.6,322.8,Vendedor 4,REPUESTOS
1506,2024-01-06,Cliente 17,LA MOLINA,AMORTIGUADORES DELANTEROS,3,274.6,823.8,Vendedor 4,REPUESTOS
1507,2024-01-06,Cliente 40,SURCO,AMORTIGUADORES POSTERIORES,1,119.4,119.4,Vendedor 2,REPUESTOS
1508,2024-01-06,Cliente 39,SURCO,"LLANTAS 18""",1,74.4,74.4,Vendedor 2,REPUESTOS
1509,2024-01-06,Cliente 6,SURCO,BATERÍA DE 18 PLACAS,1,112.9,112.9,Vendedor 10,REPUESTOS
1510,2024-01-07,Cliente 43,LA MOLINA,ACEITE DE MOTOR 5W30 FULL SINTÉTICO,1,107.6,107.6,Vendedor 10,REPUESTOS
1511,2024-01-07,Cliente 45,SURCO,AMORTIGUADORES DELANTEROS,1,274.6,274.6,Vendedor 3,REPUESTOS
1512,2024-01-07,Cliente 30,LA MOLINA,AMORTIGUADORES POSTERIORES,3,119.4,358.2,Vendedor 2,REPUESTOS
1513,2024-01-07,Cliente 50,LA MOLINA,"LLANTAS 18""",4,74.4,297.6,Vendedor 7,REPUESTOS
1514,2024-01-07,Cliente 17,LA MOLINA,BATERÍA DE 18 PLACAS,1,112.9,112.9,Vendedor 3,REPUESTOS
1515,2024-01-08,Cliente 50,LA MOLINA,ACEITE DE MOTOR 5W30 FULL SINTÉTICO,1,107.6,107.6,Vendedor 1,REPUESTOS
1516,2024-01-08,Cliente 22,LA MOLINA,AMORTIGUADORES DELANTEROS,2,274.6,549.2,Vendedor 1,REPUESTOS
1517,2024-01-08,Cliente 12,LA MOLINA,AMORTIGUADORES POSTERIORES,1,119.4,119.4,Vendedor 8,REPUESTOS
1518,2024-01-08,Cliente 13,LA MOLINA,"LLANTAS 18""",1,74.4,74.4,Vendedor 10,REPUESTOS
1519,2024-01-08,Cliente 12,LA MOLINA,BATERÍA DE 18 PLACAS,1,112.9,112.9,Vendedor 8,REPUESTOS
1520,2024-01-09,Cliente 10,SURCO,AUTO HONDA PILOT 2013,1,27000.0,27000.0,Vendedor 9,AUTOS
1521,2024-01-09,Cliente 14,SURCO,AUTO HONDA FIT 2016,1,28500.0,28500.0,Vendedor 10,AUTOS
1522,2024-01-09,Cliente 29,SURCO,AUTO HONDA CITY 2016,1,31000.0,31000.0,Vendedor 5,AUTOS
1523,2024-01-09,Cliente 5,SURCO,ACEITE DE MOTOR 5W30 FULL SINTÉTICO,1,107.6,107.6,Vendedor 2,REPUESTOS
1524,2024-01-09,Cliente 50,SURCO,AMORTIGUADORES DELANTEROS,3,274.6,823.8,Vendedor 8,REPUESTOS
1525,2024-01-09,Cliente 10,SURCO,AMORTIGUADORES POSTERIORES,1,119.4,119.4,Vendedor 1,REPUESTOS
1526,2024-01-09,Cliente 18,LA MOLINA,"LLANTAS 18""",1,74.4,74.4,Vendedor 3,REPUESTOS
1527,2024-01-09,Cliente 26,LA MOLINA,BATERÍA DE 18 PLACAS,1,112.9,112.9,Vendedor 10,REPUESTOS
1528,2024-01-10,Cliente 33,SURCO,AUTO HONDA FIT 2016,1,28500.0,28500.0,Vendedor 8,AUTOS
1529,2024-01-10,Cliente 28,SURCO,AUTO HONDA CITY 2016,1,31000.0,31000.0,Vendedor 7,AUTOS
1530,2024-01-10,Cliente 35,SURCO,ACEITE DE MOTOR 5W30 FULL SINTÉTICO,3,107.6,322.8,Vendedor 4,REPUESTOS
1531,2024-01-10,Cliente 45,SURCO,AMORTIGUADORES DELANTEROS,1,274.6,274.6,Vendedor 8,REPUESTOS
1532,2024-01-10,Cliente 22,SURCO,AMORTIGUADORES POSTERIORES,1,119.4,119.4,Vendedor 5,REPUESTOS
1533,2024-01-10,Cliente 41,SURCO,"LLANTAS 18""",4,74.4,297.6,Vendedor 2,REPUESTOS
1534,2024-01-10,Cliente 35,SURCO,BATERÍA DE 18 PLACAS,1,112.9,112.9,Vendedor 6,REPUESTOS
1535,2024-01-11,Cliente 30,SURCO,AUTO HONDA FIT 2016,1,28500.0,28500.0,Vendedor 5,AUTOS
1536,2024-01-11,Cliente 12,SURCO,AUTO HONDA CITY 2016,1,31000.0,31000.0,Vendedor 9,AUTOS
1537,2024-01-11,Cliente 43,LA MOLINA,ACEITE DE MOTOR 5W30 FULL SINTÉTICO,1,107.6,107.6,Vendedor 4,REPUESTOS
1538,2024-01-11,Cliente 7,SURCO,AMORTIGUADORES DELANTEROS,2,274.6,549.2,Vendedor 6,REPUESTOS
1539,2024-01-11,Cliente 41,SURCO,AMORTIGUADORES POSTERIORES,4,119.4,477.6,Vendedor 8,REPUESTOS
1540,2024-01-11,Cliente 3,LA MOLINA,"LLANTAS 18""",2,74.4,148.8,Vendedor 4,REPUESTOS
1541,2024-01-11,Cliente 47,SURCO,BATERÍA DE 18 PLACAS,1,112.9,112.9,Vendedor 10,REPUESTOS
1542,2024-01-12,Cliente 32,SURCO,AUTO HONDA FIT 2016,1,28500.0,28500.0,Vendedor 7,AUTOS
1543,2024-01-12,Cliente 35,SURCO,AUTO HONDA CITY 2016,1,31000.0,31000.0,Vendedor 5,AUTOS
1544,2024-01-12,Cliente 2,SURCO,ACEITE DE MOTOR 5W30 FULL SINTÉTICO,2,107.6,215.2,Vendedor 1,REPUESTOS
1545,2024-01-12,Cliente 26,LA MOLINA,"LLANTAS 18""",2,74.4,148.8,Vendedor 2,REPUESTOS
1546,2024-01-12,Cliente 42,SURCO,BATERÍA DE 18 PLACAS,1,112.9,112.9,Vendedor 9,REPUESTOS
1547,2024-01-13,Cliente 44,SURCO,AUTO HONDA FIT 2016,1,28500.0,28500.0,Vendedor 9,AUTOS
1548,2024-01-13,Cliente 5,SURCO,ACEITE DE MOTOR 5W30 FULL SINTÉTICO,1,107.6,107.6,Vendedor 1,REPUESTOS
1549,2024-01-14,Cliente 31,SURCO,ACEITE DE MOTOR 5W30 FULL SINTÉTICO,3,107.6,322.8,Vendedor 10,REPUESTOS
1550,2024-01-17,Cliente 5,SURCO,ACEITE DE MOTOR 5W30 FULL SINTÉTICO,4,107.6,430.4,Vendedor 4,REPUESTOS
1551,2024-01-17,Cliente 48,LA MOLINA,AMORTIGUADORES DELANTEROS,4,274.6,1098.4,Vendedor 7,REPUESTOS
1552,2024-01-17,Cliente 44,SURCO,AMORTIGUADORES POSTERIORES,3,119.4,358.2,Vendedor 10,REPUESTOS
1553,2024-01-17,Cliente 21,SURCO,"LLANTAS 18""",5,74.4,372.0,Vendedor 4,REPUESTOS
1554,2024-01-17,Cliente 22,SURCO,BATERÍA DE 18 PLACAS,1,112.9,112.9,Vendedor 2,REPUESTOS
1555,2024-01-18,Cliente 10,LA MOLINA,ACEITE DE MOTOR 5W30 FULL SINTÉTICO,1,107.6,107.6,Vendedor 7,REPUESTOS
1556,2024-01-18,Cliente 36,LA MOLINA,AMORTIGUADORES DELANTEROS,2,274.6,549.2,Vendedor 3,REPUESTOS
1557,2024-01-18,Cliente 38,SURCO,AMORTIGUADORES POSTERIORES,7,119.4,835.8,Vendedor 1,REPUESTOS
1558,2024-01-18,Cliente 41,SURCO,"LLANTAS 18""",2,74.4,148.8,Vendedor 10,REPUESTOS
1559,2024-01-18,Cliente 2,SURCO,BATERÍA DE 18 PLACAS,2,112.9,225.8,Vendedor 8,REPUESTOS
1560,2024-01-19,Cliente 1,SURCO,ACEITE DE MOTOR 5W30 FULL SINTÉTICO,1,107.6,107.6,Vendedor 3,REPUESTOS
1561,2024-01-19,Cliente 27,LA MOLINA,AMORTIGUADORES DELANTEROS,1,274.6,274.6,Vendedor 8,REPUESTOS
1562,2024-01-19,Cliente 10,LA MOLINA,AMORTIGUADORES POSTERIORES,3,119.4,358.2,Vendedor 5,REPUESTOS
1563,2024-01-19,Cliente 27,LA MOLINA,"LLANTAS 18""",5,74.4,372.0,Vendedor 4,REPUESTOS
1564,2024-01-19,Cliente 39,SURCO,BATERÍA DE 18 PLACAS,1,112.9,112.9,Vendedor 3,REPUESTOS
1565,2024-01-20,Cliente 41,SURCO,ACEITE DE MOTOR 5W30 FULL SINTÉTICO,4,107.6,430.4,Vendedor 5,REPUESTOS
1566,2024-01-20,Cliente 1,LA MOLINA,AMORTIGUADORES DELANTEROS,3,274.6,823.8,Vendedor 9,REPUESTOS
1567,2024-01-20,Cliente 8,LA MOLINA,AMORTIGUADORES POSTERIORES,4,119.4,477.6,Vendedor 9,REPUESTOS
1568,2024-01-20,Cliente 49,LA MOLINA,"LLANTAS 18""",1,74.4,74.4,Vendedor 9,REPUESTOS
1569,2024-01-20,Cliente 50,LA MOLINA,BATERÍA DE 18 PLACAS,1,112.9,112.9,Vendedor 4,REPUESTOS
1570,2024-01-21,Cliente 13,SURCO,ACEITE DE MOTOR 5W30 FULL SINTÉTICO,1,107.6,107.6,Vendedor 2,REPUESTOS
1571,2024-01-21,Cliente 32,SURCO,AMORTIGUADORES DELANTEROS,2,274.6,549.2,Vendedor 3,REPUESTOS
1572,2024-01-21,Cliente 4,LA MOLINA,AMORTIGUADORES POSTERIORES,3,119.4,358.2,Vendedor 6,REPUESTOS
1573,2024-01-21,Cliente 28,SURCO,"LLANTAS 18""",3,74.4,223.2,Vendedor 5,REPUESTOS
1574,2024-01-21,Cliente 3,LA MOLINA,BATERÍA DE 18 PLACAS,2,112.9,225.8,Vendedor 2,REPUESTOS
1575,2024-01-22,Cliente 11,LA MOLINA,ACEITE DE MOTOR 5W30 FULL SINTÉTICO,1,107.6,107.6,Vendedor 1,REPUESTOS
1576,2024-01-22,Cliente 5,SURCO,AMORTIGUADORES DELANTEROS,4,274.6,1098.4,Vendedor 4,REPUESTOS
1577,2024-01-22,Cliente 13,LA MOLINA,"LLANTAS 18""",4,74.4,297.6,Vendedor 6,REPUESTOS
1578,2024-01-22,Cliente 21,SURCO,BATERÍA DE 18 PLACAS,1,112.9,112.9,Vendedor 4,REPUESTOS
1579,2024-01-23,Cliente 48,LA MOLINA,ACEITE DE MOTOR 5W30 FULL SINTÉTICO,1,107.6,107.6,Vendedor 7,REPUESTOS
1580,2024-01-23,Cliente 15,SURCO,AMORTIGUADORES DELANTEROS,2,274.6,549.2,Vendedor 2,REPUESTOS
1581,2024-01-23,Cliente 10,LA MOLINA,BATERÍA DE 18 PLACAS,1,112.9,112.9,Vendedor 4,REPUESTOS
1582,2024-01-24,Cliente 12,LA MOLINA,ACEITE DE MOTOR 5W30 FULL SINTÉTICO,5,107.6,538.0,Vendedor 7,REPUESTOS
1583,2024-01-24,Cliente 30,SURCO,AMORTIGUADORES DELANTEROS,2,274.6,549.2,Vendedor 4,REPUESTOS
1584,2024-01-24,Cliente 22,LA MOLINA,BATERÍA DE 18 PLACAS,1,112.9,112.9,Vendedor 3,REPUESTOS
1585,2024-01-25,Cliente 18,LA MOLINA,ACEITE DE MOTOR 5W30 FULL SINTÉTICO,1,107.6,107.6,Vendedor 3,REPUESTOS
1586,2024-01-26,Cliente 49,LA MOLINA,ACEITE DE MOTOR 5W30 FULL SINTÉTICO,1,107.6,107.6,Vendedor 6,REPUESTOS
1587,2024-02-01,Cliente 34,LA MOLINA,AUTO HONDA ACCORD 2014,1,31500.0,31500.0,Vendedor 7,AUTOS
1588,2024-02-01,Cliente 45,LA MOLINA,AUTO HONDA CIVIC 2014,1,28000.0,28000.0,Vendedor 2,AUTOS
1589,2024-02-01,Cliente 32,LA MOLINA,AUTO HONDA ODISSEY 2013,1,24500.0,24500.0,Vendedor 4,AUTOS
1590,2024-02-01,Cliente 36,SURCO,AUTO HONDA CRV 2014,1,24500.0,24500.0,Vendedor 1,AUTOS
1591,2024-02-01,Cliente 14,SURCO,AUTO HONDA PILOT 2013,1,25500.0,25500.0,Vendedor 3,AUTOS
1592,2024-02-01,Cliente 19,SURCO,AUTO HONDA CITY 2016,1,31000.0,31000.0,Vendedor 4,AUTOS
1593,2024-02-01,Cliente 31,SURCO,FILTRO DE COMBUSTIBLE,1,129.8,129.8,Vendedor 5,REPUESTOS
1594,2024-02-02,Cliente 30,SURCO,AUTO HONDA ACCORD 2014,1,31500.0,31500.0,Vendedor 8,AUTOS
1595,2024-02-02,Cliente 46,SURCO,AUTO HONDA CIVIC 2014,1,28000.0,28000.0,Vendedor 7,AUTOS
1596,2024-02-02,Cliente 24,SURCO,AUTO HONDA ODISSEY 2013,1,24500.0,24500.0,Vendedor 8,AUTOS
1597,2024-02-02,Cliente 41,LA MOLINA,AUTO HONDA CRV 2014,1,24500.0,24500.0,Vendedor 2,AUTOS
1598,2024-02-02,Cliente 45,SURCO,AUTO HONDA PILOT 2013,1,25500.0,25500.0,Vendedor 6,AUTOS
1599,2024-02-02,Cliente 19,LA MOLINA,FILTRO DE COMBUSTIBLE,1,129.8,129.8,Vendedor 7,REPUESTOS
1600,2024-02-03,Cliente 44,SURCO,AUTO HONDA CIVIC 2014,1,28000.0,28000.0,Vendedor 2,AUTOS
1601,2024-02-03,Cliente 48,LA MOLINA,AUTO HONDA ODISSEY 2013,1,24500.0,24500.0,Vendedor 1,AUTOS
1602,2024-02-03,Cliente 4,LA MOLINA,AUTO HONDA CRV 2014,1,24500.0,24500.0,Vendedor 2,AUTOS
1603,2024-02-03,Cliente 30,LA MOLINA,ACEITE DE MOTOR 5W30 FULL SINTÉTICO,4,145.4,581.6,Vendedor 10,REPUESTOS
1604,2024-02-03,Cliente 24,LA MOLINA,AMORTIGUADORES DELANTEROS,1,285.8,285.8,Vendedor 3,REPUESTOS
1605,2024-02-03,Cliente 36,SURCO,AMORTIGUADORES POSTERIORES,1,110.7,110.7,Vendedor 4,REPUESTOS
1606,2024-02-03,Cliente 16,LA MOLINA,"LLANTAS 18""",1,55.1,55.1,Vendedor 9,REPUESTOS
1607,2024-02-03,Cliente 42,SURCO,BATERÍA DE 18 PLACAS,1,115.5,115.5,Vendedor 8,REPUESTOS
1608,2024-02-04,Cliente 49,SURCO,AUTO HONDA CIVIC 2014,1,28000.0,28000.0,Vendedor 4,AUTOS
1609,2024-02-04,Cliente 23,LA MOLINA,AUTO HONDA ODISSEY 2013,1,24500.0,24500.0,Vendedor 5,AUTOS
1610,2024-02-04,Cliente 18,LA MOLINA,ACEITE DE MOTOR 5W30 FULL SINTÉTICO,5,145.4,727.0,Vendedor 1,REPUESTOS
1611,2024-02-04,Cliente 23,LA MOLINA,AMORTIGUADORES DELANTEROS,1,285.8,285.8,Vendedor 8,REPUESTOS
1612,2024-02-04,Cliente 33,LA MOLINA,AMORTIGUADORES POSTERIORES,1,110.7,110.7,Vendedor 9,REPUESTOS
1613,2024-02-04,Cliente 46,LA MOLINA,"LLANTAS 18""",1,55.1,55.1,Vendedor 9,REPUESTOS
1614,2024-02-04,Cliente 29,LA MOLINA,BATERÍA DE 18 PLACAS,1,115.5,115.5,Vendedor 10,REPUESTOS
1615,2024-02-05,Cliente 44,LA MOLINA,AUTO HONDA CIVIC 2014,1,28000.0,28000.0,Vendedor 2,AUTOS
1616,2024-02-05,Cliente 30,SURCO,AUTO HONDA ODISSEY 2013,1,24500.0,24500.0,Vendedor 2,AUTOS
1617,2024-02-05,Cliente 12,LA MOLINA,ACEITE DE MOTOR 5W30 FULL SINTÉTICO,1,145.4,145.4,Vendedor 5,REPUESTOS
1618,2024-02-05,Cliente 11,SURCO,AMORTIGUADORES DELANTEROS,1,285.8,285.8,Vendedor 5,REPUESTOS
1619,2024-02-05,Cliente 45,SURCO,AMORTIGUADORES POSTERIORES,1,110.7,110.7,Vendedor 3,REPUESTOS
1620,2024-02-05,Cliente 14,SURCO,"LLANTAS 18""",2,55.1,110.2,Vendedor 9,REPUESTOS
1621,2024-02-05,Cliente 19,SURCO,BATERÍA DE 18 PLACAS,1,115.5,115.5,Vendedor 7,REPUESTOS
1622,2024-02-06,Cliente 31,SURCO,ACEITE DE MOTOR 5W30 FULL SINTÉTICO,5,145.4,727.0,Vendedor 6,REPUESTOS
1623,2024-02-06,Cliente 48,LA MOLINA,AMORTIGUADORES DELANTEROS,2,285.8,571.6,Vendedor 1,REPUESTOS
1624,2024-02-06,Cliente 13,LA MOLINA,AMORTIGUADORES POSTERIORES,1,110.7,110.7,Vendedor 2,REPUESTOS
1625,2024-02-06,Cliente 34,SURCO,"LLANTAS 18""",1,55.1,55.1,Vendedor 6,REPUESTOS
1626,2024-02-06,Cliente 38,LA MOLINA,BATERÍA DE 18 PLACAS,1,115.5,115.5,Vendedor 6,REPUESTOS
1627,2024-02-07,Cliente 38,SURCO,ACEITE DE MOTOR 5W30 FULL SINTÉTICO,3,145.4,436.2,Vendedor 9,REPUESTOS
1628,2024-02-07,Cliente 30,LA MOLINA,AMORTIGUADORES DELANTEROS,3,285.8,857.4,Vendedor 5,REPUESTOS
1629,2024-02-07,Cliente 20,SURCO,AMORTIGUADORES POSTERIORES,1,110.7,110.7,Vendedor 3,REPUESTOS
1630,2024-02-07,Cliente 31,SURCO,"LLANTAS 18""",2,55.1,110.2,Vendedor 6,REPUESTOS
1631,2024-02-07,Cliente 50,LA MOLINA,BATERÍA DE 18 PLACAS,1,115.5,115.5,Vendedor 1,REPUESTOS
1632,2024-02-08,Cliente 19,SURCO,ACEITE DE MOTOR 5W30 FULL SINTÉTICO,2,145.4,290.8,Vendedor 8,REPUESTOS
1633,2024-02-08,Cliente 46,SURCO,AMORTIGUADORES DELANTEROS,1,285.8,285.8,Vendedor 9,REPUESTOS
1634,2024-02-08,Cliente 12,LA MOLINA,AMORTIGUADORES POSTERIORES,1,110.7,110.7,Vendedor 3,REPUESTOS
1635,2024-02-08,Cliente 11,SURCO,"LLANTAS 18""",3,55.1,165.3,Vendedor 4,REPUESTOS
1636,2024-02-08,Cliente 3,SURCO,BATERÍA DE 18 PLACAS,1,115.5,115.5,Vendedor 6,REPUESTOS
1637,2024-02-09,Cliente 29,SURCO,AUTO HONDA PILOT 2013,1,25500.0,25500.0,Vendedor 5,AUTOS
1638,2024-02-09,Cliente 12,SURCO,AUTO HONDA FIT 2016,1,30500.0,30500.0,Vendedor 4,AUTOS
1639,2024-02-09,Cliente 43,SURCO,AUTO HONDA CITY 2016,1,31000.0,31000.0,Vendedor 6,AUTOS
1640,2024-02-09,Cliente 29,LA MOLINA,AMORTIGUADORES DELANTEROS,1,285.8,285.8,Vendedor 9,REPUESTOS
1641,2024-02-09,Cliente 35,SURCO,AMORTIGUADORES POSTERIORES,1,110.7,110.7,Vendedor 5,REPUESTOS
1642,2024-02-09,Cliente 26,SURCO,"LLANTAS 18""",1,55.1,55.1,Vendedor 8,REPUESTOS
1643,2024-02-09,Cliente 30,SURCO,BATERÍA DE 18 PLACAS,1,115.5,115.5,Vendedor 6,REPUESTOS
1644,2024-02-10,Cliente 1,SURCO,AUTO HONDA PILOT 2013,1,25500.0,25500.0,Vendedor 9,AUTOS
1645,2024-02-10,Cliente 42,SURCO,AUTO HONDA FIT 2016,1,30500.0,30500.0,Vendedor 5,AUTOS
1646,2024-02-10,Cliente 19,SURCO,AUTO HONDA CITY 2016,1,31000.0,31000.0,Vendedor 10,AUTOS
1647,2024-02-10,Cliente 22,LA MOLINA,AMORTIGUADORES DELANTEROS,1,285.8,285.8,Vendedor 2,REPUESTOS
1648,2024-02-10,Cliente 3,LA MOLINA,AMORTIGUADORES POSTERIORES,1,110.7,110.7,Vendedor 3,REPUESTOS
1649,2024-02-10,Cliente 20,SURCO,"LLANTAS 18""",1,55.1,55.1,Vendedor 1,REPUESTOS
1650,2024-02-10,Cliente 40,LA MOLINA,BATERÍA DE 18 PLACAS,1,115.5,115.5,Vendedor 4,REPUESTOS
1651,2024-02-11,Cliente 23,SURCO,AUTO HONDA PILOT 2013,1,25500.0,25500.0,Vendedor 2,AUTOS
1652,2024-02-11,Cliente 4,SURCO,AUTO HONDA FIT 2016,1,30500.0,30500.0,Vendedor 10,AUTOS
1653,2024-02-11,Cliente 38,SURCO,AUTO HONDA CITY 2016,1,31000.0,31000.0,Vendedor 9,AUTOS
1654,2024-02-11,Cliente 2,SURCO,AMORTIGUADORES DELANTEROS,2,285.8,571.6,Vendedor 2,REPUESTOS
1655,2024-02-11,Cliente 33,SURCO,AMORTIGUADORES POSTERIORES,2,110.7,221.4,Vendedor 7,REPUESTOS
1656,2024-02-11,Cliente 21,LA MOLINA,"LLANTAS 18""",1,55.1,55.1,Vendedor 10,REPUESTOS
1657,2024-02-11,Cliente 43,SURCO,BATERÍA DE 18 PLACAS,1,115.5,115.5,Vendedor 6,REPUESTOS
1658,2024-02-12,Cliente 10,SURCO,AUTO HONDA FIT 2016,1,30500.0,30500.0,Vendedor 7,AUTOS
1659,2024-02-12,Cliente 1,LA MOLINA,AMORTIGUADORES DELANTEROS,1,285.8,285.8,Vendedor 5,REPUESTOS
1660,2024-02-12,Cliente 20,LA MOLINA,AMORTIGUADORES POSTERIORES,2,110.7,221.4,Vendedor 8,REPUESTOS
1661,2024-02-12,Cliente 14,LA MOLINA,"LLANTAS 18""",3,55.1,165.3,Vendedor 8,REPUESTOS
1662,2024-02-12,Cliente 29,LA MOLINA,BATERÍA DE 18 PLACAS,1,115.5,115.5,Vendedor 5,REPUESTOS
1663,2024-02-13,Cliente 47,SURCO,AMORTIGUADORES DELANTEROS,3,285.8,857.4,Vendedor 7,REPUESTOS
1664,2024-02-13,Cliente 10,SURCO,AMORTIGUADORES POSTERIORES,1,110.7,110.7,Vendedor 4,REPUESTOS
1665,2024-02-13,Cliente 34,LA MOLINA,"LLANTAS 18""",3,55.1,165.3,Vendedor 6,REPUESTOS
1666,2024-02-14,Cliente 6,SURCO,AMORTIGUADORES DELANTEROS,3,285.8,857.4,Vendedor 1,REPUESTOS
1667,2024-02-14,Cliente 27,LA MOLINA,AMORTIGUADORES POSTERIORES,2,110.7,221.4,Vendedor 3,REPUESTOS
1668,2024-02-14,Cliente 13,LA MOLINA,"LLANTAS 18""",1,55.1,55.1,Vendedor 3,REPUESTOS
1669,2024-02-15,Cliente 20,SURCO,AMORTIGUADORES POSTERIORES,2,110.7,221.4,Vendedor 10,REPUESTOS
1670,2024-02-16,Cliente 2,SURCO,AMORTIGUADORES POSTERIORES,1,110.7,110.7,Vendedor 1,REPUESTOS
1671,2024-02-17,Cliente 41,LA MOLINA,ACEITE DE MOTOR 5W30 FULL SINTÉTICO,5,145.4,727.0,Vendedor 8,REPUESTOS
1672,2024-02-17,Cliente 42,SURCO,FILTRO DE COMBUSTIBLE,1,129.8,129.8,Vendedor 5,REPUESTOS
1673,2024-02-17,Cliente 32,SURCO,AMORTIGUADORES DELANTEROS,4,285.8,1143.2,Vendedor 4,REPUESTOS
1674,2024-02-17,Cliente 49,SURCO,AMORTIGUADORES POSTERIORES,1,110.7,110.7,Vendedor 5,REPUESTOS
1675,2024-02-17,Cliente 39,SURCO,"LLANTAS 18""",4,55.1,220.4,Vendedor 6,REPUESTOS
1676,2024-02-17,Cliente 17,LA MOLINA,BATERÍA DE 18 PLACAS,2,115.5,231.0,Vendedor 8,REPUESTOS
1677,2024-02-18,Cliente 33,LA MOLINA,ACEITE DE MOTOR 5W30 FULL SINTÉTICO,2,145.4,290.8,Vendedor 10,REPUESTOS
1678,2024-02-18,Cliente 17,LA MOLINA,FILTRO DE COMBUSTIBLE,1,129.8,129.8,Vendedor 3,REPUESTOS
1679,2024-02-18,Cliente 21,SURCO,AMORTIGUADORES DELANTEROS,1,285.8,285.8,Vendedor 8,REPUESTOS
1680,2024-02-18,Cliente 11,LA MOLINA,AMORTIGUADORES POSTERIORES,1,110.7,110.7,Vendedor 1,REPUESTOS
1681,2024-02-18,Cliente 27,LA MOLINA,"LLANTAS 18""",3,55.1,165.3,Vendedor 6,REPUESTOS
1682,2024-02-18,Cliente 19,LA MOLINA,BATERÍA DE 18 PLACAS,1,115.5,115.5,Vendedor 9,REPUESTOS
1683,2024-02-19,Cliente 50,SURCO,ACEITE DE MOTOR 5W30 FULL SINTÉTICO,2,145.4,290.8,Vendedor 3,REPUESTOS
1684,2024-02-19,Cliente 35,SURCO,AMORTIGUADORES DELANTEROS,1,285.8,285.8,Vendedor 6,REPUESTOS
1685,2024-02-19,Cliente 18,LA MOLINA,AMORTIGUADORES POSTERIORES,2,110.7,221.4,Vendedor 6,REPUESTOS
1686,2024-02-19,Cliente 10,LA MOLINA,"LLANTAS 18""",1,55.1,55.1,Vendedor 1,REPUESTOS
1687,2024-02-19,Cliente 24,LA MOLINA,BATERÍA DE 18 PLACAS,1,115.5,115.5,Vendedor 8,REPUESTOS
1688,2024-02-20,Cliente 11,LA MOLINA,ACEITE DE MOTOR 5W30 FULL SINTÉTICO,3,145.4,436.2,Vendedor 2,REPUESTOS
1689,2024-02-20,Cliente 33,SURCO,AMORTIGUADORES DELANTEROS,2,285.8,571.6,Vendedor 4,REPUESTOS
1690,2024-02-20,Cliente 27,SURCO,AMORTIGUADORES POSTERIORES,1,110.7,110.7,Vendedor 8,REPUESTOS
1691,2024-02-20,Cliente 9,SURCO,"LLANTAS 18""",1,55.1,55.1,Vendedor 1,REPUESTOS
1692,2024-02-20,Cliente 20,LA MOLINA,BATERÍA DE 18 PLACAS,1,115.5,115.5,Vendedor 6,REPUESTOS
1693,2024-02-21,Cliente 39,SURCO,ACEITE DE MOTOR 5W30 FULL SINTÉTICO,3,145.4,436.2,Vendedor 9,REPUESTOS
1694,2024-02-21,Cliente 46,SURCO,AMORTIGUADORES DELANTEROS,2,285.8,571.6,Vendedor 5,REPUESTOS
1695,2024-02-21,Cliente 15,SURCO,AMORTIGUADORES POSTERIORES,1,110.7,110.7,Vendedor 3,REPUESTOS
1696,2024-02-21,Cliente 45,SURCO,"LLANTAS 18""",5,55.1,275.5,Vendedor 4,REPUESTOS
1697,2024-02-21,Cliente 14,SURCO,BATERÍA DE 18 PLACAS,2,115.5,231.0,Vendedor 3,REPUESTOS
1698,2024-02-22,Cliente 45,SURCO,ACEITE DE MOTOR 5W30 FULL SINTÉTICO,2,145.4,290.8,Vendedor 2,REPUESTOS
1699,2024-02-22,Cliente 50,LA MOLINA,AMORTIGUADORES DELANTEROS,1,285.8,285.8,Vendedor 8,REPUESTOS
1700,2024-02-22,Cliente 13,SURCO,AMORTIGUADORES POSTERIORES,2,110.7,221.4,Vendedor 2,REPUESTOS
1701,2024-02-22,Cliente 31,LA MOLINA,"LLANTAS 18""",1,55.1,55.1,Vendedor 2,REPUESTOS
1702,2024-02-22,Cliente 5,SURCO,BATERÍA DE 18 PLACAS,2,115.5,231.0,Vendedor 5,REPUESTOS
1703,2024-02-23,Cliente 49,SURCO,ACEITE DE MOTOR 5W30 FULL SINTÉTICO,3,145.4,436.2,Vendedor 2,REPUESTOS
1704,2024-02-23,Cliente 38,LA MOLINA,AMORTIGUADORES DELANTEROS,1,285.8,285.8,Vendedor 4,REPUESTOS
1705,2024-02-23,Cliente 2,LA MOLINA,AMORTIGUADORES POSTERIORES,1,110.7,110.7,Vendedor 2,REPUESTOS
1706,2024-02-23,Cliente 38,LA MOLINA,"LLANTAS 18""",2,55.1,110.2,Vendedor 6,REPUESTOS
1707,2024-02-23,Cliente 33,SURCO,BATERÍA DE 18 PLACAS,1,115.5,115.5,Vendedor 10,REPUESTOS
1708,2024-02-24,Cliente 7,LA MOLINA,AMORTIGUADORES DELANTEROS,5,285.8,1429.0,Vendedor 10,REPUESTOS
1709,2024-02-24,Cliente 46,SURCO,AMORTIGUADORES POSTERIORES,1,110.7,110.7,Vendedor 4,REPUESTOS
1710,2024-02-24,Cliente 49,LA MOLINA,"LLANTAS 18""",3,55.1,165.3,Vendedor 9,REPUESTOS
1711,2024-02-25,Cliente 24,LA MOLINA,AMORTIGUADORES DELANTEROS,2,285.8,571.6,Vendedor 10,REPUESTOS
1712,2024-02-25,Cliente 44,LA MOLINA,AMORTIGUADORES POSTERIORES,1,110.7,110.7,Vendedor 2,REPUESTOS
1713,2024-02-26,Cliente 33,LA MOLINA,AMORTIGUADORES DELANTEROS,1,285.8,285.8,Vendedor 4,REPUESTOS
1714,2024-02-26,Cliente 49,SURCO,AMORTIGUADORES POSTERIORES,1,110.7,110.7,Vendedor 6,REPUESTOS
1715,2024-02-27,Cliente 49,LA MOLINA,AMORTIGUADORES POSTERIORES,2,110.7,221.4,Vendedor 6,REPUESTOS
1716,2024-02-28,Cliente 32,LA MOLINA,AMORTIGUADORES POSTERIORES,1,110.7,110.7,Vendedor 2,REPUESTOS
1717,2024-02-29,Cliente 5,LA MOLINA,AMORTIGUADORES POSTERIORES,2,110.7,221.4,Vendedor 8,REPUESTOS
1718,2024-03-01,Cliente 1,SURCO,AUTO HONDA ACCORD 2014,1,39500.0,39500.0,Vendedor 8,AUTOS
1719,2024-03-01,Cliente 26,SURCO,AUTO HONDA CIVIC 2014,1,18000.0,18000.0,Vendedor 8,AUTOS
1720,2024-03-01,Cliente 8,SURCO,AUTO HONDA ODISSEY 2013,1,21000.0,21000.0,Vendedor 3,AUTOS
1721,2024-03-01,Cliente 26,LA MOLINA,AUTO HONDA CRV 2014,1,32500.0,32500.0,Vendedor 10,AUTOS
1722,2024-03-01,Cliente 48,SURCO,AUTO HONDA FIT 2016,1,26000.0,26000.0,Vendedor 3,AUTOS
1723,2024-03-01,Cliente 24,SURCO,AUTO HONDA CITY 2016,1,28000.0,28000.0,Vendedor 4,AUTOS
1724,2024-03-02,Cliente 15,SURCO,AUTO HONDA ACCORD 2014,1,39500.0,39500.0,Vendedor 7,AUTOS
1725,2024-03-02,Cliente 18,LA MOLINA,AUTO HONDA CIVIC 2014,1,18000.0,18000.0,Vendedor 10,AUTOS
1726,2024-03-02,Cliente 49,LA MOLINA,AUTO HONDA ODISSEY 2013,1,21000.0,21000.0,Vendedor 7,AUTOS
1727,2024-03-02,Cliente 31,LA MOLINA,AUTO HONDA CRV 2014,1,32500.0,32500.0,Vendedor 10,AUTOS
1728,2024-03-03,Cliente 50,SURCO,AUTO HONDA CIVIC 2014,1,18000.0,18000.0,Vendedor 8,AUTOS
1729,2024-03-03,Cliente 8,SURCO,AUTO HONDA ODISSEY 2013,1,21000.0,21000.0,Vendedor 5,AUTOS
1730,2024-03-03,Cliente 32,LA MOLINA,AUTO HONDA CRV 2014,1,32500.0,32500.0,Vendedor 4,AUTOS
1731,2024-03-03,Cliente 2,SURCO,ACEITE DE MOTOR 5W30 FULL SINTÉTICO,3,120.0,360.0,Vendedor 2,REPUESTOS
1732,2024-03-03,Cliente 5,SURCO,FILTRO DE COMBUSTIBLE,1,113.0,113.0,Vendedor 8,REPUESTOS
1733,2024-03-03,Cliente 12,SURCO,AMORTIGUADORES DELANTEROS,3,253.0,759.0,Vendedor 7,REPUESTOS
1734,2024-03-03,Cliente 10,LA MOLINA,AMORTIGUADORES POSTERIORES,3,88.7,266.1,Vendedor 5,REPUESTOS
1735,2024-03-03,Cliente 49,SURCO,"LLANTAS 18""",3,75.2,225.6,Vendedor 2,REPUESTOS
1736,2024-03-03,Cliente 30,LA MOLINA,BATERÍA DE 18 PLACAS,1,109.6,109.6,Vendedor 4,REPUESTOS
1737,2024-03-04,Cliente 43,SURCO,AUTO HONDA CRV 2014,1,32500.0,32500.0,Vendedor 8,AUTOS
1738,2024-03-04,Cliente 35,LA MOLINA,ACEITE DE MOTOR 5W30 FULL SINTÉTICO,2,120.0,240.0,Vendedor 6,REPUESTOS
1739,2024-03-04,Cliente 49,LA MOLINA,FILTRO DE COMBUSTIBLE,1,113.0,113.0,Vendedor 1,REPUESTOS
1740,2024-03-04,Cliente 25,SURCO,AMORTIGUADORES DELANTEROS,2,253.0,506.0,Vendedor 8,REPUESTOS
1741,2024-03-04,Cliente 29,LA MOLINA,AMORTIGUADORES POSTERIORES,2,88.7,177.4,Vendedor 8,REPUESTOS
1742,2024-03-04,Cliente 12,SURCO,"LLANTAS 18""",1,75.2,75.2,Vendedor 9,REPUESTOS
1743,2024-03-04,Cliente 46,LA MOLINA,BATERÍA DE 18 PLACAS,1,109.6,109.6,Vendedor 3,REPUESTOS
1744,2024-03-05,Cliente 28,SURCO,AUTO HONDA CRV 2014,1,32500.0,32500.0,Vendedor 3,AUTOS
1745,2024-03-05,Cliente 32,LA MOLINA,ACEITE DE MOTOR 5W30 FULL SINTÉTICO,2,120.0,240.0,Vendedor 2,REPUESTOS
1746,2024-03-05,Cliente 43,LA MOLINA,AMORTIGUADORES DELANTEROS,3,253.0,759.0,Vendedor 9,REPUESTOS
1747,2024-03-05,Cliente 31,LA MOLINA,AMORTIGUADORES POSTERIORES,3,88.7,266.1,Vendedor 9,REPUESTOS
1748,2024-03-05,Cliente 26,SURCO,"LLANTAS 18""",1,75.2,75.2,Vendedor 5,REPUESTOS
1749,2024-03-05,Cliente 38,LA MOLINA,BATERÍA DE 18 PLACAS,1,109.6,109.6,Vendedor 7,REPUESTOS
1750,2024-03-06,Cliente 50,SURCO,AUTO HONDA CRV 2014,1,32500.0,32500.0,Vendedor 5,AUTOS
1751,2024-03-06,Cliente 2,SURCO,ACEITE DE MOTOR 5W30 FULL SINTÉTICO,2,120.0,240.0,Vendedor 10,REPUESTOS
1752,2024-03-06,Cliente 24,SURCO,AMORTIGUADORES DELANTEROS,1,253.0,253.0,Vendedor 6,REPUESTOS
1753,2024-03-06,Cliente 49,SURCO,AMORTIGUADORES POSTERIORES,3,88.7,266.1,Vendedor 6,REPUESTOS
1754,2024-03-06,Cliente 28,SURCO,"LLANTAS 18""",2,75.2,150.4,Vendedor 6,REPUESTOS
1755,2024-03-06,Cliente 27,LA MOLINA,BATERÍA DE 18 PLACAS,1,109.6,109.6,Vendedor 6,REPUESTOS
1756,2024-03-07,Cliente 16,SURCO,ACEITE DE MOTOR 5W30 FULL SINTÉTICO,1,120.0,120.0,Vendedor 4,REPUESTOS
1757,2024-03-07,Cliente 45,SURCO,AMORTIGUADORES DELANTEROS,3,253.0,759.0,Vendedor 2,REPUESTOS
1758,2024-03-07,Cliente 22,SURCO,AMORTIGUADORES POSTERIORES,2,88.7,177.4,Vendedor 3,REPUESTOS
1759,2024-03-07,Cliente 3,LA MOLINA,"LLANTAS 18""",1,75.2,75.2,Vendedor 8,REPUESTOS
1760,2024-03-07,Cliente 37,LA MOLINA,BATERÍA DE 18 PLACAS,1,109.6,109.6,Vendedor 9,REPUESTOS
1761,2024-03-08,Cliente 2,LA MOLINA,ACEITE DE MOTOR 5W30 FULL SINTÉTICO,4,120.0,480.0,Vendedor 8,REPUESTOS
1762,2024-03-08,Cliente 25,LA MOLINA,AMORTIGUADORES DELANTEROS,1,253.0,253.0,Vendedor 10,REPUESTOS
1763,2024-03-08,Cliente 37,LA MOLINA,AMORTIGUADORES POSTERIORES,2,88.7,177.4,Vendedor 2,REPUESTOS
1764,2024-03-08,Cliente 45,SURCO,"LLANTAS 18""",2,75.2,150.4,Vendedor 4,REPUESTOS
1765,2024-03-08,Cliente 32,SURCO,BATERÍA DE 18 PLACAS,1,109.6,109.6,Vendedor 9,REPUESTOS
1766,2024-03-09,Cliente 40,SURCO,ACEITE DE MOTOR 5W30 FULL SINTÉTICO,3,120.0,360.0,Vendedor 5,REPUESTOS
1767,2024-03-09,Cliente 13,LA MOLINA,AMORTIGUADORES DELANTEROS,3,253.0,759.0,Vendedor 8,REPUESTOS
1768,2024-03-09,Cliente 35,SURCO,AMORTIGUADORES POSTERIORES,3,88.7,266.1,Vendedor 4,REPUESTOS
1769,2024-03-09,Cliente 4,LA MOLINA,"LLANTAS 18""",2,75.2,150.4,Vendedor 5,REPUESTOS
1770,2024-03-09,Cliente 15,SURCO,BATERÍA DE 18 PLACAS,1,109.6,109.6,Vendedor 10,REPUESTOS
1771,2024-03-10,Cliente 38,SURCO,ACEITE DE MOTOR 5W30 FULL SINTÉTICO,1,120.0,120.0,Vendedor 6,REPUESTOS
1772,2024-03-10,Cliente 37,SURCO,AMORTIGUADORES DELANTEROS,1,253.0,253.0,Vendedor 9,REPUESTOS
1773,2024-03-10,Cliente 14,SURCO,AMORTIGUADORES POSTERIORES,2,88.7,177.4,Vendedor 6,REPUESTOS
1774,2024-03-10,Cliente 33,LA MOLINA,"LLANTAS 18""",1,75.2,75.2,Vendedor 5,REPUESTOS
1775,2024-03-10,Cliente 43,SURCO,BATERÍA DE 18 PLACAS,1,109.6,109.6,Vendedor 9,REPUESTOS
1776,2024-03-11,Cliente 13,SURCO,AUTO HONDA PILOT 2013,1,25500.0,25500.0,Vendedor 7,AUTOS
1777,2024-03-11,Cliente 17,SURCO,AUTO HONDA FIT 2016,1,26000.0,26000.0,Vendedor 10,AUTOS
1778,2024-03-11,Cliente 43,SURCO,AUTO HONDA CITY 2016,1,28000.0,28000.0,Vendedor 9,AUTOS
1779,2024-03-11,Cliente 41,LA MOLINA,ACEITE DE MOTOR 5W30 FULL SINTÉTICO,2,120.0,240.0,Vendedor 9,REPUESTOS
1780,2024-03-11,Cliente 14,LA MOLINA,AMORTIGUADORES DELANTEROS,2,253.0,506.0,Vendedor 8,REPUESTOS
1781,2024-03-11,Cliente 34,SURCO,"LLANTAS 18""",1,75.2,75.2,Vendedor 4,REPUESTOS
1782,2024-03-11,Cliente 10,SURCO,BATERÍA DE 18 PLACAS,2,109.6,219.2,Vendedor 4,REPUESTOS
1783,2024-03-12,Cliente 48,SURCO,AUTO HONDA PILOT 2013,1,25500.0,25500.0,Vendedor 5,AUTOS
1784,2024-03-12,Cliente 27,SURCO,AUTO HONDA FIT 2016,1,26000.0,26000.0,Vendedor 6,AUTOS
1785,2024-03-12,Cliente 41,SURCO,AUTO HONDA CITY 2016,1,28000.0,28000.0,Vendedor 4,AUTOS
1786,2024-03-12,Cliente 42,LA MOLINA,AMORTIGUADORES DELANTEROS,1,253.0,253.0,Vendedor 3,REPUESTOS
1787,2024-03-12,Cliente 16,LA MOLINA,"LLANTAS 18""",2,75.2,150.4,Vendedor 2,REPUESTOS
1788,2024-03-13,Cliente 2,SURCO,AUTO HONDA PILOT 2013,1,25500.0,25500.0,Vendedor 4,AUTOS
1789,2024-03-13,Cliente 30,SURCO,AUTO HONDA FIT 2016,1,26000.0,26000.0,Vendedor 8,AUTOS
1790,2024-03-13,Cliente 11,LA MOLINA,"LLANTAS 18""",1,75.2,75.2,Vendedor 5,REPUESTOS
1791,2024-03-14,Cliente 17,SURCO,AUTO HONDA FIT 2016,1,26000.0,26000.0,Vendedor 5,AUTOS
1792,2024-03-14,Cliente 6,LA MOLINA,"LLANTAS 18""",1,75.2,75.2,Vendedor 6,REPUESTOS
1793,2024-03-15,Cliente 47,LA MOLINA,"LLANTAS 18""",1,75.2,75.2,Vendedor 3,REPUESTOS
1794,2024-03-16,Cliente 6,LA MOLINA,"LLANTAS 18""",1,75.2,75.2,Vendedor 4,REPUESTOS
1795,2024-03-17,Cliente 38,LA MOLINA,ACEITE DE MOTOR 5W30 FULL SINTÉTICO,3,120.0,360.0,Vendedor 7,REPUESTOS
1796,2024-03-17,Cliente 28,SURCO,FILTRO DE COMBUSTIBLE,1,113.0,113.0,Vendedor 4,REPUESTOS
1797,2024-03-17,Cliente 12,SURCO,AMORTIGUADORES DELANTEROS,2,253.0,506.0,Vendedor 4,REPUESTOS
1798,2024-03-17,Cliente 27,LA MOLINA,AMORTIGUADORES POSTERIORES,3,88.7,266.1,Vendedor 5,REPUESTOS
1799,2024-03-17,Cliente 32,SURCO,"LLANTAS 18""",5,75.2,376.0,Vendedor 9,REPUESTOS
1800,2024-03-17,Cliente 21,SURCO,BATERÍA DE 18 PLACAS,2,109.6,219.2,Vendedor 9,REPUESTOS
1801,2024-03-18,Cliente 44,LA MOLINA,ACEITE DE MOTOR 5W30 FULL SINTÉTICO,4,120.0,480.0,Vendedor 4,REPUESTOS
1802,2024-03-18,Cliente 10,LA MOLINA,FILTRO DE COMBUSTIBLE,1,113.0,113.0,Vendedor 6,REPUESTOS
1803,2024-03-18,Cliente 20,LA MOLINA,AMORTIGUADORES DELANTEROS,4,253.0,1012.0,Vendedor 1,REPUESTOS
1804,2024-03-18,Cliente 48,SURCO,AMORTIGUADORES POSTERIORES,5,88.7,443.5,Vendedor 1,REPUESTOS
1805,2024-03-18,Cliente 36,LA MOLINA,"LLANTAS 18""",2,75.2,150.4,Vendedor 7,REPUESTOS
1806,2024-03-18,Cliente 44,LA MOLINA,BATERÍA DE 18 PLACAS,2,109.6,219.2,Vendedor 2,REPUESTOS
1807,2024-03-19,Cliente 29,SURCO,ACEITE DE MOTOR 5W30 FULL SINTÉTICO,5,120.0,600.0,Vendedor 7,REPUESTOS
1808,2024-03-19,Cliente 17,LA MOLINA,AMORTIGUADORES DELANTEROS,1,253.0,253.0,Vendedor 5,REPUESTOS
1809,2024-03-19,Cliente 20,SURCO,AMORTIGUADORES POSTERIORES,1,88.7,88.7,Vendedor 4,REPUESTOS
1810,2024-03-19,Cliente 41,LA MOLINA,"LLANTAS 18""",2,75.2,150.4,Vendedor 6,REPUESTOS
1811,2024-03-19,Cliente 18,SURCO,BATERÍA DE 18 PLACAS,2,109.6,219.2,Vendedor 2,REPUESTOS
1812,2024-03-20,Cliente 48,LA MOLINA,ACEITE DE MOTOR 5W30 FULL SINTÉTICO,3,120.0,360.0,Vendedor 7,REPUESTOS
1813,2024-03-20,Cliente 7,LA MOLINA,AMORTIGUADORES DELANTEROS,3,253.0,759.0,Vendedor 3,REPUESTOS
1814,2024-03-20,Cliente 23,SURCO,AMORTIGUADORES POSTERIORES,3,88.7,266.1,Vendedor 7,REPUESTOS
1815,2024-03-20,Cliente 30,LA MOLINA,"LLANTAS 18""",4,75.2,300.8,Vendedor 1,REPUESTOS
1816,2024-03-20,Cliente 41,SURCO,BATERÍA DE 18 PLACAS,1,109.6,109.6,Vendedor 8,REPUESTOS
1817,2024-03-21,Cliente 1,SURCO,ACEITE DE MOTOR 5W30 FULL SINTÉTICO,5,120.0,600.0,Vendedor 7,REPUESTOS
1818,2024-03-21,Cliente 21,LA MOLINA,AMORTIGUADORES DELANTEROS,2,253.0,506.0,Vendedor 10,REPUESTOS
1819,2024-03-21,Cliente 11,SURCO,AMORTIGUADORES POSTERIORES,1,88.7,88.7,Vendedor 4,REPUESTOS
1820,2024-03-21,Cliente 39,SURCO,"LLANTAS 18""",5,75.2,376.0,Vendedor 7,REPUESTOS
1821,2024-03-21,Cliente 31,LA MOLINA,BATERÍA DE 18 PLACAS,2,109.6,219.2,Vendedor 3,REPUESTOS
1822,2024-03-22,Cliente 19,SURCO,AMORTIGUADORES DELANTEROS,2,253.0,506.0,Vendedor 4,REPUESTOS
1823,2024-03-22,Cliente 24,LA MOLINA,AMORTIGUADORES POSTERIORES,1,88.7,88.7,Vendedor 3,REPUESTOS
1824,2024-03-22,Cliente 2,LA MOLINA,BATERÍA DE 18 PLACAS,1,109.6,109.6,Vendedor 1,REPUESTOS
1825,2024-03-23,Cliente 30,SURCO,AMORTIGUADORES DELANTEROS,4,253.0,1012.0,Vendedor 4,REPUESTOS
1826,2024-03-23,Cliente 4,LA MOLINA,AMORTIGUADORES POSTERIORES,3,88.7,266.1,Vendedor 7,REPUESTOS
1827,2024-03-24,Cliente 24,SURCO,AMORTIGUADORES DELANTEROS,2,253.0,506.0,Vendedor 3,REPUESTOS
1828,2024-03-24,Cliente 1,LA MOLINA,AMORTIGUADORES POSTERIORES,3,88.7,266.1,Vendedor 9,REPUESTOS
1829,2024-04-01,Cliente 4,SURCO,AUTO HONDA ACCORD 2014,1,40000.0,40000.0,Vendedor 6,AUTOS
1830,2024-04-01,Cliente 31,SURCO,AUTO HONDA CIVIC 2014,1,18000.0,18000.0,Vendedor 6,AUTOS
1831,2024-04-01,Cliente 1,SURCO,AUTO HONDA ODISSEY 2013,1,29000.0,29000.0,Vendedor 5,AUTOS
1832,2024-04-01,Cliente 20,SURCO,AUTO HONDA PILOT 2013,1,30500.0,30500.0,Vendedor 7,AUTOS
1833,2024-04-02,Cliente 38,SURCO,AUTO HONDA ACCORD 2014,1,40000.0,40000.0,Vendedor 3,AUTOS
1834,2024-04-02,Cliente 11,LA MOLINA,AUTO HONDA CIVIC 2014,1,18000.0,18000.0,Vendedor 9,AUTOS
1835,2024-04-02,Cliente 22,SURCO,AUTO HONDA PILOT 2013,1,30500.0,30500.0,Vendedor 8,AUTOS
1836,2024-04-03,Cliente 10,LA MOLINA,AUTO HONDA ACCORD 2014,1,40000.0,40000.0,Vendedor 5,AUTOS
1837,2024-04-03,Cliente 3,LA MOLINA,ACEITE DE MOTOR 5W30 FULL SINTÉTICO,1,109.3,109.3,Vendedor 3,REPUESTOS
1838,2024-04-03,Cliente 18,LA MOLINA,FILTRO DE COMBUSTIBLE,1,119.6,119.6,Vendedor 6,REPUESTOS
1839,2024-04-03,Cliente 17,LA MOLINA,AMORTIGUADORES DELANTEROS,4,218.1,872.4,Vendedor 10,REPUESTOS
1840,2024-04-03,Cliente 28,LA MOLINA,AMORTIGUADORES POSTERIORES,2,107.2,214.4,Vendedor 3,REPUESTOS
1841,2024-04-03,Cliente 49,LA MOLINA,"LLANTAS 18""",2,77.1,154.2,Vendedor 3,REPUESTOS
1842,2024-04-03,Cliente 4,LA MOLINA,BATERÍA DE 18 PLACAS,1,112.8,112.8,Vendedor 4,REPUESTOS
1843,2024-04-04,Cliente 4,SURCO,AUTO HONDA ACCORD 2014,1,40000.0,40000.0,Vendedor 4,AUTOS
1844,2024-04-04,Cliente 31,SURCO,ACEITE DE MOTOR 5W30 FULL SINTÉTICO,1,109.3,109.3,Vendedor 5,REPUESTOS
1845,2024-04-04,Cliente 46,SURCO,FILTRO DE COMBUSTIBLE,1,119.6,119.6,Vendedor 8,REPUESTOS
1846,2024-04-04,Cliente 32,SURCO,AMORTIGUADORES DELANTEROS,4,218.1,872.4,Vendedor 1,REPUESTOS
1847,2024-04-04,Cliente 46,LA MOLINA,AMORTIGUADORES POSTERIORES,2,107.2,214.4,Vendedor 9,REPUESTOS
1848,2024-04-04,Cliente 32,LA MOLINA,"LLANTAS 18""",2,77.1,154.2,Vendedor 2,REPUESTOS
1849,2024-04-04,Cliente 8,SURCO,BATERÍA DE 18 PLACAS,1,112.8,112.8,Vendedor 6,REPUESTOS
1850,2024-04-05,Cliente 14,LA MOLINA,AUTO HONDA ACCORD 2014,1,40000.0,40000.0,Vendedor 5,AUTOS
1851,2024-04-05,Cliente 48,SURCO,ACEITE DE MOTOR 5W30 FULL SINTÉTICO,1,109.3,109.3,Vendedor 9,REPUESTOS
1852,2024-04-05,Cliente 38,SURCO,AMORTIGUADORES DELANTEROS,3,218.1,654.3,Vendedor 1,REPUESTOS
1853,2024-04-05,Cliente 27,SURCO,AMORTIGUADORES POSTERIORES,3,107.2,321.6,Vendedor 2,REPUESTOS
1854,2024-04-05,Cliente 44,LA MOLINA,"LLANTAS 18""",1,77.1,77.1,Vendedor 2,REPUESTOS
1855,2024-04-05,Cliente 2,LA MOLINA,BATERÍA DE 18 PLACAS,1,112.8,112.8,Vendedor 5,REPUESTOS
1856,2024-04-06,Cliente 26,LA MOLINA,AUTO HONDA ACCORD 2014,1,40000.0,40000.0,Vendedor 6,AUTOS
1857,2024-04-06,Cliente 21,SURCO,ACEITE DE MOTOR 5W30 FULL SINTÉTICO,3,109.3,327.9,Vendedor 3,REPUESTOS
1858,2024-04-06,Cliente 30,SURCO,AMORTIGUADORES DELANTEROS,1,218.1,218.1,Vendedor 8,REPUESTOS
1859,2024-04-06,Cliente 39,LA MOLINA,AMORTIGUADORES POSTERIORES,2,107.2,214.4,Vendedor 1,REPUESTOS
1860,2024-04-06,Cliente 42,SURCO,"LLANTAS 18""",3,77.1,231.3,Vendedor 10,REPUESTOS
1861,2024-04-06,Cliente 47,LA MOLINA,BATERÍA DE 18 PLACAS,2,112.8,225.6,Vendedor 10,REPUESTOS
1862,2024-04-07,Cliente 4,SURCO,ACEITE DE MOTOR 5W30 FULL SINTÉTICO,2,109.3,218.6,Vendedor 5,REPUESTOS
1863,2024-04-07,Cliente 48,SURCO,AMORTIGUADORES DELANTEROS,2,218.1,436.2,Vendedor 2,REPUESTOS
1864,2024-04-07,Cliente 6,LA MOLINA,AMORTIGUADORES POSTERIORES,3,107.2,321.6,Vendedor 7,REPUESTOS
1865,2024-04-07,Cliente 16,SURCO,"LLANTAS 18""",3,77.1,231.3,Vendedor 7,REPUESTOS
1866,2024-04-07,Cliente 14,SURCO,BATERÍA DE 18 PLACAS,1,112.8,112.8,Vendedor 3,REPUESTOS
1867,2024-04-08,Cliente 19,LA MOLINA,ACEITE DE MOTOR 5W30 FULL SINTÉTICO,4,109.3,437.2,Vendedor 3,REPUESTOS
1868,2024-04-08,Cliente 32,LA MOLINA,AMORTIGUADORES DELANTEROS,1,218.1,218.1,Vendedor 7,REPUESTOS
1869,2024-04-08,Cliente 44,LA MOLINA,AMORTIGUADORES POSTERIORES,1,107.2,107.2,Vendedor 10,REPUESTOS
1870,2024-04-08,Cliente 43,LA MOLINA,"LLANTAS 18""",2,77.1,154.2,Vendedor 2,REPUESTOS
1871,2024-04-08,Cliente 32,SURCO,BATERÍA DE 18 PLACAS,2,112.8,225.6,Vendedor 8,REPUESTOS
1872,2024-04-09,Cliente 31,SURCO,AUTO HONDA PILOT 2013,1,30500.0,30500.0,Vendedor 5,AUTOS
1873,2024-04-09,Cliente 6,SURCO,AUTO HONDA FIT 2016,1,28000.0,28000.0,Vendedor 7,AUTOS
1874,2024-04-09,Cliente 28,SURCO,ACEITE DE MOTOR 5W30 FULL SINTÉTICO,3,109.3,327.9,Vendedor 7,REPUESTOS
1875,2024-04-09,Cliente 33,LA MOLINA,AMORTIGUADORES DELANTEROS,1,218.1,218.1,Vendedor 6,REPUESTOS
1876,2024-04-09,Cliente 42,SURCO,AMORTIGUADORES POSTERIORES,2,107.2,214.4,Vendedor 3,REPUESTOS
1877,2024-04-09,Cliente 19,SURCO,"LLANTAS 18""",4,77.1,308.4,Vendedor 8,REPUESTOS
1878,2024-04-09,Cliente 31,SURCO,BATERÍA DE 18 PLACAS,1,112.8,112.8,Vendedor 5,REPUESTOS
1879,2024-04-10,Cliente 9,SURCO,AUTO HONDA PILOT 2013,1,30500.0,30500.0,Vendedor 5,AUTOS
1880,2024-04-10,Cliente 34,SURCO,AUTO HONDA FIT 2016,1,28000.0,28000.0,Vendedor 7,AUTOS
1881,2024-04-10,Cliente 36,LA MOLINA,ACEITE DE MOTOR 5W30 FULL SINTÉTICO,3,109.3,327.9,Vendedor 2,REPUESTOS
1882,2024-04-10,Cliente 33,LA MOLINA,AMORTIGUADORES DELANTEROS,1,218.1,218.1,Vendedor 7,REPUESTOS
1883,2024-04-10,Cliente 30,SURCO,AMORTIGUADORES POSTERIORES,2,107.2,214.4,Vendedor 10,REPUESTOS
1884,2024-04-10,Cliente 17,LA MOLINA,"LLANTAS 18""",3,77.1,231.3,Vendedor 10,REPUESTOS
1885,2024-04-10,Cliente 8,LA MOLINA,BATERÍA DE 18 PLACAS,1,112.8,112.8,Vendedor 8,REPUESTOS
1886,2024-04-11,Cliente 12,SURCO,AUTO HONDA PILOT 2013,1,30500.0,30500.0,Vendedor 7,AUTOS
1887,2024-04-11,Cliente 27,LA MOLINA,ACEITE DE MOTOR 5W30 FULL SINTÉTICO,1,109.3,109.3,Vendedor 5,REPUESTOS
1888,2024-04-11,Cliente 49,LA MOLINA,AMORTIGUADORES DELANTEROS,3,218.1,654.3,Vendedor 8,REPUESTOS
1889,2024-04-11,Cliente 22,SURCO,AMORTIGUADORES POSTERIORES,3,107.2,321.6,Vendedor 3,REPUESTOS
1890,2024-04-12,Cliente 44,LA MOLINA,ACEITE DE MOTOR 5W30 FULL SINTÉTICO,1,109.3,109.3,Vendedor 2,REPUESTOS
1891,2024-04-17,Cliente 45,SURCO,ACEITE DE MOTOR 5W30 FULL SINTÉTICO,1,109.3,109.3,Vendedor 4,REPUESTOS
1892,2024-04-17,Cliente 14,SURCO,FILTRO DE COMBUSTIBLE,1,119.6,119.6,Vendedor 8,REPUESTOS
1893,2024-04-17,Cliente 42,SURCO,AMORTIGUADORES DELANTEROS,6,218.1,1308.6,Vendedor 4,REPUESTOS
1894,2024-04-17,Cliente 6,SURCO,AMORTIGUADORES POSTERIORES,4,107.2,428.8,Vendedor 5,REPUESTOS
1895,2024-04-17,Cliente 31,SURCO,"LLANTAS 18""",4,77.1,308.4,Vendedor 7,REPUESTOS
1896,2024-04-17,Cliente 11,SURCO,BATERÍA DE 18 PLACAS,1,112.8,112.8,Vendedor 3,REPUESTOS
1897,2024-04-18,Cliente 32,LA MOLINA,ACEITE DE MOTOR 5W30 FULL SINTÉTICO,6,109.3,655.8,Vendedor 8,REPUESTOS
1898,2024-04-18,Cliente 29,LA MOLINA,FILTRO DE COMBUSTIBLE,1,119.6,119.6,Vendedor 10,REPUESTOS
1899,2024-04-18,Cliente 19,SURCO,AMORTIGUADORES DELANTEROS,2,218.1,436.2,Vendedor 10,REPUESTOS
1900,2024-04-18,Cliente 22,SURCO,AMORTIGUADORES POSTERIORES,4,107.2,428.8,Vendedor 1,REPUESTOS
1901,2024-04-18,Cliente 27,LA MOLINA,"LLANTAS 18""",1,77.1,77.1,Vendedor 8,REPUESTOS
1902,2024-04-18,Cliente 3,LA MOLINA,BATERÍA DE 18 PLACAS,3,112.8,338.4,Vendedor 8,REPUESTOS
1903,2024-04-19,Cliente 33,LA MOLINA,ACEITE DE MOTOR 5W30 FULL SINTÉTICO,4,109.3,437.2,Vendedor 10,REPUESTOS
1904,2024-04-19,Cliente 15,LA MOLINA,AMORTIGUADORES DELANTEROS,6,218.1,1308.6,Vendedor 1,REPUESTOS
1905,2024-04-19,Cliente 28,SURCO,AMORTIGUADORES POSTERIORES,2,107.2,214.4,Vendedor 10,REPUESTOS
1906,2024-04-19,Cliente 18,SURCO,"LLANTAS 18""",3,77.1,231.3,Vendedor 7,REPUESTOS
1907,2024-04-19,Cliente 32,SURCO,BATERÍA DE 18 PLACAS,2,112.8,225.6,Vendedor 10,REPUESTOS
1908,2024-04-20,Cliente 29,SURCO,ACEITE DE MOTOR 5W30 FULL SINTÉTICO,6,109.3,655.8,Vendedor 7,REPUESTOS
1909,2024-04-20,Cliente 19,SURCO,AMORTIGUADORES DELANTEROS,1,218.1,218.1,Vendedor 4,REPUESTOS
1910,2024-04-20,Cliente 29,LA MOLINA,AMORTIGUADORES POSTERIORES,4,107.2,428.8,Vendedor 4,REPUESTOS
1911,2024-04-20,Cliente 38,SURCO,"LLANTAS 18""",3,77.1,231.3,Vendedor 6,REPUESTOS
1912,2024-04-20,Cliente 9,LA MOLINA,BATERÍA DE 18 PLACAS,2,112.8,225.6,Vendedor 5,REPUESTOS
1913,2024-04-21,Cliente 27,SURCO,ACEITE DE MOTOR 5W30 FULL SINTÉTICO,3,109.3,327.9,Vendedor 6,REPUESTOS
1914,2024-04-21,Cliente 40,SURCO,AMORTIGUADORES DELANTEROS,1,218.1,218.1,Vendedor 4,REPUESTOS
1915,2024-04-21,Cliente 43,LA MOLINA,AMORTIGUADORES POSTERIORES,3,107.2,321.6,Vendedor 8,REPUESTOS
1916,2024-04-21,Cliente 13,LA MOLINA,"LLANTAS 18""",2,77.1,154.2,Vendedor 3,REPUESTOS
1917,2024-04-21,Cliente 7,SURCO,BATERÍA DE 18 PLACAS,2,112.8,225.6,Vendedor 7,REPUESTOS
1918,2024-04-22,Cliente 14,LA MOLINA,AMORTIGUADORES DELANTEROS,4,218.1,872.4,Vendedor 9,REPUESTOS
1919,2024-04-22,Cliente 23,LA MOLINA,AMORTIGUADORES POSTERIORES,1,107.2,107.2,Vendedor 5,REPUESTOS
1920,2024-04-22,Cliente 12,LA MOLINA,"LLANTAS 18""",6,77.1,462.6,Vendedor 9,REPUESTOS
1921,2024-04-23,Cliente 8,LA MOLINA,AMORTIGUADORES POSTERIORES,2,107.2,214.4,Vendedor 10,REPUESTOS
1922,2024-04-23,Cliente 36,LA MOLINA,"LLANTAS 18""",1,77.1,77.1,Vendedor 4,REPUESTOS
1923,2024-05-01,Cliente 22,LA MOLINA,AUTO HONDA ACCORD 2014,1,30000.0,30000.0,Vendedor 5,AUTOS
1924,2024-05-01,Cliente 6,SURCO,AUTO HONDA CIVIC 2014,1,18000.0,18000.0,Vendedor 5,AUTOS
1925,2024-05-01,Cliente 46,LA MOLINA,AUTO HONDA ODISSEY 2013,1,28500.0,28500.0,Vendedor 7,AUTOS
1926,2024-05-01,Cliente 41,LA MOLINA,AUTO HONDA CRV 2014,1,30000.0,30000.0,Vendedor 4,AUTOS
1927,2024-05-01,Cliente 49,SURCO,AUTO HONDA FIT 2016,1,25000.0,25000.0,Vendedor 9,AUTOS
1928,2024-05-01,Cliente 15,SURCO,AUTO HONDA CITY 2016,1,25500.0,25500.0,Vendedor 3,AUTOS
1929,2024-05-02,Cliente 2,LA MOLINA,AUTO HONDA ACCORD 2014,1,30000.0,30000.0,Vendedor 8,AUTOS
1930,2024-05-02,Cliente 50,SURCO,AUTO HONDA CIVIC 2014,1,18000.0,18000.0,Vendedor 1,AUTOS
1931,2024-05-02,Cliente 6,SURCO,AUTO HONDA ODISSEY 2013,1,28500.0,28500.0,Vendedor 6,AUTOS
1932,2024-05-02,Cliente 26,LA MOLINA,AUTO HONDA CRV 2014,1,30000.0,30000.0,Vendedor 3,AUTOS
1933,2024-05-02,Cliente 4,SURCO,AUTO HONDA FIT 2016,1,25000.0,25000.0,Vendedor 7,AUTOS
1934,2024-05-02,Cliente 43,SURCO,AUTO HONDA CITY 2016,1,25500.0,25500.0,Vendedor 3,AUTOS
1935,2024-05-03,Cliente 44,SURCO,AUTO HONDA ACCORD 2014,1,30000.0,30000.0,Vendedor 9,AUTOS
1936,2024-05-03,Cliente 47,LA MOLINA,AUTO HONDA CIVIC 2014,1,18000.0,18000.0,Vendedor 6,AUTOS
1937,2024-05-03,Cliente 1,LA MOLINA,AUTO HONDA ODISSEY 2013,1,28500.0,28500.0,Vendedor 5,AUTOS
1938,2024-05-03,Cliente 45,SURCO,AUTO HONDA CITY 2016,1,25500.0,25500.0,Vendedor 7,AUTOS
1939,2024-05-03,Cliente 35,SURCO,ACEITE DE MOTOR 5W30 FULL SINTÉTICO,2,109.2,218.4,Vendedor 10,REPUESTOS
1940,2024-05-03,Cliente 45,LA MOLINA,FILTRO DE COMBUSTIBLE,1,126.9,126.9,Vendedor 6,REPUESTOS
1941,2024-05-03,Cliente 20,SURCO,AMORTIGUADORES DELANTEROS,4,221.0,884.0,Vendedor 2,REPUESTOS
1942,2024-05-03,Cliente 25,LA MOLINA,AMORTIGUADORES POSTERIORES,1,82.3,82.3,Vendedor 3,REPUESTOS
1943,2024-05-03,Cliente 14,LA MOLINA,"LLANTAS 18""",5,74.3,371.5,Vendedor 2,REPUESTOS
1944,2024-05-03,Cliente 34,LA MOLINA,BATERÍA DE 18 PLACAS,1,89.4,89.4,Vendedor 6,REPUESTOS
1945,2024-05-04,Cliente 2,SURCO,AUTO HONDA ACCORD 2014,1,30000.0,30000.0,Vendedor 1,AUTOS
1946,2024-05-04,Cliente 16,LA MOLINA,AUTO HONDA CIVIC 2014,1,18000.0,18000.0,Vendedor 5,AUTOS
1947,2024-05-04,Cliente 33,LA MOLINA,AUTO HONDA ODISSEY 2013,1,28500.0,28500.0,Vendedor 2,AUTOS
1948,2024-05-04,Cliente 24,SURCO,AUTO HONDA CITY 2016,1,25500.0,25500.0,Vendedor 5,AUTOS
1949,2024-05-04,Cliente 8,LA MOLINA,ACEITE DE MOTOR 5W30 FULL SINTÉTICO,3,109.2,327.6,Vendedor 1,REPUESTOS
1950,2024-05-04,Cliente 29,SURCO,FILTRO DE COMBUSTIBLE,1,126.9,126.9,Vendedor 5,REPUESTOS
1951,2024-05-04,Cliente 22,LA MOLINA,AMORTIGUADORES DELANTEROS,1,221.0,221.0,Vendedor 4,REPUESTOS
1952,2024-05-04,Cliente 23,SURCO,AMORTIGUADORES POSTERIORES,3,82.3,246.9,Vendedor 5,REPUESTOS
1953,2024-05-04,Cliente 46,SURCO,"LLANTAS 18""",3,74.3,222.9,Vendedor 7,REPUESTOS
1954,2024-05-04,Cliente 21,SURCO,BATERÍA DE 18 PLACAS,1,89.4,89.4,Vendedor 9,REPUESTOS
1955,2024-05-05,Cliente 50,SURCO,ACEITE DE MOTOR 5W30 FULL SINTÉTICO,3,109.2,327.6,Vendedor 6,REPUESTOS
1956,2024-05-05,Cliente 10,SURCO,AMORTIGUADORES DELANTEROS,4,221.0,884.0,Vendedor 7,REPUESTOS
1957,2024-05-05,Cliente 6,SURCO,AMORTIGUADORES POSTERIORES,2,82.3,164.6,Vendedor 1,REPUESTOS
1958,2024-05-05,Cliente 31,SURCO,"LLANTAS 18""",4,74.3,297.2,Vendedor 4,REPUESTOS
1959,2024-05-05,Cliente 24,SURCO,BATERÍA DE 18 PLACAS,2,89.4,178.8,Vendedor 9,REPUESTOS
1960,2024-05-06,Cliente 17,LA MOLINA,ACEITE DE MOTOR 5W30 FULL SINTÉTICO,2,109.2,218.4,Vendedor 10,REPUESTOS
1961,2024-05-06,Cliente 29,LA MOLINA,AMORTIGUADORES DELANTEROS,4,221.0,884.0,Vendedor 8,REPUESTOS
1962,2024-05-06,Cliente 11,LA MOLINA,AMORTIGUADORES POSTERIORES,3,82.3,246.9,Vendedor 3,REPUESTOS
1963,2024-05-06,Cliente 32,SURCO,"LLANTAS 18""",3,74.3,222.9,Vendedor 8,REPUESTOS
1964,2024-05-06,Cliente 45,SURCO,BATERÍA DE 18 PLACAS,1,89.4,89.4,Vendedor 4,REPUESTOS
1965,2024-05-07,Cliente 3,LA MOLINA,ACEITE DE MOTOR 5W30 FULL SINTÉTICO,2,109.2,218.4,Vendedor 3,REPUESTOS
1966,2024-05-07,Cliente 39,SURCO,AMORTIGUADORES DELANTEROS,2,221.0,442.0,Vendedor 7,REPUESTOS
1967,2024-05-07,Cliente 24,SURCO,AMORTIGUADORES POSTERIORES,1,82.3,82.3,Vendedor 10,REPUESTOS
1968,2024-05-07,Cliente 34,LA MOLINA,"LLANTAS 18""",3,74.3,222.9,Vendedor 3,REPUESTOS
1969,2024-05-07,Cliente 20,LA MOLINA,BATERÍA DE 18 PLACAS,1,89.4,89.4,Vendedor 6,REPUESTOS
1970,2024-05-08,Cliente 32,LA MOLINA,ACEITE DE MOTOR 5W30 FULL SINTÉTICO,2,109.2,218.4,Vendedor 1,REPUESTOS
1971,2024-05-08,Cliente 38,LA MOLINA,AMORTIGUADORES DELANTEROS,2,221.0,442.0,Vendedor 7,REPUESTOS
1972,2024-05-08,Cliente 19,LA MOLINA,AMORTIGUADORES POSTERIORES,1,82.3,82.3,Vendedor 4,REPUESTOS
1973,2024-05-08,Cliente 1,LA MOLINA,"LLANTAS 18""",2,74.3,148.6,Vendedor 2,REPUESTOS
1974,2024-05-08,Cliente 3,SURCO,BATERÍA DE 18 PLACAS,1,89.4,89.4,Vendedor 7,REPUESTOS
1975,2024-05-09,Cliente 37,LA MOLINA,ACEITE DE MOTOR 5W30 FULL SINTÉTICO,1,109.2,109.2,Vendedor 8,REPUESTOS
1976,2024-05-09,Cliente 31,LA MOLINA,AMORTIGUADORES DELANTEROS,3,221.0,663.0,Vendedor 10,REPUESTOS
1977,2024-05-09,Cliente 33,SURCO,AMORTIGUADORES POSTERIORES,1,82.3,82.3,Vendedor 8,REPUESTOS
1978,2024-05-09,Cliente 47,LA MOLINA,BATERÍA DE 18 PLACAS,2,89.4,178.8,Vendedor 6,REPUESTOS
1979,2024-05-10,Cliente 40,SURCO,AUTO HONDA ACCORD 2014,1,30000.0,30000.0,Vendedor 10,AUTOS
1980,2024-05-10,Cliente 25,SURCO,AUTO HONDA PILOT 2013,1,28500.0,28500.0,Vendedor 4,AUTOS
1981,2024-05-10,Cliente 35,SURCO,ACEITE DE MOTOR 5W30 FULL SINTÉTICO,2,109.2,218.4,Vendedor 1,REPUESTOS
1982,2024-05-10,Cliente 42,LA MOLINA,AMORTIGUADORES POSTERIORES,3,82.3,246.9,Vendedor 2,REPUESTOS
1983,2024-05-10,Cliente 36,LA MOLINA,BATERÍA DE 18 PLACAS,1,89.4,89.4,Vendedor 2,REPUESTOS
1984,2024-05-11,Cliente 13,SURCO,AUTO HONDA ACCORD 2014,1,30000.0,30000.0,Vendedor 10,AUTOS
1985,2024-05-11,Cliente 37,SURCO,AUTO HONDA PILOT 2013,1,28500.0,28500.0,Vendedor 9,AUTOS
1986,2024-05-11,Cliente 33,SURCO,ACEITE DE MOTOR 5W30 FULL SINTÉTICO,1,109.2,109.2,Vendedor 1,REPUESTOS
1987,2024-05-11,Cliente 2,SURCO,AMORTIGUADORES POSTERIORES,3,82.3,246.9,Vendedor 5,REPUESTOS
1988,2024-05-12,Cliente 6,SURCO,AUTO HONDA PILOT 2013,1,28500.0,28500.0,Vendedor 9,AUTOS
1989,2024-05-12,Cliente 26,SURCO,ACEITE DE MOTOR 5W30 FULL SINTÉTICO,2,109.2,218.4,Vendedor 10,REPUESTOS
1990,2024-05-12,Cliente 22,LA MOLINA,AMORTIGUADORES POSTERIORES,2,82.3,164.6,Vendedor 7,REPUESTOS
1991,2024-05-17,Cliente 12,LA MOLINA,ACEITE DE MOTOR 5W30 FULL SINTÉTICO,1,109.2,109.2,Vendedor 1,REPUESTOS
1992,2024-05-17,Cliente 20,SURCO,FILTRO DE COMBUSTIBLE,1,126.9,126.9,Vendedor 7,REPUESTOS
1993,2024-05-17,Cliente 10,LA MOLINA,AMORTIGUADORES DELANTEROS,1,221.0,221.0,Vendedor 7,REPUESTOS
1994,2024-05-17,Cliente 25,LA MOLINA,AMORTIGUADORES POSTERIORES,3,82.3,246.9,Vendedor 2,REPUESTOS
1995,2024-05-17,Cliente 16,SURCO,"LLANTAS 18""",1,74.3,74.3,Vendedor 10,REPUESTOS
1996,2024-05-17,Cliente 32,SURCO,BATERÍA DE 18 PLACAS,3,89.4,268.2,Vendedor 9,REPUESTOS
1997,2024-05-18,Cliente 8,LA MOLINA,ACEITE DE MOTOR 5W30 FULL SINTÉTICO,5,109.2,546.0,Vendedor 5,REPUESTOS
1998,2024-05-18,Cliente 21,LA MOLINA,FILTRO DE COMBUSTIBLE,1,126.9,126.9,Vendedor 8,REPUESTOS
1999,2024-05-18,Cliente 5,LA MOLINA,AMORTIGUADORES DELANTEROS,5,221.0,1105.0,Vendedor 8,REPUESTOS
2000,2024-05-18,Cliente 41,LA MOLINA,AMORTIGUADORES POSTERIORES,1,82.3,82.3,Vendedor 4,REPUESTOS
2001,2024-05-18,Cliente 36,LA MOLINA,"LLANTAS 18""",1,74.3,74.3,Vendedor 10,REPUESTOS
2002,2024-05-18,Cliente 16,SURCO,BATERÍA DE 18 PLACAS,2,89.4,178.8,Vendedor 9,REPUESTOS
2003,2024-05-19,Cliente 37,LA MOLINA,ACEITE DE MOTOR 5W30 FULL SINTÉTICO,2,109.2,218.4,Vendedor 7,REPUESTOS
2004,2024-05-19,Cliente 41,SURCO,AMORTIGUADORES DELANTEROS,4,221.0,884.0,Vendedor 9,REPUESTOS
2005,2024-05-19,Cliente 24,SURCO,AMORTIGUADORES POSTERIORES,2,82.3,164.6,Vendedor 9,REPUESTOS
2006,2024-05-19,Cliente 35,SURCO,"LLANTAS 18""",3,74.3,222.9,Vendedor 7,REPUESTOS
2007,2024-05-19,Cliente 3,LA MOLINA,BATERÍA DE 18 PLACAS,3,89.4,268.2,Vendedor 1,REPUESTOS
2008,2024-05-20,Cliente 42,LA MOLINA,ACEITE DE MOTOR 5W30 FULL SINTÉTICO,2,109.2,218.4,Vendedor 3,REPUESTOS
2009,2024-05-20,Cliente 31,SURCO,AMORTIGUADORES DELANTEROS,1,221.0,221.0,Vendedor 5,REPUESTOS
2010,2024-05-20,Cliente 23,LA MOLINA,AMORTIGUADORES POSTERIORES,3,82.3,246.9,Vendedor 4,REPUESTOS
2011,2024-05-20,Cliente 3,LA MOLINA,"LLANTAS 18""",9,74.3,668.7,Vendedor 3,REPUESTOS
2012,2024-05-20,Cliente 20,LA MOLINA,BATERÍA DE 18 PLACAS,2,89.4,178.8,Vendedor 2,REPUESTOS
2013,2024-05-21,Cliente 9,SURCO,ACEITE DE MOTOR 5W30 FULL SINTÉTICO,4,109.2,436.8,Vendedor 9,REPUESTOS
2014,2024-05-21,Cliente 14,LA MOLINA,AMORTIGUADORES DELANTEROS,4,221.0,884.0,Vendedor 10,REPUESTOS
2015,2024-05-21,Cliente 44,LA MOLINA,AMORTIGUADORES POSTERIORES,3,82.3,246.9,Vendedor 6,REPUESTOS
2016,2024-05-21,Cliente 18,SURCO,"LLANTAS 18""",5,74.3,371.5,Vendedor 4,REPUESTOS
2017,2024-05-22,Cliente 14,SURCO,ACEITE DE MOTOR 5W30 FULL SINTÉTICO,3,109.2,327.6,Vendedor 8,REPUESTOS
2018,2024-05-22,Cliente 45,SURCO,AMORTIGUADORES DELANTEROS,5,221.0,1105.0,Vendedor 3,REPUESTOS
2019,2024-05-22,Cliente 1,SURCO,AMORTIGUADORES POSTERIORES,1,82.3,82.3,Vendedor 1,REPUESTOS
2020,2024-05-22,Cliente 36,SURCO,"LLANTAS 18""",1,74.3,74.3,Vendedor 8,REPUESTOS
2021,2024-05-23,Cliente 42,SURCO,ACEITE DE MOTOR 5W30 FULL SINTÉTICO,3,109.2,327.6,Vendedor 2,REPUESTOS
2022,2024-05-23,Cliente 44,SURCO,AMORTIGUADORES POSTERIORES,1,82.3,82.3,Vendedor 2,REPUESTOS
2023,2024-05-24,Cliente 50,SURCO,AMORTIGUADORES POSTERIORES,4,82.3,329.2,Vendedor 1,REPUESTOS
2024,2024-05-25,Cliente 15,SURCO,AMORTIGUADORES POSTERIORES,2,82.3,164.6,Vendedor 1,REPUESTOS
2025,2024-06-01,Cliente 44,SURCO,AUTO HONDA ACCORD 2014,1,22000.0,22000.0,Vendedor 1,AUTOS
2026,2024-06-01,Cliente 44,LA MOLINA,AUTO HONDA CIVIC 2014,1,17500.0,17500.0,Vendedor 9,AUTOS
2027,2024-06-01,Cliente 1,LA MOLINA,AUTO HONDA ODISSEY 2013,1,28500.0,28500.0,Vendedor 7,AUTOS
2028,2024-06-01,Cliente 21,SURCO,AUTO HONDA CRV 2014,1,27500.0,27500.0,Vendedor 7,AUTOS
2029,2024-06-01,Cliente 18,SURCO,AUTO HONDA PILOT 2013,1,31500.0,31500.0,Vendedor 2,AUTOS
2030,2024-06-01,Cliente 32,SURCO,AUTO HONDA FIT 2016,1,33000.0,33000.0,Vendedor 6,AUTOS
2031,2024-06-01,Cliente 47,SURCO,AUTO HONDA CITY 2016,1,25500.0,25500.0,Vendedor 4,AUTOS
2032,2024-06-02,Cliente 21,LA MOLINA,AUTO HONDA ACCORD 2014,1,22000.0,22000.0,Vendedor 1,AUTOS
2033,2024-06-02,Cliente 13,LA MOLINA,AUTO HONDA CIVIC 2014,1,17500.0,17500.0,Vendedor 6,AUTOS
2034,2024-06-02,Cliente 37,SURCO,AUTO HONDA CRV 2014,1,27500.0,27500.0,Vendedor 1,AUTOS
2035,2024-06-02,Cliente 45,SURCO,AUTO HONDA PILOT 2013,1,31500.0,31500.0,Vendedor 7,AUTOS
2036,2024-06-02,Cliente 16,SURCO,AUTO HONDA FIT 2016,1,33000.0,33000.0,Vendedor 4,AUTOS
2037,2024-06-03,Cliente 41,LA MOLINA,AUTO HONDA ACCORD 2014,1,22000.0,22000.0,Vendedor 2,AUTOS
2038,2024-06-03,Cliente 31,SURCO,AUTO HONDA CIVIC 2014,1,17500.0,17500.0,Vendedor 7,AUTOS
2039,2024-06-03,Cliente 38,SURCO,AUTO HONDA CRV 2014,1,27500.0,27500.0,Vendedor 6,AUTOS
2040,2024-06-03,Cliente 16,SURCO,AUTO HONDA FIT 2016,1,33000.0,33000.0,Vendedor 2,AUTOS
2041,2024-06-03,Cliente 22,SURCO,ACEITE DE MOTOR 5W30 FULL SINTÉTICO,2,157.7,315.4,Vendedor 1,REPUESTOS
2042,2024-06-03,Cliente 34,LA MOLINA,FILTRO DE COMBUSTIBLE,1,128.8,128.8,Vendedor 4,REPUESTOS
2043,2024-06-03,Cliente 49,LA MOLINA,AMORTIGUADORES DELANTEROS,1,263.4,263.4,Vendedor 2,REPUESTOS
2044,2024-06-03,Cliente 6,SURCO,AMORTIGUADORES POSTERIORES,2,76.3,152.6,Vendedor 1,REPUESTOS
2045,2024-06-03,Cliente 21,LA MOLINA,"LLANTAS 18""",1,73.0,73.0,Vendedor 2,REPUESTOS
2046,2024-06-03,Cliente 4,SURCO,BATERÍA DE 18 PLACAS,1,103.2,103.2,Vendedor 8,REPUESTOS
2047,2024-06-04,Cliente 20,LA MOLINA,AUTO HONDA ACCORD 2014,1,22000.0,22000.0,Vendedor 10,AUTOS
2048,2024-06-04,Cliente 5,LA MOLINA,AUTO HONDA CIVIC 2014,1,17500.0,17500.0,Vendedor 2,AUTOS
2049,2024-06-04,Cliente 36,SURCO,AUTO HONDA CRV 2014,1,27500.0,27500.0,Vendedor 1,AUTOS
2050,2024-06-04,Cliente 26,LA MOLINA,ACEITE DE MOTOR 5W30 FULL SINTÉTICO,2,157.7,315.4,Vendedor 2,REPUESTOS
2051,2024-06-04,Cliente 15,SURCO,FILTRO DE COMBUSTIBLE,1,128.8,128.8,Vendedor 10,REPUESTOS
2052,2024-06-04,Cliente 25,LA MOLINA,AMORTIGUADORES DELANTEROS,1,263.4,263.4,Vendedor 8,REPUESTOS
2053,2024-06-04,Cliente 22,SURCO,AMORTIGUADORES POSTERIORES,2,76.3,152.6,Vendedor 1,REPUESTOS
2054,2024-06-04,Cliente 38,LA MOLINA,"LLANTAS 18""",4,73.0,292.0,Vendedor 4,REPUESTOS
2055,2024-06-04,Cliente 7,SURCO,BATERÍA DE 18 PLACAS,1,103.2,103.2,Vendedor 1,REPUESTOS
2056,2024-06-05,Cliente 38,SURCO,AUTO HONDA CRV 2014,1,27500.0,27500.0,Vendedor 4,AUTOS
2057,2024-06-05,Cliente 41,SURCO,ACEITE DE MOTOR 5W30 FULL SINTÉTICO,3,157.7,473.1,Vendedor 9,REPUESTOS
2058,2024-06-05,Cliente 27,LA MOLINA,AMORTIGUADORES DELANTEROS,3,263.4,790.2,Vendedor 8,REPUESTOS
2059,2024-06-05,Cliente 16,SURCO,AMORTIGUADORES POSTERIORES,2,76.3,152.6,Vendedor 3,REPUESTOS
2060,2024-06-05,Cliente 9,SURCO,"LLANTAS 18""",1,73.0,73.0,Vendedor 5,REPUESTOS
2061,2024-06-05,Cliente 20,LA MOLINA,BATERÍA DE 18 PLACAS,2,103.2,206.4,Vendedor 10,REPUESTOS
2062,2024-06-06,Cliente 10,SURCO,ACEITE DE MOTOR 5W30 FULL SINTÉTICO,3,157.7,473.1,Vendedor 8,REPUESTOS
2063,2024-06-06,Cliente 19,LA MOLINA,AMORTIGUADORES DELANTEROS,3,263.4,790.2,Vendedor 6,REPUESTOS
2064,2024-06-06,Cliente 4,SURCO,AMORTIGUADORES POSTERIORES,1,76.3,76.3,Vendedor 4,REPUESTOS
2065,2024-06-06,Cliente 23,LA MOLINA,"LLANTAS 18""",1,73.0,73.0,Vendedor 4,REPUESTOS
2066,2024-06-06,Cliente 5,SURCO,BATERÍA DE 18 PLACAS,1,103.2,103.2,Vendedor 6,REPUESTOS
2067,2024-06-07,Cliente 45,LA MOLINA,ACEITE DE MOTOR 5W30 FULL SINTÉTICO,2,157.7,315.4,Vendedor 8,REPUESTOS
2068,2024-06-07,Cliente 40,LA MOLINA,AMORTIGUADORES DELANTEROS,2,263.4,526.8,Vendedor 5,REPUESTOS
2069,2024-06-07,Cliente 11,LA MOLINA,AMORTIGUADORES POSTERIORES,2,76.3,152.6,Vendedor 2,REPUESTOS
2070,2024-06-07,Cliente 32,SURCO,"LLANTAS 18""",4,73.0,292.0,Vendedor 4,REPUESTOS
2071,2024-06-07,Cliente 45,SURCO,BATERÍA DE 18 PLACAS,1,103.2,103.2,Vendedor 4,REPUESTOS
2072,2024-06-08,Cliente 16,SURCO,ACEITE DE MOTOR 5W30 FULL SINTÉTICO,2,157.7,315.4,Vendedor 8,REPUESTOS
2073,2024-06-08,Cliente 14,SURCO,AMORTIGUADORES DELANTEROS,3,263.4,790.2,Vendedor 7,REPUESTOS
2074,2024-06-08,Cliente 24,SURCO,AMORTIGUADORES POSTERIORES,1,76.3,76.3,Vendedor 1,REPUESTOS
2075,2024-06-08,Cliente 2,LA MOLINA,"LLANTAS 18""",1,73.0,73.0,Vendedor 9,REPUESTOS
2076,2024-06-08,Cliente 19,SURCO,BATERÍA DE 18 PLACAS,1,103.2,103.2,Vendedor 8,REPUESTOS
2077,2024-06-09,Cliente 41,SURCO,AUTO HONDA ACCORD 2014,1,22000.0,22000.0,Vendedor 10,AUTOS
2078,2024-06-09,Cliente 3,SURCO,AUTO HONDA PILOT 2013,1,31500.0,31500.0,Vendedor 1,AUTOS
2079,2024-06-09,Cliente 13,SURCO,AUTO HONDA CITY 2016,1,25500.0,25500.0,Vendedor 5,AUTOS
2080,2024-06-09,Cliente 17,LA MOLINA,ACEITE DE MOTOR 5W30 FULL SINTÉTICO,2,157.7,315.4,Vendedor 3,REPUESTOS
2081,2024-06-09,Cliente 12,SURCO,AMORTIGUADORES DELANTEROS,3,263.4,790.2,Vendedor 4,REPUESTOS
2082,2024-06-09,Cliente 17,SURCO,AMORTIGUADORES POSTERIORES,1,76.3,76.3,Vendedor 2,REPUESTOS
2083,2024-06-09,Cliente 25,SURCO,"LLANTAS 18""",1,73.0,73.0,Vendedor 2,REPUESTOS
2084,2024-06-09,Cliente 20,LA MOLINA,BATERÍA DE 18 PLACAS,2,103.2,206.4,Vendedor 8,REPUESTOS
2085,2024-06-10,Cliente 24,SURCO,AUTO HONDA ACCORD 2014,1,22000.0,22000.0,Vendedor 6,AUTOS
2086,2024-06-10,Cliente 34,SURCO,AUTO HONDA CITY 2016,1,25500.0,25500.0,Vendedor 10,AUTOS
2087,2024-06-10,Cliente 8,LA MOLINA,ACEITE DE MOTOR 5W30 FULL SINTÉTICO,4,157.7,630.8,Vendedor 3,REPUESTOS
2088,2024-06-10,Cliente 13,SURCO,AMORTIGUADORES DELANTEROS,2,263.4,526.8,Vendedor 9,REPUESTOS
2089,2024-06-10,Cliente 21,LA MOLINA,AMORTIGUADORES POSTERIORES,2,76.3,152.6,Vendedor 10,REPUESTOS
2090,2024-06-10,Cliente 3,SURCO,"LLANTAS 18""",4,73.0,292.0,Vendedor 10,REPUESTOS
2091,2024-06-10,Cliente 10,LA MOLINA,BATERÍA DE 18 PLACAS,1,103.2,103.2,Vendedor 6,REPUESTOS
2092,2024-06-11,Cliente 4,SURCO,AUTO HONDA CITY 2016,1,25500.0,25500.0,Vendedor 5,AUTOS
2093,2024-06-11,Cliente 47,SURCO,AMORTIGUADORES DELANTEROS,2,263.4,526.8,Vendedor 2,REPUESTOS
2094,2024-06-11,Cliente 11,SURCO,AMORTIGUADORES POSTERIORES,1,76.3,76.3,Vendedor 9,REPUESTOS
2095,2024-06-11,Cliente 32,LA MOLINA,"LLANTAS 18""",3,73.0,219.0,Vendedor 9,REPUESTOS
2096,2024-06-12,Cliente 21,SURCO,AUTO HONDA CITY 2016,1,25500.0,25500.0,Vendedor 6,AUTOS
2097,2024-06-12,Cliente 38,LA MOLINA,AMORTIGUADORES POSTERIORES,2,76.3,152.6,Vendedor 7,REPUESTOS
2098,2024-06-13,Cliente 16,LA MOLINA,AMORTIGUADORES POSTERIORES,1,76.3,76.3,Vendedor 7,REPUESTOS
2099,2024-06-14,Cliente 17,LA MOLINA,AMORTIGUADORES POSTERIORES,1,76.3,76.3,Vendedor 9,REPUESTOS
2100,2024-06-15,Cliente 15,LA MOLINA,AMORTIGUADORES POSTERIORES,2,76.3,152.6,Vendedor 10,REPUESTOS
2101,2024-06-17,Cliente 27,LA MOLINA,ACEITE DE MOTOR 5W30 FULL SINTÉTICO,4,157.7,630.8,Vendedor 6,REPUESTOS
2102,2024-06-17,Cliente 21,LA MOLINA,FILTRO DE COMBUSTIBLE,1,128.8,128.8,Vendedor 5,REPUESTOS
2103,2024-06-17,Cliente 12,SURCO,AMORTIGUADORES DELANTEROS,4,263.4,1053.6,Vendedor 8,REPUESTOS
2104,2024-06-17,Cliente 42,LA MOLINA,AMORTIGUADORES POSTERIORES,1,76.3,76.3,Vendedor 2,REPUESTOS
2105,2024-06-17,Cliente 19,SURCO,"LLANTAS 18""",3,73.0,219.0,Vendedor 9,REPUESTOS
2106,2024-06-17,Cliente 18,SURCO,BATERÍA DE 18 PLACAS,3,103.2,309.6,Vendedor 4,REPUESTOS
2107,2024-06-18,Cliente 5,SURCO,ACEITE DE MOTOR 5W30 FULL SINTÉTICO,1,157.7,157.7,Vendedor 6,REPUESTOS
2108,2024-06-18,Cliente 35,SURCO,FILTRO DE COMBUSTIBLE,1,128.8,128.8,Vendedor 4,REPUESTOS
2109,2024-06-18,Cliente 44,SURCO,AMORTIGUADORES DELANTEROS,3,263.4,790.2,Vendedor 6,REPUESTOS
2110,2024-06-18,Cliente 48,LA MOLINA,AMORTIGUADORES POSTERIORES,2,76.3,152.6,Vendedor 5,REPUESTOS
2111,2024-06-18,Cliente 49,SURCO,"LLANTAS 18""",2,73.0,146.0,Vendedor 9,REPUESTOS
2112,2024-06-18,Cliente 50,SURCO,BATERÍA DE 18 PLACAS,2,103.2,206.4,Vendedor 5,REPUESTOS
2113,2024-06-19,Cliente 26,LA MOLINA,ACEITE DE MOTOR 5W30 FULL SINTÉTICO,3,157.7,473.1,Vendedor 7,REPUESTOS
2114,2024-06-19,Cliente 31,SURCO,AMORTIGUADORES DELANTEROS,3,263.4,790.2,Vendedor 9,REPUESTOS
2115,2024-06-19,Cliente 15,LA MOLINA,AMORTIGUADORES POSTERIORES,1,76.3,76.3,Vendedor 4,REPUESTOS
2116,2024-06-19,Cliente 31,SURCO,"LLANTAS 18""",5,73.0,365.0,Vendedor 4,REPUESTOS
2117,2024-06-19,Cliente 47,LA MOLINA,BATERÍA DE 18 PLACAS,3,103.2,309.6,Vendedor 8,REPUESTOS
2118,2024-06-20,Cliente 21,SURCO,ACEITE DE MOTOR 5W30 FULL SINTÉTICO,3,157.7,473.1,Vendedor 4,REPUESTOS
2119,2024-06-20,Cliente 14,LA MOLINA,AMORTIGUADORES DELANTEROS,4,263.4,1053.6,Vendedor 8,REPUESTOS
2120,2024-06-20,Cliente 24,SURCO,AMORTIGUADORES POSTERIORES,2,76.3,152.6,Vendedor 3,REPUESTOS
2121,2024-06-20,Cliente 48,LA MOLINA,"LLANTAS 18""",3,73.0,219.0,Vendedor 1,REPUESTOS
2122,2024-06-20,Cliente 22,LA MOLINA,BATERÍA DE 18 PLACAS,2,103.2,206.4,Vendedor 4,REPUESTOS
2123,2024-06-21,Cliente 44,LA MOLINA,ACEITE DE MOTOR 5W30 FULL SINTÉTICO,3,157.7,473.1,Vendedor 7,REPUESTOS
2124,2024-06-21,Cliente 38,LA MOLINA,AMORTIGUADORES DELANTEROS,5,263.4,1317.0,Vendedor 1,REPUESTOS
2125,2024-06-21,Cliente 9,SURCO,AMORTIGUADORES POSTERIORES,3,76.3,228.9,Vendedor 3,REPUESTOS
2126,2024-06-21,Cliente 25,LA MOLINA,"LLANTAS 18""",6,73.0,438.0,Vendedor 4,REPUESTOS
2127,2024-06-22,Cliente 13,SURCO,ACEITE DE MOTOR 5W30 FULL SINTÉTICO,2,157.7,315.4,Vendedor 8,REPUESTOS
2128,2024-06-22,Cliente 41,LA MOLINA,AMORTIGUADORES DELANTEROS,1,263.4,263.4,Vendedor 5,REPUESTOS
2129,2024-06-22,Cliente 7,SURCO,AMORTIGUADORES POSTERIORES,1,76.3,76.3,Vendedor 9,REPUESTOS
2130,2024-06-22,Cliente 45,LA MOLINA,"LLANTAS 18""",1,73.0,73.0,Vendedor 10,REPUESTOS
2131,2024-06-23,Cliente 13,SURCO,ACEITE DE MOTOR 5W30 FULL SINTÉTICO,1,157.7,157.7,Vendedor 2,REPUESTOS
2132,2024-06-23,Cliente 19,SURCO,AMORTIGUADORES POSTERIORES,1,76.3,76.3,Vendedor 9,REPUESTOS
2133,2024-06-24,Cliente 34,SURCO,ACEITE DE MOTOR 5W30 FULL SINTÉTICO,1,157.7,157.7,Vendedor 1,REPUESTOS
2134,2024-06-24,Cliente 11,LA MOLINA,AMORTIGUADORES POSTERIORES,2,76.3,152.6,Vendedor 2,REPUESTOS
2135,2024-06-25,Cliente 25,SURCO,ACEITE DE MOTOR 5W30 FULL SINTÉTICO,2,157.7,315.4,Vendedor 4,REPUESTOS
2136,2024-06-25,Cliente 46,LA MOLINA,AMORTIGUADORES POSTERIORES,2,76.3,152.6,Vendedor 8,REPUESTOS
2137,2024-06-26,Cliente 18,SURCO,AMORTIGUADORES POSTERIORES,2,76.3,152.6,Vendedor 4,REPUESTOS
2138,2024-06-27,Cliente 37,SURCO,AMORTIGUADORES POSTERIORES,1,76.3,76.3,Vendedor 8,REPUESTOS
2139,2024-07-01,Cliente 43,LA MOLINA,AUTO HONDA ACCORD 2014,1,22000.0,22000.0,Vendedor 2,AUTOS
2140,2024-07-01,Cliente 32,SURCO,AUTO HONDA CIVIC 2014,1,26000.0,26000.0,Vendedor 7,AUTOS
2141,2024-07-01,Cliente 24,SURCO,AUTO HONDA ODISSEY 2013,1,23000.0,23000.0,Vendedor 2,AUTOS
2142,2024-07-01,Cliente 33,SURCO,AUTO HONDA PILOT 2013,1,28500.0,28500.0,Vendedor 6,AUTOS
2143,2024-07-01,Cliente 29,SURCO,AUTO HONDA FIT 2016,1,33000.0,33000.0,Vendedor 3,AUTOS
2144,2024-07-02,Cliente 41,SURCO,AUTO HONDA ACCORD 2014,1,22000.0,22000.0,Vendedor 8,AUTOS
2145,2024-07-02,Cliente 22,LA MOLINA,AUTO HONDA CIVIC 2014,1,26000.0,26000.0,Vendedor 7,AUTOS
2146,2024-07-02,Cliente 26,SURCO,AUTO HONDA ODISSEY 2013,1,23000.0,23000.0,Vendedor 1,AUTOS
2147,2024-07-02,Cliente 17,SURCO,AUTO HONDA PILOT 2013,1,28500.0,28500.0,Vendedor 2,AUTOS
2148,2024-07-02,Cliente 21,SURCO,AUTO HONDA FIT 2016,1,33000.0,33000.0,Vendedor 8,AUTOS
2149,2024-07-03,Cliente 9,LA MOLINA,AUTO HONDA CIVIC 2014,1,26000.0,26000.0,Vendedor 8,AUTOS
2150,2024-07-03,Cliente 11,LA MOLINA,AUTO HONDA ODISSEY 2013,1,23000.0,23000.0,Vendedor 3,AUTOS
2151,2024-07-03,Cliente 12,SURCO,ACEITE DE MOTOR 5W30 FULL SINTÉTICO,1,90.1,90.1,Vendedor 5,REPUESTOS
2152,2024-07-03,Cliente 35,SURCO,FILTRO DE COMBUSTIBLE,1,107.5,107.5,Vendedor 7,REPUESTOS
2153,2024-07-03,Cliente 43,SURCO,AMORTIGUADORES DELANTEROS,1,341.7,341.7,Vendedor 1,REPUESTOS
2154,2024-07-03,Cliente 10,LA MOLINA,AMORTIGUADORES POSTERIORES,3,127.8,383.4,Vendedor 8,REPUESTOS
2155,2024-07-03,Cliente 14,SURCO,"LLANTAS 18""",3,61.5,184.5,Vendedor 1,REPUESTOS
2156,2024-07-03,Cliente 45,LA MOLINA,BATERÍA DE 18 PLACAS,1,117.3,117.3,Vendedor 1,REPUESTOS
2157,2024-07-04,Cliente 25,SURCO,AUTO HONDA CIVIC 2014,1,26000.0,26000.0,Vendedor 5,AUTOS
2158,2024-07-04,Cliente 39,SURCO,ACEITE DE MOTOR 5W30 FULL SINTÉTICO,4,90.1,360.4,Vendedor 1,REPUESTOS
2159,2024-07-04,Cliente 50,LA MOLINA,FILTRO DE COMBUSTIBLE,1,107.5,107.5,Vendedor 7,REPUESTOS
2160,2024-07-04,Cliente 24,SURCO,AMORTIGUADORES DELANTEROS,1,341.7,341.7,Vendedor 4,REPUESTOS
2161,2024-07-04,Cliente 2,SURCO,AMORTIGUADORES POSTERIORES,1,127.8,127.8,Vendedor 7,REPUESTOS
2162,2024-07-04,Cliente 22,SURCO,"LLANTAS 18""",1,61.5,61.5,Vendedor 4,REPUESTOS
2163,2024-07-04,Cliente 7,SURCO,BATERÍA DE 18 PLACAS,1,117.3,117.3,Vendedor 3,REPUESTOS
2164,2024-07-05,Cliente 27,SURCO,ACEITE DE MOTOR 5W30 FULL SINTÉTICO,2,90.1,180.2,Vendedor 9,REPUESTOS
2165,2024-07-05,Cliente 21,LA MOLINA,AMORTIGUADORES DELANTEROS,1,341.7,341.7,Vendedor 9,REPUESTOS
2166,2024-07-05,Cliente 40,SURCO,AMORTIGUADORES POSTERIORES,3,127.8,383.4,Vendedor 4,REPUESTOS
2167,2024-07-05,Cliente 8,LA MOLINA,"LLANTAS 18""",4,61.5,246.0,Vendedor 4,REPUESTOS
2168,2024-07-05,Cliente 23,SURCO,BATERÍA DE 18 PLACAS,1,117.3,117.3,Vendedor 6,REPUESTOS
2169,2024-07-06,Cliente 26,SURCO,ACEITE DE MOTOR 5W30 FULL SINTÉTICO,2,90.1,180.2,Vendedor 6,REPUESTOS
2170,2024-07-06,Cliente 14,LA MOLINA,AMORTIGUADORES DELANTEROS,1,341.7,341.7,Vendedor 8,REPUESTOS
2171,2024-07-06,Cliente 43,SURCO,AMORTIGUADORES POSTERIORES,1,127.8,127.8,Vendedor 5,REPUESTOS
2172,2024-07-06,Cliente 5,SURCO,"LLANTAS 18""",3,61.5,184.5,Vendedor 4,REPUESTOS
2173,2024-07-06,Cliente 50,LA MOLINA,BATERÍA DE 18 PLACAS,2,117.3,234.6,Vendedor 10,REPUESTOS
2174,2024-07-07,Cliente 46,SURCO,ACEITE DE MOTOR 5W30 FULL SINTÉTICO,1,90.1,90.1,Vendedor 9,REPUESTOS
2175,2024-07-07,Cliente 7,LA MOLINA,AMORTIGUADORES DELANTEROS,1,341.7,341.7,Vendedor 10,REPUESTOS
2176,2024-07-07,Cliente 44,LA MOLINA,AMORTIGUADORES POSTERIORES,2,127.8,255.6,Vendedor 3,REPUESTOS
2177,2024-07-07,Cliente 41,SURCO,"LLANTAS 18""",3,61.5,184.5,Vendedor 6,REPUESTOS
2178,2024-07-07,Cliente 22,SURCO,BATERÍA DE 18 PLACAS,2,117.3,234.6,Vendedor 1,REPUESTOS
2179,2024-07-08,Cliente 33,LA MOLINA,ACEITE DE MOTOR 5W30 FULL SINTÉTICO,4,90.1,360.4,Vendedor 4,REPUESTOS
2180,2024-07-08,Cliente 2,SURCO,AMORTIGUADORES DELANTEROS,1,341.7,341.7,Vendedor 10,REPUESTOS
2181,2024-07-08,Cliente 16,LA MOLINA,AMORTIGUADORES POSTERIORES,1,127.8,127.8,Vendedor 7,REPUESTOS
2182,2024-07-08,Cliente 4,LA MOLINA,"LLANTAS 18""",2,61.5,123.0,Vendedor 3,REPUESTOS
2183,2024-07-08,Cliente 19,LA MOLINA,BATERÍA DE 18 PLACAS,2,117.3,234.6,Vendedor 4,REPUESTOS
2184,2024-07-09,Cliente 14,LA MOLINA,ACEITE DE MOTOR 5W30 FULL SINTÉTICO,2,90.1,180.2,Vendedor 1,REPUESTOS
2185,2024-07-09,Cliente 48,LA MOLINA,AMORTIGUADORES DELANTEROS,1,341.7,341.7,Vendedor 6,REPUESTOS
2186,2024-07-09,Cliente 21,LA MOLINA,AMORTIGUADORES POSTERIORES,1,127.8,127.8,Vendedor 1,REPUESTOS
2187,2024-07-09,Cliente 49,LA MOLINA,"LLANTAS 18""",4,61.5,246.0,Vendedor 1,REPUESTOS
2188,2024-07-09,Cliente 22,SURCO,BATERÍA DE 18 PLACAS,1,117.3,117.3,Vendedor 4,REPUESTOS
2189,2024-07-10,Cliente 35,SURCO,AUTO HONDA PILOT 2013,1,28500.0,28500.0,Vendedor 1,AUTOS
2190,2024-07-10,Cliente 44,SURCO,AUTO HONDA FIT 2016,1,33000.0,33000.0,Vendedor 4,AUTOS
2191,2024-07-10,Cliente 34,SURCO,AUTO HONDA CITY 2016,1,23000.0,23000.0,Vendedor 6,AUTOS
2192,2024-07-10,Cliente 41,LA MOLINA,ACEITE DE MOTOR 5W30 FULL SINTÉTICO,2,90.1,180.2,Vendedor 1,REPUESTOS
2193,2024-07-10,Cliente 5,LA MOLINA,AMORTIGUADORES DELANTEROS,1,341.7,341.7,Vendedor 4,REPUESTOS
2194,2024-07-10,Cliente 14,SURCO,AMORTIGUADORES POSTERIORES,1,127.8,127.8,Vendedor 3,REPUESTOS
2195,2024-07-11,Cliente 16,SURCO,AUTO HONDA PILOT 2013,1,28500.0,28500.0,Vendedor 9,AUTOS
2196,2024-07-11,Cliente 28,SURCO,AUTO HONDA FIT 2016,1,33000.0,33000.0,Vendedor 8,AUTOS
2197,2024-07-11,Cliente 11,SURCO,AUTO HONDA CITY 2016,1,23000.0,23000.0,Vendedor 4,AUTOS
2198,2024-07-11,Cliente 12,LA MOLINA,ACEITE DE MOTOR 5W30 FULL SINTÉTICO,2,90.1,180.2,Vendedor 10,REPUESTOS
2199,2024-07-11,Cliente 19,LA MOLINA,AMORTIGUADORES DELANTEROS,1,341.7,341.7,Vendedor 10,REPUESTOS
2200,2024-07-11,Cliente 18,SURCO,AMORTIGUADORES POSTERIORES,2,127.8,255.6,Vendedor 8,REPUESTOS
2201,2024-07-12,Cliente 25,SURCO,AUTO HONDA CITY 2016,1,23000.0,23000.0,Vendedor 3,AUTOS
2202,2024-07-12,Cliente 33,LA MOLINA,AMORTIGUADORES DELANTEROS,2,341.7,683.4,Vendedor 10,REPUESTOS
2203,2024-07-12,Cliente 49,LA MOLINA,AMORTIGUADORES POSTERIORES,3,127.8,383.4,Vendedor 3,REPUESTOS
2204,2024-07-13,Cliente 28,SURCO,AUTO HONDA CITY 2016,1,23000.0,23000.0,Vendedor 2,AUTOS
2205,2024-07-13,Cliente 36,SURCO,AMORTIGUADORES DELANTEROS,3,341.7,1025.1,Vendedor 3,REPUESTOS
2206,2024-07-13,Cliente 30,SURCO,AMORTIGUADORES POSTERIORES,2,127.8,255.6,Vendedor 5,REPUESTOS
2207,2024-07-14,Cliente 36,SURCO,AUTO HONDA CITY 2016,1,23000.0,23000.0,Vendedor 10,AUTOS
2208,2024-07-14,Cliente 9,LA MOLINA,AMORTIGUADORES DELANTEROS,1,341.7,341.7,Vendedor 8,REPUESTOS
2209,2024-07-15,Cliente 32,LA MOLINA,AMORTIGUADORES DELANTEROS,1,341.7,341.7,Vendedor 7,REPUESTOS
2210,2024-07-16,Cliente 20,SURCO,AMORTIGUADORES DELANTEROS,2,341.7,683.4,Vendedor 10,REPUESTOS
2211,2024-07-17,Cliente 37,LA MOLINA,ACEITE DE MOTOR 5W30 FULL SINTÉTICO,1,90.1,90.1,Vendedor 3,REPUESTOS
2212,2024-07-17,Cliente 49,SURCO,FILTRO DE COMBUSTIBLE,1,107.5,107.5,Vendedor 7,REPUESTOS
2213,2024-07-17,Cliente 33,LA MOLINA,AMORTIGUADORES DELANTEROS,2,341.7,683.4,Vendedor 8,REPUESTOS
2214,2024-07-17,Cliente 42,SURCO,AMORTIGUADORES POSTERIORES,3,127.8,383.4,Vendedor 7,REPUESTOS
2215,2024-07-17,Cliente 16,SURCO,"LLANTAS 18""",4,61.5,246.0,Vendedor 8,REPUESTOS
2216,2024-07-17,Cliente 41,LA MOLINA,BATERÍA DE 18 PLACAS,1,117.3,117.3,Vendedor 1,REPUESTOS
2217,2024-07-18,Cliente 17,SURCO,ACEITE DE MOTOR 5W30 FULL SINTÉTICO,6,90.1,540.6,Vendedor 10,REPUESTOS
2218,2024-07-18,Cliente 44,LA MOLINA,FILTRO DE COMBUSTIBLE,1,107.5,107.5,Vendedor 3,REPUESTOS
2219,2024-07-18,Cliente 39,SURCO,AMORTIGUADORES DELANTEROS,3,341.7,1025.1,Vendedor 10,REPUESTOS
2220,2024-07-18,Cliente 8,SURCO,AMORTIGUADORES POSTERIORES,2,127.8,255.6,Vendedor 2,REPUESTOS
2221,2024-07-18,Cliente 26,LA MOLINA,"LLANTAS 18""",6,61.5,369.0,Vendedor 10,REPUESTOS
2222,2024-07-18,Cliente 28,SURCO,BATERÍA DE 18 PLACAS,1,117.3,117.3,Vendedor 3,REPUESTOS
2223,2024-07-19,Cliente 45,LA MOLINA,ACEITE DE MOTOR 5W30 FULL SINTÉTICO,4,90.1,360.4,Vendedor 5,REPUESTOS
2224,2024-07-19,Cliente 47,LA MOLINA,AMORTIGUADORES DELANTEROS,4,341.7,1366.8,Vendedor 7,REPUESTOS
2225,2024-07-19,Cliente 41,SURCO,AMORTIGUADORES POSTERIORES,1,127.8,127.8,Vendedor 10,REPUESTOS
2226,2024-07-19,Cliente 10,LA MOLINA,"LLANTAS 18""",4,61.5,246.0,Vendedor 5,REPUESTOS
2227,2024-07-19,Cliente 45,LA MOLINA,BATERÍA DE 18 PLACAS,2,117.3,234.6,Vendedor 5,REPUESTOS
2228,2024-07-20,Cliente 32,SURCO,ACEITE DE MOTOR 5W30 FULL SINTÉTICO,1,90.1,90.1,Vendedor 1,REPUESTOS
2229,2024-07-20,Cliente 50,SURCO,AMORTIGUADORES DELANTEROS,1,341.7,341.7,Vendedor 7,REPUESTOS
2230,2024-07-20,Cliente 42,LA MOLINA,AMORTIGUADORES POSTERIORES,5,127.8,639.0,Vendedor 5,REPUESTOS
2231,2024-07-20,Cliente 11,SURCO,"LLANTAS 18""",6,61.5,369.0,Vendedor 3,REPUESTOS
2232,2024-07-20,Cliente 46,SURCO,BATERÍA DE 18 PLACAS,3,117.3,351.9,Vendedor 3,REPUESTOS
2233,2024-07-21,Cliente 12,LA MOLINA,ACEITE DE MOTOR 5W30 FULL SINTÉTICO,2,90.1,180.2,Vendedor 9,REPUESTOS
2234,2024-07-21,Cliente 37,LA MOLINA,AMORTIGUADORES DELANTEROS,1,341.7,341.7,Vendedor 4,REPUESTOS
2235,2024-07-21,Cliente 4,SURCO,AMORTIGUADORES POSTERIORES,2,127.8,255.6,Vendedor 3,REPUESTOS
2236,2024-07-21,Cliente 27,LA MOLINA,BATERÍA DE 18 PLACAS,2,117.3,234.6,Vendedor 8,REPUESTOS
2237,2024-07-22,Cliente 6,SURCO,ACEITE DE MOTOR 5W30 FULL SINTÉTICO,2,90.1,180.2,Vendedor 5,REPUESTOS
2238,2024-07-22,Cliente 8,LA MOLINA,AMORTIGUADORES DELANTEROS,1,341.7,341.7,Vendedor 5,REPUESTOS
2239,2024-07-22,Cliente 2,LA MOLINA,AMORTIGUADORES POSTERIORES,1,127.8,127.8,Vendedor 10,REPUESTOS
2240,2024-07-22,Cliente 44,SURCO,BATERÍA DE 18 PLACAS,1,117.3,117.3,Vendedor 2,REPUESTOS
2241,2024-07-23,Cliente 18,SURCO,ACEITE DE MOTOR 5W30 FULL SINTÉTICO,1,90.1,90.1,Vendedor 1,REPUESTOS
2242,2024-07-23,Cliente 7,SURCO,AMORTIGUADORES DELANTEROS,4,341.7,1366.8,Vendedor 4,REPUESTOS
2243,2024-07-23,Cliente 25,SURCO,AMORTIGUADORES POSTERIORES,2,127.8,255.6,Vendedor 10,REPUESTOS
2244,2024-07-24,Cliente 49,LA MOLINA,ACEITE DE MOTOR 5W30 FULL SINTÉTICO,3,90.1,270.3,Vendedor 6,REPUESTOS
2245,2024-07-24,Cliente 22,LA MOLINA,AMORTIGUADORES DELANTEROS,1,341.7,341.7,Vendedor 6,REPUESTOS
2246,2024-07-24,Cliente 21,LA MOLINA,AMORTIGUADORES POSTERIORES,4,127.8,511.2,Vendedor 4,REPUESTOS
2247,2024-08-01,Cliente 19,LA MOLINA,AUTO HONDA ACCORD 2014,1,20500.0,20500.0,Vendedor 10,AUTOS
2248,2024-08-01,Cliente 46,SURCO,AUTO HONDA CIVIC 2014,1,25500.0,25500.0,Vendedor 3,AUTOS
2249,2024-08-01,Cliente 9,SURCO,AUTO HONDA ODISSEY 2013,1,19500.0,19500.0,Vendedor 8,AUTOS
2250,2024-08-01,Cliente 20,SURCO,AUTO HONDA CRV 2014,1,28000.0,28000.0,Vendedor 9,AUTOS
2251,2024-08-01,Cliente 11,SURCO,AUTO HONDA FIT 2016,1,28000.0,28000.0,Vendedor 8,AUTOS
2252,2024-08-02,Cliente 11,SURCO,AUTO HONDA ACCORD 2014,1,20500.0,20500.0,Vendedor 2,AUTOS
2253,2024-08-02,Cliente 28,SURCO,AUTO HONDA CIVIC 2014,1,25500.0,25500.0,Vendedor 1,AUTOS
2254,2024-08-02,Cliente 21,SURCO,AUTO HONDA ODISSEY 2013,1,19500.0,19500.0,Vendedor 7,AUTOS
2255,2024-08-02,Cliente 15,LA MOLINA,AUTO HONDA CRV 2014,1,28000.0,28000.0,Vendedor 5,AUTOS
2256,2024-08-03,Cliente 6,LA MOLINA,AUTO HONDA ACCORD 2014,1,20500.0,20500.0,Vendedor 6,AUTOS
2257,2024-08-03,Cliente 37,SURCO,AUTO HONDA ODISSEY 2013,1,19500.0,19500.0,Vendedor 10,AUTOS
2258,2024-08-03,Cliente 25,LA MOLINA,ACEITE DE MOTOR 5W30 FULL SINTÉTICO,1,109.2,109.2,Vendedor 7,REPUESTOS
2259,2024-08-03,Cliente 15,LA MOLINA,FILTRO DE COMBUSTIBLE,1,127.7,127.7,Vendedor 4,REPUESTOS
2260,2024-08-03,Cliente 19,SURCO,AMORTIGUADORES DELANTEROS,2,261.5,523.0,Vendedor 2,REPUESTOS
2261,2024-08-03,Cliente 22,SURCO,AMORTIGUADORES POSTERIORES,1,82.0,82.0,Vendedor 10,REPUESTOS
2262,2024-08-03,Cliente 37,SURCO,"LLANTAS 18""",1,79.0,79.0,Vendedor 6,REPUESTOS
2263,2024-08-03,Cliente 21,SURCO,BATERÍA DE 18 PLACAS,1,107.8,107.8,Vendedor 7,REPUESTOS
2264,2024-08-04,Cliente 20,LA MOLINA,AUTO HONDA ODISSEY 2013,1,19500.0,19500.0,Vendedor 1,AUTOS
2265,2024-08-04,Cliente 25,SURCO,ACEITE DE MOTOR 5W30 FULL SINTÉTICO,3,109.2,327.6,Vendedor 7,REPUESTOS
2266,2024-08-04,Cliente 50,SURCO,FILTRO DE COMBUSTIBLE,1,127.7,127.7,Vendedor 6,REPUESTOS
2267,2024-08-04,Cliente 34,SURCO,AMORTIGUADORES DELANTEROS,3,261.5,784.5,Vendedor 10,REPUESTOS
2268,2024-08-04,Cliente 26,SURCO,AMORTIGUADORES POSTERIORES,2,82.0,164.0,Vendedor 1,REPUESTOS
2269,2024-08-04,Cliente 10,LA MOLINA,"LLANTAS 18""",2,79.0,158.0,Vendedor 5,REPUESTOS
2270,2024-08-04,Cliente 32,SURCO,BATERÍA DE 18 PLACAS,1,107.8,107.8,Vendedor 8,REPUESTOS
2271,2024-08-05,Cliente 10,LA MOLINA,ACEITE DE MOTOR 5W30 FULL SINTÉTICO,1,109.2,109.2,Vendedor 1,REPUESTOS
2272,2024-08-05,Cliente 20,LA MOLINA,AMORTIGUADORES DELANTEROS,3,261.5,784.5,Vendedor 9,REPUESTOS
2273,2024-08-05,Cliente 46,LA MOLINA,AMORTIGUADORES POSTERIORES,1,82.0,82.0,Vendedor 10,REPUESTOS
2274,2024-08-05,Cliente 32,SURCO,"LLANTAS 18""",2,79.0,158.0,Vendedor 5,REPUESTOS
2275,2024-08-05,Cliente 4,LA MOLINA,BATERÍA DE 18 PLACAS,1,107.8,107.8,Vendedor 6,REPUESTOS
2276,2024-08-06,Cliente 47,SURCO,ACEITE DE MOTOR 5W30 FULL SINTÉTICO,1,109.2,109.2,Vendedor 4,REPUESTOS
2277,2024-08-06,Cliente 50,SURCO,AMORTIGUADORES DELANTEROS,3,261.5,784.5,Vendedor 3,REPUESTOS
2278,2024-08-06,Cliente 20,LA MOLINA,AMORTIGUADORES POSTERIORES,4,82.0,328.0,Vendedor 3,REPUESTOS
2279,2024-08-06,Cliente 22,LA MOLINA,"LLANTAS 18""",1,79.0,79.0,Vendedor 7,REPUESTOS
2280,2024-08-06,Cliente 23,LA MOLINA,BATERÍA DE 18 PLACAS,1,107.8,107.8,Vendedor 7,REPUESTOS
2281,2024-08-07,Cliente 34,SURCO,ACEITE DE MOTOR 5W30 FULL SINTÉTICO,2,109.2,218.4,Vendedor 5,REPUESTOS
2282,2024-08-07,Cliente 45,SURCO,AMORTIGUADORES DELANTEROS,2,261.5,523.0,Vendedor 9,REPUESTOS
2283,2024-08-07,Cliente 9,SURCO,AMORTIGUADORES POSTERIORES,4,82.0,328.0,Vendedor 6,REPUESTOS
2284,2024-08-07,Cliente 46,SURCO,"LLANTAS 18""",3,79.0,237.0,Vendedor 5,REPUESTOS
2285,2024-08-07,Cliente 42,LA MOLINA,BATERÍA DE 18 PLACAS,1,107.8,107.8,Vendedor 3,REPUESTOS
2286,2024-08-08,Cliente 29,SURCO,ACEITE DE MOTOR 5W30 FULL SINTÉTICO,3,109.2,327.6,Vendedor 8,REPUESTOS
2287,2024-08-08,Cliente 14,LA MOLINA,AMORTIGUADORES DELANTEROS,2,261.5,523.0,Vendedor 4,REPUESTOS
2288,2024-08-08,Cliente 24,SURCO,AMORTIGUADORES POSTERIORES,2,82.0,164.0,Vendedor 10,REPUESTOS
2289,2024-08-08,Cliente 25,SURCO,"LLANTAS 18""",1,79.0,79.0,Vendedor 7,REPUESTOS
2290,2024-08-08,Cliente 4,SURCO,BATERÍA DE 18 PLACAS,1,107.8,107.8,Vendedor 2,REPUESTOS
2291,2024-08-09,Cliente 31,SURCO,AUTO HONDA FIT 2016,1,28000.0,28000.0,Vendedor 3,AUTOS
2292,2024-08-09,Cliente 8,SURCO,AUTO HONDA CITY 2016,1,23000.0,23000.0,Vendedor 9,AUTOS
2293,2024-08-09,Cliente 38,LA MOLINA,ACEITE DE MOTOR 5W30 FULL SINTÉTICO,3,109.2,327.6,Vendedor 7,REPUESTOS
2294,2024-08-09,Cliente 16,LA MOLINA,AMORTIGUADORES DELANTEROS,1,261.5,261.5,Vendedor 1,REPUESTOS
2295,2024-08-09,Cliente 26,SURCO,AMORTIGUADORES POSTERIORES,1,82.0,82.0,Vendedor 8,REPUESTOS
2296,2024-08-09,Cliente 42,SURCO,"LLANTAS 18""",2,79.0,158.0,Vendedor 7,REPUESTOS
2297,2024-08-09,Cliente 50,SURCO,BATERÍA DE 18 PLACAS,1,107.8,107.8,Vendedor 8,REPUESTOS
2298,2024-08-10,Cliente 18,SURCO,AUTO HONDA FIT 2016,1,28000.0,28000.0,Vendedor 8,AUTOS
2299,2024-08-10,Cliente 1,SURCO,AUTO HONDA CITY 2016,1,23000.0,23000.0,Vendedor 2,AUTOS
2300,2024-08-10,Cliente 8,SURCO,ACEITE DE MOTOR 5W30 FULL SINTÉTICO,1,109.2,109.2,Vendedor 8,REPUESTOS
2301,2024-08-10,Cliente 2,LA MOLINA,AMORTIGUADORES DELANTEROS,3,261.5,784.5,Vendedor 10,REPUESTOS
2302,2024-08-10,Cliente 18,LA MOLINA,AMORTIGUADORES POSTERIORES,5,82.0,410.0,Vendedor 2,REPUESTOS
2303,2024-08-10,Cliente 25,SURCO,"LLANTAS 18""",1,79.0,79.0,Vendedor 8,REPUESTOS
2304,2024-08-10,Cliente 20,LA MOLINA,BATERÍA DE 18 PLACAS,1,107.8,107.8,Vendedor 10,REPUESTOS
2305,2024-08-11,Cliente 7,SURCO,AUTO HONDA FIT 2016,1,28000.0,28000.0,Vendedor 6,AUTOS
2306,2024-08-11,Cliente 46,SURCO,AUTO HONDA CITY 2016,1,23000.0,23000.0,Vendedor 9,AUTOS
2307,2024-08-11,Cliente 45,LA MOLINA,ACEITE DE MOTOR 5W30 FULL SINTÉTICO,2,109.2,218.4,Vendedor 1,REPUESTOS
2308,2024-08-11,Cliente 5,LA MOLINA,AMORTIGUADORES DELANTEROS,1,261.5,261.5,Vendedor 9,REPUESTOS
2309,2024-08-11,Cliente 49,LA MOLINA,"LLANTAS 18""",3,79.0,237.0,Vendedor 4,REPUESTOS
2310,2024-08-11,Cliente 12,SURCO,BATERÍA DE 18 PLACAS,1,107.8,107.8,Vendedor 10,REPUESTOS
2311,2024-08-12,Cliente 1,SURCO,AUTO HONDA FIT 2016,1,28000.0,28000.0,Vendedor 9,AUTOS
2312,2024-08-12,Cliente 21,SURCO,AUTO HONDA CITY 2016,1,23000.0,23000.0,Vendedor 2,AUTOS
2313,2024-08-12,Cliente 37,LA MOLINA,ACEITE DE MOTOR 5W30 FULL SINTÉTICO,1,109.2,109.2,Vendedor 4,REPUESTOS
2314,2024-08-12,Cliente 49,LA MOLINA,"LLANTAS 18""",1,79.0,79.0,Vendedor 1,REPUESTOS
2315,2024-08-12,Cliente 8,LA MOLINA,BATERÍA DE 18 PLACAS,1,107.8,107.8,Vendedor 9,REPUESTOS
2316,2024-08-13,Cliente 24,SURCO,AUTO HONDA CITY 2016,1,23000.0,23000.0,Vendedor 9,AUTOS
2317,2024-08-13,Cliente 43,LA MOLINA,ACEITE DE MOTOR 5W30 FULL SINTÉTICO,2,109.2,218.4,Vendedor 1,REPUESTOS
2318,2024-08-13,Cliente 43,LA MOLINA,"LLANTAS 18""",1,79.0,79.0,Vendedor 9,REPUESTOS
2319,2024-08-14,Cliente 34,LA MOLINA,"LLANTAS 18""",2,79.0,158.0,Vendedor 6,REPUESTOS
2320,2024-08-17,Cliente 39,SURCO,ACEITE DE MOTOR 5W30 FULL SINTÉTICO,2,109.2,218.4,Vendedor 9,REPUESTOS
2321,2024-08-17,Cliente 38,SURCO,FILTRO DE COMBUSTIBLE,1,127.7,127.7,Vendedor 6,REPUESTOS
2322,2024-08-17,Cliente 47,SURCO,AMORTIGUADORES DELANTEROS,3,261.5,784.5,Vendedor 10,REPUESTOS
2323,2024-08-17,Cliente 36,SURCO,AMORTIGUADORES POSTERIORES,4,82.0,328.0,Vendedor 5,REPUESTOS
2324,2024-08-17,Cliente 42,LA MOLINA,"LLANTAS 18""",3,79.0,237.0,Vendedor 3,REPUESTOS
2325,2024-08-17,Cliente 6,LA MOLINA,BATERÍA DE 18 PLACAS,2,107.8,215.6,Vendedor 5,REPUESTOS
2326,2024-08-18,Cliente 35,SURCO,ACEITE DE MOTOR 5W30 FULL SINTÉTICO,4,109.2,436.8,Vendedor 4,REPUESTOS
2327,2024-08-18,Cliente 41,LA MOLINA,FILTRO DE COMBUSTIBLE,1,127.7,127.7,Vendedor 5,REPUESTOS
2328,2024-08-18,Cliente 37,LA MOLINA,AMORTIGUADORES DELANTEROS,2,261.5,523.0,Vendedor 9,REPUESTOS
2329,2024-08-18,Cliente 27,SURCO,AMORTIGUADORES POSTERIORES,5,82.0,410.0,Vendedor 3,REPUESTOS
2330,2024-08-18,Cliente 25,LA MOLINA,"LLANTAS 18""",3,79.0,237.0,Vendedor 1,REPUESTOS
2331,2024-08-18,Cliente 18,SURCO,BATERÍA DE 18 PLACAS,1,107.8,107.8,Vendedor 2,REPUESTOS
2332,2024-08-19,Cliente 44,SURCO,ACEITE DE MOTOR 5W30 FULL SINTÉTICO,4,109.2,436.8,Vendedor 9,REPUESTOS
2333,2024-08-19,Cliente 22,SURCO,AMORTIGUADORES DELANTEROS,4,261.5,1046.0,Vendedor 2,REPUESTOS
2334,2024-08-19,Cliente 50,LA MOLINA,AMORTIGUADORES POSTERIORES,6,82.0,492.0,Vendedor 5,REPUESTOS
2335,2024-08-19,Cliente 18,SURCO,"LLANTAS 18""",2,79.0,158.0,Vendedor 1,REPUESTOS
2336,2024-08-19,Cliente 15,LA MOLINA,BATERÍA DE 18 PLACAS,1,107.8,107.8,Vendedor 7,REPUESTOS
2337,2024-08-20,Cliente 12,LA MOLINA,ACEITE DE MOTOR 5W30 FULL SINTÉTICO,1,109.2,109.2,Vendedor 9,REPUESTOS
2338,2024-08-20,Cliente 7,LA MOLINA,AMORTIGUADORES DELANTEROS,3,261.5,784.5,Vendedor 9,REPUESTOS
2339,2024-08-20,Cliente 36,LA MOLINA,AMORTIGUADORES POSTERIORES,4,82.0,328.0,Vendedor 5,REPUESTOS
2340,2024-08-20,Cliente 11,SURCO,"LLANTAS 18""",1,79.0,79.0,Vendedor 6,REPUESTOS
2341,2024-08-20,Cliente 23,SURCO,BATERÍA DE 18 PLACAS,2,107.8,215.6,Vendedor 9,REPUESTOS
2342,2024-08-21,Cliente 31,LA MOLINA,ACEITE DE MOTOR 5W30 FULL SINTÉTICO,5,109.2,546.0,Vendedor 10,REPUESTOS
2343,2024-08-21,Cliente 1,LA MOLINA,AMORTIGUADORES DELANTEROS,2,261.5,523.0,Vendedor 9,REPUESTOS
2344,2024-08-21,Cliente 10,SURCO,AMORTIGUADORES POSTERIORES,1,82.0,82.0,Vendedor 7,REPUESTOS
2345,2024-08-21,Cliente 4,LA MOLINA,"LLANTAS 18""",4,79.0,316.0,Vendedor 6,REPUESTOS
2346,2024-08-21,Cliente 46,LA MOLINA,BATERÍA DE 18 PLACAS,1,107.8,107.8,Vendedor 8,REPUESTOS
2347,2024-08-22,Cliente 23,LA MOLINA,ACEITE DE MOTOR 5W30 FULL SINTÉTICO,2,109.2,218.4,Vendedor 8,REPUESTOS
2348,2024-08-22,Cliente 18,LA MOLINA,AMORTIGUADORES DELANTEROS,3,261.5,784.5,Vendedor 7,REPUESTOS
2349,2024-08-22,Cliente 41,SURCO,"LLANTAS 18""",2,79.0,158.0,Vendedor 2,REPUESTOS
2350,2024-08-22,Cliente 50,LA MOLINA,BATERÍA DE 18 PLACAS,1,107.8,107.8,Vendedor 6,REPUESTOS
2351,2024-08-23,Cliente 41,LA MOLINA,ACEITE DE MOTOR 5W30 FULL SINTÉTICO,2,109.2,218.4,Vendedor 2,REPUESTOS
2352,2024-08-23,Cliente 6,SURCO,AMORTIGUADORES DELANTEROS,1,261.5,261.5,Vendedor 3,REPUESTOS
2353,2024-08-23,Cliente 48,SURCO,"LLANTAS 18""",1,79.0,79.0,Vendedor 5,REPUESTOS
2354,2024-08-23,Cliente 28,SURCO,BATERÍA DE 18 PLACAS,2,107.8,215.6,Vendedor 9,REPUESTOS
2355,2024-08-24,Cliente 32,SURCO,AMORTIGUADORES DELANTEROS,2,261.5,523.0,Vendedor 9,REPUESTOS
2356,2024-08-24,Cliente 26,SURCO,"LLANTAS 18""",4,79.0,316.0,Vendedor 1,REPUESTOS
2357,2024-09-01,Cliente 14,LA MOLINA,AUTO HONDA ACCORD 2014,1,20500.0,20500.0,Vendedor 1,AUTOS
2358,2024-09-01,Cliente 14,LA MOLINA,AUTO HONDA CIVIC 2014,1,24500.0,24500.0,Vendedor 5,AUTOS
2359,2024-09-01,Cliente 30,SURCO,AUTO HONDA CRV 2014,1,26000.0,26000.0,Vendedor 10,AUTOS
2360,2024-09-01,Cliente 4,SURCO,AUTO HONDA PILOT 2013,1,25000.0,25000.0,Vendedor 6,AUTOS
2361,2024-09-02,Cliente 1,SURCO,AUTO HONDA ACCORD 2014,1,20500.0,20500.0,Vendedor 6,AUTOS
2362,2024-09-02,Cliente 26,SURCO,AUTO HONDA CIVIC 2014,1,24500.0,24500.0,Vendedor 6,AUTOS
2363,2024-09-02,Cliente 7,SURCO,AUTO HONDA CRV 2014,1,26000.0,26000.0,Vendedor 7,AUTOS
2364,2024-09-02,Cliente 13,SURCO,AUTO HONDA PILOT 2013,1,25000.0,25000.0,Vendedor 2,AUTOS
2365,2024-09-03,Cliente 10,SURCO,AUTO HONDA ACCORD 2014,1,20500.0,20500.0,Vendedor 5,AUTOS
2366,2024-09-03,Cliente 31,SURCO,AUTO HONDA CIVIC 2014,1,24500.0,24500.0,Vendedor 7,AUTOS
2367,2024-09-03,Cliente 20,LA MOLINA,AUTO HONDA CRV 2014,1,26000.0,26000.0,Vendedor 6,AUTOS
2368,2024-09-03,Cliente 12,SURCO,AUTO HONDA PILOT 2013,1,25000.0,25000.0,Vendedor 9,AUTOS
2369,2024-09-03,Cliente 29,SURCO,ACEITE DE MOTOR 5W30 FULL SINTÉTICO,2,126.6,253.2,Vendedor 8,REPUESTOS
2370,2024-09-03,Cliente 9,SURCO,FILTRO DE COMBUSTIBLE,1,119.2,119.2,Vendedor 6,REPUESTOS
2371,2024-09-03,Cliente 23,SURCO,AMORTIGUADORES DELANTEROS,2,241.0,482.0,Vendedor 4,REPUESTOS
2372,2024-09-03,Cliente 19,SURCO,AMORTIGUADORES POSTERIORES,1,128.3,128.3,Vendedor 1,REPUESTOS
2373,2024-09-03,Cliente 27,LA MOLINA,"LLANTAS 18""",1,76.5,76.5,Vendedor 6,REPUESTOS
2374,2024-09-03,Cliente 43,SURCO,BATERÍA DE 18 PLACAS,1,101.1,101.1,Vendedor 4,REPUESTOS
2375,2024-09-04,Cliente 43,LA MOLINA,AUTO HONDA ACCORD 2014,1,20500.0,20500.0,Vendedor 5,AUTOS
2376,2024-09-04,Cliente 27,SURCO,AUTO HONDA CIVIC 2014,1,24500.0,24500.0,Vendedor 8,AUTOS
2377,2024-09-04,Cliente 44,SURCO,AUTO HONDA PILOT 2013,1,25000.0,25000.0,Vendedor 3,AUTOS
2378,2024-09-04,Cliente 33,LA MOLINA,ACEITE DE MOTOR 5W30 FULL SINTÉTICO,2,126.6,253.2,Vendedor 7,REPUESTOS
2379,2024-09-04,Cliente 8,LA MOLINA,FILTRO DE COMBUSTIBLE,1,119.2,119.2,Vendedor 2,REPUESTOS
2380,2024-09-04,Cliente 10,SURCO,AMORTIGUADORES DELANTEROS,1,241.0,241.0,Vendedor 6,REPUESTOS
2381,2024-09-04,Cliente 50,SURCO,AMORTIGUADORES POSTERIORES,5,128.3,641.5,Vendedor 4,REPUESTOS
2382,2024-09-04,Cliente 28,LA MOLINA,"LLANTAS 18""",1,76.5,76.5,Vendedor 10,REPUESTOS
2383,2024-09-04,Cliente 31,LA MOLINA,BATERÍA DE 18 PLACAS,1,101.1,101.1,Vendedor 5,REPUESTOS
2384,2024-09-05,Cliente 32,LA MOLINA,AUTO HONDA ACCORD 2014,1,20500.0,20500.0,Vendedor 2,AUTOS
2385,2024-09-05,Cliente 16,SURCO,AUTO HONDA PILOT 2013,1,25000.0,25000.0,Vendedor 10,AUTOS
2386,2024-09-05,Cliente 16,SURCO,ACEITE DE MOTOR 5W30 FULL SINTÉTICO,1,126.6,126.6,Vendedor 5,REPUESTOS
2387,2024-09-05,Cliente 45,LA MOLINA,AMORTIGUADORES DELANTEROS,1,241.0,241.0,Vendedor 4,REPUESTOS
2388,2024-09-05,Cliente 31,SURCO,AMORTIGUADORES POSTERIORES,4,128.3,513.2,Vendedor 2,REPUESTOS
2389,2024-09-05,Cliente 13,SURCO,"LLANTAS 18""",3,76.5,229.5,Vendedor 10,REPUESTOS
2390,2024-09-05,Cliente 8,SURCO,BATERÍA DE 18 PLACAS,1,101.1,101.1,Vendedor 3,REPUESTOS
2391,2024-09-06,Cliente 3,SURCO,AUTO HONDA ACCORD 2014,1,20500.0,20500.0,Vendedor 5,AUTOS
2392,2024-09-06,Cliente 28,SURCO,ACEITE DE MOTOR 5W30 FULL SINTÉTICO,1,126.6,126.6,Vendedor 1,REPUESTOS
2393,2024-09-06,Cliente 4,SURCO,AMORTIGUADORES DELANTEROS,1,241.0,241.0,Vendedor 7,REPUESTOS
2394,2024-09-06,Cliente 45,LA MOLINA,AMORTIGUADORES POSTERIORES,4,128.3,513.2,Vendedor 4,REPUESTOS
2395,2024-09-06,Cliente 28,LA MOLINA,"LLANTAS 18""",1,76.5,76.5,Vendedor 8,REPUESTOS
2396,2024-09-06,Cliente 42,LA MOLINA,BATERÍA DE 18 PLACAS,1,101.1,101.1,Vendedor 1,REPUESTOS
2397,2024-09-07,Cliente 8,SURCO,AUTO HONDA ACCORD 2014,1,20500.0,20500.0,Vendedor 5,AUTOS
2398,2024-09-07,Cliente 23,LA MOLINA,ACEITE DE MOTOR 5W30 FULL SINTÉTICO,2,126.6,253.2,Vendedor 7,REPUESTOS
2399,2024-09-07,Cliente 4,LA MOLINA,AMORTIGUADORES DELANTEROS,1,241.0,241.0,Vendedor 3,REPUESTOS
2400,2024-09-07,Cliente 4,LA MOLINA,AMORTIGUADORES POSTERIORES,1,128.3,128.3,Vendedor 6,REPUESTOS
2401,2024-09-07,Cliente 31,LA MOLINA,"LLANTAS 18""",1,76.5,76.5,Vendedor 5,REPUESTOS
2402,2024-09-07,Cliente 12,LA MOLINA,BATERÍA DE 18 PLACAS,1,101.1,101.1,Vendedor 5,REPUESTOS
2403,2024-09-08,Cliente 22,LA MOLINA,ACEITE DE MOTOR 5W30 FULL SINTÉTICO,2,126.6,253.2,Vendedor 5,REPUESTOS
2404,2024-09-08,Cliente 43,SURCO,AMORTIGUADORES DELANTEROS,1,241.0,241.0,Vendedor 1,REPUESTOS
2405,2024-09-08,Cliente 22,LA MOLINA,AMORTIGUADORES POSTERIORES,5,128.3,641.5,Vendedor 6,REPUESTOS
2406,2024-09-08,Cliente 48,LA MOLINA,"LLANTAS 18""",3,76.5,229.5,Vendedor 10,REPUESTOS
2407,2024-09-08,Cliente 42,SURCO,BATERÍA DE 18 PLACAS,2,101.1,202.2,Vendedor 5,REPUESTOS
2408,2024-09-09,Cliente 38,SURCO,AUTO HONDA FIT 2016,1,28000.0,28000.0,Vendedor 7,AUTOS
2409,2024-09-09,Cliente 7,SURCO,AUTO HONDA CITY 2016,1,28500.0,28500.0,Vendedor 3,AUTOS
2410,2024-09-09,Cliente 3,SURCO,ACEITE DE MOTOR 5W30 FULL SINTÉTICO,3,126.6,379.8,Vendedor 10,REPUESTOS
2411,2024-09-09,Cliente 13,SURCO,AMORTIGUADORES DELANTEROS,3,241.0,723.0,Vendedor 8,REPUESTOS
2412,2024-09-09,Cliente 20,LA MOLINA,"LLANTAS 18""",1,76.5,76.5,Vendedor 8,REPUESTOS
2413,2024-09-09,Cliente 3,SURCO,BATERÍA DE 18 PLACAS,1,101.1,101.1,Vendedor 3,REPUESTOS
2414,2024-09-10,Cliente 27,SURCO,AUTO HONDA FIT 2016,1,28000.0,28000.0,Vendedor 9,AUTOS
2415,2024-09-10,Cliente 49,SURCO,AUTO HONDA CITY 2016,1,28500.0,28500.0,Vendedor 9,AUTOS
2416,2024-09-10,Cliente 29,LA MOLINA,ACEITE DE MOTOR 5W30 FULL SINTÉTICO,2,126.6,253.2,Vendedor 2,REPUESTOS
2417,2024-09-10,Cliente 31,SURCO,AMORTIGUADORES DELANTEROS,2,241.0,482.0,Vendedor 7,REPUESTOS
2418,2024-09-10,Cliente 11,SURCO,"LLANTAS 18""",3,76.5,229.5,Vendedor 10,REPUESTOS
2419,2024-09-10,Cliente 19,LA MOLINA,BATERÍA DE 18 PLACAS,2,101.1,202.2,Vendedor 1,REPUESTOS
2420,2024-09-11,Cliente 45,SURCO,AUTO HONDA FIT 2016,1,28000.0,28000.0,Vendedor 4,AUTOS
2421,2024-09-11,Cliente 32,LA MOLINA,ACEITE DE MOTOR 5W30 FULL SINTÉTICO,2,126.6,253.2,Vendedor 9,REPUESTOS
2422,2024-09-11,Cliente 11,LA MOLINA,AMORTIGUADORES DELANTEROS,3,241.0,723.0,Vendedor 8,REPUESTOS
2423,2024-09-11,Cliente 26,LA MOLINA,"LLANTAS 18""",2,76.5,153.0,Vendedor 10,REPUESTOS
2424,2024-09-12,Cliente 12,SURCO,AUTO HONDA FIT 2016,1,28000.0,28000.0,Vendedor 1,AUTOS
2425,2024-09-12,Cliente 38,SURCO,ACEITE DE MOTOR 5W30 FULL SINTÉTICO,1,126.6,126.6,Vendedor 1,REPUESTOS
2426,2024-09-12,Cliente 33,LA MOLINA,AMORTIGUADORES DELANTEROS,3,241.0,723.0,Vendedor 9,REPUESTOS
2427,2024-09-12,Cliente 19,SURCO,"LLANTAS 18""",3,76.5,229.5,Vendedor 5,REPUESTOS
2428,2024-09-13,Cliente 3,SURCO,ACEITE DE MOTOR 5W30 FULL SINTÉTICO,2,126.6,253.2,Vendedor 9,REPUESTOS
2429,2024-09-13,Cliente 3,LA MOLINA,AMORTIGUADORES DELANTEROS,1,241.0,241.0,Vendedor 3,REPUESTOS
2430,2024-09-13,Cliente 4,SURCO,"LLANTAS 18""",1,76.5,76.5,Vendedor 4,REPUESTOS
2431,2024-09-14,Cliente 41,LA MOLINA,AMORTIGUADORES DELANTEROS,1,241.0,241.0,Vendedor 10,REPUESTOS
2432,2024-09-17,Cliente 12,LA MOLINA,ACEITE DE MOTOR 5W30 FULL SINTÉTICO,2,126.6,253.2,Vendedor 5,REPUESTOS
2433,2024-09-17,Cliente 35,SURCO,FILTRO DE COMBUSTIBLE,1,119.2,119.2,Vendedor 10,REPUESTOS
2434,2024-09-17,Cliente 42,LA MOLINA,AMORTIGUADORES DELANTEROS,1,241.0,241.0,Vendedor 5,REPUESTOS
2435,2024-09-17,Cliente 15,LA MOLINA,AMORTIGUADORES POSTERIORES,4,128.3,513.2,Vendedor 6,REPUESTOS
2436,2024-09-17,Cliente 38,SURCO,"LLANTAS 18""",3,76.5,229.5,Vendedor 7,REPUESTOS
2437,2024-09-17,Cliente 15,LA MOLINA,BATERÍA DE 18 PLACAS,1,101.1,101.1,Vendedor 7,REPUESTOS
2438,2024-09-18,Cliente 31,SURCO,ACEITE DE MOTOR 5W30 FULL SINTÉTICO,3,126.6,379.8,Vendedor 2,REPUESTOS
2439,2024-09-18,Cliente 12,LA MOLINA,FILTRO DE COMBUSTIBLE,1,119.2,119.2,Vendedor 8,REPUESTOS
2440,2024-09-18,Cliente 13,SURCO,AMORTIGUADORES DELANTEROS,2,241.0,482.0,Vendedor 10,REPUESTOS
2441,2024-09-18,Cliente 42,SURCO,AMORTIGUADORES POSTERIORES,8,128.3,1026.4,Vendedor 5,REPUESTOS
2442,2024-09-18,Cliente 11,LA MOLINA,"LLANTAS 18""",1,76.5,76.5,Vendedor 3,REPUESTOS
2443,2024-09-18,Cliente 5,SURCO,BATERÍA DE 18 PLACAS,2,101.1,202.2,Vendedor 3,REPUESTOS
2444,2024-09-19,Cliente 16,LA MOLINA,ACEITE DE MOTOR 5W30 FULL SINTÉTICO,1,126.6,126.6,Vendedor 8,REPUESTOS
2445,2024-09-19,Cliente 47,SURCO,AMORTIGUADORES DELANTEROS,4,241.0,964.0,Vendedor 9,REPUESTOS
2446,2024-09-19,Cliente 39,SURCO,AMORTIGUADORES POSTERIORES,2,128.3,256.6,Vendedor 2,REPUESTOS
2447,2024-09-19,Cliente 2,LA MOLINA,"LLANTAS 18""",4,76.5,306.0,Vendedor 2,REPUESTOS
2448,2024-09-19,Cliente 9,SURCO,BATERÍA DE 18 PLACAS,1,101.1,101.1,Vendedor 4,REPUESTOS
2449,2024-09-20,Cliente 10,LA MOLINA,ACEITE DE MOTOR 5W30 FULL SINTÉTICO,1,126.6,126.6,Vendedor 10,REPUESTOS
2450,2024-09-20,Cliente 7,SURCO,AMORTIGUADORES DELANTEROS,1,241.0,241.0,Vendedor 9,REPUESTOS
2451,2024-09-20,Cliente 13,LA MOLINA,AMORTIGUADORES POSTERIORES,6,128.3,769.8,Vendedor 3,REPUESTOS
2452,2024-09-20,Cliente 11,LA MOLINA,"LLANTAS 18""",4,76.5,306.0,Vendedor 5,REPUESTOS
2453,2024-09-20,Cliente 10,LA MOLINA,BATERÍA DE 18 PLACAS,3,101.1,303.3,Vendedor 4,REPUESTOS
2454,2024-09-21,Cliente 41,LA MOLINA,ACEITE DE MOTOR 5W30 FULL SINTÉTICO,1,126.6,126.6,Vendedor 9,REPUESTOS
2455,2024-09-21,Cliente 3,SURCO,AMORTIGUADORES DELANTEROS,1,241.0,241.0,Vendedor 2,REPUESTOS
2456,2024-09-21,Cliente 33,SURCO,"LLANTAS 18""",3,76.5,229.5,Vendedor 7,REPUESTOS
2457,2024-09-21,Cliente 15,SURCO,BATERÍA DE 18 PLACAS,2,101.1,202.2,Vendedor 1,REPUESTOS
2458,2024-09-22,Cliente 25,LA MOLINA,ACEITE DE MOTOR 5W30 FULL SINTÉTICO,2,126.6,253.2,Vendedor 3,REPUESTOS
2459,2024-09-22,Cliente 15,LA MOLINA,AMORTIGUADORES DELANTEROS,3,241.0,723.0,Vendedor 7,REPUESTOS
2460,2024-09-22,Cliente 32,SURCO,"LLANTAS 18""",4,76.5,306.0,Vendedor 3,REPUESTOS
2461,2024-09-22,Cliente 7,LA MOLINA,BATERÍA DE 18 PLACAS,1,101.1,101.1,Vendedor 5,REPUESTOS
2462,2024-09-23,Cliente 40,SURCO,ACEITE DE MOTOR 5W30 FULL SINTÉTICO,3,126.6,379.8,Vendedor 6,REPUESTOS
2463,2024-09-23,Cliente 6,LA MOLINA,AMORTIGUADORES DELANTEROS,1,241.0,241.0,Vendedor 1,REPUESTOS
2464,2024-09-23,Cliente 28,LA MOLINA,"LLANTAS 18""",1,76.5,76.5,Vendedor 9,REPUESTOS
2465,2024-09-24,Cliente 10,LA MOLINA,ACEITE DE MOTOR 5W30 FULL SINTÉTICO,3,126.6,379.8,Vendedor 5,REPUESTOS
2466,2024-09-24,Cliente 23,LA MOLINA,AMORTIGUADORES DELANTEROS,5,241.0,1205.0,Vendedor 2,REPUESTOS
2467,2024-09-25,Cliente 46,SURCO,ACEITE DE MOTOR 5W30 FULL SINTÉTICO,4,126.6,506.4,Vendedor 2,REPUESTOS
2468,2024-09-25,Cliente 50,SURCO,AMORTIGUADORES DELANTEROS,1,241.0,241.0,Vendedor 3,REPUESTOS
2469,2024-09-26,Cliente 5,SURCO,AMORTIGUADORES DELANTEROS,1,241.0,241.0,Vendedor 2,REPUESTOS
2470,2024-10-01,Cliente 16,SURCO,AUTO HONDA ACCORD 2014,1,28500.0,28500.0,Vendedor 6,AUTOS
2471,2024-10-01,Cliente 14,SURCO,AUTO HONDA CIVIC 2014,1,26000.0,26000.0,Vendedor 1,AUTOS
2472,2024-10-01,Cliente 36,LA MOLINA,AUTO HONDA ODISSEY 2013,1,30000.0,30000.0,Vendedor 8,AUTOS
2473,2024-10-01,Cliente 8,SURCO,AUTO HONDA CRV 2014,1,23000.0,23000.0,Vendedor 1,AUTOS
2474,2024-10-01,Cliente 24,SURCO,AUTO HONDA FIT 2016,1,27500.0,27500.0,Vendedor 3,AUTOS
2475,2024-10-01,Cliente 30,SURCO,AUTO HONDA CITY 2016,1,24000.0,24000.0,Vendedor 3,AUTOS
2476,2024-10-02,Cliente 48,LA MOLINA,AUTO HONDA ACCORD 2014,1,28500.0,28500.0,Vendedor 3,AUTOS
2477,2024-10-02,Cliente 45,SURCO,AUTO HONDA CIVIC 2014,1,26000.0,26000.0,Vendedor 3,AUTOS
2478,2024-10-02,Cliente 47,LA MOLINA,AUTO HONDA ODISSEY 2013,1,30000.0,30000.0,Vendedor 1,AUTOS
2479,2024-10-02,Cliente 24,LA MOLINA,AUTO HONDA CRV 2014,1,23000.0,23000.0,Vendedor 1,AUTOS
2480,2024-10-02,Cliente 43,SURCO,AUTO HONDA CITY 2016,1,24000.0,24000.0,Vendedor 10,AUTOS
2481,2024-10-03,Cliente 10,LA MOLINA,AUTO HONDA ACCORD 2014,1,28500.0,28500.0,Vendedor 2,AUTOS
2482,2024-10-03,Cliente 5,LA MOLINA,AUTO HONDA CIVIC 2014,1,26000.0,26000.0,Vendedor 1,AUTOS
2483,2024-10-03,Cliente 10,LA MOLINA,AUTO HONDA ODISSEY 2013,1,30000.0,30000.0,Vendedor 3,AUTOS
2484,2024-10-03,Cliente 48,SURCO,AUTO HONDA CITY 2016,1,24000.0,24000.0,Vendedor 3,AUTOS
2485,2024-10-03,Cliente 27,LA MOLINA,ACEITE DE MOTOR 5W30 FULL SINTÉTICO,2,128.6,257.2,Vendedor 6,REPUESTOS
2486,2024-10-03,Cliente 42,LA MOLINA,FILTRO DE COMBUSTIBLE,1,118.0,118.0,Vendedor 1,REPUESTOS
2487,2024-10-03,Cliente 10,SURCO,AMORTIGUADORES DELANTEROS,2,272.5,545.0,Vendedor 1,REPUESTOS
2488,2024-10-03,Cliente 33,SURCO,AMORTIGUADORES POSTERIORES,1,129.4,129.4,Vendedor 3,REPUESTOS
2489,2024-10-03,Cliente 28,LA MOLINA,"LLANTAS 18""",1,90.9,90.9,Vendedor 8,REPUESTOS
2490,2024-10-03,Cliente 46,LA MOLINA,BATERÍA DE 18 PLACAS,2,90.3,180.6,Vendedor 4,REPUESTOS
2491,2024-10-04,Cliente 11,LA MOLINA,AUTO HONDA CIVIC 2014,1,26000.0,26000.0,Vendedor 5,AUTOS
2492,2024-10-04,Cliente 34,SURCO,AUTO HONDA ODISSEY 2013,1,30000.0,30000.0,Vendedor 7,AUTOS
2493,2024-10-04,Cliente 26,SURCO,ACEITE DE MOTOR 5W30 FULL SINTÉTICO,1,128.6,128.6,Vendedor 10,REPUESTOS
2494,2024-10-04,Cliente 26,SURCO,AMORTIGUADORES DELANTEROS,1,272.5,272.5,Vendedor 3,REPUESTOS
2495,2024-10-04,Cliente 31,LA MOLINA,AMORTIGUADORES POSTERIORES,1,129.4,129.4,Vendedor 6,REPUESTOS
2496,2024-10-04,Cliente 25,LA MOLINA,"LLANTAS 18""",3,90.9,272.7,Vendedor 3,REPUESTOS
2497,2024-10-04,Cliente 42,LA MOLINA,BATERÍA DE 18 PLACAS,1,90.3,90.3,Vendedor 7,REPUESTOS
2498,2024-10-05,Cliente 18,SURCO,AUTO HONDA ODISSEY 2013,1,30000.0,30000.0,Vendedor 2,AUTOS
2499,2024-10-05,Cliente 24,SURCO,ACEITE DE MOTOR 5W30 FULL SINTÉTICO,1,128.6,128.6,Vendedor 10,REPUESTOS
2500,2024-10-05,Cliente 16,SURCO,AMORTIGUADORES DELANTEROS,3,272.5,817.5,Vendedor 5,REPUESTOS
2501,2024-10-05,Cliente 5,SURCO,AMORTIGUADORES POSTERIORES,2,129.4,258.8,Vendedor 4,REPUESTOS
2502,2024-10-05,Cliente 49,SURCO,"LLANTAS 18""",3,90.9,272.7,Vendedor 5,REPUESTOS
2503,2024-10-05,Cliente 41,SURCO,BATERÍA DE 18 PLACAS,1,90.3,90.3,Vendedor 1,REPUESTOS
2504,2024-10-06,Cliente 18,SURCO,AUTO HONDA ODISSEY 2013,1,30000.0,30000.0,Vendedor 2,AUTOS
2505,2024-10-06,Cliente 37,SURCO,ACEITE DE MOTOR 5W30 FULL SINTÉTICO,3,128.6,385.8,Vendedor 8,REPUESTOS
2506,2024-10-06,Cliente 21,SURCO,AMORTIGUADORES DELANTEROS,1,272.5,272.5,Vendedor 2,REPUESTOS
2507,2024-10-06,Cliente 23,SURCO,AMORTIGUADORES POSTERIORES,3,129.4,388.2,Vendedor 5,REPUESTOS
2508,2024-10-06,Cliente 21,SURCO,"LLANTAS 18""",2,90.9,181.8,Vendedor 7,REPUESTOS
2509,2024-10-06,Cliente 45,SURCO,BATERÍA DE 18 PLACAS,2,90.3,180.6,Vendedor 2,REPUESTOS
2510,2024-10-07,Cliente 48,LA MOLINA,ACEITE DE MOTOR 5W30 FULL SINTÉTICO,2,128.6,257.2,Vendedor 9,REPUESTOS
2511,2024-10-07,Cliente 2,SURCO,AMORTIGUADORES DELANTEROS,1,272.5,272.5,Vendedor 10,REPUESTOS
2512,2024-10-07,Cliente 38,LA MOLINA,AMORTIGUADORES POSTERIORES,4,129.4,517.6,Vendedor 1,REPUESTOS
2513,2024-10-07,Cliente 10,SURCO,"LLANTAS 18""",2,90.9,181.8,Vendedor 8,REPUESTOS
2514,2024-10-07,Cliente 46,SURCO,BATERÍA DE 18 PLACAS,1,90.3,90.3,Vendedor 4,REPUESTOS
2515,2024-10-08,Cliente 50,SURCO,ACEITE DE MOTOR 5W30 FULL SINTÉTICO,1,128.6,128.6,Vendedor 3,REPUESTOS
2516,2024-10-08,Cliente 9,LA MOLINA,AMORTIGUADORES DELANTEROS,3,272.5,817.5,Vendedor 6,REPUESTOS
2517,2024-10-08,Cliente 40,LA MOLINA,AMORTIGUADORES POSTERIORES,3,129.4,388.2,Vendedor 7,REPUESTOS
2518,2024-10-08,Cliente 16,LA MOLINA,"LLANTAS 18""",1,90.9,90.9,Vendedor 4,REPUESTOS
2519,2024-10-08,Cliente 37,SURCO,BATERÍA DE 18 PLACAS,1,90.3,90.3,Vendedor 8,REPUESTOS
2520,2024-10-09,Cliente 10,SURCO,ACEITE DE MOTOR 5W30 FULL SINTÉTICO,1,128.6,128.6,Vendedor 5,REPUESTOS
2521,2024-10-09,Cliente 7,LA MOLINA,AMORTIGUADORES DELANTEROS,1,272.5,272.5,Vendedor 8,REPUESTOS
2522,2024-10-09,Cliente 19,SURCO,AMORTIGUADORES POSTERIORES,3,129.4,388.2,Vendedor 3,REPUESTOS
2523,2024-10-09,Cliente 37,LA MOLINA,"LLANTAS 18""",1,90.9,90.9,Vendedor 6,REPUESTOS
2524,2024-10-09,Cliente 5,LA MOLINA,BATERÍA DE 18 PLACAS,2,90.3,180.6,Vendedor 3,REPUESTOS
2525,2024-10-10,Cliente 17,LA MOLINA,AUTO HONDA ACCORD 2014,1,28500.0,28500.0,Vendedor 8,AUTOS
2526,2024-10-10,Cliente 49,SURCO,AUTO HONDA PILOT 2013,1,20500.0,20500.0,Vendedor 8,AUTOS
2527,2024-10-10,Cliente 8,SURCO,AUTO HONDA FIT 2016,1,27500.0,27500.0,Vendedor 10,AUTOS
2528,2024-10-10,Cliente 3,SURCO,AUTO HONDA CITY 2016,1,24000.0,24000.0,Vendedor 6,AUTOS
2529,2024-10-10,Cliente 27,LA MOLINA,ACEITE DE MOTOR 5W30 FULL SINTÉTICO,2,128.6,257.2,Vendedor 10,REPUESTOS
2530,2024-10-10,Cliente 24,LA MOLINA,AMORTIGUADORES DELANTEROS,2,272.5,545.0,Vendedor 9,REPUESTOS
2531,2024-10-10,Cliente 24,LA MOLINA,AMORTIGUADORES POSTERIORES,2,129.4,258.8,Vendedor 2,REPUESTOS
2532,2024-10-10,Cliente 33,LA MOLINA,"LLANTAS 18""",3,90.9,272.7,Vendedor 8,REPUESTOS
2533,2024-10-11,Cliente 40,SURCO,AUTO HONDA PILOT 2013,1,20500.0,20500.0,Vendedor 1,AUTOS
2534,2024-10-11,Cliente 45,SURCO,AUTO HONDA FIT 2016,1,27500.0,27500.0,Vendedor 9,AUTOS
2535,2024-10-11,Cliente 10,SURCO,AUTO HONDA CITY 2016,1,24000.0,24000.0,Vendedor 2,AUTOS
2536,2024-10-11,Cliente 11,LA MOLINA,ACEITE DE MOTOR 5W30 FULL SINTÉTICO,2,128.6,257.2,Vendedor 10,REPUESTOS
2537,2024-10-11,Cliente 15,SURCO,AMORTIGUADORES DELANTEROS,2,272.5,545.0,Vendedor 7,REPUESTOS
2538,2024-10-11,Cliente 23,SURCO,AMORTIGUADORES POSTERIORES,1,129.4,129.4,Vendedor 8,REPUESTOS
2539,2024-10-11,Cliente 7,LA MOLINA,"LLANTAS 18""",1,90.9,90.9,Vendedor 2,REPUESTOS
2540,2024-10-12,Cliente 26,SURCO,AUTO HONDA PILOT 2013,1,20500.0,20500.0,Vendedor 7,AUTOS
2541,2024-10-12,Cliente 26,SURCO,AUTO HONDA FIT 2016,1,27500.0,27500.0,Vendedor 6,AUTOS
2542,2024-10-12,Cliente 22,LA MOLINA,ACEITE DE MOTOR 5W30 FULL SINTÉTICO,1,128.6,128.6,Vendedor 10,REPUESTOS
2543,2024-10-12,Cliente 45,LA MOLINA,AMORTIGUADORES DELANTEROS,4,272.5,1090.0,Vendedor 8,REPUESTOS
2544,2024-10-12,Cliente 3,SURCO,"LLANTAS 18""",3,90.9,272.7,Vendedor 9,REPUESTOS
2545,2024-10-13,Cliente 10,SURCO,AUTO HONDA PILOT 2013,1,20500.0,20500.0,Vendedor 4,AUTOS
2546,2024-10-13,Cliente 37,SURCO,AUTO HONDA FIT 2016,1,27500.0,27500.0,Vendedor 1,AUTOS
2547,2024-10-13,Cliente 4,LA MOLINA,ACEITE DE MOTOR 5W30 FULL SINTÉTICO,1,128.6,128.6,Vendedor 6,REPUESTOS
2548,2024-10-14,Cliente 49,SURCO,ACEITE DE MOTOR 5W30 FULL SINTÉTICO,1,128.6,128.6,Vendedor 7,REPUESTOS
2549,2024-10-15,Cliente 18,SURCO,ACEITE DE MOTOR 5W30 FULL SINTÉTICO,1,128.6,128.6,Vendedor 7,REPUESTOS
2550,2024-10-16,Cliente 12,SURCO,ACEITE DE MOTOR 5W30 FULL SINTÉTICO,1,128.6,128.6,Vendedor 1,REPUESTOS
2551,2024-10-17,Cliente 23,SURCO,ACEITE DE MOTOR 5W30 FULL SINTÉTICO,2,128.6,257.2,Vendedor 7,REPUESTOS
2552,2024-10-17,Cliente 35,LA MOLINA,AMORTIGUADORES DELANTEROS,4,272.5,1090.0,Vendedor 3,REPUESTOS
2553,2024-10-17,Cliente 23,LA MOLINA,AMORTIGUADORES POSTERIORES,6,129.4,776.4,Vendedor 10,REPUESTOS
2554,2024-10-17,Cliente 36,SURCO,"LLANTAS 18""",4,90.9,363.6,Vendedor 10,REPUESTOS
2555,2024-10-17,Cliente 47,SURCO,BATERÍA DE 18 PLACAS,1,90.3,90.3,Vendedor 10,REPUESTOS
2556,2024-10-18,Cliente 43,LA MOLINA,ACEITE DE MOTOR 5W30 FULL SINTÉTICO,2,128.6,257.2,Vendedor 6,REPUESTOS
2557,2024-10-18,Cliente 30,SURCO,AMORTIGUADORES DELANTEROS,1,272.5,272.5,Vendedor 3,REPUESTOS
2558,2024-10-18,Cliente 8,LA MOLINA,AMORTIGUADORES POSTERIORES,4,129.4,517.6,Vendedor 7,REPUESTOS
2559,2024-10-18,Cliente 29,SURCO,"LLANTAS 18""",3,90.9,272.7,Vendedor 3,REPUESTOS
2560,2024-10-18,Cliente 41,LA MOLINA,BATERÍA DE 18 PLACAS,3,90.3,270.9,Vendedor 10,REPUESTOS
2561,2024-10-19,Cliente 14,SURCO,ACEITE DE MOTOR 5W30 FULL SINTÉTICO,1,128.6,128.6,Vendedor 4,REPUESTOS
2562,2024-10-19,Cliente 39,SURCO,AMORTIGUADORES DELANTEROS,4,272.5,1090.0,Vendedor 7,REPUESTOS
2563,2024-10-19,Cliente 14,SURCO,AMORTIGUADORES POSTERIORES,4,129.4,517.6,Vendedor 4,REPUESTOS
2564,2024-10-19,Cliente 24,SURCO,"LLANTAS 18""",3,90.9,272.7,Vendedor 6,REPUESTOS
2565,2024-10-19,Cliente 20,LA MOLINA,BATERÍA DE 18 PLACAS,1,90.3,90.3,Vendedor 9,REPUESTOS
2566,2024-10-20,Cliente 42,LA MOLINA,ACEITE DE MOTOR 5W30 FULL SINTÉTICO,1,128.6,128.6,Vendedor 8,REPUESTOS
2567,2024-10-20,Cliente 23,LA MOLINA,AMORTIGUADORES DELANTEROS,4,272.5,1090.0,Vendedor 6,REPUESTOS
2568,2024-10-20,Cliente 8,SURCO,AMORTIGUADORES POSTERIORES,6,129.4,776.4,Vendedor 3,REPUESTOS
2569,2024-10-20,Cliente 24,LA MOLINA,"LLANTAS 18""",4,90.9,363.6,Vendedor 3,REPUESTOS
2570,2024-10-20,Cliente 35,SURCO,BATERÍA DE 18 PLACAS,3,90.3,270.9,Vendedor 7,REPUESTOS
2571,2024-10-21,Cliente 43,LA MOLINA,ACEITE DE MOTOR 5W30 FULL SINTÉTICO,4,128.6,514.4,Vendedor 7,REPUESTOS
2572,2024-10-21,Cliente 45,LA MOLINA,AMORTIGUADORES DELANTEROS,2,272.5,545.0,Vendedor 10,REPUESTOS
2573,2024-10-21,Cliente 6,LA MOLINA,"LLANTAS 18""",1,90.9,90.9,Vendedor 1,REPUESTOS
2574,2024-10-21,Cliente 7,LA MOLINA,BATERÍA DE 18 PLACAS,1,90.3,90.3,Vendedor 8,REPUESTOS
2575,2024-10-22,Cliente 41,SURCO,ACEITE DE MOTOR 5W30 FULL SINTÉTICO,5,128.6,643.0,Vendedor 8,REPUESTOS
2576,2024-10-22,Cliente 43,SURCO,AMORTIGUADORES DELANTEROS,5,272.5,1362.5,Vendedor 5,REPUESTOS
2577,2024-10-22,Cliente 50,LA MOLINA,"LLANTAS 18""",2,90.9,181.8,Vendedor 8,REPUESTOS
2578,2024-10-22,Cliente 13,SURCO,BATERÍA DE 18 PLACAS,1,90.3,90.3,Vendedor 8,REPUESTOS
2579,2024-10-23,Cliente 30,LA MOLINA,ACEITE DE MOTOR 5W30 FULL SINTÉTICO,1,128.6,128.6,Vendedor 7,REPUESTOS
2580,2024-10-23,Cliente 33,LA MOLINA,"LLANTAS 18""",3,90.9,272.7,Vendedor 5,REPUESTOS
2581,2024-10-24,Cliente 20,LA MOLINA,ACEITE DE MOTOR 5W30 FULL SINTÉTICO,2,128.6,257.2,Vendedor 7,REPUESTOS
2582,2024-11-01,Cliente 21,SURCO,AUTO HONDA ACCORD 2014,1,28500.0,28500.0,Vendedor 4,AUTOS
2583,2024-11-01,Cliente 6,SURCO,AUTO HONDA CIVIC 2014,1,30500.0,30500.0,Vendedor 1,AUTOS
2584,2024-11-01,Cliente 1,LA MOLINA,AUTO HONDA ODISSEY 2013,1,26000.0,26000.0,Vendedor 10,AUTOS
2585,2024-11-01,Cliente 2,SURCO,AUTO HONDA CRV 2014,1,23000.0,23000.0,Vendedor 10,AUTOS
2586,2024-11-01,Cliente 37,SURCO,AUTO HONDA PILOT 2013,1,20500.0,20500.0,Vendedor 7,AUTOS
2587,2024-11-01,Cliente 30,SURCO,FILTRO DE COMBUSTIBLE,1,102.7,102.7,Vendedor 6,REPUESTOS
2588,2024-11-02,Cliente 20,SURCO,AUTO HONDA ACCORD 2014,1,28500.0,28500.0,Vendedor 4,AUTOS
2589,2024-11-02,Cliente 47,SURCO,AUTO HONDA CIVIC 2014,1,30500.0,30500.0,Vendedor 7,AUTOS
2590,2024-11-02,Cliente 43,LA MOLINA,AUTO HONDA CRV 2014,1,23000.0,23000.0,Vendedor 1,AUTOS
2591,2024-11-02,Cliente 10,LA MOLINA,FILTRO DE COMBUSTIBLE,1,102.7,102.7,Vendedor 1,REPUESTOS
2592,2024-11-03,Cliente 7,SURCO,AUTO HONDA ACCORD 2014,1,28500.0,28500.0,Vendedor 3,AUTOS
2593,2024-11-03,Cliente 17,LA MOLINA,AUTO HONDA CIVIC 2014,1,30500.0,30500.0,Vendedor 3,AUTOS
2594,2024-11-03,Cliente 5,SURCO,AUTO HONDA CRV 2014,1,23000.0,23000.0,Vendedor 8,AUTOS
2595,2024-11-03,Cliente 26,SURCO,ACEITE DE MOTOR 5W30 FULL SINTÉTICO,2,101.7,203.4,Vendedor 2,REPUESTOS
2596,2024-11-03,Cliente 27,SURCO,AMORTIGUADORES DELANTEROS,2,264.9,529.8,Vendedor 2,REPUESTOS
2597,2024-11-03,Cliente 14,SURCO,AMORTIGUADORES POSTERIORES,2,84.1,168.2,Vendedor 7,REPUESTOS
2598,2024-11-03,Cliente 41,LA MOLINA,"LLANTAS 18""",2,72.4,144.8,Vendedor 8,REPUESTOS
2599,2024-11-03,Cliente 12,SURCO,BATERÍA DE 18 PLACAS,1,140.4,140.4,Vendedor 5,REPUESTOS
2600,2024-11-04,Cliente 12,SURCO,AUTO HONDA ACCORD 2014,1,28500.0,28500.0,Vendedor 10,AUTOS
2601,2024-11-04,Cliente 8,SURCO,AUTO HONDA CIVIC 2014,1,30500.0,30500.0,Vendedor 6,AUTOS
2602,2024-11-04,Cliente 31,LA MOLINA,AUTO HONDA CRV 2014,1,23000.0,23000.0,Vendedor 10,AUTOS
2603,2024-11-04,Cliente 34,SURCO,ACEITE DE MOTOR 5W30 FULL SINTÉTICO,1,101.7,101.7,Vendedor 5,REPUESTOS
2604,2024-11-04,Cliente 39,SURCO,AMORTIGUADORES DELANTEROS,1,264.9,264.9,Vendedor 1,REPUESTOS
2605,2024-11-04,Cliente 34,SURCO,AMORTIGUADORES POSTERIORES,3,84.1,252.3,Vendedor 9,REPUESTOS
2606,2024-11-04,Cliente 24,SURCO,"LLANTAS 18""",1,72.4,72.4,Vendedor 2,REPUESTOS
2607,2024-11-04,Cliente 2,SURCO,BATERÍA DE 18 PLACAS,1,140.4,140.4,Vendedor 6,REPUESTOS
2608,2024-11-05,Cliente 15,LA MOLINA,AUTO HONDA ACCORD 2014,1,28500.0,28500.0,Vendedor 2,AUTOS
2609,2024-11-05,Cliente 18,LA MOLINA,AUTO HONDA CIVIC 2014,1,30500.0,30500.0,Vendedor 5,AUTOS
2610,2024-11-05,Cliente 13,LA MOLINA,AUTO HONDA CRV 2014,1,23000.0,23000.0,Vendedor 2,AUTOS
2611,2024-11-05,Cliente 30,LA MOLINA,ACEITE DE MOTOR 5W30 FULL SINTÉTICO,2,101.7,203.4,Vendedor 8,REPUESTOS
2612,2024-11-05,Cliente 13,LA MOLINA,AMORTIGUADORES DELANTEROS,2,264.9,529.8,Vendedor 5,REPUESTOS
2613,2024-11-05,Cliente 44,SURCO,AMORTIGUADORES POSTERIORES,1,84.1,84.1,Vendedor 5,REPUESTOS
2614,2024-11-05,Cliente 38,SURCO,"LLANTAS 18""",2,72.4,144.8,Vendedor 10,REPUESTOS
2615,2024-11-05,Cliente 11,LA MOLINA,BATERÍA DE 18 PLACAS,1,140.4,140.4,Vendedor 4,REPUESTOS
2616,2024-11-06,Cliente 28,LA MOLINA,AUTO HONDA CRV 2014,1,23000.0,23000.0,Vendedor 8,AUTOS
2617,2024-11-06,Cliente 21,LA MOLINA,ACEITE DE MOTOR 5W30 FULL SINTÉTICO,2,101.7,203.4,Vendedor 10,REPUESTOS
2618,2024-11-06,Cliente 28,LA MOLINA,AMORTIGUADORES DELANTEROS,1,264.9,264.9,Vendedor 4,REPUESTOS
2619,2024-11-06,Cliente 24,LA MOLINA,AMORTIGUADORES POSTERIORES,3,84.1,252.3,Vendedor 2,REPUESTOS
2620,2024-11-06,Cliente 3,SURCO,"LLANTAS 18""",2,72.4,144.8,Vendedor 9,REPUESTOS
2621,2024-11-06,Cliente 38,LA MOLINA,BATERÍA DE 18 PLACAS,1,140.4,140.4,Vendedor 7,REPUESTOS
2622,2024-11-07,Cliente 26,LA MOLINA,ACEITE DE MOTOR 5W30 FULL SINTÉTICO,2,101.7,203.4,Vendedor 1,REPUESTOS
2623,2024-11-07,Cliente 21,SURCO,AMORTIGUADORES DELANTEROS,1,264.9,264.9,Vendedor 7,REPUESTOS
2624,2024-11-07,Cliente 16,LA MOLINA,AMORTIGUADORES POSTERIORES,1,84.1,84.1,Vendedor 2,REPUESTOS
2625,2024-11-07,Cliente 24,LA MOLINA,"LLANTAS 18""",1,72.4,72.4,Vendedor 3,REPUESTOS
2626,2024-11-07,Cliente 8,LA MOLINA,BATERÍA DE 18 PLACAS,1,140.4,140.4,Vendedor 1,REPUESTOS
2627,2024-11-08,Cliente 46,SURCO,ACEITE DE MOTOR 5W30 FULL SINTÉTICO,2,101.7,203.4,Vendedor 6,REPUESTOS
2628,2024-11-08,Cliente 37,LA MOLINA,AMORTIGUADORES DELANTEROS,1,264.9,264.9,Vendedor 6,REPUESTOS
2629,2024-11-08,Cliente 25,SURCO,AMORTIGUADORES POSTERIORES,1,84.1,84.1,Vendedor 5,REPUESTOS
2630,2024-11-08,Cliente 7,SURCO,"LLANTAS 18""",2,72.4,144.8,Vendedor 9,REPUESTOS
2631,2024-11-08,Cliente 46,LA MOLINA,BATERÍA DE 18 PLACAS,1,140.4,140.4,Vendedor 10,REPUESTOS
2632,2024-11-09,Cliente 37,SURCO,AUTO HONDA PILOT 2013,1,20500.0,20500.0,Vendedor 7,AUTOS
2633,2024-11-09,Cliente 21,SURCO,AUTO HONDA FIT 2016,1,17000.0,17000.0,Vendedor 6,AUTOS
2634,2024-11-09,Cliente 13,SURCO,AUTO HONDA CITY 2016,1,24000.0,24000.0,Vendedor 1,AUTOS
2635,2024-11-09,Cliente 3,LA MOLINA,ACEITE DE MOTOR 5W30 FULL SINTÉTICO,2,101.7,203.4,Vendedor 5,REPUESTOS
2636,2024-11-09,Cliente 8,SURCO,AMORTIGUADORES DELANTEROS,2,264.9,529.8,Vendedor 8,REPUESTOS
2637,2024-11-09,Cliente 38,LA MOLINA,AMORTIGUADORES POSTERIORES,1,84.1,84.1,Vendedor 7,REPUESTOS
2638,2024-11-09,Cliente 19,SURCO,"LLANTAS 18""",2,72.4,144.8,Vendedor 1,REPUESTOS
2639,2024-11-09,Cliente 30,SURCO,BATERÍA DE 18 PLACAS,1,140.4,140.4,Vendedor 5,REPUESTOS
2640,2024-11-10,Cliente 26,SURCO,AUTO HONDA PILOT 2013,1,20500.0,20500.0,Vendedor 1,AUTOS
2641,2024-11-10,Cliente 22,SURCO,AUTO HONDA FIT 2016,1,17000.0,17000.0,Vendedor 1,AUTOS
2642,2024-11-10,Cliente 31,SURCO,AUTO HONDA CITY 2016,1,24000.0,24000.0,Vendedor 2,AUTOS
2643,2024-11-10,Cliente 18,LA MOLINA,ACEITE DE MOTOR 5W30 FULL SINTÉTICO,2,101.7,203.4,Vendedor 6,REPUESTOS
2644,2024-11-10,Cliente 6,LA MOLINA,AMORTIGUADORES DELANTEROS,2,264.9,529.8,Vendedor 9,REPUESTOS
2645,2024-11-10,Cliente 40,LA MOLINA,AMORTIGUADORES POSTERIORES,3,84.1,252.3,Vendedor 1,REPUESTOS
2646,2024-11-10,Cliente 45,LA MOLINA,"LLANTAS 18""",4,72.4,289.6,Vendedor 8,REPUESTOS
2647,2024-11-10,Cliente 42,LA MOLINA,BATERÍA DE 18 PLACAS,1,140.4,140.4,Vendedor 2,REPUESTOS
2648,2024-11-11,Cliente 40,SURCO,AUTO HONDA FIT 2016,1,17000.0,17000.0,Vendedor 2,AUTOS
2649,2024-11-11,Cliente 15,SURCO,AUTO HONDA CITY 2016,1,24000.0,24000.0,Vendedor 1,AUTOS
2650,2024-11-11,Cliente 7,SURCO,ACEITE DE MOTOR 5W30 FULL SINTÉTICO,1,101.7,101.7,Vendedor 6,REPUESTOS
2651,2024-11-11,Cliente 15,LA MOLINA,AMORTIGUADORES DELANTEROS,3,264.9,794.7,Vendedor 3,REPUESTOS
2652,2024-11-11,Cliente 47,SURCO,AMORTIGUADORES POSTERIORES,1,84.1,84.1,Vendedor 6,REPUESTOS
2653,2024-11-11,Cliente 17,SURCO,"LLANTAS 18""",1,72.4,72.4,Vendedor 1,REPUESTOS
2654,2024-11-11,Cliente 20,SURCO,BATERÍA DE 18 PLACAS,1,140.4,140.4,Vendedor 2,REPUESTOS
2655,2024-11-12,Cliente 22,SURCO,AUTO HONDA FIT 2016,1,17000.0,17000.0,Vendedor 10,AUTOS
2656,2024-11-12,Cliente 18,SURCO,AUTO HONDA CITY 2016,1,24000.0,24000.0,Vendedor 3,AUTOS
2657,2024-11-12,Cliente 8,SURCO,ACEITE DE MOTOR 5W30 FULL SINTÉTICO,1,101.7,101.7,Vendedor 3,REPUESTOS
2658,2024-11-12,Cliente 49,SURCO,AMORTIGUADORES DELANTEROS,2,264.9,529.8,Vendedor 10,REPUESTOS
2659,2024-11-12,Cliente 43,LA MOLINA,AMORTIGUADORES POSTERIORES,2,84.1,168.2,Vendedor 2,REPUESTOS
2660,2024-11-12,Cliente 43,LA MOLINA,"LLANTAS 18""",2,72.4,144.8,Vendedor 8,REPUESTOS
2661,2024-11-12,Cliente 50,SURCO,BATERÍA DE 18 PLACAS,1,140.4,140.4,Vendedor 8,REPUESTOS
2662,2024-11-13,Cliente 6,SURCO,AUTO HONDA CITY 2016,1,24000.0,24000.0,Vendedor 5,AUTOS
2663,2024-11-13,Cliente 23,SURCO,ACEITE DE MOTOR 5W30 FULL SINTÉTICO,2,101.7,203.4,Vendedor 9,REPUESTOS
2664,2024-11-13,Cliente 45,SURCO,AMORTIGUADORES DELANTEROS,1,264.9,264.9,Vendedor 2,REPUESTOS
2665,2024-11-13,Cliente 4,SURCO,AMORTIGUADORES POSTERIORES,1,84.1,84.1,Vendedor 4,REPUESTOS
2666,2024-11-13,Cliente 30,LA MOLINA,"LLANTAS 18""",1,72.4,72.4,Vendedor 7,REPUESTOS
2667,2024-11-14,Cliente 22,SURCO,ACEITE DE MOTOR 5W30 FULL SINTÉTICO,1,101.7,101.7,Vendedor 4,REPUESTOS
2668,2024-11-14,Cliente 49,LA MOLINA,AMORTIGUADORES DELANTEROS,1,264.9,264.9,Vendedor 5,REPUESTOS
2669,2024-11-14,Cliente 33,SURCO,AMORTIGUADORES POSTERIORES,1,84.1,84.1,Vendedor 2,REPUESTOS
2670,2024-11-15,Cliente 40,SURCO,AMORTIGUADORES DELANTEROS,1,264.9,264.9,Vendedor 9,REPUESTOS
2671,2024-11-17,Cliente 30,SURCO,ACEITE DE MOTOR 5W30 FULL SINTÉTICO,1,101.7,101.7,Vendedor 2,REPUESTOS
2672,2024-11-17,Cliente 16,SURCO,FILTRO DE COMBUSTIBLE,1,102.7,102.7,Vendedor 1,REPUESTOS
2673,2024-11-17,Cliente 18,SURCO,AMORTIGUADORES DELANTEROS,2,264.9,529.8,Vendedor 1,REPUESTOS
2674,2024-11-17,Cliente 23,LA MOLINA,AMORTIGUADORES POSTERIORES,4,84.1,336.4,Vendedor 5,REPUESTOS
2675,2024-11-17,Cliente 23,SURCO,"LLANTAS 18""",1,72.4,72.4,Vendedor 7,REPUESTOS
2676,2024-11-17,Cliente 26,SURCO,BATERÍA DE 18 PLACAS,1,140.4,140.4,Vendedor 9,REPUESTOS
2677,2024-11-18,Cliente 4,LA MOLINA,ACEITE DE MOTOR 5W30 FULL SINTÉTICO,4,101.7,406.8,Vendedor 8,REPUESTOS
2678,2024-11-18,Cliente 24,LA MOLINA,FILTRO DE COMBUSTIBLE,1,102.7,102.7,Vendedor 2,REPUESTOS
2679,2024-11-18,Cliente 47,LA MOLINA,AMORTIGUADORES DELANTEROS,1,264.9,264.9,Vendedor 7,REPUESTOS
2680,2024-11-18,Cliente 13,LA MOLINA,AMORTIGUADORES POSTERIORES,2,84.1,168.2,Vendedor 7,REPUESTOS
2681,2024-11-18,Cliente 34,LA MOLINA,"LLANTAS 18""",2,72.4,144.8,Vendedor 10,REPUESTOS
2682,2024-11-18,Cliente 7,LA MOLINA,BATERÍA DE 18 PLACAS,2,140.4,280.8,Vendedor 1,REPUESTOS
2683,2024-11-19,Cliente 15,SURCO,ACEITE DE MOTOR 5W30 FULL SINTÉTICO,2,101.7,203.4,Vendedor 2,REPUESTOS
2684,2024-11-19,Cliente 37,SURCO,AMORTIGUADORES DELANTEROS,1,264.9,264.9,Vendedor 5,REPUESTOS
2685,2024-11-19,Cliente 35,SURCO,AMORTIGUADORES POSTERIORES,2,84.1,168.2,Vendedor 2,REPUESTOS
2686,2024-11-19,Cliente 40,SURCO,"LLANTAS 18""",3,72.4,217.2,Vendedor 7,REPUESTOS
2687,2024-11-19,Cliente 7,LA MOLINA,BATERÍA DE 18 PLACAS,2,140.4,280.8,Vendedor 4,REPUESTOS
2688,2024-11-20,Cliente 14,LA MOLINA,ACEITE DE MOTOR 5W30 FULL SINTÉTICO,3,101.7,305.1,Vendedor 3,REPUESTOS
2689,2024-11-20,Cliente 41,LA MOLINA,AMORTIGUADORES DELANTEROS,2,264.9,529.8,Vendedor 5,REPUESTOS
2690,2024-11-20,Cliente 47,LA MOLINA,AMORTIGUADORES POSTERIORES,4,84.1,336.4,Vendedor 1,REPUESTOS
2691,2024-11-20,Cliente 33,SURCO,"LLANTAS 18""",1,72.4,72.4,Vendedor 10,REPUESTOS
2692,2024-11-20,Cliente 45,LA MOLINA,BATERÍA DE 18 PLACAS,1,140.4,140.4,Vendedor 4,REPUESTOS
2693,2024-11-21,Cliente 44,LA MOLINA,ACEITE DE MOTOR 5W30 FULL SINTÉTICO,2,101.7,203.4,Vendedor 2,REPUESTOS
2694,2024-11-21,Cliente 22,SURCO,AMORTIGUADORES DELANTEROS,2,264.9,529.8,Vendedor 8,REPUESTOS
2695,2024-11-21,Cliente 43,SURCO,AMORTIGUADORES POSTERIORES,2,84.1,168.2,Vendedor 8,REPUESTOS
2696,2024-11-21,Cliente 2,LA MOLINA,"LLANTAS 18""",4,72.4,289.6,Vendedor 3,REPUESTOS
2697,2024-11-21,Cliente 11,SURCO,BATERÍA DE 18 PLACAS,2,140.4,280.8,Vendedor 1,REPUESTOS
2698,2024-11-22,Cliente 31,LA MOLINA,ACEITE DE MOTOR 5W30 FULL SINTÉTICO,1,101.7,101.7,Vendedor 10,REPUESTOS
2699,2024-11-22,Cliente 16,LA MOLINA,AMORTIGUADORES DELANTEROS,1,264.9,264.9,Vendedor 8,REPUESTOS
2700,2024-11-22,Cliente 2,SURCO,AMORTIGUADORES POSTERIORES,1,84.1,84.1,Vendedor 10,REPUESTOS
2701,2024-11-22,Cliente 15,LA MOLINA,"LLANTAS 18""",4,72.4,289.6,Vendedor 9,REPUESTOS
2702,2024-11-22,Cliente 49,SURCO,BATERÍA DE 18 PLACAS,2,140.4,280.8,Vendedor 3,REPUESTOS
2703,2024-11-23,Cliente 20,SURCO,ACEITE DE MOTOR 5W30 FULL SINTÉTICO,1,101.7,101.7,Vendedor 6,REPUESTOS
2704,2024-11-23,Cliente 48,LA MOLINA,AMORTIGUADORES DELANTEROS,4,264.9,1059.6,Vendedor 6,REPUESTOS
2705,2024-11-23,Cliente 43,SURCO,AMORTIGUADORES POSTERIORES,5,84.1,420.5,Vendedor 8,REPUESTOS
2706,2024-11-23,Cliente 30,SURCO,"LLANTAS 18""",5,72.4,362.0,Vendedor 1,REPUESTOS
2707,2024-11-24,Cliente 34,SURCO,ACEITE DE MOTOR 5W30 FULL SINTÉTICO,3,101.7,305.1,Vendedor 10,REPUESTOS
2708,2024-11-24,Cliente 18,SURCO,AMORTIGUADORES DELANTEROS,4,264.9,1059.6,Vendedor 9,REPUESTOS
2709,2024-11-25,Cliente 43,SURCO,ACEITE DE MOTOR 5W30 FULL SINTÉTICO,3,101.7,305.1,Vendedor 3,REPUESTOS
2710,2024-11-25,Cliente 2,LA MOLINA,AMORTIGUADORES DELANTEROS,2,264.9,529.8,Vendedor 4,REPUESTOS
2711,2024-12-01,Cliente 30,SURCO,AUTO HONDA ACCORD 2014,1,24500.0,24500.0,Vendedor 3,AUTOS
2712,2024-12-01,Cliente 40,LA MOLINA,AUTO HONDA CIVIC 2014,1,30000.0,30000.0,Vendedor 9,AUTOS
2713,2024-12-01,Cliente 20,SURCO,AUTO HONDA ODISSEY 2013,1,27500.0,27500.0,Vendedor 8,AUTOS
2714,2024-12-01,Cliente 5,LA MOLINA,AUTO HONDA CRV 2014,1,26500.0,26500.0,Vendedor 5,AUTOS
2715,2024-12-01,Cliente 30,SURCO,AUTO HONDA PILOT 2013,1,18500.0,18500.0,Vendedor 1,AUTOS
2716,2024-12-01,Cliente 19,SURCO,AUTO HONDA FIT 2016,1,27000.0,27000.0,Vendedor 10,AUTOS
2717,2024-12-02,Cliente 1,LA MOLINA,AUTO HONDA ACCORD 2014,1,24500.0,24500.0,Vendedor 7,AUTOS
2718,2024-12-02,Cliente 43,LA MOLINA,AUTO HONDA CIVIC 2014,1,30000.0,30000.0,Vendedor 1,AUTOS
2719,2024-12-02,Cliente 17,SURCO,AUTO HONDA ODISSEY 2013,1,27500.0,27500.0,Vendedor 3,AUTOS
2720,2024-12-02,Cliente 19,SURCO,AUTO HONDA CRV 2014,1,26500.0,26500.0,Vendedor 9,AUTOS
2721,2024-12-02,Cliente 6,SURCO,AUTO HONDA PILOT 2013,1,18500.0,18500.0,Vendedor 5,AUTOS
2722,2024-12-03,Cliente 19,LA MOLINA,AUTO HONDA ACCORD 2014,1,24500.0,24500.0,Vendedor 4,AUTOS
2723,2024-12-03,Cliente 31,SURCO,AUTO HONDA CIVIC 2014,1,30000.0,30000.0,Vendedor 6,AUTOS
2724,2024-12-03,Cliente 44,SURCO,AUTO HONDA ODISSEY 2013,1,27500.0,27500.0,Vendedor 7,AUTOS
2725,2024-12-03,Cliente 26,SURCO,AUTO HONDA CRV 2014,1,26500.0,26500.0,Vendedor 2,AUTOS
2726,2024-12-03,Cliente 39,LA MOLINA,ACEITE DE MOTOR 5W30 FULL SINTÉTICO,3,85.8,257.4,Vendedor 5,REPUESTOS
2727,2024-12-03,Cliente 37,SURCO,FILTRO DE COMBUSTIBLE,1,128.6,128.6,Vendedor 7,REPUESTOS
2728,2024-12-03,Cliente 38,LA MOLINA,AMORTIGUADORES DELANTEROS,3,277.3,831.9,Vendedor 3,REPUESTOS
2729,2024-12-03,Cliente 17,SURCO,AMORTIGUADORES POSTERIORES,3,122.6,367.8,Vendedor 3,REPUESTOS
2730,2024-12-03,Cliente 20,SURCO,"LLANTAS 18""",2,70.8,141.6,Vendedor 5,REPUESTOS
2731,2024-12-03,Cliente 20,SURCO,BATERÍA DE 18 PLACAS,1,103.2,103.2,Vendedor 10,REPUESTOS
2732,2024-12-04,Cliente 35,LA MOLINA,AUTO HONDA ACCORD 2014,1,24500.0,24500.0,Vendedor 3,AUTOS
2733,2024-12-04,Cliente 28,LA MOLINA,AUTO HONDA ODISSEY 2013,1,27500.0,27500.0,Vendedor 2,AUTOS
2734,2024-12-04,Cliente 34,SURCO,AUTO HONDA CRV 2014,1,26500.0,26500.0,Vendedor 8,AUTOS
2735,2024-12-04,Cliente 30,LA MOLINA,ACEITE DE MOTOR 5W30 FULL SINTÉTICO,3,85.8,257.4,Vendedor 6,REPUESTOS
2736,2024-12-04,Cliente 30,LA MOLINA,FILTRO DE COMBUSTIBLE,1,128.6,128.6,Vendedor 7,REPUESTOS
2737,2024-12-04,Cliente 2,LA MOLINA,AMORTIGUADORES DELANTEROS,2,277.3,554.6,Vendedor 9,REPUESTOS
2738,2024-12-04,Cliente 6,LA MOLINA,AMORTIGUADORES POSTERIORES,1,122.6,122.6,Vendedor 3,REPUESTOS
2739,2024-12-04,Cliente 38,SURCO,"LLANTAS 18""",2,70.8,141.6,Vendedor 9,REPUESTOS
2740,2024-12-04,Cliente 9,LA MOLINA,BATERÍA DE 18 PLACAS,1,103.2,103.2,Vendedor 10,REPUESTOS
2741,2024-12-05,Cliente 49,SURCO,ACEITE DE MOTOR 5W30 FULL SINTÉTICO,3,85.8,257.4,Vendedor 7,REPUESTOS
2742,2024-12-05,Cliente 43,LA MOLINA,AMORTIGUADORES DELANTEROS,1,277.3,277.3,Vendedor 1,REPUESTOS
2743,2024-12-05,Cliente 4,LA MOLINA,AMORTIGUADORES POSTERIORES,2,122.6,245.2,Vendedor 2,REPUESTOS
2744,2024-12-05,Cliente 42,LA MOLINA,"LLANTAS 18""",1,70.8,70.8,Vendedor 2,REPUESTOS
2745,2024-12-05,Cliente 39,LA MOLINA,BATERÍA DE 18 PLACAS,1,103.2,103.2,Vendedor 2,REPUESTOS
2746,2024-12-06,Cliente 45,LA MOLINA,ACEITE DE MOTOR 5W30 FULL SINTÉTICO,3,85.8,257.4,Vendedor 6,REPUESTOS
2747,2024-12-06,Cliente 48,SURCO,AMORTIGUADORES DELANTEROS,1,277.3,277.3,Vendedor 10,REPUESTOS
2748,2024-12-06,Cliente 34,SURCO,AMORTIGUADORES POSTERIORES,1,122.6,122.6,Vendedor 3,REPUESTOS
2749,2024-12-06,Cliente 15,SURCO,"LLANTAS 18""",2,70.8,141.6,Vendedor 3,REPUESTOS
2750,2024-12-06,Cliente 41,LA MOLINA,BATERÍA DE 18 PLACAS,1,103.2,103.2,Vendedor 5,REPUESTOS
2751,2024-12-07,Cliente 40,LA MOLINA,ACEITE DE MOTOR 5W30 FULL SINTÉTICO,1,85.8,85.8,Vendedor 4,REPUESTOS
2752,2024-12-07,Cliente 1,SURCO,AMORTIGUADORES DELANTEROS,1,277.3,277.3,Vendedor 3,REPUESTOS
2753,2024-12-07,Cliente 16,SURCO,AMORTIGUADORES POSTERIORES,1,122.6,122.6,Vendedor 4,REPUESTOS
2754,2024-12-07,Cliente 2,LA MOLINA,"LLANTAS 18""",1,70.8,70.8,Vendedor 9,REPUESTOS
2755,2024-12-07,Cliente 26,LA MOLINA,BATERÍA DE 18 PLACAS,1,103.2,103.2,Vendedor 1,REPUESTOS
2756,2024-12-08,Cliente 26,SURCO,ACEITE DE MOTOR 5W30 FULL SINTÉTICO,1,85.8,85.8,Vendedor 8,REPUESTOS
2757,2024-12-08,Cliente 35,SURCO,AMORTIGUADORES DELANTEROS,1,277.3,277.3,Vendedor 5,REPUESTOS
2758,2024-12-08,Cliente 28,SURCO,AMORTIGUADORES POSTERIORES,4,122.6,490.4,Vendedor 3,REPUESTOS
2759,2024-12-08,Cliente 10,SURCO,"LLANTAS 18""",1,70.8,70.8,Vendedor 4,REPUESTOS
2760,2024-12-08,Cliente 33,SURCO,BATERÍA DE 18 PLACAS,1,103.2,103.2,Vendedor 9,REPUESTOS
2761,2024-12-09,Cliente 31,SURCO,ACEITE DE MOTOR 5W30 FULL SINTÉTICO,2,85.8,171.6,Vendedor 5,REPUESTOS
2762,2024-12-09,Cliente 38,SURCO,AMORTIGUADORES DELANTEROS,2,277.3,554.6,Vendedor 8,REPUESTOS
2763,2024-12-09,Cliente 26,LA MOLINA,AMORTIGUADORES POSTERIORES,3,122.6,367.8,Vendedor 7,REPUESTOS
2764,2024-12-09,Cliente 27,LA MOLINA,"LLANTAS 18""",1,70.8,70.8,Vendedor 7,REPUESTOS
2765,2024-12-09,Cliente 2,SURCO,BATERÍA DE 18 PLACAS,1,103.2,103.2,Vendedor 5,REPUESTOS
2766,2024-12-10,Cliente 8,SURCO,AUTO HONDA PILOT 2013,1,18500.0,18500.0,Vendedor 10,AUTOS
2767,2024-12-10,Cliente 1,SURCO,AUTO HONDA FIT 2016,1,27000.0,27000.0,Vendedor 10,AUTOS
2768,2024-12-10,Cliente 3,SURCO,AUTO HONDA CITY 2016,1,22000.0,22000.0,Vendedor 10,AUTOS
2769,2024-12-10,Cliente 23,SURCO,ACEITE DE MOTOR 5W30 FULL SINTÉTICO,4,85.8,343.2,Vendedor 3,REPUESTOS
2770,2024-12-10,Cliente 18,LA MOLINA,AMORTIGUADORES DELANTEROS,2,277.3,554.6,Vendedor 1,REPUESTOS
2771,2024-12-10,Cliente 33,LA MOLINA,AMORTIGUADORES POSTERIORES,2,122.6,245.2,Vendedor 9,REPUESTOS
2772,2024-12-10,Cliente 46,LA MOLINA,"LLANTAS 18""",1,70.8,70.8,Vendedor 9,REPUESTOS
2773,2024-12-10,Cliente 33,LA MOLINA,BATERÍA DE 18 PLACAS,1,103.2,103.2,Vendedor 2,REPUESTOS
2774,2024-12-11,Cliente 42,SURCO,AUTO HONDA FIT 2016,1,27000.0,27000.0,Vendedor 3,AUTOS
2775,2024-12-11,Cliente 42,SURCO,AUTO HONDA CITY 2016,1,22000.0,22000.0,Vendedor 10,AUTOS
2776,2024-12-11,Cliente 18,SURCO,AMORTIGUADORES DELANTEROS,4,277.3,1109.2,Vendedor 5,REPUESTOS
2777,2024-12-11,Cliente 42,SURCO,AMORTIGUADORES POSTERIORES,1,122.6,122.6,Vendedor 8,REPUESTOS
2778,2024-12-11,Cliente 39,LA MOLINA,"LLANTAS 18""",2,70.8,141.6,Vendedor 3,REPUESTOS
2779,2024-12-11,Cliente 9,SURCO,BATERÍA DE 18 PLACAS,1,103.2,103.2,Vendedor 6,REPUESTOS
2780,2024-12-12,Cliente 38,SURCO,AUTO HONDA CITY 2016,1,22000.0,22000.0,Vendedor 10,AUTOS
2781,2024-12-12,Cliente 2,SURCO,AMORTIGUADORES DELANTEROS,1,277.3,277.3,Vendedor 3,REPUESTOS
2782,2024-12-12,Cliente 43,LA MOLINA,AMORTIGUADORES POSTERIORES,2,122.6,245.2,Vendedor 2,REPUESTOS
2783,2024-12-12,Cliente 21,LA MOLINA,"LLANTAS 18""",2,70.8,141.6,Vendedor 4,REPUESTOS
2784,2024-12-12,Cliente 7,SURCO,BATERÍA DE 18 PLACAS,1,103.2,103.2,Vendedor 3,REPUESTOS
2785,2024-12-13,Cliente 49,SURCO,AUTO HONDA CITY 2016,1,22000.0,22000.0,Vendedor 7,AUTOS
2786,2024-12-13,Cliente 8,LA MOLINA,AMORTIGUADORES DELANTEROS,1,277.3,277.3,Vendedor 1,REPUESTOS
2787,2024-12-13,Cliente 39,LA MOLINA,"LLANTAS 18""",2,70.8,141.6,Vendedor 1,REPUESTOS
2788,2024-12-14,Cliente 21,SURCO,AUTO HONDA CITY 2016,1,22000.0,22000.0,Vendedor 2,AUTOS
2789,2024-12-14,Cliente 9,LA MOLINA,AMORTIGUADORES DELANTEROS,1,277.3,277.3,Vendedor 10,REPUESTOS
2790,2024-12-14,Cliente 17,SURCO,"LLANTAS 18""",1,70.8,70.8,Vendedor 8,REPUESTOS
2791,2024-12-15,Cliente 28,SURCO,"LLANTAS 18""",1,70.8,70.8,Vendedor 9,REPUESTOS
2792,2024-12-16,Cliente 14,SURCO,"LLANTAS 18""",1,70.8,70.8,Vendedor 1,REPUESTOS
2793,2024-12-17,Cliente 1,SURCO,ACEITE DE MOTOR 5W30 FULL SINTÉTICO,7,85.8,600.6,Vendedor 6,REPUESTOS
2794,2024-12-17,Cliente 37,LA MOLINA,FILTRO DE COMBUSTIBLE,1,128.6,128.6,Vendedor 9,REPUESTOS
2795,2024-12-17,Cliente 12,LA MOLINA,AMORTIGUADORES DELANTEROS,1,277.3,277.3,Vendedor 9,REPUESTOS
2796,2024-12-17,Cliente 14,SURCO,AMORTIGUADORES POSTERIORES,4,122.6,490.4,Vendedor 10,REPUESTOS
2797,2024-12-17,Cliente 23,LA MOLINA,"LLANTAS 18""",2,70.8,141.6,Vendedor 10,REPUESTOS
2798,2024-12-17,Cliente 5,SURCO,BATERÍA DE 18 PLACAS,1,103.2,103.2,Vendedor 8,REPUESTOS
2799,2024-12-18,Cliente 5,LA MOLINA,ACEITE DE MOTOR 5W30 FULL SINTÉTICO,4,85.8,343.2,Vendedor 10,REPUESTOS
2800,2024-12-18,Cliente 9,SURCO,FILTRO DE COMBUSTIBLE,1,128.6,128.6,Vendedor 9,REPUESTOS
2801,2024-12-18,Cliente 8,SURCO,AMORTIGUADORES DELANTEROS,3,277.3,831.9,Vendedor 8,REPUESTOS
2802,2024-12-18,Cliente 39,SURCO,AMORTIGUADORES POSTERIORES,2,122.6,245.2,Vendedor 9,REPUESTOS
2803,2024-12-18,Cliente 15,SURCO,"LLANTAS 18""",2,70.8,141.6,Vendedor 5,REPUESTOS
2804,2024-12-18,Cliente 46,LA MOLINA,BATERÍA DE 18 PLACAS,2,103.2,206.4,Vendedor 6,REPUESTOS
2805,2024-12-19,Cliente 19,SURCO,ACEITE DE MOTOR 5W30 FULL SINTÉTICO,1,85.8,85.8,Vendedor 2,REPUESTOS
2806,2024-12-19,Cliente 34,SURCO,AMORTIGUADORES DELANTEROS,5,277.3,1386.5,Vendedor 10,REPUESTOS
2807,2024-12-19,Cliente 26,LA MOLINA,AMORTIGUADORES POSTERIORES,5,122.6,613.0,Vendedor 10,REPUESTOS
2808,2024-12-19,Cliente 38,SURCO,"LLANTAS 18""",1,70.8,70.8,Vendedor 8,REPUESTOS
2809,2024-12-19,Cliente 3,SURCO,BATERÍA DE 18 PLACAS,2,103.2,206.4,Vendedor 6,REPUESTOS
2810,2024-12-20,Cliente 13,LA MOLINA,ACEITE DE MOTOR 5W30 FULL SINTÉTICO,6,85.8,514.8,Vendedor 6,REPUESTOS
2811,2024-12-20,Cliente 14,SURCO,AMORTIGUADORES DELANTEROS,1,277.3,277.3,Vendedor 9,REPUESTOS
2812,2024-12-20,Cliente 49,LA MOLINA,AMORTIGUADORES POSTERIORES,5,122.6,613.0,Vendedor 1,REPUESTOS
2813,2024-12-20,Cliente 5,LA MOLINA,"LLANTAS 18""",1,70.8,70.8,Vendedor 10,REPUESTOS
2814,2024-12-20,Cliente 5,LA MOLINA,BATERÍA DE 18 PLACAS,1,103.2,103.2,Vendedor 7,REPUESTOS
2815,2024-12-21,Cliente 9,SURCO,ACEITE DE MOTOR 5W30 FULL SINTÉTICO,2,85.8,171.6,Vendedor 5,REPUESTOS
2816,2024-12-21,Cliente 7,SURCO,AMORTIGUADORES DELANTEROS,1,277.3,277.3,Vendedor 1,REPUESTOS
2817,2024-12-21,Cliente 42,SURCO,AMORTIGUADORES POSTERIORES,4,122.6,490.4,Vendedor 6,REPUESTOS
2818,2024-12-21,Cliente 20,LA MOLINA,"LLANTAS 18""",2,70.8,141.6,Vendedor 4,REPUESTOS
2819,2024-12-21,Cliente 2,SURCO,BATERÍA DE 18 PLACAS,1,103.2,103.2,Vendedor 4,REPUESTOS
2820,2024-12-22,Cliente 36,LA MOLINA,AMORTIGUADORES DELANTEROS,6,277.3,1663.8,Vendedor 8,REPUESTOS
2821,2024-12-22,Cliente 45,LA MOLINA,"LLANTAS 18""",2,70.8,141.6,Vendedor 3,REPUESTOS
2822,2024-12-22,Cliente 36,LA MOLINA,BATERÍA DE 18 PLACAS,2,103.2,206.4,Vendedor 3,REPUESTOS
2823,2024-12-23,Cliente 40,LA MOLINA,AMORTIGUADORES DELANTEROS,3,277.3,831.9,Vendedor 6,REPUESTOS
2824,2024-12-23,Cliente 28,LA MOLINA,"LLANTAS 18""",1,70.8,70.8,Vendedor 1,REPUESTOS
2825,2024-12-23,Cliente 6,SURCO,BATERÍA DE 18 PLACAS,1,103.2,103.2,Vendedor 10,REPUESTOS
2826,2024-12-24,Cliente 1,SURCO,"LLANTAS 18""",3,70.8,212.4,Vendedor 4,REPUESTOS
2827,2024-12-25,Cliente 19,SURCO,"LLANTAS 18""",2,70.8,141.6,Vendedor 1,REPUESTOS
2828,2024-12-26,Cliente 31,LA MOLINA,"LLANTAS 18""",2,70.8,141.6,Vendedor 2,REPUESTOS
2829,2025-01-01,Cliente 45,SURCO,AUTO HONDA ACCORD 2014,1,28500.0,28500.0,Vendedor 8,AUTOS
2830,2025-01-01,Cliente 8,LA MOLINA,AUTO HONDA CIVIC 2014,1,30000.0,30000.0,Vendedor 1,AUTOS
2831,2025-01-01,Cliente 3,LA MOLINA,AUTO HONDA ODISSEY 2013,1,20000.0,20000.0,Vendedor 5,AUTOS
2832,2025-01-01,Cliente 38,SURCO,AUTO HONDA PILOT 2013,1,16500.0,16500.0,Vendedor 7,AUTOS
2833,2025-01-01,Cliente 6,SURCO,AUTO HONDA FIT 2016,1,27000.0,27000.0,Vendedor 1,AUTOS
2834,2025-01-02,Cliente 25,LA MOLINA,AUTO HONDA ACCORD 2014,1,28500.0,28500.0,Vendedor 8,AUTOS
2835,2025-01-02,Cliente 15,SURCO,AUTO HONDA CIVIC 2014,1,30000.0,30000.0,Vendedor 4,AUTOS
2836,2025-01-02,Cliente 12,LA MOLINA,AUTO HONDA ODISSEY 2013,1,20000.0,20000.0,Vendedor 7,AUTOS
2837,2025-01-02,Cliente 43,SURCO,AUTO HONDA PILOT 2013,1,16500.0,16500.0,Vendedor 5,AUTOS
2838,2025-01-02,Cliente 35,SURCO,AUTO HONDA FIT 2016,1,27000.0,27000.0,Vendedor 6,AUTOS
2839,2025-01-03,Cliente 47,LA MOLINA,AUTO HONDA ACCORD 2014,1,28500.0,28500.0,Vendedor 10,AUTOS
2840,2025-01-03,Cliente 28,LA MOLINA,AUTO HONDA CIVIC 2014,1,30000.0,30000.0,Vendedor 1,AUTOS
2841,2025-01-03,Cliente 36,SURCO,AUTO HONDA ODISSEY 2013,1,20000.0,20000.0,Vendedor 7,AUTOS
2842,2025-01-03,Cliente 35,LA MOLINA,ACEITE DE MOTOR 5W30 FULL SINTÉTICO,3,126.4,379.2,Vendedor 8,REPUESTOS
2843,2025-01-03,Cliente 37,LA MOLINA,FILTRO DE COMBUSTIBLE,1,131.2,131.2,Vendedor 10,REPUESTOS
2844,2025-01-03,Cliente 25,SURCO,AMORTIGUADORES DELANTEROS,2,242.4,484.8,Vendedor 8,REPUESTOS
2845,2025-01-03,Cliente 1,SURCO,AMORTIGUADORES POSTERIORES,1,92.4,92.4,Vendedor 5,REPUESTOS
2846,2025-01-03,Cliente 16,SURCO,"LLANTAS 18""",3,50.9,152.7,Vendedor 9,REPUESTOS
2847,2025-01-03,Cliente 37,LA MOLINA,BATERÍA DE 18 PLACAS,2,111.4,222.8,Vendedor 7,REPUESTOS
2848,2025-01-04,Cliente 40,SURCO,AUTO HONDA ACCORD 2014,1,28500.0,28500.0,Vendedor 5,AUTOS
2849,2025-01-04,Cliente 18,LA MOLINA,AUTO HONDA CIVIC 2014,1,30000.0,30000.0,Vendedor 5,AUTOS
2850,2025-01-04,Cliente 8,SURCO,AUTO HONDA ODISSEY 2013,1,20000.0,20000.0,Vendedor 5,AUTOS
2851,2025-01-04,Cliente 17,LA MOLINA,ACEITE DE MOTOR 5W30 FULL SINTÉTICO,3,126.4,379.2,Vendedor 3,REPUESTOS
2852,2025-01-04,Cliente 30,SURCO,FILTRO DE COMBUSTIBLE,1,131.2,131.2,Vendedor 1,REPUESTOS
2853,2025-01-04,Cliente 30,SURCO,AMORTIGUADORES DELANTEROS,2,242.4,484.8,Vendedor 1,REPUESTOS
2854,2025-01-04,Cliente 41,LA MOLINA,AMORTIGUADORES POSTERIORES,2,92.4,184.8,Vendedor 9,REPUESTOS
2855,2025-01-04,Cliente 4,LA MOLINA,"LLANTAS 18""",2,50.9,101.8,Vendedor 10,REPUESTOS
2856,2025-01-04,Cliente 40,LA MOLINA,BATERÍA DE 18 PLACAS,1,111.4,111.4,Vendedor 9,REPUESTOS
2857,2025-01-05,Cliente 5,SURCO,AUTO HONDA CIVIC 2014,1,30000.0,30000.0,Vendedor 8,AUTOS
2858,2025-01-05,Cliente 17,LA MOLINA,AUTO HONDA ODISSEY 2013,1,20000.0,20000.0,Vendedor 5,AUTOS
2859,2025-01-05,Cliente 9,LA MOLINA,ACEITE DE MOTOR 5W30 FULL SINTÉTICO,2,126.4,252.8,Vendedor 4,REPUESTOS
2860,2025-01-05,Cliente 40,SURCO,AMORTIGUADORES DELANTEROS,1,242.4,242.4,Vendedor 1,REPUESTOS
2861,2025-01-05,Cliente 42,SURCO,AMORTIGUADORES POSTERIORES,1,92.4,92.4,Vendedor 1,REPUESTOS
2862,2025-01-05,Cliente 38,LA MOLINA,"LLANTAS 18""",2,50.9,101.8,Vendedor 6,REPUESTOS
2863,2025-01-05,Cliente 4,SURCO,BATERÍA DE 18 PLACAS,1,111.4,111.4,Vendedor 5,REPUESTOS
2864,2025-01-06,Cliente 2,SURCO,AUTO HONDA CIVIC 2014,1,30000.0,30000.0,Vendedor 6,AUTOS
2865,2025-01-06,Cliente 39,SURCO,ACEITE DE MOTOR 5W30 FULL SINTÉTICO,3,126.4,379.2,Vendedor 4,REPUESTOS
2866,2025-01-06,Cliente 5,SURCO,AMORTIGUADORES DELANTEROS,2,242.4,484.8,Vendedor 9,REPUESTOS
2867,2025-01-06,Cliente 33,SURCO,AMORTIGUADORES POSTERIORES,2,92.4,184.8,Vendedor 2,REPUESTOS
2868,2025-01-06,Cliente 21,SURCO,"LLANTAS 18""",2,50.9,101.8,Vendedor 10,REPUESTOS
2869,2025-01-06,Cliente 5,LA MOLINA,BATERÍA DE 18 PLACAS,2,111.4,222.8,Vendedor 7,REPUESTOS
2870,2025-01-07,Cliente 2,SURCO,ACEITE DE MOTOR 5W30 FULL SINTÉTICO,2,126.4,252.8,Vendedor 6,REPUESTOS
2871,2025-01-07,Cliente 27,LA MOLINA,AMORTIGUADORES DELANTEROS,2,242.4,484.8,Vendedor 6,REPUESTOS
2872,2025-01-07,Cliente 40,LA MOLINA,AMORTIGUADORES POSTERIORES,2,92.4,184.8,Vendedor 1,REPUESTOS
2873,2025-01-07,Cliente 3,LA MOLINA,"LLANTAS 18""",2,50.9,101.8,Vendedor 5,REPUESTOS
2874,2025-01-07,Cliente 7,SURCO,BATERÍA DE 18 PLACAS,1,111.4,111.4,Vendedor 10,REPUESTOS
2875,2025-01-08,Cliente 33,LA MOLINA,ACEITE DE MOTOR 5W30 FULL SINTÉTICO,2,126.4,252.8,Vendedor 9,REPUESTOS
2876,2025-01-08,Cliente 25,SURCO,AMORTIGUADORES DELANTEROS,2,242.4,484.8,Vendedor 10,REPUESTOS
2877,2025-01-08,Cliente 25,SURCO,AMORTIGUADORES POSTERIORES,1,92.4,92.4,Vendedor 2,REPUESTOS
2878,2025-01-08,Cliente 37,SURCO,"LLANTAS 18""",1,50.9,50.9,Vendedor 9,REPUESTOS
2879,2025-01-08,Cliente 34,SURCO,BATERÍA DE 18 PLACAS,2,111.4,222.8,Vendedor 1,REPUESTOS
2880,2025-01-09,Cliente 43,SURCO,AUTO HONDA PILOT 2013,1,16500.0,16500.0,Vendedor 9,AUTOS
2881,2025-01-09,Cliente 21,SURCO,AUTO HONDA FIT 2016,1,27000.0,27000.0,Vendedor 5,AUTOS
2882,2025-01-09,Cliente 37,SURCO,AUTO HONDA CITY 2016,1,22000.0,22000.0,Vendedor 5,AUTOS
2883,2025-01-09,Cliente 16,SURCO,ACEITE DE MOTOR 5W30 FULL SINTÉTICO,2,126.4,252.8,Vendedor 6,REPUESTOS
2884,2025-01-09,Cliente 21,LA MOLINA,AMORTIGUADORES DELANTEROS,1,242.4,242.4,Vendedor 2,REPUESTOS
2885,2025-01-09,Cliente 29,SURCO,AMORTIGUADORES POSTERIORES,3,92.4,277.2,Vendedor 7,REPUESTOS
2886,2025-01-09,Cliente 23,SURCO,"LLANTAS 18""",3,50.9,152.7,Vendedor 9,REPUESTOS
2887,2025-01-09,Cliente 42,SURCO,BATERÍA DE 18 PLACAS,1,111.4,111.4,Vendedor 8,REPUESTOS
2888,2025-01-10,Cliente 29,SURCO,AUTO HONDA PILOT 2013,1,16500.0,16500.0,Vendedor 7,AUTOS
2889,2025-01-10,Cliente 37,SURCO,AUTO HONDA FIT 2016,1,27000.0,27000.0,Vendedor 3,AUTOS
2890,2025-01-10,Cliente 50,SURCO,AUTO HONDA CITY 2016,1,22000.0,22000.0,Vendedor 7,AUTOS
2891,2025-01-10,Cliente 19,SURCO,ACEITE DE MOTOR 5W30 FULL SINTÉTICO,2,126.4,252.8,Vendedor 6,REPUESTOS
2892,2025-01-10,Cliente 6,SURCO,AMORTIGUADORES DELANTEROS,1,242.4,242.4,Vendedor 7,REPUESTOS
2893,2025-01-10,Cliente 37,SURCO,AMORTIGUADORES POSTERIORES,2,92.4,184.8,Vendedor 8,REPUESTOS
2894,2025-01-10,Cliente 30,SURCO,"LLANTAS 18""",1,50.9,50.9,Vendedor 1,REPUESTOS
2895,2025-01-11,Cliente 27,SURCO,AUTO HONDA PILOT 2013,1,16500.0,16500.0,Vendedor 5,AUTOS
2896,2025-01-11,Cliente 48,SURCO,AUTO HONDA CITY 2016,1,22000.0,22000.0,Vendedor 2,AUTOS
2897,2025-01-11,Cliente 28,SURCO,ACEITE DE MOTOR 5W30 FULL SINTÉTICO,1,126.4,126.4,Vendedor 1,REPUESTOS
2898,2025-01-11,Cliente 9,LA MOLINA,AMORTIGUADORES DELANTEROS,1,242.4,242.4,Vendedor 9,REPUESTOS
2899,2025-01-11,Cliente 28,LA MOLINA,AMORTIGUADORES POSTERIORES,3,92.4,277.2,Vendedor 6,REPUESTOS
2900,2025-01-11,Cliente 45,LA MOLINA,"LLANTAS 18""",2,50.9,101.8,Vendedor 9,REPUESTOS
2901,2025-01-12,Cliente 8,SURCO,AUTO HONDA CITY 2016,1,22000.0,22000.0,Vendedor 6,AUTOS
2902,2025-01-12,Cliente 5,LA MOLINA,AMORTIGUADORES DELANTEROS,1,242.4,242.4,Vendedor 6,REPUESTOS
2903,2025-01-12,Cliente 41,LA MOLINA,AMORTIGUADORES POSTERIORES,2,92.4,184.8,Vendedor 8,REPUESTOS
2904,2025-01-12,Cliente 49,LA MOLINA,"LLANTAS 18""",2,50.9,101.8,Vendedor 8,REPUESTOS
2905,2025-01-13,Cliente 1,LA MOLINA,AMORTIGUADORES DELANTEROS,1,242.4,242.4,Vendedor 10,REPUESTOS
2906,2025-01-13,Cliente 44,LA MOLINA,AMORTIGUADORES POSTERIORES,1,92.4,92.4,Vendedor 8,REPUESTOS
2907,2025-01-14,Cliente 50,LA MOLINA,AMORTIGUADORES DELANTEROS,1,242.4,242.4,Vendedor 2,REPUESTOS
2908,2025-01-15,Cliente 19,LA MOLINA,AMORTIGUADORES DELANTEROS,1,242.4,242.4,Vendedor 6,REPUESTOS
2909,2025-01-16,Cliente 28,LA MOLINA,AMORTIGUADORES DELANTEROS,1,242.4,242.4,Vendedor 9,REPUESTOS
2910,2025-01-17,Cliente 23,SURCO,ACEITE DE MOTOR 5W30 FULL SINTÉTICO,3,126.4,379.2,Vendedor 5,REPUESTOS
2911,2025-01-17,Cliente 8,SURCO,FILTRO DE COMBUSTIBLE,1,131.2,131.2,Vendedor 5,REPUESTOS
2912,2025-01-17,Cliente 29,LA MOLINA,AMORTIGUADORES DELANTEROS,2,242.4,484.8,Vendedor 4,REPUESTOS
2913,2025-01-17,Cliente 17,LA MOLINA,AMORTIGUADORES POSTERIORES,2,92.4,184.8,Vendedor 10,REPUESTOS
2914,2025-01-17,Cliente 43,SURCO,"LLANTAS 18""",1,50.9,50.9,Vendedor 5,REPUESTOS
2915,2025-01-17,Cliente 14,SURCO,BATERÍA DE 18 PLACAS,1,111.4,111.4,Vendedor 9,REPUESTOS
2916,2025-01-18,Cliente 2,SURCO,ACEITE DE MOTOR 5W30 FULL SINTÉTICO,5,126.4,632.0,Vendedor 10,REPUESTOS
2917,2025-01-18,Cliente 35,LA MOLINA,FILTRO DE COMBUSTIBLE,1,131.2,131.2,Vendedor 9,REPUESTOS
2918,2025-01-18,Cliente 32,SURCO,AMORTIGUADORES DELANTEROS,1,242.4,242.4,Vendedor 1,REPUESTOS
2919,2025-01-18,Cliente 19,SURCO,AMORTIGUADORES POSTERIORES,3,92.4,277.2,Vendedor 10,REPUESTOS
2920,2025-01-18,Cliente 34,LA MOLINA,"LLANTAS 18""",4,50.9,203.6,Vendedor 3,REPUESTOS
2921,2025-01-18,Cliente 8,LA MOLINA,BATERÍA DE 18 PLACAS,2,111.4,222.8,Vendedor 2,REPUESTOS
2922,2025-01-19,Cliente 32,LA MOLINA,ACEITE DE MOTOR 5W30 FULL SINTÉTICO,4,126.4,505.6,Vendedor 5,REPUESTOS
2923,2025-01-19,Cliente 18,SURCO,AMORTIGUADORES DELANTEROS,1,242.4,242.4,Vendedor 2,REPUESTOS
2924,2025-01-19,Cliente 48,SURCO,AMORTIGUADORES POSTERIORES,3,92.4,277.2,Vendedor 4,REPUESTOS
2925,2025-01-19,Cliente 21,SURCO,"LLANTAS 18""",6,50.9,305.4,Vendedor 3,REPUESTOS
2926,2025-01-19,Cliente 18,LA MOLINA,BATERÍA DE 18 PLACAS,3,111.4,334.2,Vendedor 8,REPUESTOS
2927,2025-01-20,Cliente 46,SURCO,ACEITE DE MOTOR 5W30 FULL SINTÉTICO,2,126.4,252.8,Vendedor 6,REPUESTOS
2928,2025-01-20,Cliente 7,LA MOLINA,AMORTIGUADORES DELANTEROS,1,242.4,242.4,Vendedor 9,REPUESTOS
2929,2025-01-20,Cliente 36,SURCO,AMORTIGUADORES POSTERIORES,3,92.4,277.2,Vendedor 1,REPUESTOS
2930,2025-01-20,Cliente 16,SURCO,"LLANTAS 18""",3,50.9,152.7,Vendedor 3,REPUESTOS
2931,2025-01-20,Cliente 15,SURCO,BATERÍA DE 18 PLACAS,3,111.4,334.2,Vendedor 4,REPUESTOS
2932,2025-01-21,Cliente 10,LA MOLINA,ACEITE DE MOTOR 5W30 FULL SINTÉTICO,3,126.4,379.2,Vendedor 8,REPUESTOS
2933,2025-01-21,Cliente 19,LA MOLINA,AMORTIGUADORES DELANTEROS,1,242.4,242.4,Vendedor 3,REPUESTOS
2934,2025-01-21,Cliente 34,SURCO,AMORTIGUADORES POSTERIORES,1,92.4,92.4,Vendedor 4,REPUESTOS
2935,2025-01-21,Cliente 5,LA MOLINA,"LLANTAS 18""",1,50.9,50.9,Vendedor 8,REPUESTOS
2936,2025-01-21,Cliente 46,SURCO,BATERÍA DE 18 PLACAS,1,111.4,111.4,Vendedor 3,REPUESTOS
2937,2025-01-22,Cliente 45,LA MOLINA,ACEITE DE MOTOR 5W30 FULL SINTÉTICO,1,126.4,126.4,Vendedor 5,REPUESTOS
2938,2025-01-22,Cliente 41,SURCO,AMORTIGUADORES DELANTEROS,4,242.4,969.6,Vendedor 6,REPUESTOS
2939,2025-01-22,Cliente 20,LA MOLINA,AMORTIGUADORES POSTERIORES,4,92.4,369.6,Vendedor 4,REPUESTOS
2940,2025-01-22,Cliente 32,LA MOLINA,"LLANTAS 18""",5,50.9,254.5,Vendedor 7,REPUESTOS
2941,2025-01-23,Cliente 7,LA MOLINA,ACEITE DE MOTOR 5W30 FULL SINTÉTICO,2,126.4,252.8,Vendedor 4,REPUESTOS
2942,2025-01-23,Cliente 27,LA MOLINA,AMORTIGUADORES DELANTEROS,1,242.4,242.4,Vendedor 8,REPUESTOS
2943,2025-01-23,Cliente 43,LA MOLINA,AMORTIGUADORES POSTERIORES,3,92.4,277.2,Vendedor 7,REPUESTOS
2944,2025-01-24,Cliente 23,SURCO,AMORTIGUADORES DELANTEROS,3,242.4,727.2,Vendedor 7,REPUESTOS
2945,2025-01-24,Cliente 32,LA MOLINA,AMORTIGUADORES POSTERIORES,1,92.4,92.4,Vendedor 10,REPUESTOS
2946,2025-01-25,Cliente 33,LA MOLINA,AMORTIGUADORES DELANTEROS,3,242.4,727.2,Vendedor 4,REPUESTOS
2947,2025-01-26,Cliente 27,SURCO,AMORTIGUADORES DELANTEROS,1,242.4,242.4,Vendedor 7,REPUESTOS
2948,2025-02-01,Cliente 24,SURCO,AUTO HONDA ACCORD 2014,1,33000.0,33000.0,Vendedor 9,AUTOS
2949,2025-02-01,Cliente 11,SURCO,AUTO HONDA CIVIC 2014,1,29500.0,29500.0,Vendedor 9,AUTOS
2950,2025-02-01,Cliente 46,LA MOLINA,AUTO HONDA ODISSEY 2013,1,31500.0,31500.0,Vendedor 4,AUTOS
2951,2025-02-01,Cliente 11,LA MOLINA,AUTO HONDA CRV 2014,1,20500.0,20500.0,Vendedor 6,AUTOS
2952,2025-02-01,Cliente 27,SURCO,AUTO HONDA FIT 2016,1,27500.0,27500.0,Vendedor 4,AUTOS
2953,2025-02-01,Cliente 1,SURCO,AUTO HONDA CITY 2016,1,21500.0,21500.0,Vendedor 1,AUTOS
2954,2025-02-02,Cliente 3,LA MOLINA,AUTO HONDA ACCORD 2014,1,33000.0,33000.0,Vendedor 3,AUTOS
2955,2025-02-02,Cliente 20,LA MOLINA,AUTO HONDA CIVIC 2014,1,29500.0,29500.0,Vendedor 1,AUTOS
2956,2025-02-02,Cliente 41,SURCO,AUTO HONDA ODISSEY 2013,1,31500.0,31500.0,Vendedor 4,AUTOS
2957,2025-02-02,Cliente 18,SURCO,AUTO HONDA CRV 2014,1,20500.0,20500.0,Vendedor 2,AUTOS
2958,2025-02-03,Cliente 6,LA MOLINA,AUTO HONDA ACCORD 2014,1,33000.0,33000.0,Vendedor 2,AUTOS
2959,2025-02-03,Cliente 33,SURCO,AUTO HONDA CIVIC 2014,1,29500.0,29500.0,Vendedor 7,AUTOS
2960,2025-02-03,Cliente 1,SURCO,AUTO HONDA ODISSEY 2013,1,31500.0,31500.0,Vendedor 9,AUTOS
2961,2025-02-03,Cliente 7,SURCO,AUTO HONDA CRV 2014,1,20500.0,20500.0,Vendedor 10,AUTOS
2962,2025-02-03,Cliente 39,SURCO,ACEITE DE MOTOR 5W30 FULL SINTÉTICO,2,86.1,172.2,Vendedor 5,REPUESTOS
2963,2025-02-03,Cliente 28,LA MOLINA,FILTRO DE COMBUSTIBLE,1,110.1,110.1,Vendedor 9,REPUESTOS
2964,2025-02-03,Cliente 18,LA MOLINA,AMORTIGUADORES DELANTEROS,1,295.2,295.2,Vendedor 8,REPUESTOS
2965,2025-02-03,Cliente 17,SURCO,AMORTIGUADORES POSTERIORES,2,93.7,187.4,Vendedor 10,REPUESTOS
2966,2025-02-03,Cliente 19,LA MOLINA,"LLANTAS 18""",4,95.9,383.6,Vendedor 7,REPUESTOS
2967,2025-02-03,Cliente 15,SURCO,BATERÍA DE 18 PLACAS,1,87.0,87.0,Vendedor 7,REPUESTOS
2968,2025-02-04,Cliente 31,LA MOLINA,AUTO HONDA ACCORD 2014,1,33000.0,33000.0,Vendedor 5,AUTOS
2969,2025-02-04,Cliente 25,LA MOLINA,AUTO HONDA CIVIC 2014,1,29500.0,29500.0,Vendedor 1,AUTOS
2970,2025-02-04,Cliente 47,LA MOLINA,AUTO HONDA ODISSEY 2013,1,31500.0,31500.0,Vendedor 7,AUTOS
2971,2025-02-04,Cliente 29,SURCO,ACEITE DE MOTOR 5W30 FULL SINTÉTICO,2,86.1,172.2,Vendedor 4,REPUESTOS
2972,2025-02-04,Cliente 26,SURCO,FILTRO DE COMBUSTIBLE,1,110.1,110.1,Vendedor 4,REPUESTOS
2973,2025-02-04,Cliente 31,LA MOLINA,AMORTIGUADORES DELANTEROS,4,295.2,1180.8,Vendedor 10,REPUESTOS
2974,2025-02-04,Cliente 22,LA MOLINA,AMORTIGUADORES POSTERIORES,1,93.7,93.7,Vendedor 3,REPUESTOS
2975,2025-02-04,Cliente 36,SURCO,"LLANTAS 18""",1,95.9,95.9,Vendedor 3,REPUESTOS
2976,2025-02-04,Cliente 32,SURCO,BATERÍA DE 18 PLACAS,1,87.0,87.0,Vendedor 10,REPUESTOS
2977,2025-02-05,Cliente 6,SURCO,AUTO HONDA ACCORD 2014,1,33000.0,33000.0,Vendedor 3,AUTOS
2978,2025-02-05,Cliente 34,LA MOLINA,ACEITE DE MOTOR 5W30 FULL SINTÉTICO,2,86.1,172.2,Vendedor 10,REPUESTOS
2979,2025-02-05,Cliente 50,SURCO,AMORTIGUADORES DELANTEROS,2,295.2,590.4,Vendedor 8,REPUESTOS
2980,2025-02-05,Cliente 20,LA MOLINA,AMORTIGUADORES POSTERIORES,3,93.7,281.1,Vendedor 6,REPUESTOS
2981,2025-02-05,Cliente 21,SURCO,"LLANTAS 18""",2,95.9,191.8,Vendedor 10,REPUESTOS
2982,2025-02-05,Cliente 1,LA MOLINA,BATERÍA DE 18 PLACAS,1,87.0,87.0,Vendedor 5,REPUESTOS
2983,2025-02-06,Cliente 49,SURCO,AUTO HONDA ACCORD 2014,1,33000.0,33000.0,Vendedor 9,AUTOS
2984,2025-02-06,Cliente 21,LA MOLINA,ACEITE DE MOTOR 5W30 FULL SINTÉTICO,2,86.1,172.2,Vendedor 4,REPUESTOS
2985,2025-02-06,Cliente 46,LA MOLINA,AMORTIGUADORES DELANTEROS,3,295.2,885.6,Vendedor 8,REPUESTOS
2986,2025-02-06,Cliente 28,SURCO,AMORTIGUADORES POSTERIORES,1,93.7,93.7,Vendedor 2,REPUESTOS
2987,2025-02-06,Cliente 49,SURCO,"LLANTAS 18""",4,95.9,383.6,Vendedor 1,REPUESTOS
2988,2025-02-06,Cliente 11,SURCO,BATERÍA DE 18 PLACAS,1,87.0,87.0,Vendedor 4,REPUESTOS
2989,2025-02-07,Cliente 3,SURCO,ACEITE DE MOTOR 5W30 FULL SINTÉTICO,2,86.1,172.2,Vendedor 7,REPUESTOS
2990,2025-02-07,Cliente 41,SURCO,AMORTIGUADORES DELANTEROS,4,295.2,1180.8,Vendedor 9,REPUESTOS
2991,2025-02-07,Cliente 48,SURCO,AMORTIGUADORES POSTERIORES,4,93.7,374.8,Vendedor 9,REPUESTOS
2992,2025-02-07,Cliente 1,LA MOLINA,"LLANTAS 18""",4,95.9,383.6,Vendedor 5,REPUESTOS
2993,2025-02-07,Cliente 19,LA MOLINA,BATERÍA DE 18 PLACAS,1,87.0,87.0,Vendedor 5,REPUESTOS
2994,2025-02-08,Cliente 40,LA MOLINA,ACEITE DE MOTOR 5W30 FULL SINTÉTICO,3,86.1,258.3,Vendedor 6,REPUESTOS
2995,2025-02-08,Cliente 19,SURCO,AMORTIGUADORES DELANTEROS,2,295.2,590.4,Vendedor 9,REPUESTOS
2996,2025-02-08,Cliente 34,LA MOLINA,AMORTIGUADORES POSTERIORES,2,93.7,187.4,Vendedor 10,REPUESTOS
2997,2025-02-08,Cliente 30,LA MOLINA,"LLANTAS 18""",2,95.9,191.8,Vendedor 4,REPUESTOS
2998,2025-02-08,Cliente 11,SURCO,BATERÍA DE 18 PLACAS,2,87.0,174.0,Vendedor 9,REPUESTOS
2999,2025-02-09,Cliente 1,SURCO,AUTO HONDA PILOT 2013,1,16500.0,16500.0,Vendedor 6,AUTOS
3000,2025-02-09,Cliente 12,SURCO,AUTO HONDA FIT 2016,1,27500.0,27500.0,Vendedor 3,AUTOS
3001,2025-02-09,Cliente 5,SURCO,AUTO HONDA CITY 2016,1,21500.0,21500.0,Vendedor 1,AUTOS
3002,2025-02-09,Cliente 13,SURCO,ACEITE DE MOTOR 5W30 FULL SINTÉTICO,2,86.1,172.2,Vendedor 2,REPUESTOS
3003,2025-02-09,Cliente 7,LA MOLINA,AMORTIGUADORES DELANTEROS,2,295.2,590.4,Vendedor 1,REPUESTOS
3004,2025-02-09,Cliente 5,SURCO,AMORTIGUADORES POSTERIORES,3,93.7,281.1,Vendedor 6,REPUESTOS
3005,2025-02-09,Cliente 23,SURCO,"LLANTAS 18""",3,95.9,287.7,Vendedor 1,REPUESTOS
3006,2025-02-09,Cliente 19,LA MOLINA,BATERÍA DE 18 PLACAS,1,87.0,87.0,Vendedor 7,REPUESTOS
3007,2025-02-10,Cliente 24,SURCO,AUTO HONDA PILOT 2013,1,16500.0,16500.0,Vendedor 10,AUTOS
3008,2025-02-10,Cliente 17,SURCO,AUTO HONDA FIT 2016,1,27500.0,27500.0,Vendedor 9,AUTOS
3009,2025-02-10,Cliente 5,SURCO,ACEITE DE MOTOR 5W30 FULL SINTÉTICO,2,86.1,172.2,Vendedor 10,REPUESTOS
3010,2025-02-10,Cliente 47,SURCO,AMORTIGUADORES DELANTEROS,2,295.2,590.4,Vendedor 4,REPUESTOS
3011,2025-02-10,Cliente 17,LA MOLINA,AMORTIGUADORES POSTERIORES,3,93.7,281.1,Vendedor 10,REPUESTOS
3012,2025-02-10,Cliente 22,LA MOLINA,BATERÍA DE 18 PLACAS,1,87.0,87.0,Vendedor 10,REPUESTOS
3013,2025-02-11,Cliente 48,SURCO,AUTO HONDA PILOT 2013,1,16500.0,16500.0,Vendedor 10,AUTOS
3014,2025-02-11,Cliente 14,SURCO,AUTO HONDA FIT 2016,1,27500.0,27500.0,Vendedor 3,AUTOS
3015,2025-02-11,Cliente 14,LA MOLINA,ACEITE DE MOTOR 5W30 FULL SINTÉTICO,1,86.1,86.1,Vendedor 2,REPUESTOS
3016,2025-02-11,Cliente 31,LA MOLINA,AMORTIGUADORES POSTERIORES,1,93.7,93.7,Vendedor 1,REPUESTOS
3017,2025-02-11,Cliente 9,LA MOLINA,BATERÍA DE 18 PLACAS,1,87.0,87.0,Vendedor 9,REPUESTOS
3018,2025-02-12,Cliente 28,SURCO,AUTO HONDA PILOT 2013,1,16500.0,16500.0,Vendedor 8,AUTOS
3019,2025-02-12,Cliente 20,SURCO,AUTO HONDA FIT 2016,1,27500.0,27500.0,Vendedor 9,AUTOS
3020,2025-02-12,Cliente 36,LA MOLINA,ACEITE DE MOTOR 5W30 FULL SINTÉTICO,1,86.1,86.1,Vendedor 7,REPUESTOS
3021,2025-02-13,Cliente 34,LA MOLINA,ACEITE DE MOTOR 5W30 FULL SINTÉTICO,1,86.1,86.1,Vendedor 2,REPUESTOS
3022,2025-02-17,Cliente 47,LA MOLINA,ACEITE DE MOTOR 5W30 FULL SINTÉTICO,4,86.1,344.4,Vendedor 7,REPUESTOS
3023,2025-02-17,Cliente 40,SURCO,FILTRO DE COMBUSTIBLE,1,110.1,110.1,Vendedor 9,REPUESTOS
3024,2025-02-17,Cliente 24,LA MOLINA,AMORTIGUADORES DELANTEROS,2,295.2,590.4,Vendedor 3,REPUESTOS
3025,2025-02-17,Cliente 13,SURCO,AMORTIGUADORES POSTERIORES,6,93.7,562.2,Vendedor 8,REPUESTOS
3026,2025-02-17,Cliente 1,SURCO,"LLANTAS 18""",6,95.9,575.4,Vendedor 10,REPUESTOS
3027,2025-02-17,Cliente 7,LA MOLINA,BATERÍA DE 18 PLACAS,2,87.0,174.0,Vendedor 6,REPUESTOS
3028,2025-02-18,Cliente 39,SURCO,ACEITE DE MOTOR 5W30 FULL SINTÉTICO,3,86.1,258.3,Vendedor 5,REPUESTOS
3029,2025-02-18,Cliente 42,LA MOLINA,FILTRO DE COMBUSTIBLE,1,110.1,110.1,Vendedor 5,REPUESTOS
3030,2025-02-18,Cliente 26,LA MOLINA,AMORTIGUADORES DELANTEROS,6,295.2,1771.2,Vendedor 1,REPUESTOS
3031,2025-02-18,Cliente 18,LA MOLINA,AMORTIGUADORES POSTERIORES,6,93.7,562.2,Vendedor 1,REPUESTOS
3032,2025-02-18,Cliente 39,LA MOLINA,"LLANTAS 18""",1,95.9,95.9,Vendedor 8,REPUESTOS
3033,2025-02-18,Cliente 31,SURCO,BATERÍA DE 18 PLACAS,2,87.0,174.0,Vendedor 9,REPUESTOS
3034,2025-02-19,Cliente 24,SURCO,ACEITE DE MOTOR 5W30 FULL SINTÉTICO,1,86.1,86.1,Vendedor 1,REPUESTOS
3035,2025-02-19,Cliente 46,SURCO,AMORTIGUADORES DELANTEROS,5,295.2,1476.0,Vendedor 3,REPUESTOS
3036,2025-02-19,Cliente 6,SURCO,AMORTIGUADORES POSTERIORES,4,93.7,374.8,Vendedor 7,REPUESTOS
3037,2025-02-19,Cliente 29,SURCO,"LLANTAS 18""",2,95.9,191.8,Vendedor 1,REPUESTOS
3038,2025-02-19,Cliente 35,SURCO,BATERÍA DE 18 PLACAS,2,87.0,174.0,Vendedor 5,REPUESTOS
3039,2025-02-20,Cliente 22,SURCO,ACEITE DE MOTOR 5W30 FULL SINTÉTICO,2,86.1,172.2,Vendedor 6,REPUESTOS
3040,2025-02-20,Cliente 34,LA MOLINA,AMORTIGUADORES DELANTEROS,2,295.2,590.4,Vendedor 1,REPUESTOS
3041,2025-02-20,Cliente 27,LA MOLINA,AMORTIGUADORES POSTERIORES,4,93.7,374.8,Vendedor 1,REPUESTOS
3042,2025-02-20,Cliente 49,SURCO,"LLANTAS 18""",2,95.9,191.8,Vendedor 9,REPUESTOS
3043,2025-02-20,Cliente 6,LA MOLINA,BATERÍA DE 18 PLACAS,1,87.0,87.0,Vendedor 3,REPUESTOS
3044,2025-02-21,Cliente 18,SURCO,ACEITE DE MOTOR 5W30 FULL SINTÉTICO,4,86.1,344.4,Vendedor 10,REPUESTOS
3045,2025-02-21,Cliente 12,SURCO,AMORTIGUADORES DELANTEROS,4,295.2,1180.8,Vendedor 1,REPUESTOS
3046,2025-02-21,Cliente 8,LA MOLINA,"LLANTAS 18""",5,95.9,479.5,Vendedor 6,REPUESTOS
3047,2025-02-21,Cliente 37,SURCO,BATERÍA DE 18 PLACAS,1,87.0,87.0,Vendedor 8,REPUESTOS
3048,2025-02-22,Cliente 6,LA MOLINA,ACEITE DE MOTOR 5W30 FULL SINTÉTICO,1,86.1,86.1,Vendedor 3,REPUESTOS
3049,2025-02-22,Cliente 21,SURCO,AMORTIGUADORES DELANTEROS,1,295.2,295.2,Vendedor 10,REPUESTOS
3050,2025-02-22,Cliente 14,LA MOLINA,"LLANTAS 18""",3,95.9,287.7,Vendedor 6,REPUESTOS
3051,2025-02-22,Cliente 47,LA MOLINA,BATERÍA DE 18 PLACAS,2,87.0,174.0,Vendedor 4,REPUESTOS
3052,2025-02-23,Cliente 48,LA MOLINA,ACEITE DE MOTOR 5W30 FULL SINTÉTICO,5,86.1,430.5,Vendedor 3,REPUESTOS
3053,2025-02-23,Cliente 12,LA MOLINA,"LLANTAS 18""",1,95.9,95.9,Vendedor 5,REPUESTOS
3054,2025-03-01,Cliente 6,LA MOLINA,AUTO HONDA CIVIC 2014,1,29500.0,29500.0,Vendedor 9,AUTOS
3055,2025-03-01,Cliente 17,SURCO,AUTO HONDA ODISSEY 2013,1,28500.0,28500.0,Vendedor 4,AUTOS
3056,2025-03-01,Cliente 17,LA MOLINA,AUTO HONDA CRV 2014,1,21500.0,21500.0,Vendedor 1,AUTOS
3057,2025-03-01,Cliente 34,SURCO,AUTO HONDA PILOT 2013,1,29000.0,29000.0,Vendedor 3,AUTOS
3058,2025-03-01,Cliente 9,SURCO,AUTO HONDA CITY 2016,1,26000.0,26000.0,Vendedor 8,AUTOS
3059,2025-03-02,Cliente 43,LA MOLINA,AUTO HONDA CIVIC 2014,1,29500.0,29500.0,Vendedor 10,AUTOS
3060,2025-03-02,Cliente 21,SURCO,AUTO HONDA ODISSEY 2013,1,28500.0,28500.0,Vendedor 2,AUTOS
3061,2025-03-02,Cliente 1,LA MOLINA,AUTO HONDA CRV 2014,1,21500.0,21500.0,Vendedor 3,AUTOS
3062,2025-03-02,Cliente 31,SURCO,AUTO HONDA CITY 2016,1,26000.0,26000.0,Vendedor 6,AUTOS
3063,2025-03-03,Cliente 20,LA MOLINA,AUTO HONDA CIVIC 2014,1,29500.0,29500.0,Vendedor 3,AUTOS
3064,2025-03-03,Cliente 35,LA MOLINA,AUTO HONDA ODISSEY 2013,1,28500.0,28500.0,Vendedor 3,AUTOS
3065,2025-03-03,Cliente 29,SURCO,AUTO HONDA CRV 2014,1,21500.0,21500.0,Vendedor 10,AUTOS
3066,2025-03-03,Cliente 38,SURCO,AUTO HONDA CITY 2016,1,26000.0,26000.0,Vendedor 10,AUTOS
3067,2025-03-03,Cliente 31,LA MOLINA,ACEITE DE MOTOR 5W30 FULL SINTÉTICO,4,130.0,520.0,Vendedor 4,REPUESTOS
3068,2025-03-03,Cliente 47,LA MOLINA,FILTRO DE COMBUSTIBLE,1,139.4,139.4,Vendedor 6,REPUESTOS
3069,2025-03-03,Cliente 31,LA MOLINA,AMORTIGUADORES DELANTEROS,3,243.8,731.4,Vendedor 7,REPUESTOS
3070,2025-03-03,Cliente 15,SURCO,AMORTIGUADORES POSTERIORES,3,87.6,262.8,Vendedor 9,REPUESTOS
3071,2025-03-03,Cliente 28,LA MOLINA,"LLANTAS 18""",1,59.5,59.5,Vendedor 5,REPUESTOS
3072,2025-03-03,Cliente 38,LA MOLINA,BATERÍA DE 18 PLACAS,1,102.3,102.3,Vendedor 1,REPUESTOS
3073,2025-03-04,Cliente 33,SURCO,AUTO HONDA CIVIC 2014,1,29500.0,29500.0,Vendedor 3,AUTOS
3074,2025-03-04,Cliente 39,LA MOLINA,AUTO HONDA ODISSEY 2013,1,28500.0,28500.0,Vendedor 9,AUTOS
3075,2025-03-04,Cliente 37,SURCO,AUTO HONDA CRV 2014,1,21500.0,21500.0,Vendedor 3,AUTOS
3076,2025-03-04,Cliente 4,LA MOLINA,ACEITE DE MOTOR 5W30 FULL SINTÉTICO,2,130.0,260.0,Vendedor 2,REPUESTOS
3077,2025-03-04,Cliente 50,SURCO,FILTRO DE COMBUSTIBLE,1,139.4,139.4,Vendedor 3,REPUESTOS
3078,2025-03-04,Cliente 26,LA MOLINA,AMORTIGUADORES DELANTEROS,2,243.8,487.6,Vendedor 3,REPUESTOS
3079,2025-03-04,Cliente 43,SURCO,AMORTIGUADORES POSTERIORES,4,87.6,350.4,Vendedor 3,REPUESTOS
3080,2025-03-04,Cliente 20,SURCO,"LLANTAS 18""",2,59.5,119.0,Vendedor 5,REPUESTOS
3081,2025-03-04,Cliente 12,SURCO,BATERÍA DE 18 PLACAS,1,102.3,102.3,Vendedor 4,REPUESTOS
3082,2025-03-05,Cliente 28,SURCO,AUTO HONDA ODISSEY 2013,1,28500.0,28500.0,Vendedor 2,AUTOS
3083,2025-03-05,Cliente 10,SURCO,AUTO HONDA CRV 2014,1,21500.0,21500.0,Vendedor 9,AUTOS
3084,2025-03-05,Cliente 31,SURCO,ACEITE DE MOTOR 5W30 FULL SINTÉTICO,3,130.0,390.0,Vendedor 3,REPUESTOS
3085,2025-03-05,Cliente 31,SURCO,AMORTIGUADORES DELANTEROS,2,243.8,487.6,Vendedor 9,REPUESTOS
3086,2025-03-05,Cliente 31,SURCO,AMORTIGUADORES POSTERIORES,3,87.6,262.8,Vendedor 7,REPUESTOS
3087,2025-03-05,Cliente 49,SURCO,"LLANTAS 18""",4,59.5,238.0,Vendedor 2,REPUESTOS
3088,2025-03-05,Cliente 9,LA MOLINA,BATERÍA DE 18 PLACAS,1,102.3,102.3,Vendedor 6,REPUESTOS
3089,2025-03-06,Cliente 26,LA MOLINA,AUTO HONDA ODISSEY 2013,1,28500.0,28500.0,Vendedor 6,AUTOS
3090,2025-03-06,Cliente 44,LA MOLINA,AUTO HONDA CRV 2014,1,21500.0,21500.0,Vendedor 7,AUTOS
3091,2025-03-06,Cliente 23,SURCO,ACEITE DE MOTOR 5W30 FULL SINTÉTICO,4,130.0,520.0,Vendedor 8,REPUESTOS
3092,2025-03-06,Cliente 15,SURCO,AMORTIGUADORES DELANTEROS,3,243.8,731.4,Vendedor 10,REPUESTOS
3093,2025-03-06,Cliente 24,LA MOLINA,AMORTIGUADORES POSTERIORES,2,87.6,175.2,Vendedor 6,REPUESTOS
3094,2025-03-06,Cliente 40,SURCO,"LLANTAS 18""",3,59.5,178.5,Vendedor 10,REPUESTOS
3095,2025-03-06,Cliente 5,LA MOLINA,BATERÍA DE 18 PLACAS,1,102.3,102.3,Vendedor 4,REPUESTOS
3096,2025-03-07,Cliente 13,LA MOLINA,ACEITE DE MOTOR 5W30 FULL SINTÉTICO,2,130.0,260.0,Vendedor 1,REPUESTOS
3097,2025-03-07,Cliente 28,LA MOLINA,AMORTIGUADORES DELANTEROS,1,243.8,243.8,Vendedor 2,REPUESTOS
3098,2025-03-07,Cliente 42,LA MOLINA,AMORTIGUADORES POSTERIORES,3,87.6,262.8,Vendedor 3,REPUESTOS
3099,2025-03-07,Cliente 19,SURCO,"LLANTAS 18""",1,59.5,59.5,Vendedor 5,REPUESTOS
3100,2025-03-07,Cliente 44,LA MOLINA,BATERÍA DE 18 PLACAS,1,102.3,102.3,Vendedor 8,REPUESTOS
3101,2025-03-08,Cliente 27,LA MOLINA,ACEITE DE MOTOR 5W30 FULL SINTÉTICO,1,130.0,130.0,Vendedor 3,REPUESTOS
3102,2025-03-08,Cliente 44,LA MOLINA,AMORTIGUADORES DELANTEROS,1,243.8,243.8,Vendedor 9,REPUESTOS
3103,2025-03-08,Cliente 6,LA MOLINA,AMORTIGUADORES POSTERIORES,1,87.6,87.6,Vendedor 6,REPUESTOS
3104,2025-03-08,Cliente 1,LA MOLINA,"LLANTAS 18""",1,59.5,59.5,Vendedor 3,REPUESTOS
3105,2025-03-08,Cliente 9,LA MOLINA,BATERÍA DE 18 PLACAS,1,102.3,102.3,Vendedor 10,REPUESTOS
3106,2025-03-09,Cliente 1,LA MOLINA,ACEITE DE MOTOR 5W30 FULL SINTÉTICO,1,130.0,130.0,Vendedor 8,REPUESTOS
3107,2025-03-09,Cliente 28,LA MOLINA,AMORTIGUADORES DELANTEROS,3,243.8,731.4,Vendedor 1,REPUESTOS
3108,2025-03-09,Cliente 17,LA MOLINA,AMORTIGUADORES POSTERIORES,3,87.6,262.8,Vendedor 2,REPUESTOS
3109,2025-03-09,Cliente 50,LA MOLINA,"LLANTAS 18""",4,59.5,238.0,Vendedor 8,REPUESTOS
3110,2025-03-09,Cliente 35,SURCO,BATERÍA DE 18 PLACAS,1,102.3,102.3,Vendedor 6,REPUESTOS
3111,2025-03-10,Cliente 28,SURCO,ACEITE DE MOTOR 5W30 FULL SINTÉTICO,1,130.0,130.0,Vendedor 9,REPUESTOS
3112,2025-03-10,Cliente 10,SURCO,AMORTIGUADORES DELANTEROS,2,243.8,487.6,Vendedor 1,REPUESTOS
3113,2025-03-10,Cliente 13,LA MOLINA,AMORTIGUADORES POSTERIORES,1,87.6,87.6,Vendedor 9,REPUESTOS
3114,2025-03-10,Cliente 4,LA MOLINA,"LLANTAS 18""",4,59.5,238.0,Vendedor 8,REPUESTOS
3115,2025-03-10,Cliente 3,SURCO,BATERÍA DE 18 PLACAS,1,102.3,102.3,Vendedor 2,REPUESTOS
3116,2025-03-11,Cliente 24,SURCO,ACEITE DE MOTOR 5W30 FULL SINTÉTICO,2,130.0,260.0,Vendedor 1,REPUESTOS
3117,2025-03-11,Cliente 17,SURCO,AMORTIGUADORES DELANTEROS,3,243.8,731.4,Vendedor 7,REPUESTOS
3118,2025-03-11,Cliente 35,SURCO,BATERÍA DE 18 PLACAS,1,102.3,102.3,Vendedor 5,REPUESTOS
3119,2025-03-12,Cliente 19,SURCO,AUTO HONDA ODISSEY 2013,1,28500.0,28500.0,Vendedor 6,AUTOS
3120,2025-03-12,Cliente 2,SURCO,AUTO HONDA PILOT 2013,1,29000.0,29000.0,Vendedor 8,AUTOS
3121,2025-03-12,Cliente 20,SURCO,AUTO HONDA FIT 2016,1,27000.0,27000.0,Vendedor 1,AUTOS
3122,2025-03-12,Cliente 23,SURCO,AUTO HONDA CITY 2016,1,26000.0,26000.0,Vendedor 1,AUTOS
3123,2025-03-12,Cliente 9,SURCO,BATERÍA DE 18 PLACAS,1,102.3,102.3,Vendedor 3,REPUESTOS
3124,2025-03-13,Cliente 28,LA MOLINA,AUTO HONDA ODISSEY 2013,1,28500.0,28500.0,Vendedor 5,AUTOS
3125,2025-03-13,Cliente 30,SURCO,AUTO HONDA PILOT 2013,1,29000.0,29000.0,Vendedor 10,AUTOS
3126,2025-03-13,Cliente 47,SURCO,AUTO HONDA FIT 2016,1,27000.0,27000.0,Vendedor 9,AUTOS
3127,2025-03-14,Cliente 24,LA MOLINA,AUTO HONDA ODISSEY 2013,1,28500.0,28500.0,Vendedor 1,AUTOS
3128,2025-03-14,Cliente 39,SURCO,AUTO HONDA PILOT 2013,1,29000.0,29000.0,Vendedor 2,AUTOS
3129,2025-03-14,Cliente 33,SURCO,AUTO HONDA FIT 2016,1,27000.0,27000.0,Vendedor 2,AUTOS
3130,2025-03-17,Cliente 24,SURCO,ACEITE DE MOTOR 5W30 FULL SINTÉTICO,6,130.0,780.0,Vendedor 10,REPUESTOS
3131,2025-03-17,Cliente 14,LA MOLINA,FILTRO DE COMBUSTIBLE,1,139.4,139.4,Vendedor 7,REPUESTOS
3132,2025-03-17,Cliente 18,SURCO,AMORTIGUADORES DELANTEROS,3,243.8,731.4,Vendedor 9,REPUESTOS
3133,2025-03-17,Cliente 39,SURCO,AMORTIGUADORES POSTERIORES,6,87.6,525.6,Vendedor 7,REPUESTOS
3134,2025-03-17,Cliente 18,LA MOLINA,"LLANTAS 18""",2,59.5,119.0,Vendedor 1,REPUESTOS
3135,2025-03-17,Cliente 2,SURCO,BATERÍA DE 18 PLACAS,2,102.3,204.6,Vendedor 7,REPUESTOS
3136,2025-03-18,Cliente 18,SURCO,ACEITE DE MOTOR 5W30 FULL SINTÉTICO,4,130.0,520.0,Vendedor 5,REPUESTOS
3137,2025-03-18,Cliente 39,SURCO,FILTRO DE COMBUSTIBLE,1,139.4,139.4,Vendedor 6,REPUESTOS
3138,2025-03-18,Cliente 15,SURCO,AMORTIGUADORES DELANTEROS,1,243.8,243.8,Vendedor 1,REPUESTOS
3139,2025-03-18,Cliente 15,LA MOLINA,AMORTIGUADORES POSTERIORES,6,87.6,525.6,Vendedor 2,REPUESTOS
3140,2025-03-18,Cliente 47,LA MOLINA,"LLANTAS 18""",5,59.5,297.5,Vendedor 10,REPUESTOS
3141,2025-03-18,Cliente 41,LA MOLINA,BATERÍA DE 18 PLACAS,2,102.3,204.6,Vendedor 10,REPUESTOS
3142,2025-03-19,Cliente 31,LA MOLINA,ACEITE DE MOTOR 5W30 FULL SINTÉTICO,3,130.0,390.0,Vendedor 9,REPUESTOS
3143,2025-03-19,Cliente 22,LA MOLINA,AMORTIGUADORES DELANTEROS,1,243.8,243.8,Vendedor 6,REPUESTOS
3144,2025-03-19,Cliente 10,LA MOLINA,AMORTIGUADORES POSTERIORES,3,87.6,262.8,Vendedor 8,REPUESTOS
3145,2025-03-19,Cliente 14,LA MOLINA,"LLANTAS 18""",3,59.5,178.5,Vendedor 9,REPUESTOS
3146,2025-03-19,Cliente 17,LA MOLINA,BATERÍA DE 18 PLACAS,1,102.3,102.3,Vendedor 7,REPUESTOS
3147,2025-03-20,Cliente 41,LA MOLINA,ACEITE DE MOTOR 5W30 FULL SINTÉTICO,1,130.0,130.0,Vendedor 8,REPUESTOS
3148,2025-03-20,Cliente 6,LA MOLINA,AMORTIGUADORES DELANTEROS,5,243.8,1219.0,Vendedor 4,REPUESTOS
3149,2025-03-20,Cliente 20,LA MOLINA,AMORTIGUADORES POSTERIORES,1,87.6,87.6,Vendedor 5,REPUESTOS
3150,2025-03-20,Cliente 29,SURCO,"LLANTAS 18""",7,59.5,416.5,Vendedor 8,REPUESTOS
3151,2025-03-20,Cliente 40,SURCO,BATERÍA DE 18 PLACAS,1,102.3,102.3,Vendedor 10,REPUESTOS
3152,2025-03-21,Cliente 37,LA MOLINA,ACEITE DE MOTOR 5W30 FULL SINTÉTICO,2,130.0,260.0,Vendedor 7,REPUESTOS
3153,2025-03-21,Cliente 49,SURCO,AMORTIGUADORES DELANTEROS,4,243.8,975.2,Vendedor 5,REPUESTOS
3154,2025-03-21,Cliente 16,SURCO,AMORTIGUADORES POSTERIORES,4,87.6,350.4,Vendedor 7,REPUESTOS
3155,2025-03-21,Cliente 25,SURCO,"LLANTAS 18""",3,59.5,178.5,Vendedor 10,REPUESTOS
3156,2025-03-21,Cliente 26,SURCO,BATERÍA DE 18 PLACAS,1,102.3,102.3,Vendedor 4,REPUESTOS
3157,2025-03-22,Cliente 37,LA MOLINA,ACEITE DE MOTOR 5W30 FULL SINTÉTICO,4,130.0,520.0,Vendedor 5,REPUESTOS
3158,2025-03-22,Cliente 50,SURCO,AMORTIGUADORES DELANTEROS,2,243.8,487.6,Vendedor 7,REPUESTOS
3159,2025-03-22,Cliente 27,SURCO,BATERÍA DE 18 PLACAS,1,102.3,102.3,Vendedor 10,REPUESTOS
3160,2025-03-23,Cliente 41,LA MOLINA,AMORTIGUADORES DELANTEROS,3,243.8,731.4,Vendedor 2,REPUESTOS
3161,2025-03-23,Cliente 32,LA MOLINA,BATERÍA DE 18 PLACAS,1,102.3,102.3,Vendedor 8,REPUESTOS
3162,2025-03-24,Cliente 11,LA MOLINA,AMORTIGUADORES DELANTEROS,1,243.8,243.8,Vendedor 3,REPUESTOS
3163,2025-03-24,Cliente 49,LA MOLINA,BATERÍA DE 18 PLACAS,1,102.3,102.3,Vendedor 8,REPUESTOS
3164,2025-04-01,Cliente 14,SURCO,AUTO HONDA ACCORD 2014,1,29500.0,29500.0,Vendedor 10,AUTOS
3165,2025-04-01,Cliente 30,LA MOLINA,AUTO HONDA CIVIC 2014,1,23000.0,23000.0,Vendedor 4,AUTOS
3166,2025-04-01,Cliente 16,SURCO,AUTO HONDA ODISSEY 2013,1,31500.0,31500.0,Vendedor 3,AUTOS
3167,2025-04-01,Cliente 33,LA MOLINA,AUTO HONDA CRV 2014,1,27500.0,27500.0,Vendedor 2,AUTOS
3168,2025-04-01,Cliente 11,SURCO,AUTO HONDA PILOT 2013,1,29000.0,29000.0,Vendedor 4,AUTOS
3169,2025-04-01,Cliente 47,SURCO,AUTO HONDA FIT 2016,1,23500.0,23500.0,Vendedor 2,AUTOS
3170,2025-04-01,Cliente 48,SURCO,AUTO HONDA CITY 2016,1,33500.0,33500.0,Vendedor 1,AUTOS
3171,2025-04-02,Cliente 17,LA MOLINA,AUTO HONDA ACCORD 2014,1,29500.0,29500.0,Vendedor 9,AUTOS
3172,2025-04-02,Cliente 46,SURCO,AUTO HONDA CIVIC 2014,1,23000.0,23000.0,Vendedor 10,AUTOS
3173,2025-04-02,Cliente 29,SURCO,AUTO HONDA CRV 2014,1,27500.0,27500.0,Vendedor 8,AUTOS
3174,2025-04-02,Cliente 19,SURCO,AUTO HONDA FIT 2016,1,23500.0,23500.0,Vendedor 7,AUTOS
3175,2025-04-03,Cliente 28,LA MOLINA,AUTO HONDA ACCORD 2014,1,29500.0,29500.0,Vendedor 2,AUTOS
3176,2025-04-03,Cliente 10,SURCO,AUTO HONDA CIVIC 2014,1,23000.0,23000.0,Vendedor 5,AUTOS
3177,2025-04-03,Cliente 47,SURCO,AUTO HONDA CRV 2014,1,27500.0,27500.0,Vendedor 3,AUTOS
3178,2025-04-03,Cliente 43,LA MOLINA,ACEITE DE MOTOR 5W30 FULL SINTÉTICO,2,120.3,240.6,Vendedor 6,REPUESTOS
3179,2025-04-03,Cliente 16,SURCO,FILTRO DE COMBUSTIBLE,1,147.4,147.4,Vendedor 8,REPUESTOS
3180,2025-04-03,Cliente 7,LA MOLINA,AMORTIGUADORES DELANTEROS,2,256.1,512.2,Vendedor 6,REPUESTOS
3181,2025-04-03,Cliente 30,SURCO,AMORTIGUADORES POSTERIORES,3,140.7,422.1,Vendedor 8,REPUESTOS
3182,2025-04-03,Cliente 22,LA MOLINA,"LLANTAS 18""",1,71.8,71.8,Vendedor 5,REPUESTOS
3183,2025-04-03,Cliente 22,LA MOLINA,BATERÍA DE 18 PLACAS,1,101.0,101.0,Vendedor 8,REPUESTOS
3184,2025-04-04,Cliente 37,LA MOLINA,AUTO HONDA ACCORD 2014,1,29500.0,29500.0,Vendedor 5,AUTOS
3185,2025-04-04,Cliente 49,SURCO,AUTO HONDA CIVIC 2014,1,23000.0,23000.0,Vendedor 3,AUTOS
3186,2025-04-04,Cliente 34,LA MOLINA,AUTO HONDA CRV 2014,1,27500.0,27500.0,Vendedor 5,AUTOS
3187,2025-04-04,Cliente 24,SURCO,ACEITE DE MOTOR 5W30 FULL SINTÉTICO,1,120.3,120.3,Vendedor 10,REPUESTOS
3188,2025-04-04,Cliente 46,LA MOLINA,FILTRO DE COMBUSTIBLE,1,147.4,147.4,Vendedor 5,REPUESTOS
3189,2025-04-04,Cliente 37,SURCO,AMORTIGUADORES DELANTEROS,3,256.1,768.3,Vendedor 5,REPUESTOS
3190,2025-04-04,Cliente 44,LA MOLINA,AMORTIGUADORES POSTERIORES,2,140.7,281.4,Vendedor 5,REPUESTOS
3191,2025-04-04,Cliente 10,SURCO,"LLANTAS 18""",1,71.8,71.8,Vendedor 10,REPUESTOS
3192,2025-04-04,Cliente 25,LA MOLINA,BATERÍA DE 18 PLACAS,1,101.0,101.0,Vendedor 5,REPUESTOS
3193,2025-04-05,Cliente 2,SURCO,AUTO HONDA ACCORD 2014,1,29500.0,29500.0,Vendedor 4,AUTOS
3194,2025-04-05,Cliente 10,LA MOLINA,AUTO HONDA CIVIC 2014,1,23000.0,23000.0,Vendedor 10,AUTOS
3195,2025-04-05,Cliente 24,LA MOLINA,ACEITE DE MOTOR 5W30 FULL SINTÉTICO,1,120.3,120.3,Vendedor 9,REPUESTOS
3196,2025-04-05,Cliente 40,LA MOLINA,AMORTIGUADORES DELANTEROS,4,256.1,1024.4,Vendedor 3,REPUESTOS
3197,2025-04-05,Cliente 38,SURCO,AMORTIGUADORES POSTERIORES,2,140.7,281.4,Vendedor 9,REPUESTOS
3198,2025-04-05,Cliente 25,LA MOLINA,"LLANTAS 18""",2,71.8,143.6,Vendedor 8,REPUESTOS
3199,2025-04-05,Cliente 34,SURCO,BATERÍA DE 18 PLACAS,1,101.0,101.0,Vendedor 8,REPUESTOS
3200,2025-04-06,Cliente 31,SURCO,AUTO HONDA CIVIC 2014,1,23000.0,23000.0,Vendedor 7,AUTOS
3201,2025-04-06,Cliente 22,SURCO,ACEITE DE MOTOR 5W30 FULL SINTÉTICO,1,120.3,120.3,Vendedor 4,REPUESTOS
3202,2025-04-06,Cliente 15,SURCO,AMORTIGUADORES DELANTEROS,3,256.1,768.3,Vendedor 3,REPUESTOS
3203,2025-04-06,Cliente 42,SURCO,AMORTIGUADORES POSTERIORES,2,140.7,281.4,Vendedor 4,REPUESTOS
3204,2025-04-06,Cliente 30,LA MOLINA,"LLANTAS 18""",2,71.8,143.6,Vendedor 10,REPUESTOS
3205,2025-04-06,Cliente 48,SURCO,BATERÍA DE 18 PLACAS,1,101.0,101.0,Vendedor 4,REPUESTOS
3206,2025-04-07,Cliente 26,SURCO,ACEITE DE MOTOR 5W30 FULL SINTÉTICO,2,120.3,240.6,Vendedor 2,REPUESTOS
3207,2025-04-07,Cliente 18,SURCO,AMORTIGUADORES DELANTEROS,3,256.1,768.3,Vendedor 9,REPUESTOS
3208,2025-04-07,Cliente 4,SURCO,AMORTIGUADORES POSTERIORES,3,140.7,422.1,Vendedor 8,REPUESTOS
3209,2025-04-07,Cliente 16,SURCO,"LLANTAS 18""",3,71.8,215.4,Vendedor 5,REPUESTOS
3210,2025-04-07,Cliente 15,SURCO,BATERÍA DE 18 PLACAS,1,101.0,101.0,Vendedor 8,REPUESTOS
3211,2025-04-08,Cliente 39,SURCO,ACEITE DE MOTOR 5W30 FULL SINTÉTICO,1,120.3,120.3,Vendedor 5,REPUESTOS
3212,2025-04-08,Cliente 48,SURCO,AMORTIGUADORES DELANTEROS,1,256.1,256.1,Vendedor 4,REPUESTOS
3213,2025-04-08,Cliente 9,LA MOLINA,AMORTIGUADORES POSTERIORES,3,140.7,422.1,Vendedor 9,REPUESTOS
3214,2025-04-08,Cliente 14,SURCO,"LLANTAS 18""",2,71.8,143.6,Vendedor 4,REPUESTOS
3215,2025-04-08,Cliente 30,LA MOLINA,BATERÍA DE 18 PLACAS,1,101.0,101.0,Vendedor 2,REPUESTOS
3216,2025-04-09,Cliente 21,SURCO,AUTO HONDA CIVIC 2014,1,23000.0,23000.0,Vendedor 2,AUTOS
3217,2025-04-09,Cliente 31,SURCO,AUTO HONDA ODISSEY 2013,1,31500.0,31500.0,Vendedor 2,AUTOS
3218,2025-04-09,Cliente 6,LA MOLINA,AUTO HONDA CRV 2014,1,27500.0,27500.0,Vendedor 8,AUTOS
3219,2025-04-09,Cliente 7,SURCO,AUTO HONDA CITY 2016,1,33500.0,33500.0,Vendedor 9,AUTOS
3220,2025-04-09,Cliente 20,LA MOLINA,ACEITE DE MOTOR 5W30 FULL SINTÉTICO,1,120.3,120.3,Vendedor 10,REPUESTOS
3221,2025-04-09,Cliente 8,LA MOLINA,AMORTIGUADORES DELANTEROS,1,256.1,256.1,Vendedor 8,REPUESTOS
3222,2025-04-09,Cliente 38,LA MOLINA,AMORTIGUADORES POSTERIORES,3,140.7,422.1,Vendedor 10,REPUESTOS
3223,2025-04-09,Cliente 17,SURCO,"LLANTAS 18""",2,71.8,143.6,Vendedor 7,REPUESTOS
3224,2025-04-09,Cliente 41,LA MOLINA,BATERÍA DE 18 PLACAS,2,101.0,202.0,Vendedor 3,REPUESTOS
3225,2025-04-10,Cliente 33,LA MOLINA,AUTO HONDA CIVIC 2014,1,23000.0,23000.0,Vendedor 8,AUTOS
3226,2025-04-10,Cliente 42,LA MOLINA,AUTO HONDA ODISSEY 2013,1,31500.0,31500.0,Vendedor 5,AUTOS
3227,2025-04-10,Cliente 35,SURCO,AUTO HONDA CITY 2016,1,33500.0,33500.0,Vendedor 4,AUTOS
3228,2025-04-10,Cliente 44,LA MOLINA,ACEITE DE MOTOR 5W30 FULL SINTÉTICO,2,120.3,240.6,Vendedor 9,REPUESTOS
3229,2025-04-10,Cliente 41,LA MOLINA,AMORTIGUADORES DELANTEROS,3,256.1,768.3,Vendedor 8,REPUESTOS
3230,2025-04-10,Cliente 32,LA MOLINA,AMORTIGUADORES POSTERIORES,1,140.7,140.7,Vendedor 1,REPUESTOS
3231,2025-04-10,Cliente 32,LA MOLINA,"LLANTAS 18""",2,71.8,143.6,Vendedor 3,REPUESTOS
3232,2025-04-10,Cliente 49,SURCO,BATERÍA DE 18 PLACAS,1,101.0,101.0,Vendedor 7,REPUESTOS
3233,2025-04-11,Cliente 7,LA MOLINA,AUTO HONDA ODISSEY 2013,1,31500.0,31500.0,Vendedor 8,AUTOS
3234,2025-04-11,Cliente 41,SURCO,AUTO HONDA CITY 2016,1,33500.0,33500.0,Vendedor 9,AUTOS
3235,2025-04-11,Cliente 50,SURCO,ACEITE DE MOTOR 5W30 FULL SINTÉTICO,1,120.3,120.3,Vendedor 2,REPUESTOS
3236,2025-04-11,Cliente 33,LA MOLINA,AMORTIGUADORES POSTERIORES,1,140.7,140.7,Vendedor 5,REPUESTOS
3237,2025-04-11,Cliente 7,LA MOLINA,"LLANTAS 18""",2,71.8,143.6,Vendedor 5,REPUESTOS
3238,2025-04-11,Cliente 21,SURCO,BATERÍA DE 18 PLACAS,1,101.0,101.0,Vendedor 3,REPUESTOS
3239,2025-04-12,Cliente 50,SURCO,AUTO HONDA CITY 2016,1,33500.0,33500.0,Vendedor 7,AUTOS
3240,2025-04-12,Cliente 40,SURCO,ACEITE DE MOTOR 5W30 FULL SINTÉTICO,1,120.3,120.3,Vendedor 3,REPUESTOS
3241,2025-04-12,Cliente 50,LA MOLINA,"LLANTAS 18""",1,71.8,71.8,Vendedor 5,REPUESTOS
3242,2025-04-13,Cliente 20,LA MOLINA,ACEITE DE MOTOR 5W30 FULL SINTÉTICO,2,120.3,240.6,Vendedor 6,REPUESTOS
3243,2025-04-13,Cliente 48,SURCO,"LLANTAS 18""",2,71.8,143.6,Vendedor 6,REPUESTOS
3244,2025-04-14,Cliente 37,LA MOLINA,ACEITE DE MOTOR 5W30 FULL SINTÉTICO,2,120.3,240.6,Vendedor 7,REPUESTOS
3245,2025-04-15,Cliente 42,SURCO,ACEITE DE MOTOR 5W30 FULL SINTÉTICO,2,120.3,240.6,Vendedor 3,REPUESTOS
3246,2025-04-16,Cliente 19,SURCO,ACEITE DE MOTOR 5W30 FULL SINTÉTICO,1,120.3,120.3,Vendedor 6,REPUESTOS
3247,2025-04-17,Cliente 14,SURCO,ACEITE DE MOTOR 5W30 FULL SINTÉTICO,2,120.3,240.6,Vendedor 10,REPUESTOS
3248,2025-04-17,Cliente 18,LA MOLINA,FILTRO DE COMBUSTIBLE,1,147.4,147.4,Vendedor 2,REPUESTOS
3249,2025-04-17,Cliente 11,SURCO,AMORTIGUADORES DELANTEROS,1,256.1,256.1,Vendedor 6,REPUESTOS
3250,2025-04-17,Cliente 3,LA MOLINA,AMORTIGUADORES POSTERIORES,4,140.7,562.8,Vendedor 7,REPUESTOS
3251,2025-04-17,Cliente 18,SURCO,"LLANTAS 18""",4,71.8,287.2,Vendedor 10,REPUESTOS
3252,2025-04-17,Cliente 4,LA MOLINA,BATERÍA DE 18 PLACAS,3,101.0,303.0,Vendedor 2,REPUESTOS
3253,2025-04-18,Cliente 18,LA MOLINA,ACEITE DE MOTOR 5W30 FULL SINTÉTICO,1,120.3,120.3,Vendedor 9,REPUESTOS
3254,2025-04-18,Cliente 29,SURCO,FILTRO DE COMBUSTIBLE,1,147.4,147.4,Vendedor 5,REPUESTOS
3255,2025-04-18,Cliente 9,LA MOLINA,AMORTIGUADORES DELANTEROS,1,256.1,256.1,Vendedor 2,REPUESTOS
3256,2025-04-18,Cliente 10,LA MOLINA,AMORTIGUADORES POSTERIORES,3,140.7,422.1,Vendedor 3,REPUESTOS
3257,2025-04-18,Cliente 36,SURCO,"LLANTAS 18""",3,71.8,215.4,Vendedor 2,REPUESTOS
3258,2025-04-18,Cliente 21,SURCO,BATERÍA DE 18 PLACAS,2,101.0,202.0,Vendedor 10,REPUESTOS
3259,2025-04-19,Cliente 36,LA MOLINA,ACEITE DE MOTOR 5W30 FULL SINTÉTICO,3,120.3,360.9,Vendedor 9,REPUESTOS
3260,2025-04-19,Cliente 9,SURCO,AMORTIGUADORES DELANTEROS,5,256.1,1280.5,Vendedor 2,REPUESTOS
3261,2025-04-19,Cliente 50,LA MOLINA,AMORTIGUADORES POSTERIORES,3,140.7,422.1,Vendedor 8,REPUESTOS
3262,2025-04-19,Cliente 21,SURCO,"LLANTAS 18""",2,71.8,143.6,Vendedor 8,REPUESTOS
3263,2025-04-19,Cliente 24,LA MOLINA,BATERÍA DE 18 PLACAS,1,101.0,101.0,Vendedor 6,REPUESTOS
3264,2025-04-20,Cliente 17,LA MOLINA,ACEITE DE MOTOR 5W30 FULL SINTÉTICO,1,120.3,120.3,Vendedor 10,REPUESTOS
3265,2025-04-20,Cliente 8,SURCO,AMORTIGUADORES DELANTEROS,1,256.1,256.1,Vendedor 7,REPUESTOS
3266,2025-04-20,Cliente 32,SURCO,AMORTIGUADORES POSTERIORES,4,140.7,562.8,Vendedor 1,REPUESTOS
3267,2025-04-20,Cliente 33,SURCO,"LLANTAS 18""",1,71.8,71.8,Vendedor 6,REPUESTOS
3268,2025-04-20,Cliente 3,LA MOLINA,BATERÍA DE 18 PLACAS,1,101.0,101.0,Vendedor 9,REPUESTOS
3269,2025-04-21,Cliente 19,LA MOLINA,ACEITE DE MOTOR 5W30 FULL SINTÉTICO,3,120.3,360.9,Vendedor 10,REPUESTOS
3270,2025-04-21,Cliente 48,SURCO,AMORTIGUADORES DELANTEROS,3,256.1,768.3,Vendedor 2,REPUESTOS
3271,2025-04-21,Cliente 36,SURCO,AMORTIGUADORES POSTERIORES,5,140.7,703.5,Vendedor 2,REPUESTOS
3272,2025-04-21,Cliente 33,LA MOLINA,"LLANTAS 18""",5,71.8,359.0,Vendedor 2,REPUESTOS
3273,2025-04-21,Cliente 40,SURCO,BATERÍA DE 18 PLACAS,3,101.0,303.0,Vendedor 4,REPUESTOS
3274,2025-04-22,Cliente 18,LA MOLINA,ACEITE DE MOTOR 5W30 FULL SINTÉTICO,1,120.3,120.3,Vendedor 8,REPUESTOS
3275,2025-04-22,Cliente 42,LA MOLINA,AMORTIGUADORES DELANTEROS,8,256.1,2048.8,Vendedor 6,REPUESTOS
3276,2025-04-22,Cliente 42,SURCO,AMORTIGUADORES POSTERIORES,1,140.7,140.7,Vendedor 10,REPUESTOS
3277,2025-04-22,Cliente 34,LA MOLINA,"LLANTAS 18""",3,71.8,215.4,Vendedor 7,REPUESTOS
3278,2025-04-23,Cliente 1,LA MOLINA,ACEITE DE MOTOR 5W30 FULL SINTÉTICO,1,120.3,120.3,Vendedor 10,REPUESTOS
3279,2025-04-23,Cliente 1,LA MOLINA,AMORTIGUADORES DELANTEROS,1,256.1,256.1,Vendedor 4,REPUESTOS
3280,2025-04-23,Cliente 17,LA MOLINA,"LLANTAS 18""",2,71.8,143.6,Vendedor 4,REPUESTOS
3281,2025-04-24,Cliente 42,SURCO,ACEITE DE MOTOR 5W30 FULL SINTÉTICO,5,120.3,601.5,Vendedor 4,REPUESTOS
3282,2025-05-01,Cliente 26,LA MOLINA,AUTO HONDA ACCORD 2014,1,30500.0,30500.0,Vendedor 4,AUTOS
3283,2025-05-01,Cliente 50,LA MOLINA,AUTO HONDA CIVIC 2014,1,23000.0,23000.0,Vendedor 7,AUTOS
3284,2025-05-01,Cliente 6,SURCO,AUTO HONDA ODISSEY 2013,1,27500.0,27500.0,Vendedor 3,AUTOS
3285,2025-05-01,Cliente 11,SURCO,AUTO HONDA CRV 2014,1,18500.0,18500.0,Vendedor 4,AUTOS
3286,2025-05-01,Cliente 32,SURCO,AUTO HONDA PILOT 2013,1,24000.0,24000.0,Vendedor 10,AUTOS
3287,2025-05-01,Cliente 48,SURCO,AUTO HONDA FIT 2016,1,25500.0,25500.0,Vendedor 6,AUTOS
3288,2025-05-02,Cliente 31,LA MOLINA,AUTO HONDA CIVIC 2014,1,23000.0,23000.0,Vendedor 5,AUTOS
3289,2025-05-02,Cliente 30,SURCO,AUTO HONDA ODISSEY 2013,1,27500.0,27500.0,Vendedor 1,AUTOS
3290,2025-05-02,Cliente 25,SURCO,AUTO HONDA CRV 2014,1,18500.0,18500.0,Vendedor 7,AUTOS
3291,2025-05-02,Cliente 7,SURCO,AUTO HONDA PILOT 2013,1,24000.0,24000.0,Vendedor 6,AUTOS
3292,2025-05-02,Cliente 20,SURCO,AUTO HONDA FIT 2016,1,25500.0,25500.0,Vendedor 2,AUTOS
3293,2025-05-03,Cliente 42,SURCO,AUTO HONDA ODISSEY 2013,1,27500.0,27500.0,Vendedor 7,AUTOS
3294,2025-05-03,Cliente 2,SURCO,AUTO HONDA PILOT 2013,1,24000.0,24000.0,Vendedor 5,AUTOS
3295,2025-05-03,Cliente 3,SURCO,AUTO HONDA FIT 2016,1,25500.0,25500.0,Vendedor 3,AUTOS
3296,2025-05-03,Cliente 37,SURCO,ACEITE DE MOTOR 5W30 FULL SINTÉTICO,2,91.4,182.8,Vendedor 1,REPUESTOS
3297,2025-05-03,Cliente 34,SURCO,FILTRO DE COMBUSTIBLE,1,102.4,102.4,Vendedor 3,REPUESTOS
3298,2025-05-03,Cliente 49,LA MOLINA,AMORTIGUADORES DELANTEROS,1,300.5,300.5,Vendedor 1,REPUESTOS
3299,2025-05-03,Cliente 48,SURCO,AMORTIGUADORES POSTERIORES,1,99.1,99.1,Vendedor 5,REPUESTOS
3300,2025-05-03,Cliente 11,LA MOLINA,"LLANTAS 18""",2,67.9,135.8,Vendedor 7,REPUESTOS
3301,2025-05-03,Cliente 12,SURCO,BATERÍA DE 18 PLACAS,1,90.6,90.6,Vendedor 9,REPUESTOS
3302,2025-05-04,Cliente 48,LA MOLINA,AUTO HONDA ODISSEY 2013,1,27500.0,27500.0,Vendedor 3,AUTOS
3303,2025-05-04,Cliente 11,SURCO,ACEITE DE MOTOR 5W30 FULL SINTÉTICO,3,91.4,274.2,Vendedor 1,REPUESTOS
3304,2025-05-04,Cliente 14,LA MOLINA,FILTRO DE COMBUSTIBLE,1,102.4,102.4,Vendedor 5,REPUESTOS
3305,2025-05-04,Cliente 17,LA MOLINA,AMORTIGUADORES DELANTEROS,2,300.5,601.0,Vendedor 10,REPUESTOS
3306,2025-05-04,Cliente 2,SURCO,AMORTIGUADORES POSTERIORES,2,99.1,198.2,Vendedor 6,REPUESTOS
3307,2025-05-04,Cliente 3,LA MOLINA,"LLANTAS 18""",1,67.9,67.9,Vendedor 3,REPUESTOS
3308,2025-05-04,Cliente 3,LA MOLINA,BATERÍA DE 18 PLACAS,1,90.6,90.6,Vendedor 9,REPUESTOS
3309,2025-05-05,Cliente 49,LA MOLINA,AUTO HONDA ODISSEY 2013,1,27500.0,27500.0,Vendedor 10,AUTOS
3310,2025-05-05,Cliente 7,SURCO,ACEITE DE MOTOR 5W30 FULL SINTÉTICO,2,91.4,182.8,Vendedor 1,REPUESTOS
3311,2025-05-05,Cliente 6,SURCO,AMORTIGUADORES DELANTEROS,2,300.5,601.0,Vendedor 7,REPUESTOS
3312,2025-05-05,Cliente 31,SURCO,AMORTIGUADORES POSTERIORES,1,99.1,99.1,Vendedor 8,REPUESTOS
3313,2025-05-05,Cliente 9,LA MOLINA,"LLANTAS 18""",4,67.9,271.6,Vendedor 10,REPUESTOS
3314,2025-05-05,Cliente 20,SURCO,BATERÍA DE 18 PLACAS,1,90.6,90.6,Vendedor 8,REPUESTOS
3315,2025-05-06,Cliente 17,LA MOLINA,AUTO HONDA ODISSEY 2013,1,27500.0,27500.0,Vendedor 3,AUTOS
3316,2025-05-06,Cliente 40,LA MOLINA,ACEITE DE MOTOR 5W30 FULL SINTÉTICO,3,91.4,274.2,Vendedor 2,REPUESTOS
3317,2025-05-06,Cliente 48,LA MOLINA,AMORTIGUADORES DELANTEROS,2,300.5,601.0,Vendedor 10,REPUESTOS
3318,2025-05-06,Cliente 15,SURCO,AMORTIGUADORES POSTERIORES,1,99.1,99.1,Vendedor 9,REPUESTOS
3319,2025-05-06,Cliente 15,SURCO,"LLANTAS 18""",2,67.9,135.8,Vendedor 2,REPUESTOS
3320,2025-05-06,Cliente 46,SURCO,BATERÍA DE 18 PLACAS,1,90.6,90.6,Vendedor 7,REPUESTOS
3321,2025-05-07,Cliente 16,SURCO,ACEITE DE MOTOR 5W30 FULL SINTÉTICO,3,91.4,274.2,Vendedor 4,REPUESTOS
3322,2025-05-07,Cliente 47,SURCO,AMORTIGUADORES DELANTEROS,2,300.5,601.0,Vendedor 5,REPUESTOS
3323,2025-05-07,Cliente 43,LA MOLINA,AMORTIGUADORES POSTERIORES,2,99.1,198.2,Vendedor 10,REPUESTOS
3324,2025-05-07,Cliente 21,SURCO,"LLANTAS 18""",3,67.9,203.7,Vendedor 7,REPUESTOS
3325,2025-05-07,Cliente 38,SURCO,BATERÍA DE 18 PLACAS,2,90.6,181.2,Vendedor 1,REPUESTOS
3326,2025-05-08,Cliente 13,LA MOLINA,ACEITE DE MOTOR 5W30 FULL SINTÉTICO,4,91.4,365.6,Vendedor 3,REPUESTOS
3327,2025-05-08,Cliente 41,SURCO,AMORTIGUADORES DELANTEROS,1,300.5,300.5,Vendedor 1,REPUESTOS
3328,2025-05-08,Cliente 26,SURCO,AMORTIGUADORES POSTERIORES,1,99.1,99.1,Vendedor 6,REPUESTOS
3329,2025-05-08,Cliente 31,LA MOLINA,"LLANTAS 18""",1,67.9,67.9,Vendedor 6,REPUESTOS
3330,2025-05-08,Cliente 29,LA MOLINA,BATERÍA DE 18 PLACAS,1,90.6,90.6,Vendedor 4,REPUESTOS
3331,2025-05-09,Cliente 35,LA MOLINA,ACEITE DE MOTOR 5W30 FULL SINTÉTICO,3,91.4,274.2,Vendedor 8,REPUESTOS
3332,2025-05-09,Cliente 42,LA MOLINA,AMORTIGUADORES DELANTEROS,1,300.5,300.5,Vendedor 9,REPUESTOS
3333,2025-05-09,Cliente 12,LA MOLINA,AMORTIGUADORES POSTERIORES,2,99.1,198.2,Vendedor 5,REPUESTOS
3334,2025-05-09,Cliente 50,LA MOLINA,"LLANTAS 18""",2,67.9,135.8,Vendedor 9,REPUESTOS
3335,2025-05-09,Cliente 43,LA MOLINA,BATERÍA DE 18 PLACAS,2,90.6,181.2,Vendedor 6,REPUESTOS
3336,2025-05-10,Cliente 5,LA MOLINA,AUTO HONDA CIVIC 2014,1,23000.0,23000.0,Vendedor 6,AUTOS
3337,2025-05-10,Cliente 42,SURCO,AUTO HONDA FIT 2016,1,25500.0,25500.0,Vendedor 1,AUTOS
3338,2025-05-10,Cliente 7,SURCO,AUTO HONDA CITY 2016,1,33500.0,33500.0,Vendedor 4,AUTOS
3339,2025-05-10,Cliente 36,SURCO,AMORTIGUADORES DELANTEROS,1,300.5,300.5,Vendedor 5,REPUESTOS
3340,2025-05-10,Cliente 20,LA MOLINA,AMORTIGUADORES POSTERIORES,1,99.1,99.1,Vendedor 8,REPUESTOS
3341,2025-05-10,Cliente 33,SURCO,"LLANTAS 18""",4,67.9,271.6,Vendedor 3,REPUESTOS
3342,2025-05-10,Cliente 10,LA MOLINA,BATERÍA DE 18 PLACAS,1,90.6,90.6,Vendedor 4,REPUESTOS
3343,2025-05-11,Cliente 13,SURCO,AUTO HONDA FIT 2016,1,25500.0,25500.0,Vendedor 6,AUTOS
3344,2025-05-11,Cliente 37,SURCO,AUTO HONDA CITY 2016,1,33500.0,33500.0,Vendedor 9,AUTOS
3345,2025-05-11,Cliente 35,LA MOLINA,AMORTIGUADORES DELANTEROS,3,300.5,901.5,Vendedor 4,REPUESTOS
3346,2025-05-11,Cliente 24,SURCO,AMORTIGUADORES POSTERIORES,3,99.1,297.3,Vendedor 3,REPUESTOS
3347,2025-05-11,Cliente 41,SURCO,"LLANTAS 18""",1,67.9,67.9,Vendedor 10,REPUESTOS
3348,2025-05-12,Cliente 35,SURCO,AUTO HONDA CITY 2016,1,33500.0,33500.0,Vendedor 10,AUTOS
3349,2025-05-12,Cliente 4,LA MOLINA,AMORTIGUADORES DELANTEROS,1,300.5,300.5,Vendedor 7,REPUESTOS
3350,2025-05-12,Cliente 34,LA MOLINA,AMORTIGUADORES POSTERIORES,2,99.1,198.2,Vendedor 7,REPUESTOS
3351,2025-05-13,Cliente 9,SURCO,AUTO HONDA CITY 2016,1,33500.0,33500.0,Vendedor 5,AUTOS
3352,2025-05-13,Cliente 46,SURCO,AMORTIGUADORES DELANTEROS,1,300.5,300.5,Vendedor 9,REPUESTOS
3353,2025-05-13,Cliente 14,LA MOLINA,AMORTIGUADORES POSTERIORES,3,99.1,297.3,Vendedor 10,REPUESTOS
3354,2025-05-14,Cliente 9,SURCO,AUTO HONDA CITY 2016,1,33500.0,33500.0,Vendedor 3,AUTOS
3355,2025-05-14,Cliente 26,SURCO,AMORTIGUADORES DELANTEROS,1,300.5,300.5,Vendedor 3,REPUESTOS
3356,2025-05-14,Cliente 26,SURCO,AMORTIGUADORES POSTERIORES,1,99.1,99.1,Vendedor 10,REPUESTOS
3357,2025-05-15,Cliente 18,SURCO,AMORTIGUADORES DELANTEROS,1,300.5,300.5,Vendedor 3,REPUESTOS
3358,2025-05-16,Cliente 44,SURCO,AMORTIGUADORES DELANTEROS,1,300.5,300.5,Vendedor 5,REPUESTOS
3359,2025-05-17,Cliente 34,LA MOLINA,ACEITE DE MOTOR 5W30 FULL SINTÉTICO,5,91.4,457.0,Vendedor 2,REPUESTOS
3360,2025-05-17,Cliente 15,LA MOLINA,FILTRO DE COMBUSTIBLE,1,102.4,102.4,Vendedor 8,REPUESTOS
3361,2025-05-17,Cliente 35,SURCO,AMORTIGUADORES DELANTEROS,3,300.5,901.5,Vendedor 10,REPUESTOS
3362,2025-05-17,Cliente 5,SURCO,AMORTIGUADORES POSTERIORES,2,99.1,198.2,Vendedor 6,REPUESTOS
3363,2025-05-17,Cliente 25,SURCO,"LLANTAS 18""",3,67.9,203.7,Vendedor 5,REPUESTOS
3364,2025-05-17,Cliente 28,LA MOLINA,BATERÍA DE 18 PLACAS,1,90.6,90.6,Vendedor 10,REPUESTOS
3365,2025-05-18,Cliente 49,LA MOLINA,ACEITE DE MOTOR 5W30 FULL SINTÉTICO,2,91.4,182.8,Vendedor 5,REPUESTOS
3366,2025-05-18,Cliente 34,SURCO,FILTRO DE COMBUSTIBLE,1,102.4,102.4,Vendedor 2,REPUESTOS
3367,2025-05-18,Cliente 16,LA MOLINA,AMORTIGUADORES DELANTEROS,1,300.5,300.5,Vendedor 8,REPUESTOS
3368,2025-05-18,Cliente 4,LA MOLINA,AMORTIGUADORES POSTERIORES,4,99.1,396.4,Vendedor 2,REPUESTOS
3369,2025-05-18,Cliente 17,LA MOLINA,"LLANTAS 18""",3,67.9,203.7,Vendedor 9,REPUESTOS
3370,2025-05-18,Cliente 43,LA MOLINA,BATERÍA DE 18 PLACAS,2,90.6,181.2,Vendedor 5,REPUESTOS
3371,2025-05-19,Cliente 1,SURCO,ACEITE DE MOTOR 5W30 FULL SINTÉTICO,3,91.4,274.2,Vendedor 2,REPUESTOS
3372,2025-05-19,Cliente 38,SURCO,AMORTIGUADORES DELANTEROS,4,300.5,1202.0,Vendedor 8,REPUESTOS
3373,2025-05-19,Cliente 43,LA MOLINA,AMORTIGUADORES POSTERIORES,2,99.1,198.2,Vendedor 5,REPUESTOS
3374,2025-05-19,Cliente 36,LA MOLINA,"LLANTAS 18""",1,67.9,67.9,Vendedor 10,REPUESTOS
3375,2025-05-19,Cliente 39,LA MOLINA,BATERÍA DE 18 PLACAS,2,90.6,181.2,Vendedor 9,REPUESTOS
3376,2025-05-20,Cliente 3,LA MOLINA,ACEITE DE MOTOR 5W30 FULL SINTÉTICO,3,91.4,274.2,Vendedor 10,REPUESTOS
3377,2025-05-20,Cliente 37,SURCO,AMORTIGUADORES DELANTEROS,1,300.5,300.5,Vendedor 2,REPUESTOS
3378,2025-05-20,Cliente 24,SURCO,AMORTIGUADORES POSTERIORES,1,99.1,99.1,Vendedor 10,REPUESTOS
3379,2025-05-20,Cliente 26,LA MOLINA,"LLANTAS 18""",6,67.9,407.4,Vendedor 1,REPUESTOS
3380,2025-05-20,Cliente 30,SURCO,BATERÍA DE 18 PLACAS,2,90.6,181.2,Vendedor 10,REPUESTOS
3381,2025-05-21,Cliente 41,SURCO,ACEITE DE MOTOR 5W30 FULL SINTÉTICO,1,91.4,91.4,Vendedor 7,REPUESTOS
3382,2025-05-21,Cliente 37,LA MOLINA,AMORTIGUADORES DELANTEROS,1,300.5,300.5,Vendedor 3,REPUESTOS
3383,2025-05-21,Cliente 7,LA MOLINA,AMORTIGUADORES POSTERIORES,1,99.1,99.1,Vendedor 5,REPUESTOS
3384,2025-05-21,Cliente 47,SURCO,"LLANTAS 18""",4,67.9,271.6,Vendedor 8,REPUESTOS
3385,2025-05-21,Cliente 44,SURCO,BATERÍA DE 18 PLACAS,2,90.6,181.2,Vendedor 6,REPUESTOS
3386,2025-05-22,Cliente 18,SURCO,ACEITE DE MOTOR 5W30 FULL SINTÉTICO,6,91.4,548.4,Vendedor 8,REPUESTOS
3387,2025-05-22,Cliente 30,LA MOLINA,AMORTIGUADORES DELANTEROS,1,300.5,300.5,Vendedor 5,REPUESTOS
3388,2025-05-22,Cliente 36,SURCO,AMORTIGUADORES POSTERIORES,2,99.1,198.2,Vendedor 9,REPUESTOS
3389,2025-05-22,Cliente 48,SURCO,"LLANTAS 18""",3,67.9,203.7,Vendedor 7,REPUESTOS
3390,2025-05-22,Cliente 32,SURCO,BATERÍA DE 18 PLACAS,1,90.6,90.6,Vendedor 2,REPUESTOS
3391,2025-05-23,Cliente 21,LA MOLINA,AMORTIGUADORES DELANTEROS,3,300.5,901.5,Vendedor 5,REPUESTOS
3392,2025-05-23,Cliente 41,SURCO,AMORTIGUADORES POSTERIORES,1,99.1,99.1,Vendedor 7,REPUESTOS
3393,2025-05-24,Cliente 13,LA MOLINA,AMORTIGUADORES DELANTEROS,2,300.5,601.0,Vendedor 5,REPUESTOS
3394,2025-05-24,Cliente 22,LA MOLINA,AMORTIGUADORES POSTERIORES,3,99.1,297.3,Vendedor 8,REPUESTOS
3395,2025-05-25,Cliente 8,LA MOLINA,AMORTIGUADORES DELANTEROS,2,300.5,601.0,Vendedor 4,REPUESTOS
3396,2025-05-25,Cliente 33,SURCO,AMORTIGUADORES POSTERIORES,4,99.1,396.4,Vendedor 9,REPUESTOS
3397,2025-06-01,Cliente 10,SURCO,AUTO HONDA ACCORD 2014,1,24000.0,24000.0,Vendedor 1,AUTOS
3398,2025-06-01,Cliente 16,LA MOLINA,AUTO HONDA CIVIC 2014,1,23500.0,23500.0,Vendedor 1,AUTOS
3399,2025-06-01,Cliente 29,LA MOLINA,AUTO HONDA ODISSEY 2013,1,22500.0,22500.0,Vendedor 7,AUTOS
3400,2025-06-01,Cliente 27,SURCO,AUTO HONDA CRV 2014,1,18500.0,18500.0,Vendedor 3,AUTOS
3401,2025-06-01,Cliente 41,SURCO,AUTO HONDA PILOT 2013,1,24000.0,24000.0,Vendedor 10,AUTOS
3402,2025-06-02,Cliente 24,LA MOLINA,AUTO HONDA ODISSEY 2013,1,22500.0,22500.0,Vendedor 6,AUTOS
3403,2025-06-02,Cliente 21,SURCO,AUTO HONDA CRV 2014,1,18500.0,18500.0,Vendedor 9,AUTOS
3404,2025-06-02,Cliente 5,SURCO,AUTO HONDA PILOT 2013,1,24000.0,24000.0,Vendedor 3,AUTOS
3405,2025-06-03,Cliente 35,SURCO,AUTO HONDA ODISSEY 2013,1,22500.0,22500.0,Vendedor 6,AUTOS
3406,2025-06-03,Cliente 39,SURCO,AUTO HONDA CRV 2014,1,18500.0,18500.0,Vendedor 4,AUTOS
3407,2025-06-03,Cliente 46,LA MOLINA,ACEITE DE MOTOR 5W30 FULL SINTÉTICO,3,120.7,362.1,Vendedor 9,REPUESTOS
3408,2025-06-03,Cliente 30,SURCO,FILTRO DE COMBUSTIBLE,1,113.4,113.4,Vendedor 5,REPUESTOS
3409,2025-06-03,Cliente 40,LA MOLINA,AMORTIGUADORES DELANTEROS,1,259.3,259.3,Vendedor 8,REPUESTOS
3410,2025-06-03,Cliente 5,LA MOLINA,AMORTIGUADORES POSTERIORES,4,112.5,450.0,Vendedor 3,REPUESTOS
3411,2025-06-03,Cliente 36,LA MOLINA,"LLANTAS 18""",1,70.7,70.7,Vendedor 1,REPUESTOS
3412,2025-06-03,Cliente 31,LA MOLINA,BATERÍA DE 18 PLACAS,1,93.2,93.2,Vendedor 3,REPUESTOS
3413,2025-06-04,Cliente 44,SURCO,AUTO HONDA ODISSEY 2013,1,22500.0,22500.0,Vendedor 6,AUTOS
3414,2025-06-04,Cliente 37,LA MOLINA,ACEITE DE MOTOR 5W30 FULL SINTÉTICO,1,120.7,120.7,Vendedor 5,REPUESTOS
3415,2025-06-04,Cliente 46,LA MOLINA,FILTRO DE COMBUSTIBLE,1,113.4,113.4,Vendedor 10,REPUESTOS
3416,2025-06-04,Cliente 46,LA MOLINA,AMORTIGUADORES DELANTEROS,4,259.3,1037.2,Vendedor 3,REPUESTOS
3417,2025-06-04,Cliente 43,SURCO,AMORTIGUADORES POSTERIORES,4,112.5,450.0,Vendedor 8,REPUESTOS
3418,2025-06-04,Cliente 22,LA MOLINA,"LLANTAS 18""",2,70.7,141.4,Vendedor 4,REPUESTOS
3419,2025-06-04,Cliente 10,LA MOLINA,BATERÍA DE 18 PLACAS,1,93.2,93.2,Vendedor 9,REPUESTOS
3420,2025-06-05,Cliente 1,LA MOLINA,ACEITE DE MOTOR 5W30 FULL SINTÉTICO,3,120.7,362.1,Vendedor 10,REPUESTOS
3421,2025-06-05,Cliente 38,LA MOLINA,AMORTIGUADORES DELANTEROS,1,259.3,259.3,Vendedor 2,REPUESTOS
3422,2025-06-05,Cliente 34,SURCO,AMORTIGUADORES POSTERIORES,1,112.5,112.5,Vendedor 7,REPUESTOS
3423,2025-06-05,Cliente 47,SURCO,"LLANTAS 18""",3,70.7,212.1,Vendedor 4,REPUESTOS
3424,2025-06-05,Cliente 39,SURCO,BATERÍA DE 18 PLACAS,1,93.2,93.2,Vendedor 3,REPUESTOS
3425,2025-06-06,Cliente 42,SURCO,ACEITE DE MOTOR 5W30 FULL SINTÉTICO,1,120.7,120.7,Vendedor 8,REPUESTOS
3426,2025-06-06,Cliente 6,LA MOLINA,AMORTIGUADORES DELANTEROS,1,259.3,259.3,Vendedor 2,REPUESTOS
3427,2025-06-06,Cliente 27,LA MOLINA,AMORTIGUADORES POSTERIORES,4,112.5,450.0,Vendedor 7,REPUESTOS
3428,2025-06-06,Cliente 9,LA MOLINA,"LLANTAS 18""",3,70.7,212.1,Vendedor 6,REPUESTOS
3429,2025-06-06,Cliente 7,SURCO,BATERÍA DE 18 PLACAS,1,93.2,93.2,Vendedor 5,REPUESTOS
3430,2025-06-07,Cliente 46,SURCO,ACEITE DE MOTOR 5W30 FULL SINTÉTICO,3,120.7,362.1,Vendedor 7,REPUESTOS
3431,2025-06-07,Cliente 6,LA MOLINA,AMORTIGUADORES DELANTEROS,3,259.3,777.9,Vendedor 3,REPUESTOS
3432,2025-06-07,Cliente 13,LA MOLINA,AMORTIGUADORES POSTERIORES,2,112.5,225.0,Vendedor 4,REPUESTOS
3433,2025-06-07,Cliente 22,SURCO,"LLANTAS 18""",2,70.7,141.4,Vendedor 8,REPUESTOS
3434,2025-06-07,Cliente 34,SURCO,BATERÍA DE 18 PLACAS,1,93.2,93.2,Vendedor 5,REPUESTOS
3435,2025-06-08,Cliente 36,SURCO,ACEITE DE MOTOR 5W30 FULL SINTÉTICO,1,120.7,120.7,Vendedor 1,REPUESTOS
3436,2025-06-08,Cliente 11,SURCO,AMORTIGUADORES DELANTEROS,3,259.3,777.9,Vendedor 1,REPUESTOS
3437,2025-06-08,Cliente 1,SURCO,AMORTIGUADORES POSTERIORES,5,112.5,562.5,Vendedor 6,REPUESTOS
3438,2025-06-08,Cliente 2,LA MOLINA,"LLANTAS 18""",2,70.7,141.4,Vendedor 10,REPUESTOS
3439,2025-06-08,Cliente 5,LA MOLINA,BATERÍA DE 18 PLACAS,1,93.2,93.2,Vendedor 3,REPUESTOS
3440,2025-06-09,Cliente 41,SURCO,AUTO HONDA ODISSEY 2013,1,22500.0,22500.0,Vendedor 10,AUTOS
3441,2025-06-09,Cliente 12,SURCO,AUTO HONDA PILOT 2013,1,24000.0,24000.0,Vendedor 9,AUTOS
3442,2025-06-09,Cliente 23,SURCO,AUTO HONDA FIT 2016,1,28500.0,28500.0,Vendedor 2,AUTOS
3443,2025-06-09,Cliente 39,SURCO,AUTO HONDA CITY 2016,1,28500.0,28500.0,Vendedor 6,AUTOS
3444,2025-06-09,Cliente 46,LA MOLINA,ACEITE DE MOTOR 5W30 FULL SINTÉTICO,2,120.7,241.4,Vendedor 3,REPUESTOS
3445,2025-06-09,Cliente 29,SURCO,AMORTIGUADORES DELANTEROS,5,259.3,1296.5,Vendedor 1,REPUESTOS
3446,2025-06-09,Cliente 20,SURCO,"LLANTAS 18""",1,70.7,70.7,Vendedor 5,REPUESTOS
3447,2025-06-09,Cliente 23,SURCO,BATERÍA DE 18 PLACAS,1,93.2,93.2,Vendedor 3,REPUESTOS
3448,2025-06-10,Cliente 7,SURCO,AUTO HONDA ODISSEY 2013,1,22500.0,22500.0,Vendedor 8,AUTOS
3449,2025-06-10,Cliente 39,SURCO,AUTO HONDA PILOT 2013,1,24000.0,24000.0,Vendedor 3,AUTOS
3450,2025-06-10,Cliente 30,SURCO,AUTO HONDA FIT 2016,1,28500.0,28500.0,Vendedor 9,AUTOS
3451,2025-06-10,Cliente 8,LA MOLINA,ACEITE DE MOTOR 5W30 FULL SINTÉTICO,1,120.7,120.7,Vendedor 9,REPUESTOS
3452,2025-06-10,Cliente 16,SURCO,AMORTIGUADORES DELANTEROS,1,259.3,259.3,Vendedor 6,REPUESTOS
3453,2025-06-10,Cliente 13,LA MOLINA,"LLANTAS 18""",1,70.7,70.7,Vendedor 7,REPUESTOS
3454,2025-06-10,Cliente 23,SURCO,BATERÍA DE 18 PLACAS,1,93.2,93.2,Vendedor 1,REPUESTOS
3455,2025-06-11,Cliente 43,SURCO,AUTO HONDA PILOT 2013,1,24000.0,24000.0,Vendedor 10,AUTOS
3456,2025-06-11,Cliente 34,SURCO,AUTO HONDA FIT 2016,1,28500.0,28500.0,Vendedor 2,AUTOS
3457,2025-06-11,Cliente 49,SURCO,ACEITE DE MOTOR 5W30 FULL SINTÉTICO,3,120.7,362.1,Vendedor 9,REPUESTOS
3458,2025-06-11,Cliente 21,SURCO,AMORTIGUADORES DELANTEROS,1,259.3,259.3,Vendedor 3,REPUESTOS
3459,2025-06-11,Cliente 41,LA MOLINA,"LLANTAS 18""",1,70.7,70.7,Vendedor 7,REPUESTOS
3460,2025-06-11,Cliente 28,LA MOLINA,BATERÍA DE 18 PLACAS,1,93.2,93.2,Vendedor 7,REPUESTOS
3461,2025-06-12,Cliente 2,SURCO,ACEITE DE MOTOR 5W30 FULL SINTÉTICO,1,120.7,120.7,Vendedor 8,REPUESTOS
3462,2025-06-12,Cliente 40,SURCO,"LLANTAS 18""",3,70.7,212.1,Vendedor 7,REPUESTOS
3463,2025-06-12,Cliente 32,LA MOLINA,BATERÍA DE 18 PLACAS,1,93.2,93.2,Vendedor 5,REPUESTOS
3464,2025-06-13,Cliente 13,SURCO,ACEITE DE MOTOR 5W30 FULL SINTÉTICO,1,120.7,120.7,Vendedor 2,REPUESTOS
3465,2025-06-13,Cliente 48,SURCO,"LLANTAS 18""",1,70.7,70.7,Vendedor 1,REPUESTOS
3466,2025-06-17,Cliente 44,LA MOLINA,ACEITE DE MOTOR 5W30 FULL SINTÉTICO,5,120.7,603.5,Vendedor 1,REPUESTOS
3467,2025-06-17,Cliente 7,SURCO,FILTRO DE COMBUSTIBLE,1,113.4,113.4,Vendedor 8,REPUESTOS
3468,2025-06-17,Cliente 46,SURCO,AMORTIGUADORES DELANTEROS,2,259.3,518.6,Vendedor 6,REPUESTOS
3469,2025-06-17,Cliente 32,SURCO,AMORTIGUADORES POSTERIORES,2,112.5,225.0,Vendedor 4,REPUESTOS
3470,2025-06-17,Cliente 3,SURCO,"LLANTAS 18""",5,70.7,353.5,Vendedor 7,REPUESTOS
3471,2025-06-17,Cliente 45,SURCO,BATERÍA DE 18 PLACAS,1,93.2,93.2,Vendedor 2,REPUESTOS
3472,2025-06-18,Cliente 16,SURCO,ACEITE DE MOTOR 5W30 FULL SINTÉTICO,3,120.7,362.1,Vendedor 6,REPUESTOS
3473,2025-06-18,Cliente 25,LA MOLINA,FILTRO DE COMBUSTIBLE,1,113.4,113.4,Vendedor 4,REPUESTOS
3474,2025-06-18,Cliente 3,LA MOLINA,AMORTIGUADORES DELANTEROS,6,259.3,1555.8,Vendedor 3,REPUESTOS
3475,2025-06-18,Cliente 40,SURCO,AMORTIGUADORES POSTERIORES,3,112.5,337.5,Vendedor 5,REPUESTOS
3476,2025-06-18,Cliente 14,LA MOLINA,"LLANTAS 18""",4,70.7,282.8,Vendedor 5,REPUESTOS
3477,2025-06-18,Cliente 27,SURCO,BATERÍA DE 18 PLACAS,2,93.2,186.4,Vendedor 7,REPUESTOS
3478,2025-06-19,Cliente 13,LA MOLINA,ACEITE DE MOTOR 5W30 FULL SINTÉTICO,4,120.7,482.8,Vendedor 8,REPUESTOS
3479,2025-06-19,Cliente 41,SURCO,AMORTIGUADORES DELANTEROS,5,259.3,1296.5,Vendedor 7,REPUESTOS
3480,2025-06-19,Cliente 9,LA MOLINA,AMORTIGUADORES POSTERIORES,1,112.5,112.5,Vendedor 4,REPUESTOS
3481,2025-06-19,Cliente 8,SURCO,"LLANTAS 18""",1,70.7,70.7,Vendedor 3,REPUESTOS
3482,2025-06-19,Cliente 12,SURCO,BATERÍA DE 18 PLACAS,2,93.2,186.4,Vendedor 9,REPUESTOS
3483,2025-06-20,Cliente 48,SURCO,ACEITE DE MOTOR 5W30 FULL SINTÉTICO,3,120.7,362.1,Vendedor 5,REPUESTOS
3484,2025-06-20,Cliente 35,LA MOLINA,AMORTIGUADORES DELANTEROS,4,259.3,1037.2,Vendedor 5,REPUESTOS
3485,2025-06-20,Cliente 7,LA MOLINA,AMORTIGUADORES POSTERIORES,5,112.5,562.5,Vendedor 2,REPUESTOS
3486,2025-06-20,Cliente 6,SURCO,"LLANTAS 18""",4,70.7,282.8,Vendedor 9,REPUESTOS
3487,2025-06-20,Cliente 9,LA MOLINA,BATERÍA DE 18 PLACAS,2,93.2,186.4,Vendedor 9,REPUESTOS
3488,2025-06-21,Cliente 31,LA MOLINA,ACEITE DE MOTOR 5W30 FULL SINTÉTICO,1,120.7,120.7,Vendedor 2,REPUESTOS
3489,2025-06-21,Cliente 3,SURCO,AMORTIGUADORES DELANTEROS,2,259.3,518.6,Vendedor 7,REPUESTOS
3490,2025-06-21,Cliente 49,SURCO,AMORTIGUADORES POSTERIORES,3,112.5,337.5,Vendedor 2,REPUESTOS
3491,2025-06-21,Cliente 40,LA MOLINA,"LLANTAS 18""",2,70.7,141.4,Vendedor 6,REPUESTOS
3492,2025-06-21,Cliente 29,LA MOLINA,BATERÍA DE 18 PLACAS,2,93.2,186.4,Vendedor 10,REPUESTOS
3493,2025-06-22,Cliente 43,SURCO,ACEITE DE MOTOR 5W30 FULL SINTÉTICO,4,120.7,482.8,Vendedor 9,REPUESTOS
3494,2025-06-22,Cliente 47,SURCO,AMORTIGUADORES DELANTEROS,1,259.3,259.3,Vendedor 6,REPUESTOS
3495,2025-06-22,Cliente 10,SURCO,AMORTIGUADORES POSTERIORES,1,112.5,112.5,Vendedor 6,REPUESTOS
3496,2025-06-22,Cliente 23,LA MOLINA,"LLANTAS 18""",3,70.7,212.1,Vendedor 8,REPUESTOS
3497,2025-06-22,Cliente 26,LA MOLINA,BATERÍA DE 18 PLACAS,1,93.2,93.2,Vendedor 7,REPUESTOS
3498,2025-06-23,Cliente 15,SURCO,AMORTIGUADORES POSTERIORES,1,112.5,112.5,Vendedor 3,REPUESTOS
3499,2025-06-23,Cliente 22,LA MOLINA,"LLANTAS 18""",1,70.7,70.7,Vendedor 8,REPUESTOS
3500,2025-06-24,Cliente 39,LA MOLINA,AMORTIGUADORES POSTERIORES,4,112.5,450.0,Vendedor 9,REPUESTOS
3501,2025-07-01,Cliente 41,LA MOLINA,AUTO HONDA ACCORD 2014,1,24000.0,24000.0,Vendedor 8,AUTOS
3502,2025-07-01,Cliente 10,LA MOLINA,AUTO HONDA CIVIC 2014,1,25000.0,25000.0,Vendedor 8,AUTOS
3503,2025-07-01,Cliente 15,LA MOLINA,AUTO HONDA ODISSEY 2013,1,22500.0,22500.0,Vendedor 3,AUTOS
3504,2025-07-01,Cliente 41,LA MOLINA,AUTO HONDA CRV 2014,1,20500.0,20500.0,Vendedor 3,AUTOS
3505,2025-07-01,Cliente 17,SURCO,AUTO HONDA FIT 2016,1,27000.0,27000.0,Vendedor 3,AUTOS
3506,2025-07-01,Cliente 48,SURCO,AUTO HONDA CITY 2016,1,28500.0,28500.0,Vendedor 1,AUTOS
3507,2025-07-02,Cliente 27,LA MOLINA,AUTO HONDA ACCORD 2014,1,24000.0,24000.0,Vendedor 9,AUTOS
3508,2025-07-02,Cliente 26,SURCO,AUTO HONDA CIVIC 2014,1,25000.0,25000.0,Vendedor 3,AUTOS
3509,2025-07-02,Cliente 14,LA MOLINA,AUTO HONDA ODISSEY 2013,1,22500.0,22500.0,Vendedor 7,AUTOS
3510,2025-07-02,Cliente 27,LA MOLINA,AUTO HONDA CRV 2014,1,20500.0,20500.0,Vendedor 8,AUTOS
3511,2025-07-02,Cliente 29,SURCO,AUTO HONDA CITY 2016,1,28500.0,28500.0,Vendedor 7,AUTOS
3512,2025-07-03,Cliente 9,LA MOLINA,AUTO HONDA ACCORD 2014,1,24000.0,24000.0,Vendedor 9,AUTOS
3513,2025-07-03,Cliente 16,SURCO,AUTO HONDA CIVIC 2014,1,25000.0,25000.0,Vendedor 4,AUTOS
3514,2025-07-03,Cliente 37,SURCO,AUTO HONDA ODISSEY 2013,1,22500.0,22500.0,Vendedor 4,AUTOS
3515,2025-07-03,Cliente 30,LA MOLINA,AUTO HONDA CRV 2014,1,20500.0,20500.0,Vendedor 9,AUTOS
3516,2025-07-03,Cliente 24,SURCO,AUTO HONDA CITY 2016,1,28500.0,28500.0,Vendedor 5,AUTOS
3517,2025-07-03,Cliente 10,LA MOLINA,ACEITE DE MOTOR 5W30 FULL SINTÉTICO,1,111.5,111.5,Vendedor 8,REPUESTOS
3518,2025-07-03,Cliente 35,SURCO,FILTRO DE COMBUSTIBLE,1,117.5,117.5,Vendedor 8,REPUESTOS
3519,2025-07-03,Cliente 4,LA MOLINA,AMORTIGUADORES DELANTEROS,2,295.0,590.0,Vendedor 4,REPUESTOS
3520,2025-07-03,Cliente 36,LA MOLINA,AMORTIGUADORES POSTERIORES,1,122.6,122.6,Vendedor 3,REPUESTOS
3521,2025-07-03,Cliente 12,LA MOLINA,"LLANTAS 18""",2,60.7,121.4,Vendedor 8,REPUESTOS
3522,2025-07-03,Cliente 45,SURCO,BATERÍA DE 18 PLACAS,1,126.0,126.0,Vendedor 4,REPUESTOS
3523,2025-07-04,Cliente 37,LA MOLINA,AUTO HONDA ACCORD 2014,1,24000.0,24000.0,Vendedor 3,AUTOS
3524,2025-07-04,Cliente 48,LA MOLINA,AUTO HONDA ODISSEY 2013,1,22500.0,22500.0,Vendedor 10,AUTOS
3525,2025-07-04,Cliente 42,SURCO,AUTO HONDA CRV 2014,1,20500.0,20500.0,Vendedor 7,AUTOS
3526,2025-07-04,Cliente 10,SURCO,AUTO HONDA CITY 2016,1,28500.0,28500.0,Vendedor 7,AUTOS
3527,2025-07-04,Cliente 16,LA MOLINA,ACEITE DE MOTOR 5W30 FULL SINTÉTICO,2,111.5,223.0,Vendedor 3,REPUESTOS
3528,2025-07-04,Cliente 21,LA MOLINA,FILTRO DE COMBUSTIBLE,1,117.5,117.5,Vendedor 10,REPUESTOS
3529,2025-07-04,Cliente 44,SURCO,AMORTIGUADORES DELANTEROS,3,295.0,885.0,Vendedor 2,REPUESTOS
3530,2025-07-04,Cliente 2,SURCO,AMORTIGUADORES POSTERIORES,1,122.6,122.6,Vendedor 1,REPUESTOS
3531,2025-07-04,Cliente 6,LA MOLINA,"LLANTAS 18""",1,60.7,60.7,Vendedor 6,REPUESTOS
3532,2025-07-04,Cliente 13,LA MOLINA,BATERÍA DE 18 PLACAS,1,126.0,126.0,Vendedor 3,REPUESTOS
3533,2025-07-05,Cliente 20,SURCO,AUTO HONDA CRV 2014,1,20500.0,20500.0,Vendedor 2,AUTOS
3534,2025-07-05,Cliente 38,LA MOLINA,ACEITE DE MOTOR 5W30 FULL SINTÉTICO,2,111.5,223.0,Vendedor 8,REPUESTOS
3535,2025-07-05,Cliente 46,LA MOLINA,AMORTIGUADORES DELANTEROS,2,295.0,590.0,Vendedor 3,REPUESTOS
3536,2025-07-05,Cliente 7,LA MOLINA,AMORTIGUADORES POSTERIORES,2,122.6,245.2,Vendedor 9,REPUESTOS
3537,2025-07-05,Cliente 11,SURCO,"LLANTAS 18""",1,60.7,60.7,Vendedor 7,REPUESTOS
3538,2025-07-05,Cliente 35,SURCO,BATERÍA DE 18 PLACAS,1,126.0,126.0,Vendedor 10,REPUESTOS
3539,2025-07-06,Cliente 11,LA MOLINA,AUTO HONDA CRV 2014,1,20500.0,20500.0,Vendedor 9,AUTOS
3540,2025-07-06,Cliente 45,LA MOLINA,ACEITE DE MOTOR 5W30 FULL SINTÉTICO,3,111.5,334.5,Vendedor 5,REPUESTOS
3541,2025-07-06,Cliente 8,SURCO,AMORTIGUADORES DELANTEROS,3,295.0,885.0,Vendedor 3,REPUESTOS
3542,2025-07-06,Cliente 49,SURCO,AMORTIGUADORES POSTERIORES,2,122.6,245.2,Vendedor 1,REPUESTOS
3543,2025-07-06,Cliente 31,LA MOLINA,"LLANTAS 18""",1,60.7,60.7,Vendedor 7,REPUESTOS
3544,2025-07-06,Cliente 11,LA MOLINA,BATERÍA DE 18 PLACAS,1,126.0,126.0,Vendedor 1,REPUESTOS
3545,2025-07-07,Cliente 29,LA MOLINA,ACEITE DE MOTOR 5W30 FULL SINTÉTICO,2,111.5,223.0,Vendedor 10,REPUESTOS
3546,2025-07-07,Cliente 29,SURCO,AMORTIGUADORES DELANTEROS,3,295.0,885.0,Vendedor 1,REPUESTOS
3547,2025-07-07,Cliente 22,LA MOLINA,AMORTIGUADORES POSTERIORES,2,122.6,245.2,Vendedor 2,REPUESTOS
3548,2025-07-07,Cliente 12,SURCO,"LLANTAS 18""",2,60.7,121.4,Vendedor 3,REPUESTOS
3549,2025-07-07,Cliente 44,LA MOLINA,BATERÍA DE 18 PLACAS,1,126.0,126.0,Vendedor 7,REPUESTOS
3550,2025-07-08,Cliente 43,SURCO,ACEITE DE MOTOR 5W30 FULL SINTÉTICO,2,111.5,223.0,Vendedor 4,REPUESTOS
3551,2025-07-08,Cliente 19,LA MOLINA,AMORTIGUADORES DELANTEROS,3,295.0,885.0,Vendedor 2,REPUESTOS
3552,2025-07-08,Cliente 2,LA MOLINA,AMORTIGUADORES POSTERIORES,2,122.6,245.2,Vendedor 10,REPUESTOS
3553,2025-07-08,Cliente 11,LA MOLINA,"LLANTAS 18""",3,60.7,182.1,Vendedor 6,REPUESTOS
3554,2025-07-08,Cliente 13,LA MOLINA,BATERÍA DE 18 PLACAS,1,126.0,126.0,Vendedor 9,REPUESTOS
3555,2025-07-09,Cliente 32,SURCO,ACEITE DE MOTOR 5W30 FULL SINTÉTICO,3,111.5,334.5,Vendedor 6,REPUESTOS
3556,2025-07-09,Cliente 42,SURCO,AMORTIGUADORES DELANTEROS,1,295.0,295.0,Vendedor 4,REPUESTOS
3557,2025-07-09,Cliente 17,LA MOLINA,AMORTIGUADORES POSTERIORES,3,122.6,367.8,Vendedor 8,REPUESTOS
3558,2025-07-09,Cliente 3,LA MOLINA,"LLANTAS 18""",2,60.7,121.4,Vendedor 5,REPUESTOS
3559,2025-07-09,Cliente 43,LA MOLINA,BATERÍA DE 18 PLACAS,1,126.0,126.0,Vendedor 2,REPUESTOS
3560,2025-07-10,Cliente 36,SURCO,AUTO HONDA PILOT 2013,1,27500.0,27500.0,Vendedor 1,AUTOS
3561,2025-07-10,Cliente 40,SURCO,AUTO HONDA CITY 2016,1,28500.0,28500.0,Vendedor 1,AUTOS
3562,2025-07-10,Cliente 25,SURCO,ACEITE DE MOTOR 5W30 FULL SINTÉTICO,1,111.5,111.5,Vendedor 4,REPUESTOS
3563,2025-07-10,Cliente 25,LA MOLINA,AMORTIGUADORES DELANTEROS,2,295.0,590.0,Vendedor 1,REPUESTOS
3564,2025-07-10,Cliente 45,SURCO,AMORTIGUADORES POSTERIORES,3,122.6,367.8,Vendedor 7,REPUESTOS
3565,2025-07-10,Cliente 33,LA MOLINA,"LLANTAS 18""",1,60.7,60.7,Vendedor 7,REPUESTOS
3566,2025-07-10,Cliente 46,SURCO,BATERÍA DE 18 PLACAS,1,126.0,126.0,Vendedor 6,REPUESTOS
3567,2025-07-11,Cliente 23,SURCO,AUTO HONDA PILOT 2013,1,27500.0,27500.0,Vendedor 5,AUTOS
3568,2025-07-11,Cliente 19,SURCO,ACEITE DE MOTOR 5W30 FULL SINTÉTICO,2,111.5,223.0,Vendedor 5,REPUESTOS
3569,2025-07-11,Cliente 43,LA MOLINA,AMORTIGUADORES DELANTEROS,1,295.0,295.0,Vendedor 2,REPUESTOS
3570,2025-07-11,Cliente 33,SURCO,AMORTIGUADORES POSTERIORES,3,122.6,367.8,Vendedor 2,REPUESTOS
3571,2025-07-11,Cliente 49,SURCO,"LLANTAS 18""",1,60.7,60.7,Vendedor 2,REPUESTOS
3572,2025-07-11,Cliente 5,SURCO,BATERÍA DE 18 PLACAS,1,126.0,126.0,Vendedor 3,REPUESTOS
3573,2025-07-12,Cliente 5,SURCO,AUTO HONDA PILOT 2013,1,27500.0,27500.0,Vendedor 3,AUTOS
3574,2025-07-12,Cliente 5,SURCO,ACEITE DE MOTOR 5W30 FULL SINTÉTICO,2,111.5,223.0,Vendedor 1,REPUESTOS
3575,2025-07-12,Cliente 40,SURCO,AMORTIGUADORES POSTERIORES,1,122.6,122.6,Vendedor 2,REPUESTOS
3576,2025-07-12,Cliente 41,SURCO,"LLANTAS 18""",1,60.7,60.7,Vendedor 6,REPUESTOS
3577,2025-07-12,Cliente 40,SURCO,BATERÍA DE 18 PLACAS,1,126.0,126.0,Vendedor 2,REPUESTOS
3578,2025-07-13,Cliente 12,SURCO,"LLANTAS 18""",1,60.7,60.7,Vendedor 2,REPUESTOS
3579,2025-07-14,Cliente 14,SURCO,"LLANTAS 18""",3,60.7,182.1,Vendedor 1,REPUESTOS
3580,2025-07-15,Cliente 31,SURCO,"LLANTAS 18""",1,60.7,60.7,Vendedor 4,REPUESTOS
3581,2025-07-17,Cliente 29,SURCO,ACEITE DE MOTOR 5W30 FULL SINTÉTICO,5,111.5,557.5,Vendedor 3,REPUESTOS
3582,2025-07-17,Cliente 6,SURCO,FILTRO DE COMBUSTIBLE,1,117.5,117.5,Vendedor 3,REPUESTOS
3583,2025-07-17,Cliente 10,LA MOLINA,AMORTIGUADORES DELANTEROS,2,295.0,590.0,Vendedor 9,REPUESTOS
3584,2025-07-17,Cliente 45,SURCO,AMORTIGUADORES POSTERIORES,2,122.6,245.2,Vendedor 2,REPUESTOS
3585,2025-07-17,Cliente 21,SURCO,"LLANTAS 18""",2,60.7,121.4,Vendedor 4,REPUESTOS
3586,2025-07-17,Cliente 41,LA MOLINA,BATERÍA DE 18 PLACAS,1,126.0,126.0,Vendedor 10,REPUESTOS
3587,2025-07-18,Cliente 33,LA MOLINA,ACEITE DE MOTOR 5W30 FULL SINTÉTICO,3,111.5,334.5,Vendedor 5,REPUESTOS
3588,2025-07-18,Cliente 28,LA MOLINA,FILTRO DE COMBUSTIBLE,1,117.5,117.5,Vendedor 5,REPUESTOS
3589,2025-07-18,Cliente 34,SURCO,AMORTIGUADORES DELANTEROS,3,295.0,885.0,Vendedor 1,REPUESTOS
3590,2025-07-18,Cliente 49,LA MOLINA,AMORTIGUADORES POSTERIORES,3,122.6,367.8,Vendedor 3,REPUESTOS
3591,2025-07-18,Cliente 5,SURCO,"LLANTAS 18""",1,60.7,60.7,Vendedor 8,REPUESTOS
3592,2025-07-18,Cliente 40,SURCO,BATERÍA DE 18 PLACAS,2,126.0,252.0,Vendedor 7,REPUESTOS
3593,2025-07-19,Cliente 1,LA MOLINA,ACEITE DE MOTOR 5W30 FULL SINTÉTICO,1,111.5,111.5,Vendedor 2,REPUESTOS
3594,2025-07-19,Cliente 45,LA MOLINA,AMORTIGUADORES DELANTEROS,3,295.0,885.0,Vendedor 10,REPUESTOS
3595,2025-07-19,Cliente 47,LA MOLINA,AMORTIGUADORES POSTERIORES,1,122.6,122.6,Vendedor 6,REPUESTOS
3596,2025-07-19,Cliente 48,LA MOLINA,"LLANTAS 18""",4,60.7,242.8,Vendedor 8,REPUESTOS
3597,2025-07-19,Cliente 20,LA MOLINA,BATERÍA DE 18 PLACAS,2,126.0,252.0,Vendedor 8,REPUESTOS
3598,2025-07-20,Cliente 15,SURCO,ACEITE DE MOTOR 5W30 FULL SINTÉTICO,3,111.5,334.5,Vendedor 10,REPUESTOS
3599,2025-07-20,Cliente 45,SURCO,AMORTIGUADORES DELANTEROS,2,295.0,590.0,Vendedor 6,REPUESTOS
3600,2025-07-20,Cliente 30,LA MOLINA,AMORTIGUADORES POSTERIORES,4,122.6,490.4,Vendedor 6,REPUESTOS
3601,2025-07-20,Cliente 30,LA MOLINA,"LLANTAS 18""",4,60.7,242.8,Vendedor 8,REPUESTOS
3602,2025-07-20,Cliente 48,SURCO,BATERÍA DE 18 PLACAS,1,126.0,126.0,Vendedor 7,REPUESTOS
3603,2025-07-21,Cliente 9,SURCO,ACEITE DE MOTOR 5W30 FULL SINTÉTICO,2,111.5,223.0,Vendedor 6,REPUESTOS
3604,2025-07-21,Cliente 26,SURCO,AMORTIGUADORES DELANTEROS,4,295.0,1180.0,Vendedor 6,REPUESTOS
3605,2025-07-21,Cliente 43,LA MOLINA,AMORTIGUADORES POSTERIORES,1,122.6,122.6,Vendedor 3,REPUESTOS
3606,2025-07-21,Cliente 14,SURCO,"LLANTAS 18""",2,60.7,121.4,Vendedor 2,REPUESTOS
3607,2025-07-21,Cliente 31,LA MOLINA,BATERÍA DE 18 PLACAS,1,126.0,126.0,Vendedor 3,REPUESTOS
3608,2025-07-22,Cliente 13,LA MOLINA,ACEITE DE MOTOR 5W30 FULL SINTÉTICO,3,111.5,334.5,Vendedor 1,REPUESTOS
3609,2025-07-22,Cliente 11,LA MOLINA,AMORTIGUADORES DELANTEROS,4,295.0,1180.0,Vendedor 5,REPUESTOS
3610,2025-07-22,Cliente 13,SURCO,AMORTIGUADORES POSTERIORES,3,122.6,367.8,Vendedor 8,REPUESTOS
3611,2025-07-22,Cliente 28,LA MOLINA,"LLANTAS 18""",2,60.7,121.4,Vendedor 7,REPUESTOS
3612,2025-07-22,Cliente 43,LA MOLINA,BATERÍA DE 18 PLACAS,1,126.0,126.0,Vendedor 1,REPUESTOS
3613,2025-07-23,Cliente 5,LA MOLINA,ACEITE DE MOTOR 5W30 FULL SINTÉTICO,3,111.5,334.5,Vendedor 6,REPUESTOS
3614,2025-07-23,Cliente 39,LA MOLINA,AMORTIGUADORES DELANTEROS,1,295.0,295.0,Vendedor 5,REPUESTOS
3615,2025-07-23,Cliente 34,SURCO,AMORTIGUADORES POSTERIORES,2,122.6,245.2,Vendedor 8,REPUESTOS
3616,2025-07-23,Cliente 32,SURCO,"LLANTAS 18""",2,60.7,121.4,Vendedor 1,REPUESTOS
3617,2025-07-23,Cliente 22,SURCO,BATERÍA DE 18 PLACAS,2,126.0,252.0,Vendedor 5,REPUESTOS
3618,2025-07-24,Cliente 39,SURCO,AMORTIGUADORES DELANTEROS,1,295.0,295.0,Vendedor 3,REPUESTOS
3619,2025-07-24,Cliente 22,LA MOLINA,AMORTIGUADORES POSTERIORES,1,122.6,122.6,Vendedor 6,REPUESTOS
3620,2025-07-24,Cliente 37,SURCO,"LLANTAS 18""",2,60.7,121.4,Vendedor 8,REPUESTOS
3621,2025-07-25,Cliente 16,SURCO,AMORTIGUADORES POSTERIORES,3,122.6,367.8,Vendedor 4,REPUESTOS
3622,2025-08-01,Cliente 50,LA MOLINA,AUTO HONDA ACCORD 2014,1,18500.0,18500.0,Vendedor 1,AUTOS
3623,2025-08-01,Cliente 16,LA MOLINA,AUTO HONDA CIVIC 2014,1,25000.0,25000.0,Vendedor 4,AUTOS
3624,2025-08-01,Cliente 21,SURCO,AUTO HONDA CRV 2014,1,29500.0,29500.0,Vendedor 6,AUTOS
3625,2025-08-01,Cliente 36,SURCO,AUTO HONDA PILOT 2013,1,24500.0,24500.0,Vendedor 3,AUTOS
3626,2025-08-01,Cliente 21,SURCO,AUTO HONDA FIT 2016,1,26000.0,26000.0,Vendedor 8,AUTOS
3627,2025-08-02,Cliente 19,SURCO,AUTO HONDA ACCORD 2014,1,18500.0,18500.0,Vendedor 1,AUTOS
3628,2025-08-02,Cliente 34,SURCO,AUTO HONDA CIVIC 2014,1,25000.0,25000.0,Vendedor 9,AUTOS
3629,2025-08-02,Cliente 16,LA MOLINA,AUTO HONDA CRV 2014,1,29500.0,29500.0,Vendedor 7,AUTOS
3630,2025-08-02,Cliente 45,SURCO,AUTO HONDA PILOT 2013,1,24500.0,24500.0,Vendedor 1,AUTOS
3631,2025-08-02,Cliente 17,SURCO,AUTO HONDA FIT 2016,1,26000.0,26000.0,Vendedor 4,AUTOS
3632,2025-08-03,Cliente 6,SURCO,AUTO HONDA ACCORD 2014,1,18500.0,18500.0,Vendedor 6,AUTOS
3633,2025-08-03,Cliente 50,LA MOLINA,AUTO HONDA CIVIC 2014,1,25000.0,25000.0,Vendedor 3,AUTOS
3634,2025-08-03,Cliente 41,SURCO,AUTO HONDA CRV 2014,1,29500.0,29500.0,Vendedor 7,AUTOS
3635,2025-08-03,Cliente 39,SURCO,AUTO HONDA FIT 2016,1,26000.0,26000.0,Vendedor 8,AUTOS
3636,2025-08-03,Cliente 18,SURCO,ACEITE DE MOTOR 5W30 FULL SINTÉTICO,2,100.8,201.6,Vendedor 8,REPUESTOS
3637,2025-08-03,Cliente 13,LA MOLINA,FILTRO DE COMBUSTIBLE,1,125.0,125.0,Vendedor 10,REPUESTOS
3638,2025-08-03,Cliente 11,LA MOLINA,AMORTIGUADORES DELANTEROS,4,271.9,1087.6,Vendedor 10,REPUESTOS
3639,2025-08-03,Cliente 2,LA MOLINA,AMORTIGUADORES POSTERIORES,1,120.6,120.6,Vendedor 2,REPUESTOS
3640,2025-08-03,Cliente 36,LA MOLINA,"LLANTAS 18""",1,60.3,60.3,Vendedor 8,REPUESTOS
3641,2025-08-03,Cliente 10,LA MOLINA,BATERÍA DE 18 PLACAS,1,108.9,108.9,Vendedor 6,REPUESTOS
3642,2025-08-04,Cliente 36,SURCO,AUTO HONDA ACCORD 2014,1,18500.0,18500.0,Vendedor 1,AUTOS
3643,2025-08-04,Cliente 42,LA MOLINA,AUTO HONDA CIVIC 2014,1,25000.0,25000.0,Vendedor 6,AUTOS
3644,2025-08-04,Cliente 12,SURCO,AUTO HONDA CRV 2014,1,29500.0,29500.0,Vendedor 6,AUTOS
3645,2025-08-04,Cliente 42,SURCO,AUTO HONDA FIT 2016,1,26000.0,26000.0,Vendedor 5,AUTOS
3646,2025-08-04,Cliente 33,SURCO,ACEITE DE MOTOR 5W30 FULL SINTÉTICO,2,100.8,201.6,Vendedor 1,REPUESTOS
3647,2025-08-04,Cliente 32,SURCO,FILTRO DE COMBUSTIBLE,1,125.0,125.0,Vendedor 2,REPUESTOS
3648,2025-08-04,Cliente 10,SURCO,AMORTIGUADORES DELANTEROS,1,271.9,271.9,Vendedor 2,REPUESTOS
3649,2025-08-04,Cliente 6,SURCO,AMORTIGUADORES POSTERIORES,1,120.6,120.6,Vendedor 6,REPUESTOS
3650,2025-08-04,Cliente 6,LA MOLINA,"LLANTAS 18""",2,60.3,120.6,Vendedor 7,REPUESTOS
3651,2025-08-04,Cliente 49,LA MOLINA,BATERÍA DE 18 PLACAS,1,108.9,108.9,Vendedor 2,REPUESTOS
3652,2025-08-05,Cliente 26,SURCO,AUTO HONDA ACCORD 2014,1,18500.0,18500.0,Vendedor 9,AUTOS
3653,2025-08-05,Cliente 42,LA MOLINA,ACEITE DE MOTOR 5W30 FULL SINTÉTICO,1,100.8,100.8,Vendedor 7,REPUESTOS
3654,2025-08-05,Cliente 14,SURCO,AMORTIGUADORES DELANTEROS,2,271.9,543.8,Vendedor 8,REPUESTOS
3655,2025-08-05,Cliente 49,SURCO,AMORTIGUADORES POSTERIORES,1,120.6,120.6,Vendedor 5,REPUESTOS
3656,2025-08-05,Cliente 4,SURCO,"LLANTAS 18""",2,60.3,120.6,Vendedor 9,REPUESTOS
3657,2025-08-05,Cliente 4,SURCO,BATERÍA DE 18 PLACAS,1,108.9,108.9,Vendedor 4,REPUESTOS
3658,2025-08-06,Cliente 3,SURCO,ACEITE DE MOTOR 5W30 FULL SINTÉTICO,4,100.8,403.2,Vendedor 4,REPUESTOS
3659,2025-08-06,Cliente 9,SURCO,AMORTIGUADORES DELANTEROS,2,271.9,543.8,Vendedor 9,REPUESTOS
3660,2025-08-06,Cliente 25,LA MOLINA,AMORTIGUADORES POSTERIORES,2,120.6,241.2,Vendedor 7,REPUESTOS
3661,2025-08-06,Cliente 32,LA MOLINA,"LLANTAS 18""",1,60.3,60.3,Vendedor 1,REPUESTOS
3662,2025-08-06,Cliente 36,LA MOLINA,BATERÍA DE 18 PLACAS,1,108.9,108.9,Vendedor 2,REPUESTOS
3663,2025-08-07,Cliente 38,SURCO,ACEITE DE MOTOR 5W30 FULL SINTÉTICO,1,100.8,100.8,Vendedor 1,REPUESTOS
3664,2025-08-07,Cliente 38,SURCO,AMORTIGUADORES DELANTEROS,2,271.9,543.8,Vendedor 8,REPUESTOS
3665,2025-08-07,Cliente 45,LA MOLINA,AMORTIGUADORES POSTERIORES,1,120.6,120.6,Vendedor 2,REPUESTOS
3666,2025-08-07,Cliente 26,SURCO,"LLANTAS 18""",3,60.3,180.9,Vendedor 4,REPUESTOS
3667,2025-08-07,Cliente 35,SURCO,BATERÍA DE 18 PLACAS,1,108.9,108.9,Vendedor 1,REPUESTOS
3668,2025-08-08,Cliente 36,LA MOLINA,ACEITE DE MOTOR 5W30 FULL SINTÉTICO,3,100.8,302.4,Vendedor 6,REPUESTOS
3669,2025-08-08,Cliente 11,LA MOLINA,AMORTIGUADORES DELANTEROS,5,271.9,1359.5,Vendedor 4,REPUESTOS
3670,2025-08-08,Cliente 13,LA MOLINA,AMORTIGUADORES POSTERIORES,2,120.6,241.2,Vendedor 6,REPUESTOS
3671,2025-08-08,Cliente 8,LA MOLINA,"LLANTAS 18""",3,60.3,180.9,Vendedor 5,REPUESTOS
3672,2025-08-08,Cliente 2,LA MOLINA,BATERÍA DE 18 PLACAS,1,108.9,108.9,Vendedor 8,REPUESTOS
3673,2025-08-09,Cliente 14,SURCO,AUTO HONDA CITY 2016,1,25000.0,25000.0,Vendedor 3,AUTOS
3674,2025-08-09,Cliente 25,SURCO,ACEITE DE MOTOR 5W30 FULL SINTÉTICO,1,100.8,100.8,Vendedor 2,REPUESTOS
3675,2025-08-09,Cliente 49,SURCO,AMORTIGUADORES DELANTEROS,2,271.9,543.8,Vendedor 10,REPUESTOS
3676,2025-08-09,Cliente 38,SURCO,AMORTIGUADORES POSTERIORES,2,120.6,241.2,Vendedor 5,REPUESTOS
3677,2025-08-09,Cliente 4,LA MOLINA,"LLANTAS 18""",3,60.3,180.9,Vendedor 4,REPUESTOS
3678,2025-08-09,Cliente 14,LA MOLINA,BATERÍA DE 18 PLACAS,1,108.9,108.9,Vendedor 9,REPUESTOS
3679,2025-08-10,Cliente 20,SURCO,AUTO HONDA CITY 2016,1,25000.0,25000.0,Vendedor 1,AUTOS
3680,2025-08-10,Cliente 22,LA MOLINA,ACEITE DE MOTOR 5W30 FULL SINTÉTICO,2,100.8,201.6,Vendedor 4,REPUESTOS
3681,2025-08-10,Cliente 47,LA MOLINA,AMORTIGUADORES DELANTEROS,1,271.9,271.9,Vendedor 6,REPUESTOS
3682,2025-08-10,Cliente 39,LA MOLINA,AMORTIGUADORES POSTERIORES,2,120.6,241.2,Vendedor 3,REPUESTOS
3683,2025-08-10,Cliente 36,SURCO,"LLANTAS 18""",4,60.3,241.2,Vendedor 10,REPUESTOS
3684,2025-08-10,Cliente 43,SURCO,BATERÍA DE 18 PLACAS,1,108.9,108.9,Vendedor 4,REPUESTOS
3685,2025-08-11,Cliente 40,SURCO,AUTO HONDA CITY 2016,1,25000.0,25000.0,Vendedor 2,AUTOS
3686,2025-08-11,Cliente 40,LA MOLINA,ACEITE DE MOTOR 5W30 FULL SINTÉTICO,1,100.8,100.8,Vendedor 1,REPUESTOS
3687,2025-08-11,Cliente 1,SURCO,AMORTIGUADORES DELANTEROS,1,271.9,271.9,Vendedor 5,REPUESTOS
3688,2025-08-11,Cliente 47,LA MOLINA,AMORTIGUADORES POSTERIORES,2,120.6,241.2,Vendedor 10,REPUESTOS
3689,2025-08-11,Cliente 4,SURCO,"LLANTAS 18""",1,60.3,60.3,Vendedor 6,REPUESTOS
3690,2025-08-11,Cliente 42,SURCO,BATERÍA DE 18 PLACAS,1,108.9,108.9,Vendedor 4,REPUESTOS
3691,2025-08-12,Cliente 48,SURCO,AUTO HONDA CITY 2016,1,25000.0,25000.0,Vendedor 6,AUTOS
3692,2025-08-12,Cliente 27,LA MOLINA,ACEITE DE MOTOR 5W30 FULL SINTÉTICO,1,100.8,100.8,Vendedor 1,REPUESTOS
3693,2025-08-12,Cliente 20,SURCO,AMORTIGUADORES POSTERIORES,1,120.6,120.6,Vendedor 3,REPUESTOS
3694,2025-08-12,Cliente 14,SURCO,BATERÍA DE 18 PLACAS,1,108.9,108.9,Vendedor 2,REPUESTOS
3695,2025-08-13,Cliente 31,SURCO,AUTO HONDA CITY 2016,1,25000.0,25000.0,Vendedor 3,AUTOS
3696,2025-08-13,Cliente 6,LA MOLINA,ACEITE DE MOTOR 5W30 FULL SINTÉTICO,1,100.8,100.8,Vendedor 4,REPUESTOS
3697,2025-08-13,Cliente 18,SURCO,AMORTIGUADORES POSTERIORES,3,120.6,361.8,Vendedor 1,REPUESTOS
3698,2025-08-14,Cliente 14,LA MOLINA,ACEITE DE MOTOR 5W30 FULL SINTÉTICO,1,100.8,100.8,Vendedor 2,REPUESTOS
3699,2025-08-14,Cliente 2,SURCO,AMORTIGUADORES POSTERIORES,2,120.6,241.2,Vendedor 1,REPUESTOS
3700,2025-08-17,Cliente 50,SURCO,ACEITE DE MOTOR 5W30 FULL SINTÉTICO,6,100.8,604.8,Vendedor 5,REPUESTOS
3701,2025-08-17,Cliente 47,LA MOLINA,FILTRO DE COMBUSTIBLE,1,125.0,125.0,Vendedor 8,REPUESTOS
3702,2025-08-17,Cliente 2,LA MOLINA,AMORTIGUADORES DELANTEROS,4,271.9,1087.6,Vendedor 5,REPUESTOS
3703,2025-08-17,Cliente 45,SURCO,AMORTIGUADORES POSTERIORES,1,120.6,120.6,Vendedor 8,REPUESTOS
3704,2025-08-17,Cliente 37,SURCO,"LLANTAS 18""",1,60.3,60.3,Vendedor 7,REPUESTOS
3705,2025-08-17,Cliente 46,SURCO,BATERÍA DE 18 PLACAS,2,108.9,217.8,Vendedor 1,REPUESTOS
3706,2025-08-18,Cliente 6,LA MOLINA,ACEITE DE MOTOR 5W30 FULL SINTÉTICO,3,100.8,302.4,Vendedor 10,REPUESTOS
3707,2025-08-18,Cliente 30,SURCO,FILTRO DE COMBUSTIBLE,1,125.0,125.0,Vendedor 8,REPUESTOS
3708,2025-08-18,Cliente 24,SURCO,AMORTIGUADORES DELANTEROS,9,271.9,2447.1,Vendedor 6,REPUESTOS
3709,2025-08-18,Cliente 21,SURCO,AMORTIGUADORES POSTERIORES,3,120.6,361.8,Vendedor 6,REPUESTOS
3710,2025-08-18,Cliente 38,SURCO,"LLANTAS 18""",4,60.3,241.2,Vendedor 7,REPUESTOS
3711,2025-08-18,Cliente 23,LA MOLINA,BATERÍA DE 18 PLACAS,2,108.9,217.8,Vendedor 5,REPUESTOS
3712,2025-08-19,Cliente 44,LA MOLINA,ACEITE DE MOTOR 5W30 FULL SINTÉTICO,2,100.8,201.6,Vendedor 9,REPUESTOS
3713,2025-08-19,Cliente 28,LA MOLINA,AMORTIGUADORES DELANTEROS,6,271.9,1631.4,Vendedor 2,REPUESTOS
3714,2025-08-19,Cliente 9,LA MOLINA,AMORTIGUADORES POSTERIORES,3,120.6,361.8,Vendedor 6,REPUESTOS
3715,2025-08-19,Cliente 29,LA MOLINA,"LLANTAS 18""",3,60.3,180.9,Vendedor 9,REPUESTOS
3716,2025-08-19,Cliente 22,SURCO,BATERÍA DE 18 PLACAS,1,108.9,108.9,Vendedor 9,REPUESTOS
3717,2025-08-20,Cliente 39,SURCO,ACEITE DE MOTOR 5W30 FULL SINTÉTICO,4,100.8,403.2,Vendedor 6,REPUESTOS
3718,2025-08-20,Cliente 37,SURCO,AMORTIGUADORES DELANTEROS,1,271.9,271.9,Vendedor 3,REPUESTOS
3719,2025-08-20,Cliente 6,LA MOLINA,AMORTIGUADORES POSTERIORES,1,120.6,120.6,Vendedor 7,REPUESTOS
3720,2025-08-20,Cliente 34,SURCO,"LLANTAS 18""",1,60.3,60.3,Vendedor 2,REPUESTOS
3721,2025-08-20,Cliente 36,LA MOLINA,BATERÍA DE 18 PLACAS,1,108.9,108.9,Vendedor 3,REPUESTOS
3722,2025-08-21,Cliente 44,LA MOLINA,ACEITE DE MOTOR 5W30 FULL SINTÉTICO,5,100.8,504.0,Vendedor 6,REPUESTOS
3723,2025-08-21,Cliente 47,LA MOLINA,AMORTIGUADORES POSTERIORES,1,120.6,120.6,Vendedor 6,REPUESTOS
3724,2025-08-21,Cliente 34,LA MOLINA,"LLANTAS 18""",5,60.3,301.5,Vendedor 7,REPUESTOS
3725,2025-08-21,Cliente 48,LA MOLINA,BATERÍA DE 18 PLACAS,1,108.9,108.9,Vendedor 7,REPUESTOS
3726,2025-08-22,Cliente 10,LA MOLINA,AMORTIGUADORES POSTERIORES,2,120.6,241.2,Vendedor 4,REPUESTOS
3727,2025-08-22,Cliente 33,SURCO,"LLANTAS 18""",4,60.3,241.2,Vendedor 2,REPUESTOS
3728,2025-08-22,Cliente 5,SURCO,BATERÍA DE 18 PLACAS,2,108.9,217.8,Vendedor 5,REPUESTOS
3729,2025-08-23,Cliente 35,SURCO,AMORTIGUADORES POSTERIORES,3,120.6,361.8,Vendedor 2,REPUESTOS
3730,2025-08-23,Cliente 2,LA MOLINA,"LLANTAS 18""",2,60.3,120.6,Vendedor 1,REPUESTOS
3731,2025-08-23,Cliente 14,LA MOLINA,BATERÍA DE 18 PLACAS,1,108.9,108.9,Vendedor 3,REPUESTOS
3732,2025-08-24,Cliente 8,LA MOLINA,AMORTIGUADORES POSTERIORES,3,120.6,361.8,Vendedor 7,REPUESTOS
3733,2025-08-25,Cliente 22,SURCO,AMORTIGUADORES POSTERIORES,3,120.6,361.8,Vendedor 7,REPUESTOS
3734,2025-09-01,Cliente 3,LA MOLINA,AUTO HONDA ACCORD 2014,1,25500.0,25500.0,Vendedor 6,AUTOS
3735,2025-09-01,Cliente 36,LA MOLINA,AUTO HONDA CIVIC 2014,1,24000.0,24000.0,Vendedor 8,AUTOS
3736,2025-09-01,Cliente 40,SURCO,AUTO HONDA ODISSEY 2013,1,24000.0,24000.0,Vendedor 7,AUTOS
3737,2025-09-01,Cliente 1,SURCO,AUTO HONDA CRV 2014,1,29500.0,29500.0,Vendedor 3,AUTOS
3738,2025-09-01,Cliente 33,SURCO,AUTO HONDA PILOT 2013,1,24500.0,24500.0,Vendedor 8,AUTOS
3739,2025-09-01,Cliente 33,SURCO,AUTO HONDA FIT 2016,1,22500.0,22500.0,Vendedor 3,AUTOS
3740,2025-09-02,Cliente 38,LA MOLINA,AUTO HONDA ACCORD 2014,1,25500.0,25500.0,Vendedor 2,AUTOS
3741,2025-09-02,Cliente 12,LA MOLINA,AUTO HONDA CIVIC 2014,1,24000.0,24000.0,Vendedor 8,AUTOS
3742,2025-09-02,Cliente 11,LA MOLINA,AUTO HONDA ODISSEY 2013,1,24000.0,24000.0,Vendedor 1,AUTOS
3743,2025-09-02,Cliente 39,LA MOLINA,AUTO HONDA CRV 2014,1,29500.0,29500.0,Vendedor 6,AUTOS
3744,2025-09-02,Cliente 8,SURCO,AUTO HONDA PILOT 2013,1,24500.0,24500.0,Vendedor 3,AUTOS
3745,2025-09-03,Cliente 1,SURCO,AUTO HONDA CIVIC 2014,1,24000.0,24000.0,Vendedor 7,AUTOS
3746,2025-09-03,Cliente 50,SURCO,AUTO HONDA ODISSEY 2013,1,24000.0,24000.0,Vendedor 7,AUTOS
3747,2025-09-03,Cliente 20,SURCO,AUTO HONDA CRV 2014,1,29500.0,29500.0,Vendedor 3,AUTOS
3748,2025-09-03,Cliente 22,SURCO,AUTO HONDA PILOT 2013,1,24500.0,24500.0,Vendedor 10,AUTOS
3749,2025-09-03,Cliente 46,SURCO,ACEITE DE MOTOR 5W30 FULL SINTÉTICO,2,99.7,199.4,Vendedor 8,REPUESTOS
3750,2025-09-03,Cliente 7,SURCO,FILTRO DE COMBUSTIBLE,1,100.1,100.1,Vendedor 3,REPUESTOS
3751,2025-09-03,Cliente 48,SURCO,AMORTIGUADORES DELANTEROS,2,280.5,561.0,Vendedor 10,REPUESTOS
3752,2025-09-03,Cliente 29,SURCO,AMORTIGUADORES POSTERIORES,3,127.2,381.6,Vendedor 8,REPUESTOS
3753,2025-09-03,Cliente 2,LA MOLINA,"LLANTAS 18""",2,92.1,184.2,Vendedor 9,REPUESTOS
3754,2025-09-03,Cliente 41,LA MOLINA,BATERÍA DE 18 PLACAS,1,112.3,112.3,Vendedor 9,REPUESTOS
3755,2025-09-04,Cliente 27,SURCO,AUTO HONDA CIVIC 2014,1,24000.0,24000.0,Vendedor 8,AUTOS
3756,2025-09-04,Cliente 18,SURCO,AUTO HONDA ODISSEY 2013,1,24000.0,24000.0,Vendedor 7,AUTOS
3757,2025-09-04,Cliente 5,LA MOLINA,ACEITE DE MOTOR 5W30 FULL SINTÉTICO,3,99.7,299.1,Vendedor 2,REPUESTOS
3758,2025-09-04,Cliente 43,LA MOLINA,AMORTIGUADORES DELANTEROS,1,280.5,280.5,Vendedor 6,REPUESTOS
3759,2025-09-04,Cliente 33,LA MOLINA,AMORTIGUADORES POSTERIORES,2,127.2,254.4,Vendedor 4,REPUESTOS
3760,2025-09-04,Cliente 2,SURCO,"LLANTAS 18""",1,92.1,92.1,Vendedor 3,REPUESTOS
3761,2025-09-04,Cliente 37,SURCO,BATERÍA DE 18 PLACAS,1,112.3,112.3,Vendedor 3,REPUESTOS
3762,2025-09-05,Cliente 29,SURCO,AUTO HONDA ODISSEY 2013,1,24000.0,24000.0,Vendedor 9,AUTOS
3763,2025-09-05,Cliente 31,LA MOLINA,ACEITE DE MOTOR 5W30 FULL SINTÉTICO,2,99.7,199.4,Vendedor 2,REPUESTOS
3764,2025-09-05,Cliente 8,LA MOLINA,AMORTIGUADORES DELANTEROS,2,280.5,561.0,Vendedor 9,REPUESTOS
3765,2025-09-05,Cliente 13,SURCO,AMORTIGUADORES POSTERIORES,1,127.2,127.2,Vendedor 3,REPUESTOS
3766,2025-09-05,Cliente 48,SURCO,"LLANTAS 18""",2,92.1,184.2,Vendedor 7,REPUESTOS
3767,2025-09-05,Cliente 24,SURCO,BATERÍA DE 18 PLACAS,1,112.3,112.3,Vendedor 1,REPUESTOS
3768,2025-09-06,Cliente 8,SURCO,AUTO HONDA ODISSEY 2013,1,24000.0,24000.0,Vendedor 9,AUTOS
3769,2025-09-06,Cliente 38,LA MOLINA,ACEITE DE MOTOR 5W30 FULL SINTÉTICO,3,99.7,299.1,Vendedor 9,REPUESTOS
3770,2025-09-06,Cliente 9,LA MOLINA,AMORTIGUADORES DELANTEROS,1,280.5,280.5,Vendedor 6,REPUESTOS
3771,2025-09-06,Cliente 14,LA MOLINA,AMORTIGUADORES POSTERIORES,1,127.2,127.2,Vendedor 4,REPUESTOS
3772,2025-09-06,Cliente 31,LA MOLINA,"LLANTAS 18""",2,92.1,184.2,Vendedor 4,REPUESTOS
3773,2025-09-06,Cliente 12,SURCO,BATERÍA DE 18 PLACAS,1,112.3,112.3,Vendedor 7,REPUESTOS
3774,2025-09-07,Cliente 10,SURCO,ACEITE DE MOTOR 5W30 FULL SINTÉTICO,3,99.7,299.1,Vendedor 3,REPUESTOS
3775,2025-09-07,Cliente 31,SURCO,AMORTIGUADORES DELANTEROS,2,280.5,561.0,Vendedor 9,REPUESTOS
3776,2025-09-07,Cliente 16,SURCO,AMORTIGUADORES POSTERIORES,1,127.2,127.2,Vendedor 7,REPUESTOS
3777,2025-09-07,Cliente 17,SURCO,"LLANTAS 18""",2,92.1,184.2,Vendedor 7,REPUESTOS
3778,2025-09-07,Cliente 49,SURCO,BATERÍA DE 18 PLACAS,1,112.3,112.3,Vendedor 7,REPUESTOS
3779,2025-09-08,Cliente 50,LA MOLINA,ACEITE DE MOTOR 5W30 FULL SINTÉTICO,1,99.7,99.7,Vendedor 7,REPUESTOS
3780,2025-09-08,Cliente 43,SURCO,AMORTIGUADORES DELANTEROS,1,280.5,280.5,Vendedor 6,REPUESTOS
3781,2025-09-08,Cliente 39,LA MOLINA,AMORTIGUADORES POSTERIORES,2,127.2,254.4,Vendedor 4,REPUESTOS
3782,2025-09-08,Cliente 40,LA MOLINA,"LLANTAS 18""",1,92.1,92.1,Vendedor 9,REPUESTOS
3783,2025-09-08,Cliente 42,LA MOLINA,BATERÍA DE 18 PLACAS,1,112.3,112.3,Vendedor 3,REPUESTOS
3784,2025-09-09,Cliente 39,SURCO,AUTO HONDA PILOT 2013,1,24500.0,24500.0,Vendedor 9,AUTOS
3785,2025-09-09,Cliente 32,SURCO,AUTO HONDA FIT 2016,1,22500.0,22500.0,Vendedor 2,AUTOS
3786,2025-09-09,Cliente 39,SURCO,AUTO HONDA CITY 2016,1,25000.0,25000.0,Vendedor 1,AUTOS
3787,2025-09-09,Cliente 36,SURCO,ACEITE DE MOTOR 5W30 FULL SINTÉTICO,2,99.7,199.4,Vendedor 2,REPUESTOS
3788,2025-09-09,Cliente 24,SURCO,AMORTIGUADORES DELANTEROS,2,280.5,561.0,Vendedor 5,REPUESTOS
3789,2025-09-09,Cliente 30,LA MOLINA,AMORTIGUADORES POSTERIORES,2,127.2,254.4,Vendedor 6,REPUESTOS
3790,2025-09-09,Cliente 20,LA MOLINA,"LLANTAS 18""",2,92.1,184.2,Vendedor 8,REPUESTOS
3791,2025-09-09,Cliente 25,LA MOLINA,BATERÍA DE 18 PLACAS,1,112.3,112.3,Vendedor 10,REPUESTOS
3792,2025-09-10,Cliente 31,SURCO,AUTO HONDA FIT 2016,1,22500.0,22500.0,Vendedor 6,AUTOS
3793,2025-09-10,Cliente 45,SURCO,AUTO HONDA CITY 2016,1,25000.0,25000.0,Vendedor 8,AUTOS
3794,2025-09-10,Cliente 17,SURCO,ACEITE DE MOTOR 5W30 FULL SINTÉTICO,2,99.7,199.4,Vendedor 5,REPUESTOS
3795,2025-09-10,Cliente 39,LA MOLINA,AMORTIGUADORES DELANTEROS,3,280.5,841.5,Vendedor 9,REPUESTOS
3796,2025-09-10,Cliente 21,LA MOLINA,AMORTIGUADORES POSTERIORES,1,127.2,127.2,Vendedor 4,REPUESTOS
3797,2025-09-10,Cliente 20,LA MOLINA,"LLANTAS 18""",1,92.1,92.1,Vendedor 4,REPUESTOS
3798,2025-09-10,Cliente 34,LA MOLINA,BATERÍA DE 18 PLACAS,1,112.3,112.3,Vendedor 7,REPUESTOS
3799,2025-09-11,Cliente 17,SURCO,AUTO HONDA FIT 2016,1,22500.0,22500.0,Vendedor 10,AUTOS
3800,2025-09-11,Cliente 43,SURCO,AUTO HONDA CITY 2016,1,25000.0,25000.0,Vendedor 4,AUTOS
3801,2025-09-11,Cliente 50,SURCO,ACEITE DE MOTOR 5W30 FULL SINTÉTICO,1,99.7,99.7,Vendedor 5,REPUESTOS
3802,2025-09-11,Cliente 46,LA MOLINA,AMORTIGUADORES DELANTEROS,2,280.5,561.0,Vendedor 9,REPUESTOS
3803,2025-09-11,Cliente 14,LA MOLINA,AMORTIGUADORES POSTERIORES,2,127.2,254.4,Vendedor 8,REPUESTOS
3804,2025-09-11,Cliente 47,SURCO,"LLANTAS 18""",1,92.1,92.1,Vendedor 5,REPUESTOS
3805,2025-09-11,Cliente 14,SURCO,BATERÍA DE 18 PLACAS,1,112.3,112.3,Vendedor 10,REPUESTOS
3806,2025-09-12,Cliente 12,SURCO,AUTO HONDA CITY 2016,1,25000.0,25000.0,Vendedor 8,AUTOS
3807,2025-09-12,Cliente 26,LA MOLINA,ACEITE DE MOTOR 5W30 FULL SINTÉTICO,1,99.7,99.7,Vendedor 8,REPUESTOS
3808,2025-09-12,Cliente 35,LA MOLINA,AMORTIGUADORES DELANTEROS,1,280.5,280.5,Vendedor 6,REPUESTOS
3809,2025-09-12,Cliente 39,SURCO,AMORTIGUADORES POSTERIORES,1,127.2,127.2,Vendedor 2,REPUESTOS
3810,2025-09-12,Cliente 25,SURCO,"LLANTAS 18""",2,92.1,184.2,Vendedor 9,REPUESTOS
3811,2025-09-12,Cliente 1,LA MOLINA,BATERÍA DE 18 PLACAS,1,112.3,112.3,Vendedor 2,REPUESTOS
3812,2025-09-13,Cliente 17,SURCO,AUTO HONDA CITY 2016,1,25000.0,25000.0,Vendedor 8,AUTOS
3813,2025-09-13,Cliente 33,SURCO,AMORTIGUADORES DELANTEROS,3,280.5,841.5,Vendedor 10,REPUESTOS
3814,2025-09-13,Cliente 18,SURCO,AMORTIGUADORES POSTERIORES,2,127.2,254.4,Vendedor 1,REPUESTOS
3815,2025-09-13,Cliente 39,LA MOLINA,"LLANTAS 18""",2,92.1,184.2,Vendedor 2,REPUESTOS
3816,2025-09-14,Cliente 8,SURCO,AMORTIGUADORES POSTERIORES,2,127.2,254.4,Vendedor 3,REPUESTOS
3817,2025-09-14,Cliente 24,SURCO,"LLANTAS 18""",1,92.1,92.1,Vendedor 1,REPUESTOS
3818,2025-09-15,Cliente 9,SURCO,"LLANTAS 18""",1,92.1,92.1,Vendedor 2,REPUESTOS
3819,2025-09-17,Cliente 19,LA MOLINA,ACEITE DE MOTOR 5W30 FULL SINTÉTICO,3,99.7,299.1,Vendedor 7,REPUESTOS
3820,2025-09-17,Cliente 15,SURCO,AMORTIGUADORES DELANTEROS,2,280.5,561.0,Vendedor 10,REPUESTOS
3821,2025-09-17,Cliente 16,LA MOLINA,AMORTIGUADORES POSTERIORES,3,127.2,381.6,Vendedor 3,REPUESTOS
3822,2025-09-17,Cliente 49,LA MOLINA,"LLANTAS 18""",1,92.1,92.1,Vendedor 4,REPUESTOS
3823,2025-09-17,Cliente 14,LA MOLINA,BATERÍA DE 18 PLACAS,1,112.3,112.3,Vendedor 9,REPUESTOS
3824,2025-09-18,Cliente 11,SURCO,ACEITE DE MOTOR 5W30 FULL SINTÉTICO,5,99.7,498.5,Vendedor 2,REPUESTOS
3825,2025-09-18,Cliente 32,LA MOLINA,AMORTIGUADORES DELANTEROS,5,280.5,1402.5,Vendedor 2,REPUESTOS
3826,2025-09-18,Cliente 27,SURCO,AMORTIGUADORES POSTERIORES,1,127.2,127.2,Vendedor 4,REPUESTOS
3827,2025-09-18,Cliente 40,LA MOLINA,"LLANTAS 18""",1,92.1,92.1,Vendedor 3,REPUESTOS
3828,2025-09-18,Cliente 18,SURCO,BATERÍA DE 18 PLACAS,1,112.3,112.3,Vendedor 2,REPUESTOS
3829,2025-09-19,Cliente 43,SURCO,ACEITE DE MOTOR 5W30 FULL SINTÉTICO,1,99.7,99.7,Vendedor 5,REPUESTOS
3830,2025-09-19,Cliente 29,LA MOLINA,AMORTIGUADORES DELANTEROS,4,280.5,1122.0,Vendedor 4,REPUESTOS
3831,2025-09-19,Cliente 6,SURCO,AMORTIGUADORES POSTERIORES,2,127.2,254.4,Vendedor 7,REPUESTOS
3832,2025-09-19,Cliente 10,LA MOLINA,"LLANTAS 18""",4,92.1,368.4,Vendedor 7,REPUESTOS
3833,2025-09-19,Cliente 35,SURCO,BATERÍA DE 18 PLACAS,2,112.3,224.6,Vendedor 5,REPUESTOS
3834,2025-09-20,Cliente 28,LA MOLINA,ACEITE DE MOTOR 5W30 FULL SINTÉTICO,2,99.7,199.4,Vendedor 9,REPUESTOS
3835,2025-09-20,Cliente 2,LA MOLINA,AMORTIGUADORES DELANTEROS,1,280.5,280.5,Vendedor 8,REPUESTOS
3836,2025-09-20,Cliente 29,LA MOLINA,AMORTIGUADORES POSTERIORES,5,127.2,636.0,Vendedor 10,REPUESTOS
3837,2025-09-20,Cliente 10,LA MOLINA,"LLANTAS 18""",2,92.1,184.2,Vendedor 2,REPUESTOS
3838,2025-09-20,Cliente 26,SURCO,BATERÍA DE 18 PLACAS,2,112.3,224.6,Vendedor 4,REPUESTOS
3839,2025-09-21,Cliente 23,LA MOLINA,ACEITE DE MOTOR 5W30 FULL SINTÉTICO,2,99.7,199.4,Vendedor 7,REPUESTOS
3840,2025-09-21,Cliente 46,SURCO,AMORTIGUADORES DELANTEROS,5,280.5,1402.5,Vendedor 5,REPUESTOS
3841,2025-09-21,Cliente 39,LA MOLINA,AMORTIGUADORES POSTERIORES,2,127.2,254.4,Vendedor 8,REPUESTOS
3842,2025-09-21,Cliente 42,SURCO,"LLANTAS 18""",1,92.1,92.1,Vendedor 2,REPUESTOS
3843,2025-09-21,Cliente 25,LA MOLINA,BATERÍA DE 18 PLACAS,2,112.3,224.6,Vendedor 10,REPUESTOS
3844,2025-09-22,Cliente 25,LA MOLINA,ACEITE DE MOTOR 5W30 FULL SINTÉTICO,3,99.7,299.1,Vendedor 1,REPUESTOS
3845,2025-09-22,Cliente 47,SURCO,AMORTIGUADORES DELANTEROS,3,280.5,841.5,Vendedor 8,REPUESTOS
3846,2025-09-22,Cliente 28,SURCO,AMORTIGUADORES POSTERIORES,4,127.2,508.8,Vendedor 5,REPUESTOS
3847,2025-09-22,Cliente 18,SURCO,"LLANTAS 18""",3,92.1,276.3,Vendedor 6,REPUESTOS
3848,2025-09-22,Cliente 11,LA MOLINA,BATERÍA DE 18 PLACAS,2,112.3,224.6,Vendedor 3,REPUESTOS
3849,2025-09-23,Cliente 3,SURCO,ACEITE DE MOTOR 5W30 FULL SINTÉTICO,2,99.7,199.4,Vendedor 7,REPUESTOS
3850,2025-09-23,Cliente 6,SURCO,AMORTIGUADORES POSTERIORES,1,127.2,127.2,Vendedor 3,REPUESTOS
3851,2025-09-23,Cliente 17,SURCO,"LLANTAS 18""",1,92.1,92.1,Vendedor 2,REPUESTOS
3852,2025-09-24,Cliente 10,SURCO,ACEITE DE MOTOR 5W30 FULL SINTÉTICO,2,99.7,199.4,Vendedor 5,REPUESTOS
3853,2025-09-24,Cliente 12,SURCO,AMORTIGUADORES POSTERIORES,2,127.2,254.4,Vendedor 4,REPUESTOS
3854,2025-09-24,Cliente 11,LA MOLINA,"LLANTAS 18""",2,92.1,184.2,Vendedor 9,REPUESTOS
3855,2025-09-25,Cliente 19,SURCO,"LLANTAS 18""",1,92.1,92.1,Vendedor 9,REPUESTOS
3856,2025-09-26,Cliente 13,SURCO,"LLANTAS 18""",2,92.1,184.2,Vendedor 10,REPUESTOS
3857,2025-09-27,Cliente 50,SURCO,"LLANTAS 18""",1,92.1,92.1,Vendedor 8,REPUESTOS
3858,2025-10-01,Cliente 9,SURCO,AUTO HONDA ACCORD 2014,1,17500.0,17500.0,Vendedor 4,AUTOS
3859,2025-10-01,Cliente 37,LA MOLINA,AUTO HONDA CIVIC 2014,1,24000.0,24000.0,Vendedor 5,AUTOS
3860,2025-10-01,Cliente 16,LA MOLINA,AUTO HONDA ODISSEY 2013,1,25000.0,25000.0,Vendedor 8,AUTOS
3861,2025-10-01,Cliente 46,SURCO,AUTO HONDA CRV 2014,1,28000.0,28000.0,Vendedor 2,AUTOS
3862,2025-10-01,Cliente 11,SURCO,AUTO HONDA PILOT 2013,1,30500.0,30500.0,Vendedor 10,AUTOS
3863,2025-10-01,Cliente 5,SURCO,AUTO HONDA FIT 2016,1,19500.0,19500.0,Vendedor 7,AUTOS
3864,2025-10-01,Cliente 19,SURCO,FILTRO DE COMBUSTIBLE,1,111.2,111.2,Vendedor 8,REPUESTOS
3865,2025-10-02,Cliente 36,LA MOLINA,AUTO HONDA CIVIC 2014,1,24000.0,24000.0,Vendedor 9,AUTOS
3866,2025-10-02,Cliente 34,LA MOLINA,AUTO HONDA ODISSEY 2013,1,25000.0,25000.0,Vendedor 8,AUTOS
3867,2025-10-02,Cliente 39,LA MOLINA,AUTO HONDA CRV 2014,1,28000.0,28000.0,Vendedor 10,AUTOS
3868,2025-10-02,Cliente 49,LA MOLINA,FILTRO DE COMBUSTIBLE,1,111.2,111.2,Vendedor 5,REPUESTOS
3869,2025-10-03,Cliente 9,LA MOLINA,AUTO HONDA CIVIC 2014,1,24000.0,24000.0,Vendedor 1,AUTOS
3870,2025-10-03,Cliente 5,SURCO,AUTO HONDA CRV 2014,1,28000.0,28000.0,Vendedor 10,AUTOS
3871,2025-10-03,Cliente 8,LA MOLINA,ACEITE DE MOTOR 5W30 FULL SINTÉTICO,2,135.1,270.2,Vendedor 10,REPUESTOS
3872,2025-10-03,Cliente 25,LA MOLINA,AMORTIGUADORES DELANTEROS,2,220.4,440.8,Vendedor 5,REPUESTOS
3873,2025-10-03,Cliente 21,SURCO,AMORTIGUADORES POSTERIORES,2,133.8,267.6,Vendedor 8,REPUESTOS
3874,2025-10-03,Cliente 14,SURCO,"LLANTAS 18""",2,90.0,180.0,Vendedor 7,REPUESTOS
3875,2025-10-03,Cliente 29,SURCO,BATERÍA DE 18 PLACAS,1,124.3,124.3,Vendedor 10,REPUESTOS
3876,2025-10-04,Cliente 42,SURCO,AUTO HONDA CIVIC 2014,1,24000.0,24000.0,Vendedor 5,AUTOS
3877,2025-10-04,Cliente 16,LA MOLINA,AUTO HONDA CRV 2014,1,28000.0,28000.0,Vendedor 3,AUTOS
3878,2025-10-04,Cliente 29,SURCO,ACEITE DE MOTOR 5W30 FULL SINTÉTICO,1,135.1,135.1,Vendedor 5,REPUESTOS
3879,2025-10-04,Cliente 30,LA MOLINA,AMORTIGUADORES DELANTEROS,2,220.4,440.8,Vendedor 8,REPUESTOS
3880,2025-10-04,Cliente 30,SURCO,AMORTIGUADORES POSTERIORES,2,133.8,267.6,Vendedor 3,REPUESTOS
3881,2025-10-04,Cliente 16,SURCO,"LLANTAS 18""",4,90.0,360.0,Vendedor 3,REPUESTOS
3882,2025-10-04,Cliente 19,SURCO,BATERÍA DE 18 PLACAS,1,124.3,124.3,Vendedor 6,REPUESTOS
3883,2025-10-05,Cliente 23,SURCO,AUTO HONDA CIVIC 2014,1,24000.0,24000.0,Vendedor 8,AUTOS
3884,2025-10-05,Cliente 42,LA MOLINA,AUTO HONDA CRV 2014,1,28000.0,28000.0,Vendedor 7,AUTOS
3885,2025-10-05,Cliente 23,LA MOLINA,ACEITE DE MOTOR 5W30 FULL SINTÉTICO,1,135.1,135.1,Vendedor 9,REPUESTOS
3886,2025-10-05,Cliente 3,LA MOLINA,AMORTIGUADORES DELANTEROS,3,220.4,661.2,Vendedor 8,REPUESTOS
3887,2025-10-05,Cliente 22,LA MOLINA,AMORTIGUADORES POSTERIORES,1,133.8,133.8,Vendedor 4,REPUESTOS
3888,2025-10-05,Cliente 1,SURCO,"LLANTAS 18""",3,90.0,270.0,Vendedor 2,REPUESTOS
3889,2025-10-05,Cliente 48,SURCO,BATERÍA DE 18 PLACAS,1,124.3,124.3,Vendedor 9,REPUESTOS
3890,2025-10-06,Cliente 4,SURCO,AUTO HONDA CIVIC 2014,1,24000.0,24000.0,Vendedor 1,AUTOS
3891,2025-10-06,Cliente 2,LA MOLINA,ACEITE DE MOTOR 5W30 FULL SINTÉTICO,2,135.1,270.2,Vendedor 8,REPUESTOS
3892,2025-10-06,Cliente 40,LA MOLINA,AMORTIGUADORES DELANTEROS,2,220.4,440.8,Vendedor 8,REPUESTOS
3893,2025-10-06,Cliente 19,LA MOLINA,AMORTIGUADORES POSTERIORES,2,133.8,267.6,Vendedor 6,REPUESTOS
3894,2025-10-06,Cliente 29,SURCO,"LLANTAS 18""",1,90.0,90.0,Vendedor 8,REPUESTOS
3895,2025-10-06,Cliente 49,LA MOLINA,BATERÍA DE 18 PLACAS,1,124.3,124.3,Vendedor 9,REPUESTOS
3896,2025-10-07,Cliente 10,SURCO,ACEITE DE MOTOR 5W30 FULL SINTÉTICO,1,135.1,135.1,Vendedor 7,REPUESTOS
3897,2025-10-07,Cliente 47,LA MOLINA,AMORTIGUADORES DELANTEROS,1,220.4,220.4,Vendedor 5,REPUESTOS
3898,2025-10-07,Cliente 49,SURCO,AMORTIGUADORES POSTERIORES,1,133.8,133.8,Vendedor 4,REPUESTOS
3899,2025-10-07,Cliente 18,LA MOLINA,"LLANTAS 18""",1,90.0,90.0,Vendedor 7,REPUESTOS
3900,2025-10-07,Cliente 3,SURCO,BATERÍA DE 18 PLACAS,1,124.3,124.3,Vendedor 1,REPUESTOS
3901,2025-10-08,Cliente 9,SURCO,ACEITE DE MOTOR 5W30 FULL SINTÉTICO,3,135.1,405.3,Vendedor 4,REPUESTOS
3902,2025-10-08,Cliente 27,SURCO,AMORTIGUADORES DELANTEROS,2,220.4,440.8,Vendedor 3,REPUESTOS
3903,2025-10-08,Cliente 14,LA MOLINA,AMORTIGUADORES POSTERIORES,2,133.8,267.6,Vendedor 1,REPUESTOS
3904,2025-10-08,Cliente 3,LA MOLINA,"LLANTAS 18""",1,90.0,90.0,Vendedor 5,REPUESTOS
3905,2025-10-08,Cliente 5,LA MOLINA,BATERÍA DE 18 PLACAS,1,124.3,124.3,Vendedor 4,REPUESTOS
3906,2025-10-09,Cliente 44,SURCO,ACEITE DE MOTOR 5W30 FULL SINTÉTICO,4,135.1,540.4,Vendedor 8,REPUESTOS
3907,2025-10-09,Cliente 43,SURCO,AMORTIGUADORES DELANTEROS,1,220.4,220.4,Vendedor 8,REPUESTOS
3908,2025-10-09,Cliente 31,LA MOLINA,AMORTIGUADORES POSTERIORES,2,133.8,267.6,Vendedor 5,REPUESTOS
3909,2025-10-09,Cliente 34,LA MOLINA,"LLANTAS 18""",3,90.0,270.0,Vendedor 3,REPUESTOS
3910,2025-10-09,Cliente 39,LA MOLINA,BATERÍA DE 18 PLACAS,1,124.3,124.3,Vendedor 4,REPUESTOS
3911,2025-10-10,Cliente 2,SURCO,AUTO HONDA PILOT 2013,1,30500.0,30500.0,Vendedor 7,AUTOS
3912,2025-10-10,Cliente 18,SURCO,AUTO HONDA FIT 2016,1,19500.0,19500.0,Vendedor 6,AUTOS
3913,2025-10-10,Cliente 32,SURCO,AUTO HONDA CITY 2016,1,27000.0,27000.0,Vendedor 7,AUTOS
3914,2025-10-10,Cliente 17,LA MOLINA,ACEITE DE MOTOR 5W30 FULL SINTÉTICO,1,135.1,135.1,Vendedor 2,REPUESTOS
3915,2025-10-10,Cliente 15,SURCO,AMORTIGUADORES DELANTEROS,2,220.4,440.8,Vendedor 4,REPUESTOS
3916,2025-10-10,Cliente 7,SURCO,AMORTIGUADORES POSTERIORES,2,133.8,267.6,Vendedor 9,REPUESTOS
3917,2025-10-10,Cliente 48,LA MOLINA,"LLANTAS 18""",3,90.0,270.0,Vendedor 7,REPUESTOS
3918,2025-10-10,Cliente 37,LA MOLINA,BATERÍA DE 18 PLACAS,1,124.3,124.3,Vendedor 6,REPUESTOS
3919,2025-10-11,Cliente 6,SURCO,AUTO HONDA PILOT 2013,1,30500.0,30500.0,Vendedor 4,AUTOS
3920,2025-10-11,Cliente 40,SURCO,AUTO HONDA FIT 2016,1,19500.0,19500.0,Vendedor 8,AUTOS
3921,2025-10-11,Cliente 50,SURCO,AUTO HONDA CITY 2016,1,27000.0,27000.0,Vendedor 6,AUTOS
3922,2025-10-11,Cliente 26,LA MOLINA,ACEITE DE MOTOR 5W30 FULL SINTÉTICO,1,135.1,135.1,Vendedor 7,REPUESTOS
3923,2025-10-11,Cliente 31,SURCO,AMORTIGUADORES DELANTEROS,2,220.4,440.8,Vendedor 1,REPUESTOS
3924,2025-10-11,Cliente 8,LA MOLINA,AMORTIGUADORES POSTERIORES,2,133.8,267.6,Vendedor 5,REPUESTOS
3925,2025-10-11,Cliente 32,LA MOLINA,"LLANTAS 18""",2,90.0,180.0,Vendedor 7,REPUESTOS
3926,2025-10-11,Cliente 26,SURCO,BATERÍA DE 18 PLACAS,1,124.3,124.3,Vendedor 7,REPUESTOS
3927,2025-10-12,Cliente 19,SURCO,AUTO HONDA PILOT 2013,1,30500.0,30500.0,Vendedor 4,AUTOS
3928,2025-10-12,Cliente 22,SURCO,AUTO HONDA CITY 2016,1,27000.0,27000.0,Vendedor 3,AUTOS
3929,2025-10-12,Cliente 6,LA MOLINA,ACEITE DE MOTOR 5W30 FULL SINTÉTICO,3,135.1,405.3,Vendedor 2,REPUESTOS
3930,2025-10-12,Cliente 48,SURCO,AMORTIGUADORES DELANTEROS,1,220.4,220.4,Vendedor 1,REPUESTOS
3931,2025-10-12,Cliente 32,LA MOLINA,AMORTIGUADORES POSTERIORES,1,133.8,133.8,Vendedor 2,REPUESTOS
3932,2025-10-12,Cliente 1,LA MOLINA,BATERÍA DE 18 PLACAS,1,124.3,124.3,Vendedor 8,REPUESTOS
3933,2025-10-13,Cliente 3,SURCO,AUTO HONDA PILOT 2013,1,30500.0,30500.0,Vendedor 3,AUTOS
3934,2025-10-13,Cliente 24,SURCO,AUTO HONDA CITY 2016,1,27000.0,27000.0,Vendedor 6,AUTOS
3935,2025-10-13,Cliente 11,SURCO,ACEITE DE MOTOR 5W30 FULL SINTÉTICO,1,135.1,135.1,Vendedor 5,REPUESTOS
3936,2025-10-13,Cliente 3,SURCO,AMORTIGUADORES DELANTEROS,2,220.4,440.8,Vendedor 10,REPUESTOS
3937,2025-10-13,Cliente 40,SURCO,AMORTIGUADORES POSTERIORES,1,133.8,133.8,Vendedor 1,REPUESTOS
3938,2025-10-14,Cliente 26,SURCO,AUTO HONDA CITY 2016,1,27000.0,27000.0,Vendedor 8,AUTOS
3939,2025-10-14,Cliente 40,SURCO,AMORTIGUADORES POSTERIORES,2,133.8,267.6,Vendedor 5,REPUESTOS
3940,2025-10-17,Cliente 22,LA MOLINA,ACEITE DE MOTOR 5W30 FULL SINTÉTICO,1,135.1,135.1,Vendedor 3,REPUESTOS
3941,2025-10-17,Cliente 23,LA MOLINA,AMORTIGUADORES DELANTEROS,4,220.4,881.6,Vendedor 9,REPUESTOS
3942,2025-10-17,Cliente 42,LA MOLINA,AMORTIGUADORES POSTERIORES,3,133.8,401.4,Vendedor 7,REPUESTOS
3943,2025-10-17,Cliente 20,SURCO,"LLANTAS 18""",4,90.0,360.0,Vendedor 6,REPUESTOS
3944,2025-10-17,Cliente 30,SURCO,BATERÍA DE 18 PLACAS,1,124.3,124.3,Vendedor 3,REPUESTOS
3945,2025-10-18,Cliente 3,SURCO,ACEITE DE MOTOR 5W30 FULL SINTÉTICO,6,135.1,810.6,Vendedor 2,REPUESTOS
3946,2025-10-18,Cliente 10,SURCO,AMORTIGUADORES DELANTEROS,1,220.4,220.4,Vendedor 2,REPUESTOS
3947,2025-10-18,Cliente 10,SURCO,AMORTIGUADORES POSTERIORES,4,133.8,535.2,Vendedor 2,REPUESTOS
3948,2025-10-18,Cliente 45,LA MOLINA,"LLANTAS 18""",3,90.0,270.0,Vendedor 6,REPUESTOS
3949,2025-10-18,Cliente 28,LA MOLINA,BATERÍA DE 18 PLACAS,1,124.3,124.3,Vendedor 7,REPUESTOS
3950,2025-10-19,Cliente 46,LA MOLINA,ACEITE DE MOTOR 5W30 FULL SINTÉTICO,1,135.1,135.1,Vendedor 4,REPUESTOS
3951,2025-10-19,Cliente 24,SURCO,AMORTIGUADORES DELANTEROS,4,220.4,881.6,Vendedor 3,REPUESTOS
3952,2025-10-19,Cliente 23,SURCO,AMORTIGUADORES POSTERIORES,4,133.8,535.2,Vendedor 2,REPUESTOS
3953,2025-10-19,Cliente 17,SURCO,"LLANTAS 18""",1,90.0,90.0,Vendedor 7,REPUESTOS
3954,2025-10-19,Cliente 30,LA MOLINA,BATERÍA DE 18 PLACAS,1,124.3,124.3,Vendedor 7,REPUESTOS
3955,2025-10-20,Cliente 29,LA MOLINA,ACEITE DE MOTOR 5W30 FULL SINTÉTICO,6,135.1,810.6,Vendedor 3,REPUESTOS
3956,2025-10-20,Cliente 43,LA MOLINA,AMORTIGUADORES DELANTEROS,3,220.4,661.2,Vendedor 6,REPUESTOS
3957,2025-10-20,Cliente 1,SURCO,AMORTIGUADORES POSTERIORES,2,133.8,267.6,Vendedor 3,REPUESTOS
3958,2025-10-20,Cliente 6,LA MOLINA,"LLANTAS 18""",3,90.0,270.0,Vendedor 8,REPUESTOS
3959,2025-10-20,Cliente 3,SURCO,BATERÍA DE 18 PLACAS,2,124.3,248.6,Vendedor 3,REPUESTOS
3960,2025-10-21,Cliente 18,LA MOLINA,ACEITE DE MOTOR 5W30 FULL SINTÉTICO,2,135.1,270.2,Vendedor 4,REPUESTOS
3961,2025-10-21,Cliente 27,SURCO,AMORTIGUADORES DELANTEROS,5,220.4,1102.0,Vendedor 1,REPUESTOS
3962,2025-10-21,Cliente 46,LA MOLINA,AMORTIGUADORES POSTERIORES,1,133.8,133.8,Vendedor 6,REPUESTOS
3963,2025-10-21,Cliente 22,LA MOLINA,"LLANTAS 18""",4,90.0,360.0,Vendedor 1,REPUESTOS
3964,2025-10-21,Cliente 50,LA MOLINA,BATERÍA DE 18 PLACAS,1,124.3,124.3,Vendedor 9,REPUESTOS
3965,2025-10-22,Cliente 10,SURCO,ACEITE DE MOTOR 5W30 FULL SINTÉTICO,2,135.1,270.2,Vendedor 6,REPUESTOS
3966,2025-10-22,Cliente 34,LA MOLINA,AMORTIGUADORES DELANTEROS,3,220.4,661.2,Vendedor 7,REPUESTOS
3967,2025-10-22,Cliente 28,LA MOLINA,AMORTIGUADORES POSTERIORES,5,133.8,669.0,Vendedor 1,REPUESTOS
3968,2025-10-22,Cliente 35,SURCO,"LLANTAS 18""",5,90.0,450.0,Vendedor 8,REPUESTOS
3969,2025-10-22,Cliente 22,LA MOLINA,BATERÍA DE 18 PLACAS,1,124.3,124.3,Vendedor 1,REPUESTOS
3970,2025-10-23,Cliente 31,SURCO,ACEITE DE MOTOR 5W30 FULL SINTÉTICO,2,135.1,270.2,Vendedor 7,REPUESTOS
3971,2025-10-23,Cliente 21,LA MOLINA,AMORTIGUADORES POSTERIORES,1,133.8,133.8,Vendedor 10,REPUESTOS
3972,2025-10-23,Cliente 20,LA MOLINA,BATERÍA DE 18 PLACAS,1,124.3,124.3,Vendedor 1,REPUESTOS
3973,2025-10-24,Cliente 1,SURCO,BATERÍA DE 18 PLACAS,2,124.3,248.6,Vendedor 9,REPUESTOS
3974,2025-11-01,Cliente 42,LA MOLINA,AUTO HONDA ACCORD 2014,1,17500.0,17500.0,Vendedor 4,AUTOS
3975,2025-11-01,Cliente 2,LA MOLINA,AUTO HONDA CIVIC 2014,1,29500.0,29500.0,Vendedor 2,AUTOS
3976,2025-11-01,Cliente 48,SURCO,AUTO HONDA ODISSEY 2013,1,29000.0,29000.0,Vendedor 5,AUTOS
3977,2025-11-01,Cliente 43,SURCO,AUTO HONDA CRV 2014,1,29000.0,29000.0,Vendedor 5,AUTOS
3978,2025-11-01,Cliente 27,SURCO,AUTO HONDA FIT 2016,1,19500.0,19500.0,Vendedor 3,AUTOS
3979,2025-11-01,Cliente 47,SURCO,FILTRO DE COMBUSTIBLE,1,131.2,131.2,Vendedor 3,REPUESTOS
3980,2025-11-02,Cliente 35,LA MOLINA,AUTO HONDA ACCORD 2014,1,17500.0,17500.0,Vendedor 9,AUTOS
3981,2025-11-02,Cliente 5,SURCO,AUTO HONDA CIVIC 2014,1,29500.0,29500.0,Vendedor 3,AUTOS
3982,2025-11-02,Cliente 1,SURCO,AUTO HONDA ODISSEY 2013,1,29000.0,29000.0,Vendedor 4,AUTOS
3983,2025-11-02,Cliente 50,SURCO,AUTO HONDA CRV 2014,1,29000.0,29000.0,Vendedor 5,AUTOS
3984,2025-11-02,Cliente 8,SURCO,AUTO HONDA FIT 2016,1,19500.0,19500.0,Vendedor 8,AUTOS
3985,2025-11-02,Cliente 33,LA MOLINA,FILTRO DE COMBUSTIBLE,1,131.2,131.2,Vendedor 9,REPUESTOS
3986,2025-11-03,Cliente 43,LA MOLINA,AUTO HONDA ACCORD 2014,1,17500.0,17500.0,Vendedor 10,AUTOS
3987,2025-11-03,Cliente 6,LA MOLINA,AUTO HONDA CIVIC 2014,1,29500.0,29500.0,Vendedor 6,AUTOS
3988,2025-11-03,Cliente 23,SURCO,AUTO HONDA ODISSEY 2013,1,29000.0,29000.0,Vendedor 3,AUTOS
3989,2025-11-03,Cliente 13,LA MOLINA,AUTO HONDA CRV 2014,1,29000.0,29000.0,Vendedor 9,AUTOS
3990,2025-11-03,Cliente 40,SURCO,ACEITE DE MOTOR 5W30 FULL SINTÉTICO,2,131.3,262.6,Vendedor 2,REPUESTOS
3991,2025-11-03,Cliente 10,SURCO,AMORTIGUADORES DELANTEROS,1,284.8,284.8,Vendedor 6,REPUESTOS
3992,2025-11-03,Cliente 31,SURCO,AMORTIGUADORES POSTERIORES,1,112.6,112.6,Vendedor 6,REPUESTOS
3993,2025-11-03,Cliente 25,LA MOLINA,"LLANTAS 18""",1,90.5,90.5,Vendedor 7,REPUESTOS
3994,2025-11-03,Cliente 33,SURCO,BATERÍA DE 18 PLACAS,1,128.3,128.3,Vendedor 7,REPUESTOS
3995,2025-11-04,Cliente 11,SURCO,AUTO HONDA ACCORD 2014,1,17500.0,17500.0,Vendedor 4,AUTOS
3996,2025-11-04,Cliente 50,SURCO,AUTO HONDA CIVIC 2014,1,29500.0,29500.0,Vendedor 10,AUTOS
3997,2025-11-04,Cliente 48,SURCO,AUTO HONDA ODISSEY 2013,1,29000.0,29000.0,Vendedor 4,AUTOS
3998,2025-11-04,Cliente 36,LA MOLINA,AUTO HONDA CRV 2014,1,29000.0,29000.0,Vendedor 8,AUTOS
3999,2025-11-04,Cliente 42,LA MOLINA,ACEITE DE MOTOR 5W30 FULL SINTÉTICO,2,131.3,262.6,Vendedor 6,REPUESTOS
4000,2025-11-04,Cliente 3,SURCO,AMORTIGUADORES DELANTEROS,2,284.8,569.6,Vendedor 8,REPUESTOS
4001,2025-11-04,Cliente 37,SURCO,AMORTIGUADORES POSTERIORES,1,112.6,112.6,Vendedor 6,REPUESTOS
4002,2025-11-04,Cliente 42,LA MOLINA,"LLANTAS 18""",1,90.5,90.5,Vendedor 6,REPUESTOS
4003,2025-11-04,Cliente 48,LA MOLINA,BATERÍA DE 18 PLACAS,1,128.3,128.3,Vendedor 1,REPUESTOS
4004,2025-11-05,Cliente 30,LA MOLINA,AUTO HONDA ACCORD 2014,1,17500.0,17500.0,Vendedor 2,AUTOS
4005,2025-11-05,Cliente 7,SURCO,AUTO HONDA ODISSEY 2013,1,29000.0,29000.0,Vendedor 10,AUTOS
4006,2025-11-05,Cliente 38,SURCO,AUTO HONDA CRV 2014,1,29000.0,29000.0,Vendedor 3,AUTOS
4007,2025-11-05,Cliente 36,LA MOLINA,ACEITE DE MOTOR 5W30 FULL SINTÉTICO,2,131.3,262.6,Vendedor 9,REPUESTOS
4008,2025-11-05,Cliente 40,SURCO,AMORTIGUADORES DELANTEROS,3,284.8,854.4,Vendedor 1,REPUESTOS
4009,2025-11-05,Cliente 16,LA MOLINA,AMORTIGUADORES POSTERIORES,3,112.6,337.8,Vendedor 5,REPUESTOS
4010,2025-11-05,Cliente 19,LA MOLINA,"LLANTAS 18""",3,90.5,271.5,Vendedor 1,REPUESTOS
4011,2025-11-05,Cliente 4,SURCO,BATERÍA DE 18 PLACAS,1,128.3,128.3,Vendedor 5,REPUESTOS
4012,2025-11-06,Cliente 45,SURCO,AUTO HONDA ACCORD 2014,1,17500.0,17500.0,Vendedor 5,AUTOS
4013,2025-11-06,Cliente 18,SURCO,ACEITE DE MOTOR 5W30 FULL SINTÉTICO,2,131.3,262.6,Vendedor 6,REPUESTOS
4014,2025-11-06,Cliente 34,SURCO,AMORTIGUADORES DELANTEROS,4,284.8,1139.2,Vendedor 6,REPUESTOS
4015,2025-11-06,Cliente 20,LA MOLINA,AMORTIGUADORES POSTERIORES,1,112.6,112.6,Vendedor 5,REPUESTOS
4016,2025-11-06,Cliente 2,SURCO,"LLANTAS 18""",2,90.5,181.0,Vendedor 5,REPUESTOS
4017,2025-11-06,Cliente 12,LA MOLINA,BATERÍA DE 18 PLACAS,1,128.3,128.3,Vendedor 2,REPUESTOS
4018,2025-11-07,Cliente 34,SURCO,AUTO HONDA ACCORD 2014,1,17500.0,17500.0,Vendedor 10,AUTOS
4019,2025-11-07,Cliente 24,SURCO,ACEITE DE MOTOR 5W30 FULL SINTÉTICO,3,131.3,393.9,Vendedor 2,REPUESTOS
4020,2025-11-07,Cliente 50,LA MOLINA,AMORTIGUADORES DELANTEROS,1,284.8,284.8,Vendedor 6,REPUESTOS
4021,2025-11-07,Cliente 12,SURCO,AMORTIGUADORES POSTERIORES,2,112.6,225.2,Vendedor 10,REPUESTOS
4022,2025-11-07,Cliente 15,SURCO,"LLANTAS 18""",1,90.5,90.5,Vendedor 1,REPUESTOS
4023,2025-11-07,Cliente 20,LA MOLINA,BATERÍA DE 18 PLACAS,1,128.3,128.3,Vendedor 9,REPUESTOS
4024,2025-11-08,Cliente 46,SURCO,ACEITE DE MOTOR 5W30 FULL SINTÉTICO,3,131.3,393.9,Vendedor 9,REPUESTOS
4025,2025-11-08,Cliente 36,LA MOLINA,AMORTIGUADORES DELANTEROS,5,284.8,1424.0,Vendedor 5,REPUESTOS
4026,2025-11-08,Cliente 49,LA MOLINA,AMORTIGUADORES POSTERIORES,1,112.6,112.6,Vendedor 1,REPUESTOS
4027,2025-11-08,Cliente 6,LA MOLINA,"LLANTAS 18""",2,90.5,181.0,Vendedor 6,REPUESTOS
4028,2025-11-08,Cliente 48,LA MOLINA,BATERÍA DE 18 PLACAS,1,128.3,128.3,Vendedor 1,REPUESTOS
4029,2025-11-09,Cliente 5,SURCO,AUTO HONDA CIVIC 2014,1,29500.0,29500.0,Vendedor 2,AUTOS
4030,2025-11-09,Cliente 7,SURCO,AUTO HONDA PILOT 2013,1,30500.0,30500.0,Vendedor 8,AUTOS
4031,2025-11-09,Cliente 31,SURCO,AUTO HONDA FIT 2016,1,19500.0,19500.0,Vendedor 6,AUTOS
4032,2025-11-09,Cliente 17,LA MOLINA,ACEITE DE MOTOR 5W30 FULL SINTÉTICO,2,131.3,262.6,Vendedor 3,REPUESTOS
4033,2025-11-09,Cliente 6,LA MOLINA,AMORTIGUADORES DELANTEROS,4,284.8,1139.2,Vendedor 6,REPUESTOS
4034,2025-11-09,Cliente 42,SURCO,AMORTIGUADORES POSTERIORES,1,112.6,112.6,Vendedor 10,REPUESTOS
4035,2025-11-09,Cliente 41,SURCO,"LLANTAS 18""",3,90.5,271.5,Vendedor 1,REPUESTOS
4036,2025-11-09,Cliente 14,LA MOLINA,BATERÍA DE 18 PLACAS,1,128.3,128.3,Vendedor 3,REPUESTOS
4037,2025-11-10,Cliente 48,SURCO,AUTO HONDA CIVIC 2014,1,29500.0,29500.0,Vendedor 9,AUTOS
4038,2025-11-10,Cliente 27,SURCO,AUTO HONDA PILOT 2013,1,30500.0,30500.0,Vendedor 1,AUTOS
4039,2025-11-10,Cliente 37,SURCO,AUTO HONDA FIT 2016,1,19500.0,19500.0,Vendedor 4,AUTOS
4040,2025-11-10,Cliente 4,LA MOLINA,ACEITE DE MOTOR 5W30 FULL SINTÉTICO,2,131.3,262.6,Vendedor 7,REPUESTOS
4041,2025-11-10,Cliente 13,LA MOLINA,AMORTIGUADORES POSTERIORES,3,112.6,337.8,Vendedor 9,REPUESTOS
4042,2025-11-10,Cliente 9,LA MOLINA,"LLANTAS 18""",2,90.5,181.0,Vendedor 7,REPUESTOS
4043,2025-11-10,Cliente 18,SURCO,BATERÍA DE 18 PLACAS,2,128.3,256.6,Vendedor 4,REPUESTOS
4044,2025-11-11,Cliente 46,SURCO,AUTO HONDA PILOT 2013,1,30500.0,30500.0,Vendedor 7,AUTOS
4045,2025-11-11,Cliente 42,SURCO,AUTO HONDA FIT 2016,1,19500.0,19500.0,Vendedor 10,AUTOS
4046,2025-11-11,Cliente 8,LA MOLINA,ACEITE DE MOTOR 5W30 FULL SINTÉTICO,2,131.3,262.6,Vendedor 7,REPUESTOS
4047,2025-11-11,Cliente 45,LA MOLINA,AMORTIGUADORES POSTERIORES,1,112.6,112.6,Vendedor 3,REPUESTOS
4048,2025-11-11,Cliente 43,SURCO,"LLANTAS 18""",2,90.5,181.0,Vendedor 4,REPUESTOS
4049,2025-11-11,Cliente 15,SURCO,BATERÍA DE 18 PLACAS,1,128.3,128.3,Vendedor 4,REPUESTOS
4050,2025-11-12,Cliente 47,SURCO,AUTO HONDA PILOT 2013,1,30500.0,30500.0,Vendedor 2,AUTOS
4051,2025-11-12,Cliente 18,SURCO,AMORTIGUADORES POSTERIORES,1,112.6,112.6,Vendedor 2,REPUESTOS
4052,2025-11-12,Cliente 46,SURCO,"LLANTAS 18""",1,90.5,90.5,Vendedor 2,REPUESTOS
4053,2025-11-13,Cliente 29,SURCO,AMORTIGUADORES POSTERIORES,3,112.6,337.8,Vendedor 3,REPUESTOS
4054,2025-11-13,Cliente 24,SURCO,"LLANTAS 18""",1,90.5,90.5,Vendedor 6,REPUESTOS
4055,2025-11-14,Cliente 43,LA MOLINA,AMORTIGUADORES POSTERIORES,1,112.6,112.6,Vendedor 4,REPUESTOS
4056,2025-11-14,Cliente 25,LA MOLINA,"LLANTAS 18""",1,90.5,90.5,Vendedor 6,REPUESTOS
4057,2025-11-15,Cliente 28,SURCO,AMORTIGUADORES POSTERIORES,1,112.6,112.6,Vendedor 1,REPUESTOS
4058,2025-11-17,Cliente 14,LA MOLINA,ACEITE DE MOTOR 5W30 FULL SINTÉTICO,4,131.3,525.2,Vendedor 7,REPUESTOS
4059,2025-11-17,Cliente 19,SURCO,FILTRO DE COMBUSTIBLE,1,131.2,131.2,Vendedor 3,REPUESTOS
4060,2025-11-17,Cliente 12,LA MOLINA,AMORTIGUADORES DELANTEROS,5,284.8,1424.0,Vendedor 7,REPUESTOS
4061,2025-11-17,Cliente 49,LA MOLINA,AMORTIGUADORES POSTERIORES,1,112.6,112.6,Vendedor 9,REPUESTOS
4062,2025-11-17,Cliente 23,LA MOLINA,"LLANTAS 18""",1,90.5,90.5,Vendedor 5,REPUESTOS
4063,2025-11-17,Cliente 13,LA MOLINA,BATERÍA DE 18 PLACAS,1,128.3,128.3,Vendedor 5,REPUESTOS
4064,2025-11-18,Cliente 18,LA MOLINA,ACEITE DE MOTOR 5W30 FULL SINTÉTICO,4,131.3,525.2,Vendedor 3,REPUESTOS
4065,2025-11-18,Cliente 15,LA MOLINA,FILTRO DE COMBUSTIBLE,1,131.2,131.2,Vendedor 8,REPUESTOS
4066,2025-11-18,Cliente 50,SURCO,AMORTIGUADORES DELANTEROS,3,284.8,854.4,Vendedor 4,REPUESTOS
4067,2025-11-18,Cliente 15,LA MOLINA,AMORTIGUADORES POSTERIORES,4,112.6,450.4,Vendedor 9,REPUESTOS
4068,2025-11-18,Cliente 8,SURCO,"LLANTAS 18""",5,90.5,452.5,Vendedor 5,REPUESTOS
4069,2025-11-18,Cliente 45,LA MOLINA,BATERÍA DE 18 PLACAS,2,128.3,256.6,Vendedor 2,REPUESTOS
4070,2025-11-19,Cliente 48,LA MOLINA,ACEITE DE MOTOR 5W30 FULL SINTÉTICO,2,131.3,262.6,Vendedor 7,REPUESTOS
4071,2025-11-19,Cliente 37,SURCO,AMORTIGUADORES DELANTEROS,1,284.8,284.8,Vendedor 2,REPUESTOS
4072,2025-11-19,Cliente 17,LA MOLINA,AMORTIGUADORES POSTERIORES,2,112.6,225.2,Vendedor 4,REPUESTOS
4073,2025-11-19,Cliente 41,SURCO,"LLANTAS 18""",5,90.5,452.5,Vendedor 8,REPUESTOS
4074,2025-11-19,Cliente 10,SURCO,BATERÍA DE 18 PLACAS,3,128.3,384.9,Vendedor 1,REPUESTOS
4075,2025-11-20,Cliente 37,SURCO,ACEITE DE MOTOR 5W30 FULL SINTÉTICO,3,131.3,393.9,Vendedor 6,REPUESTOS
4076,2025-11-20,Cliente 13,LA MOLINA,AMORTIGUADORES DELANTEROS,1,284.8,284.8,Vendedor 3,REPUESTOS
4077,2025-11-20,Cliente 47,LA MOLINA,AMORTIGUADORES POSTERIORES,1,112.6,112.6,Vendedor 7,REPUESTOS
4078,2025-11-20,Cliente 38,LA MOLINA,"LLANTAS 18""",3,90.5,271.5,Vendedor 4,REPUESTOS
4079,2025-11-20,Cliente 43,LA MOLINA,BATERÍA DE 18 PLACAS,2,128.3,256.6,Vendedor 10,REPUESTOS
4080,2025-11-21,Cliente 7,SURCO,ACEITE DE MOTOR 5W30 FULL SINTÉTICO,5,131.3,656.5,Vendedor 7,REPUESTOS
4081,2025-11-21,Cliente 16,SURCO,AMORTIGUADORES DELANTEROS,6,284.8,1708.8,Vendedor 6,REPUESTOS
4082,2025-11-21,Cliente 23,LA MOLINA,AMORTIGUADORES POSTERIORES,1,112.6,112.6,Vendedor 8,REPUESTOS
4083,2025-11-21,Cliente 32,LA MOLINA,"LLANTAS 18""",2,90.5,181.0,Vendedor 4,REPUESTOS
4084,2025-11-21,Cliente 45,SURCO,BATERÍA DE 18 PLACAS,2,128.3,256.6,Vendedor 2,REPUESTOS
4085,2025-11-22,Cliente 15,SURCO,ACEITE DE MOTOR 5W30 FULL SINTÉTICO,1,131.3,131.3,Vendedor 7,REPUESTOS
4086,2025-11-22,Cliente 30,LA MOLINA,AMORTIGUADORES DELANTEROS,1,284.8,284.8,Vendedor 7,REPUESTOS
4087,2025-11-22,Cliente 7,SURCO,AMORTIGUADORES POSTERIORES,5,112.6,563.0,Vendedor 9,REPUESTOS
4088,2025-11-22,Cliente 15,LA MOLINA,"LLANTAS 18""",4,90.5,362.0,Vendedor 4,REPUESTOS
4089,2025-11-23,Cliente 3,SURCO,ACEITE DE MOTOR 5W30 FULL SINTÉTICO,1,131.3,131.3,Vendedor 5,REPUESTOS
4090,2025-11-23,Cliente 8,LA MOLINA,AMORTIGUADORES DELANTEROS,1,284.8,284.8,Vendedor 5,REPUESTOS
4091,2025-11-23,Cliente 14,LA MOLINA,AMORTIGUADORES POSTERIORES,1,112.6,112.6,Vendedor 2,REPUESTOS
4092,2025-11-24,Cliente 39,LA MOLINA,AMORTIGUADORES DELANTEROS,2,284.8,569.6,Vendedor 9,REPUESTOS
4093,2025-11-24,Cliente 3,SURCO,AMORTIGUADORES POSTERIORES,4,112.6,450.4,Vendedor 8,REPUESTOS
4094,2025-12-01,Cliente 4,LA MOLINA,AUTO HONDA ACCORD 2014,1,22000.0,22000.0,Vendedor 8,AUTOS
4095,2025-12-01,Cliente 40,SURCO,AUTO HONDA CIVIC 2014,1,29500.0,29500.0,Vendedor 3,AUTOS
4096,2025-12-01,Cliente 8,LA MOLINA,AUTO HONDA ODISSEY 2013,1,26000.0,26000.0,Vendedor 4,AUTOS
4097,2025-12-01,Cliente 41,LA MOLINA,AUTO HONDA CRV 2014,1,26500.0,26500.0,Vendedor 5,AUTOS
4098,2025-12-01,Cliente 10,SURCO,AUTO HONDA CITY 2016,1,26000.0,26000.0,Vendedor 2,AUTOS
4099,2025-12-02,Cliente 11,SURCO,AUTO HONDA ACCORD 2014,1,22000.0,22000.0,Vendedor 6,AUTOS
4100,2025-12-02,Cliente 35,LA MOLINA,AUTO HONDA CIVIC 2014,1,29500.0,29500.0,Vendedor 3,AUTOS
4101,2025-12-02,Cliente 7,LA MOLINA,AUTO HONDA ODISSEY 2013,1,26000.0,26000.0,Vendedor 2,AUTOS
4102,2025-12-02,Cliente 14,SURCO,AUTO HONDA CRV 2014,1,26500.0,26500.0,Vendedor 2,AUTOS
4103,2025-12-02,Cliente 27,SURCO,AUTO HONDA CITY 2016,1,26000.0,26000.0,Vendedor 2,AUTOS
4104,2025-12-03,Cliente 18,SURCO,AUTO HONDA ACCORD 2014,1,22000.0,22000.0,Vendedor 9,AUTOS
4105,2025-12-03,Cliente 29,LA MOLINA,AUTO HONDA CIVIC 2014,1,29500.0,29500.0,Vendedor 3,AUTOS
4106,2025-12-03,Cliente 29,LA MOLINA,AUTO HONDA ODISSEY 2013,1,26000.0,26000.0,Vendedor 7,AUTOS
4107,2025-12-03,Cliente 40,SURCO,AUTO HONDA CRV 2014,1,26500.0,26500.0,Vendedor 8,AUTOS
4108,2025-12-03,Cliente 21,SURCO,AUTO HONDA CITY 2016,1,26000.0,26000.0,Vendedor 5,AUTOS
4109,2025-12-03,Cliente 13,SURCO,ACEITE DE MOTOR 5W30 FULL SINTÉTICO,2,106.0,212.0,Vendedor 7,REPUESTOS
4110,2025-12-03,Cliente 25,LA MOLINA,FILTRO DE COMBUSTIBLE,1,104.1,104.1,Vendedor 9,REPUESTOS
4111,2025-12-03,Cliente 38,SURCO,AMORTIGUADORES DELANTEROS,4,211.4,845.6,Vendedor 2,REPUESTOS
4112,2025-12-03,Cliente 4,SURCO,AMORTIGUADORES POSTERIORES,3,136.6,409.8,Vendedor 4,REPUESTOS
4113,2025-12-03,Cliente 36,SURCO,"LLANTAS 18""",1,51.1,51.1,Vendedor 8,REPUESTOS
4114,2025-12-03,Cliente 42,LA MOLINA,BATERÍA DE 18 PLACAS,1,93.9,93.9,Vendedor 10,REPUESTOS
4115,2025-12-04,Cliente 4,LA MOLINA,AUTO HONDA CIVIC 2014,1,29500.0,29500.0,Vendedor 9,AUTOS
4116,2025-12-04,Cliente 35,LA MOLINA,AUTO HONDA ODISSEY 2013,1,26000.0,26000.0,Vendedor 4,AUTOS
4117,2025-12-04,Cliente 16,LA MOLINA,AUTO HONDA CRV 2014,1,26500.0,26500.0,Vendedor 1,AUTOS
4118,2025-12-04,Cliente 16,SURCO,AUTO HONDA CITY 2016,1,26000.0,26000.0,Vendedor 9,AUTOS
4119,2025-12-04,Cliente 34,LA MOLINA,ACEITE DE MOTOR 5W30 FULL SINTÉTICO,1,106.0,106.0,Vendedor 9,REPUESTOS
4120,2025-12-04,Cliente 17,SURCO,FILTRO DE COMBUSTIBLE,1,104.1,104.1,Vendedor 5,REPUESTOS
4121,2025-12-04,Cliente 12,SURCO,AMORTIGUADORES DELANTEROS,3,211.4,634.2,Vendedor 1,REPUESTOS
4122,2025-12-04,Cliente 14,LA MOLINA,AMORTIGUADORES POSTERIORES,2,136.6,273.2,Vendedor 3,REPUESTOS
4123,2025-12-04,Cliente 34,SURCO,"LLANTAS 18""",1,51.1,51.1,Vendedor 3,REPUESTOS
4124,2025-12-04,Cliente 5,LA MOLINA,BATERÍA DE 18 PLACAS,1,93.9,93.9,Vendedor 7,REPUESTOS
4125,2025-12-05,Cliente 48,LA MOLINA,AUTO HONDA ODISSEY 2013,1,26000.0,26000.0,Vendedor 6,AUTOS
4126,2025-12-05,Cliente 11,LA MOLINA,AUTO HONDA CRV 2014,1,26500.0,26500.0,Vendedor 5,AUTOS
4127,2025-12-05,Cliente 2,SURCO,AUTO HONDA CITY 2016,1,26000.0,26000.0,Vendedor 1,AUTOS
4128,2025-12-05,Cliente 50,SURCO,ACEITE DE MOTOR 5W30 FULL SINTÉTICO,1,106.0,106.0,Vendedor 1,REPUESTOS
4129,2025-12-05,Cliente 21,SURCO,AMORTIGUADORES DELANTEROS,1,211.4,211.4,Vendedor 3,REPUESTOS
4130,2025-12-05,Cliente 6,SURCO,AMORTIGUADORES POSTERIORES,3,136.6,409.8,Vendedor 4,REPUESTOS
4131,2025-12-05,Cliente 29,SURCO,"LLANTAS 18""",2,51.1,102.2,Vendedor 9,REPUESTOS
4132,2025-12-05,Cliente 4,LA MOLINA,BATERÍA DE 18 PLACAS,1,93.9,93.9,Vendedor 10,REPUESTOS
4133,2025-12-06,Cliente 23,SURCO,ACEITE DE MOTOR 5W30 FULL SINTÉTICO,1,106.0,106.0,Vendedor 6,REPUESTOS
4134,2025-12-06,Cliente 33,SURCO,AMORTIGUADORES DELANTEROS,2,211.4,422.8,Vendedor 5,REPUESTOS
4135,2025-12-06,Cliente 11,LA MOLINA,AMORTIGUADORES POSTERIORES,2,136.6,273.2,Vendedor 2,REPUESTOS
4136,2025-12-06,Cliente 19,LA MOLINA,"LLANTAS 18""",1,51.1,51.1,Vendedor 8,REPUESTOS
4137,2025-12-06,Cliente 10,SURCO,BATERÍA DE 18 PLACAS,1,93.9,93.9,Vendedor 3,REPUESTOS
4138,2025-12-07,Cliente 21,SURCO,ACEITE DE MOTOR 5W30 FULL SINTÉTICO,3,106.0,318.0,Vendedor 7,REPUESTOS
4139,2025-12-07,Cliente 33,LA MOLINA,AMORTIGUADORES DELANTEROS,4,211.4,845.6,Vendedor 7,REPUESTOS
4140,2025-12-07,Cliente 3,SURCO,AMORTIGUADORES POSTERIORES,2,136.6,273.2,Vendedor 10,REPUESTOS
4141,2025-12-07,Cliente 43,SURCO,"LLANTAS 18""",1,51.1,51.1,Vendedor 5,REPUESTOS
4142,2025-12-07,Cliente 25,SURCO,BATERÍA DE 18 PLACAS,1,93.9,93.9,Vendedor 6,REPUESTOS
4143,2025-12-08,Cliente 24,SURCO,ACEITE DE MOTOR 5W30 FULL SINTÉTICO,3,106.0,318.0,Vendedor 9,REPUESTOS
4144,2025-12-08,Cliente 26,LA MOLINA,AMORTIGUADORES DELANTEROS,3,211.4,634.2,Vendedor 7,REPUESTOS
4145,2025-12-08,Cliente 16,SURCO,AMORTIGUADORES POSTERIORES,2,136.6,273.2,Vendedor 7,REPUESTOS
4146,2025-12-08,Cliente 33,LA MOLINA,"LLANTAS 18""",1,51.1,51.1,Vendedor 4,REPUESTOS
4147,2025-12-08,Cliente 24,LA MOLINA,BATERÍA DE 18 PLACAS,1,93.9,93.9,Vendedor 1,REPUESTOS
4148,2025-12-09,Cliente 11,LA MOLINA,ACEITE DE MOTOR 5W30 FULL SINTÉTICO,3,106.0,318.0,Vendedor 10,REPUESTOS
4149,2025-12-09,Cliente 36,LA MOLINA,AMORTIGUADORES DELANTEROS,3,211.4,634.2,Vendedor 1,REPUESTOS
4150,2025-12-09,Cliente 4,LA MOLINA,AMORTIGUADORES POSTERIORES,3,136.6,409.8,Vendedor 7,REPUESTOS
4151,2025-12-09,Cliente 27,SURCO,"LLANTAS 18""",1,51.1,51.1,Vendedor 10,REPUESTOS
4152,2025-12-09,Cliente 40,LA MOLINA,BATERÍA DE 18 PLACAS,1,93.9,93.9,Vendedor 6,REPUESTOS
4153,2025-12-10,Cliente 50,SURCO,AUTO HONDA ACCORD 2014,1,22000.0,22000.0,Vendedor 10,AUTOS
4154,2025-12-10,Cliente 9,SURCO,AUTO HONDA CIVIC 2014,1,29500.0,29500.0,Vendedor 2,AUTOS
4155,2025-12-10,Cliente 18,SURCO,AUTO HONDA FIT 2016,1,22500.0,22500.0,Vendedor 1,AUTOS
4156,2025-12-10,Cliente 17,LA MOLINA,ACEITE DE MOTOR 5W30 FULL SINTÉTICO,1,106.0,106.0,Vendedor 9,REPUESTOS
4157,2025-12-10,Cliente 17,LA MOLINA,AMORTIGUADORES POSTERIORES,3,136.6,409.8,Vendedor 5,REPUESTOS
4158,2025-12-10,Cliente 32,LA MOLINA,"LLANTAS 18""",1,51.1,51.1,Vendedor 4,REPUESTOS
4159,2025-12-10,Cliente 25,SURCO,BATERÍA DE 18 PLACAS,1,93.9,93.9,Vendedor 4,REPUESTOS
4160,2025-12-11,Cliente 26,SURCO,AUTO HONDA ACCORD 2014,1,22000.0,22000.0,Vendedor 5,AUTOS
4161,2025-12-11,Cliente 10,SURCO,AUTO HONDA FIT 2016,1,22500.0,22500.0,Vendedor 2,AUTOS
4162,2025-12-11,Cliente 40,LA MOLINA,ACEITE DE MOTOR 5W30 FULL SINTÉTICO,2,106.0,212.0,Vendedor 5,REPUESTOS
4163,2025-12-11,Cliente 20,LA MOLINA,"LLANTAS 18""",2,51.1,102.2,Vendedor 3,REPUESTOS
4164,2025-12-11,Cliente 16,SURCO,BATERÍA DE 18 PLACAS,1,93.9,93.9,Vendedor 7,REPUESTOS
4165,2025-12-12,Cliente 24,SURCO,AUTO HONDA ACCORD 2014,1,22000.0,22000.0,Vendedor 9,AUTOS
4166,2025-12-12,Cliente 14,SURCO,AUTO HONDA FIT 2016,1,22500.0,22500.0,Vendedor 2,AUTOS
4167,2025-12-12,Cliente 6,LA MOLINA,ACEITE DE MOTOR 5W30 FULL SINTÉTICO,3,106.0,318.0,Vendedor 8,REPUESTOS
4168,2025-12-12,Cliente 11,LA MOLINA,"LLANTAS 18""",2,51.1,102.2,Vendedor 6,REPUESTOS
4169,2025-12-12,Cliente 49,SURCO,BATERÍA DE 18 PLACAS,1,93.9,93.9,Vendedor 5,REPUESTOS
4170,2025-12-13,Cliente 22,LA MOLINA,"LLANTAS 18""",1,51.1,51.1,Vendedor 9,REPUESTOS
4171,2025-12-14,Cliente 43,SURCO,"LLANTAS 18""",1,51.1,51.1,Vendedor 2,REPUESTOS
4172,2025-12-15,Cliente 19,LA MOLINA,"LLANTAS 18""",2,51.1,102.2,Vendedor 9,REPUESTOS
4173,2025-12-16,Cliente 24,SURCO,"LLANTAS 18""",1,51.1,51.1,Vendedor 4,REPUESTOS
4174,2025-12-17,Cliente 18,SURCO,ACEITE DE MOTOR 5W30 FULL SINTÉTICO,5,106.0,530.0,Vendedor 6,REPUESTOS
4175,2025-12-17,Cliente 30,SURCO,FILTRO DE COMBUSTIBLE,1,104.1,104.1,Vendedor 10,REPUESTOS
4176,2025-12-17,Cliente 44,SURCO,AMORTIGUADORES DELANTEROS,6,211.4,1268.4,Vendedor 6,REPUESTOS
4177,2025-12-17,Cliente 44,LA MOLINA,AMORTIGUADORES POSTERIORES,1,136.6,136.6,Vendedor 1,REPUESTOS
4178,2025-12-17,Cliente 14,SURCO,"LLANTAS 18""",2,51.1,102.2,Vendedor 4,REPUESTOS
4179,2025-12-17,Cliente 13,LA MOLINA,BATERÍA DE 18 PLACAS,1,93.9,93.9,Vendedor 9,REPUESTOS
4180,2025-12-18,Cliente 46,LA MOLINA,ACEITE DE MOTOR 5W30 FULL SINTÉTICO,3,106.0,318.0,Vendedor 2,REPUESTOS
4181,2025-12-18,Cliente 47,LA MOLINA,FILTRO DE COMBUSTIBLE,1,104.1,104.1,Vendedor 4,REPUESTOS
4182,2025-12-18,Cliente 7,SURCO,AMORTIGUADORES DELANTEROS,4,211.4,845.6,Vendedor 2,REPUESTOS
4183,2025-12-18,Cliente 34,LA MOLINA,AMORTIGUADORES POSTERIORES,1,136.6,136.6,Vendedor 8,REPUESTOS
4184,2025-12-18,Cliente 39,SURCO,"LLANTAS 18""",1,51.1,51.1,Vendedor 4,REPUESTOS
4185,2025-12-18,Cliente 41,SURCO,BATERÍA DE 18 PLACAS,1,93.9,93.9,Vendedor 4,REPUESTOS
4186,2025-12-19,Cliente 9,SURCO,ACEITE DE MOTOR 5W30 FULL SINTÉTICO,4,106.0,424.0,Vendedor 7,REPUESTOS
4187,2025-12-19,Cliente 15,LA MOLINA,AMORTIGUADORES DELANTEROS,6,211.4,1268.4,Vendedor 1,REPUESTOS
4188,2025-12-19,Cliente 47,SURCO,AMORTIGUADORES POSTERIORES,4,136.6,546.4,Vendedor 2,REPUESTOS
4189,2025-12-19,Cliente 49,LA MOLINA,"LLANTAS 18""",1,51.1,51.1,Vendedor 6,REPUESTOS
4190,2025-12-19,Cliente 30,SURCO,BATERÍA DE 18 PLACAS,2,93.9,187.8,Vendedor 9,REPUESTOS
4191,2025-12-20,Cliente 1,SURCO,ACEITE DE MOTOR 5W30 FULL SINTÉTICO,1,106.0,106.0,Vendedor 3,REPUESTOS
4192,2025-12-20,Cliente 2,LA MOLINA,AMORTIGUADORES DELANTEROS,2,211.4,422.8,Vendedor 10,REPUESTOS
4193,2025-12-20,Cliente 50,LA MOLINA,AMORTIGUADORES POSTERIORES,1,136.6,136.6,Vendedor 7,REPUESTOS
4194,2025-12-20,Cliente 39,SURCO,"LLANTAS 18""",1,51.1,51.1,Vendedor 9,REPUESTOS
4195,2025-12-20,Cliente 45,SURCO,BATERÍA DE 18 PLACAS,1,93.9,93.9,Vendedor 7,REPUESTOS
4196,2025-12-21,Cliente 41,LA MOLINA,ACEITE DE MOTOR 5W30 FULL SINTÉTICO,6,106.0,636.0,Vendedor 8,REPUESTOS
4197,2025-12-21,Cliente 39,LA MOLINA,AMORTIGUADORES DELANTEROS,2,211.4,422.8,Vendedor 2,REPUESTOS
4198,2025-12-21,Cliente 40,SURCO,AMORTIGUADORES POSTERIORES,4,136.6,546.4,Vendedor 4,REPUESTOS
4199,2025-12-21,Cliente 40,LA MOLINA,"LLANTAS 18""",2,51.1,102.2,Vendedor 6,REPUESTOS
4200,2025-12-21,Cliente 5,SURCO,BATERÍA DE 18 PLACAS,1,93.9,93.9,Vendedor 5,REPUESTOS
4201,2025-12-22,Cliente 34,LA MOLINA,ACEITE DE MOTOR 5W30 FULL SINTÉTICO,1,106.0,106.0,Vendedor 10,REPUESTOS
4202,2025-12-22,Cliente 15,LA MOLINA,AMORTIGUADORES POSTERIORES,1,136.6,136.6,Vendedor 4,REPUESTOS
4203,2025-12-22,Cliente 22,LA MOLINA,"LLANTAS 18""",2,51.1,102.2,Vendedor 1,REPUESTOS
4204,2025-12-22,Cliente 13,LA MOLINA,BATERÍA DE 18 PLACAS,1,93.9,93.9,Vendedor 3,REPUESTOS
4205,2025-12-23,Cliente 5,SURCO,AMORTIGUADORES POSTERIORES,2,136.6,273.2,Vendedor 4,REPUESTOS
4206,2025-12-23,Cliente 22,LA MOLINA,"LLANTAS 18""",2,51.1,102.2,Vendedor 6,REPUESTOS
4207,2025-12-23,Cliente 6,LA MOLINA,BATERÍA DE 18 PLACAS,2,93.9,187.8,Vendedor 5,REPUESTOS
4208,2025-12-24,Cliente 48,LA MOLINA,AMORTIGUADORES POSTERIORES,2,136.6,273.2,Vendedor 1,REPUESTOS
4209,2025-12-24,Cliente 50,SURCO,"LLANTAS 18""",2,51.1,102.2,Vendedor 6,REPUESTOS
4210,2025-12-24,Cliente 26,LA MOLINA,BATERÍA DE 18 PLACAS,1,93.9,93.9,Vendedor 7,REPUESTOS
4211,2025-12-25,Cliente 8,LA MOLINA,AMORTIGUADORES POSTERIORES,1,136.6,136.6,Vendedor 3,REPUESTOS
4212,2025-12-25,Cliente 3,SURCO,"LLANTAS 18""",2,51.1,102.2,Vendedor 4,REPUESTOS
4213,2025-12-26,Cliente 26,LA MOLINA,AMORTIGUADORES POSTERIORES,3,136.6,409.8,Vendedor 10,REPUESTOS
4214,2025-12-26,Cliente 25,SURCO,"LLANTAS 18""",1,51.1,51.1,Vendedor 3,REPUESTOS
4215,2025-12-27,Cliente 12,LA MOLINA,"LLANTAS 18""",1,51.1,51.1,Vendedor 4,REPUESTOS
