id_venta,Fecha,Cliente,Almacen,Producto,Cantidad_Vendida,Precio_Venta,Monto_Venta,Vendedor
1,2023-01-01,Cliente 12,SURCO,AUTO HONDA ACCORD 2014,1,29500.0,29500.0,Vendedor 2
2,2023-01-01,Cliente 44,SURCO,AUTO HONDA CIVIC 2014,1,30000.0,30000.0,Vendedor 4
3,2023-01-01,Cliente 8,LA MOLINA,AUTO HONDA ODISSEY 2013,1,27500.0,27500.0,Vendedor 10
4,2023-01-01,Cliente 38,SURCO,AUTO HONDA CRV 2014,1,27500.0,27500.0,Vendedor 10
5,2023-01-01,Cliente 40,SURCO,AUTO HONDA PILOT 2013,1,16500.0,16500.0,Vendedor 2
6,2023-01-01,Cliente 43,LA MOLINA,AUTO HONDA FIT 2016,1,26000.0,26000.0,Vendedor 10
7,2023-01-01,Cliente 17,LA MOLINA,AUTO HONDA CITY 2016,1,29500.0,29500.0,Vendedor 4
8,2023-01-01,Cliente 16,LA MOLINA,CAMIONETA HONDA ELEMENT 2013,1,36000.0,36000.0,Vendedor 5
9,2023-01-01,Cliente 9,LA MOLINA,CAMIONETA HONDA CROSSTOUR 2013,1,34000.0,34000.0,Vendedor 5
10,2023-01-01,Cliente 21,LA MOLINA,CAMIONETA HONDA CR-Z 2015,1,31500.0,31500.0,Vendedor 2
11,2023-01-01,Cliente 30,SURCO,CAMIONETA HONDA RID LINE PICK UP 2014,1,37500.0,37500.0,Vendedor 10
12,2023-01-01,Cliente 35,SURCO,ACEITE DE MOTOR 5W30 FULL SINTÉTICO,1,100.3,100.3,Vendedor 4
13,2023-01-01,Cliente 9,LA MOLINA,FILTRO DE COMBUSTIBLE,1,136.1,136.1,Vendedor 6
14,2023-01-01,Cliente 24,SURCO,AMORTIGUADORES DELANTEROS,1,225.8,225.8,Vendedor 5
15,2023-01-01,Cliente 35,LA MOLINA,AMORTIGUADORES POSTERIORES,1,107.4,107.4,Vendedor 5
16,2023-01-01,Cliente 43,LA MOLINA,"LLANTAS 18""",1,78.9,78.9,Vendedor 2
17,2023-01-01,Cliente 17,SURCO,BATERÍA DE 18 PLACAS,1,131.3,131.3,Vendedor 2
18,2023-01-02,Cliente 48,SURCO,AUTO HONDA ACCORD 2014,1,29500.0,29500.0,Vendedor 9
19,2023-01-02,Cliente 18,SURCO,AUTO HONDA CIVIC 2014,1,30000.0,30000.0,Vendedor 5
20,2023-01-02,Cliente 46,SURCO,AUTO HONDA ODISSEY 2013,1,27500.0,27500.0,Vendedor 6
21,2023-01-02,Cliente 44,SURCO,AUTO HONDA CRV 2014,1,27500.0,27500.0,Vendedor 5
22,2023-01-02,Cliente 17,LA MOLINA,AUTO HONDA PILOT 2013,1,16500.0,16500.0,Vendedor 1
23,2023-01-02,Cliente 41,SURCO,CAMIONETA HONDA ELEMENT 2013,1,36000.0,36000.0,Vendedor 7
24,2023-01-02,Cliente 3,LA MOLINA,CAMIONETA HONDA CROSSTOUR 2013,1,34000.0,34000.0,Vendedor 1
25,2023-01-02,Cliente 50,LA MOLINA,CAMIONETA HONDA CR-Z 2015,1,31500.0,31500.0,Vendedor 3
26,2023-01-02,Cliente 11,LA MOLINA,CAMIONETA HONDA RID LINE PICK UP 2014,1,37500.0,37500.0,Vendedor 8
27,2023-01-02,Cliente 8,SURCO,ACEITE DE MOTOR 5W30 FULL SINTÉTICO,4,100.3,401.2,Vendedor 2
28,2023-01-02,Cliente 35,SURCO,FILTRO DE COMBUSTIBLE,1,136.1,136.1,Vendedor 1
29,2023-01-02,Cliente 28,SURCO,AMORTIGUADORES DELANTEROS,2,225.8,451.6,Vendedor 3
30,2023-01-02,Cliente 24,LA MOLINA,AMORTIGUADORES POSTERIORES,1,107.4,107.4,Vendedor 1
31,2023-01-02,Cliente 44,SURCO,"LLANTAS 18""",2,78.9,157.8,Vendedor 4
32,2023-01-02,Cliente 23,SURCO,BATERÍA DE 18 PLACAS,1,131.3,131.3,Vendedor 9
33,2023-01-03,Cliente 40,SURCO,AUTO HONDA ACCORD 2014,1,29500.0,29500.0,Vendedor 3
34,2023-01-03,Cliente 11,SURCO,AUTO HONDA CIVIC 2014,1,30000.0,30000.0,Vendedor 3
35,2023-01-03,Cliente 2,LA MOLINA,AUTO HONDA CRV 2014,1,27500.0,27500.0,Vendedor 3
36,2023-01-03,Cliente 27,LA MOLINA,AUTO HONDA PILOT 2013,1,16500.0,16500.0,Vendedor 4
37,2023-01-03,Cliente 11,LA MOLINA,CAMIONETA HONDA ELEMENT 2013,1,36000.0,36000.0,Vendedor 2
38,2023-01-03,Cliente 3,SURCO,CAMIONETA HONDA CR-Z 2015,1,31500.0,31500.0,Vendedor 8
39,2023-01-03,Cliente 30,SURCO,ACEITE DE MOTOR 5W30 FULL SINTÉTICO,2,100.3,200.6,Vendedor 6
40,2023-01-03,Cliente 15,LA MOLINA,FILTRO DE COMBUSTIBLE,1,136.1,136.1,Vendedor 4
41,2023-01-03,Cliente 26,SURCO,AMORTIGUADORES DELANTEROS,1,225.8,225.8,Vendedor 6
42,2023-01-03,Cliente 50,SURCO,AMORTIGUADORES POSTERIORES,3,107.4,322.2,Vendedor 5
43,2023-01-03,Cliente 44,LA MOLINA,"LLANTAS 18""",2,78.9,157.8,Vendedor 9
44,2023-01-03,Cliente 2,LA MOLINA,BATERÍA DE 18 PLACAS,1,131.3,131.3,Vendedor 2
45,2023-01-04,Cliente 12,SURCO,AUTO HONDA ACCORD 2014,1,29500.0,29500.0,Vendedor 10
46,2023-01-04,Cliente 3,SURCO,AUTO HONDA CIVIC 2014,1,30000.0,30000.0,Vendedor 2
47,2023-01-04,Cliente 47,LA MOLINA,ACEITE DE MOTOR 5W30 FULL SINTÉTICO,4,100.3,401.2,Vendedor 6
48,2023-01-04,Cliente 39,LA MOLINA,FILTRO DE COMBUSTIBLE,1,136.1,136.1,Vendedor 9
49,2023-01-04,Cliente 37,LA MOLINA,AMORTIGUADORES DELANTEROS,1,225.8,225.8,Vendedor 4
50,2023-01-04,Cliente 46,SURCO,AMORTIGUADORES POSTERIORES,3,107.4,322.2,Vendedor 7
51,2023-01-04,Cliente 24,SURCO,"LLANTAS 18""",1,78.9,78.9,Vendedor 7
52,2023-01-04,Cliente 43,SURCO,BATERÍA DE 18 PLACAS,1,131.3,131.3,Vendedor 6
53,2023-01-05,Cliente 47,SURCO,ACEITE DE MOTOR 5W30 FULL SINTÉTICO,3,100.3,300.9,Vendedor 5
54,2023-01-05,Cliente 43,LA MOLINA,FILTRO DE COMBUSTIBLE,1,136.1,136.1,Vendedor 7
55,2023-01-05,Cliente 45,LA MOLINA,AMORTIGUADORES DELANTEROS,2,225.8,451.6,Vendedor 5
56,2023-01-05,Cliente 27,SURCO,AMORTIGUADORES POSTERIORES,2,107.4,214.8,Vendedor 7
57,2023-01-05,Cliente 26,LA MOLINA,"LLANTAS 18""",1,78.9,78.9,Vendedor 9
58,2023-01-05,Cliente 20,SURCO,BATERÍA DE 18 PLACAS,1,131.3,131.3,Vendedor 5
59,2023-01-06,Cliente 38,LA MOLINA,ACEITE DE MOTOR 5W30 FULL SINTÉTICO,2,100.3,200.6,Vendedor 10
60,2023-01-06,Cliente 30,LA MOLINA,FILTRO DE COMBUSTIBLE,1,136.1,136.1,Vendedor 8
61,2023-01-06,Cliente 33,SURCO,AMORTIGUADORES DELANTEROS,2,225.8,451.6,Vendedor 8
62,2023-01-06,Cliente 19,SURCO,AMORTIGUADORES POSTERIORES,1,107.4,107.4,Vendedor 9
63,2023-01-06,Cliente 49,SURCO,"LLANTAS 18""",2,78.9,157.8,Vendedor 4
64,2023-01-06,Cliente 15,LA MOLINA,BATERÍA DE 18 PLACAS,1,131.3,131.3,Vendedor 4
65,2023-01-07,Cliente 3,SURCO,ACEITE DE MOTOR 5W30 FULL SINTÉTICO,2,100.3,200.6,Vendedor 4
66,2023-01-07,Cliente 30,SURCO,AMORTIGUADORES DELANTEROS,2,225.8,451.6,Vendedor 7
67,2023-01-07,Cliente 32,LA MOLINA,AMORTIGUADORES POSTERIORES,2,107.4,214.8,Vendedor 7
68,2023-01-07,Cliente 42,SURCO,"LLANTAS 18""",1,78.9,78.9,Vendedor 1
69,2023-01-07,Cliente 50,SURCO,BATERÍA DE 18 PLACAS,1,131.3,131.3,Vendedor 7
70,2023-01-08,Cliente 45,SURCO,ACEITE DE MOTOR 5W30 FULL SINTÉTICO,2,100.3,200.6,Vendedor 9
71,2023-01-08,Cliente 36,SURCO,AMORTIGUADORES DELANTEROS,2,225.8,451.6,Vendedor 4
72,2023-01-08,Cliente 9,LA MOLINA,AMORTIGUADORES POSTERIORES,1,107.4,107.4,Vendedor 8
73,2023-01-08,Cliente 40,LA MOLINA,"LLANTAS 18""",2,78.9,157.8,Vendedor 9
74,2023-01-08,Cliente 36,LA MOLINA,BATERÍA DE 18 PLACAS,1,131.3,131.3,Vendedor 8
75,2023-01-09,Cliente 29,LA MOLINA,ACEITE DE MOTOR 5W30 FULL SINTÉTICO,2,100.3,200.6,Vendedor 5
76,2023-01-09,Cliente 50,LA MOLINA,AMORTIGUADORES DELANTEROS,1,225.8,225.8,Vendedor 9
77,2023-01-09,Cliente 18,LA MOLINA,AMORTIGUADORES POSTERIORES,4,107.4,429.6,Vendedor 8
78,2023-01-09,Cliente 16,LA MOLINA,"LLANTAS 18""",1,78.9,78.9,Vendedor 5
79,2023-01-09,Cliente 21,LA MOLINA,BATERÍA DE 18 PLACAS,1,131.3,131.3,Vendedor 9
80,2023-01-10,Cliente 10,SURCO,ACEITE DE MOTOR 5W30 FULL SINTÉTICO,1,100.3,100.3,Vendedor 4
81,2023-01-10,Cliente 46,SURCO,AMORTIGUADORES DELANTEROS,2,225.8,451.6,Vendedor 4
82,2023-01-10,Cliente 27,LA MOLINA,AMORTIGUADORES POSTERIORES,1,107.4,107.4,Vendedor 6
83,2023-01-10,Cliente 4,LA MOLINA,"LLANTAS 18""",2,78.9,157.8,Vendedor 4
84,2023-01-10,Cliente 25,LA MOLINA,BATERÍA DE 18 PLACAS,1,131.3,131.3,Vendedor 10
85,2023-01-11,Cliente 31,LA MOLINA,ACEITE DE MOTOR 5W30 FULL SINTÉTICO,1,100.3,100.3,Vendedor 1
86,2023-01-11,Cliente 49,LA MOLINA,AMORTIGUADORES DELANTEROS,2,225.8,451.6,Vendedor 7
87,2023-01-11,Cliente 32,LA MOLINA,AMORTIGUADORES POSTERIORES,4,107.4,429.6,Vendedor 4
88,2023-01-11,Cliente 32,LA MOLINA,"LLANTAS 18""",2,78.9,157.8,Vendedor 1
89,2023-01-11,Cliente 43,LA MOLINA,BATERÍA DE 18 PLACAS,2,131.3,262.6,Vendedor 7
90,2023-01-12,Cliente 9,LA MOLINA,ACEITE DE MOTOR 5W30 FULL SINTÉTICO,2,100.3,200.6,Vendedor 10
91,2023-01-12,Cliente 26,SURCO,AMORTIGUADORES DELANTEROS,3,225.8,677.4,Vendedor 10
92,2023-01-12,Cliente 42,LA MOLINA,AMORTIGUADORES POSTERIORES,1,107.4,107.4,Vendedor 7
93,2023-01-12,Cliente 12,LA MOLINA,"LLANTAS 18""",1,78.9,78.9,Vendedor 1
94,2023-01-12,Cliente 21,LA MOLINA,BATERÍA DE 18 PLACAS,2,131.3,262.6,Vendedor 4
95,2023-01-13,Cliente 22,LA MOLINA,ACEITE DE MOTOR 5W30 FULL SINTÉTICO,4,100.3,401.2,Vendedor 7
96,2023-01-13,Cliente 17,LA MOLINA,AMORTIGUADORES DELANTEROS,2,225.8,451.6,Vendedor 2
97,2023-01-13,Cliente 48,LA MOLINA,AMORTIGUADORES POSTERIORES,4,107.4,429.6,Vendedor 9
98,2023-01-13,Cliente 15,LA MOLINA,"LLANTAS 18""",1,78.9,78.9,Vendedor 2
99,2023-01-13,Cliente 16,SURCO,BATERÍA DE 18 PLACAS,1,131.3,131.3,Vendedor 4
100,2023-01-14,Cliente 16,LA MOLINA,ACEITE DE MOTOR 5W30 FULL SINTÉTICO,1,100.3,100.3,Vendedor 3
101,2023-01-14,Cliente 37,SURCO,AMORTIGUADORES DELANTEROS,2,225.8,451.6,Vendedor 4
102,2023-01-14,Cliente 50,LA MOLINA,AMORTIGUADORES POSTERIORES,4,107.4,429.6,Vendedor 6
103,2023-01-14,Cliente 50,SURCO,"LLANTAS 18""",1,78.9,78.9,Vendedor 3
104,2023-01-14,Cliente 38,SURCO,BATERÍA DE 18 PLACAS,2,131.3,262.6,Vendedor 1
105,2023-01-15,Cliente 26,LA MOLINA,ACEITE DE MOTOR 5W30 FULL SINTÉTICO,3,100.3,300.9,Vendedor 4
106,2023-01-15,Cliente 7,SURCO,AMORTIGUADORES DELANTEROS,1,225.8,225.8,Vendedor 5
107,2023-01-15,Cliente 37,LA MOLINA,AMORTIGUADORES POSTERIORES,5,107.4,537.0,Vendedor 1
108,2023-01-15,Cliente 43,LA MOLINA,"LLANTAS 18""",2,78.9,157.8,Vendedor 6
109,2023-01-15,Cliente 1,LA MOLINA,BATERÍA DE 18 PLACAS,1,131.3,131.3,Vendedor 7
110,2023-01-16,Cliente 28,LA MOLINA,ACEITE DE MOTOR 5W30 FULL SINTÉTICO,4,100.3,401.2,Vendedor 6
111,2023-01-16,Cliente 28,SURCO,AMORTIGUADORES DELANTEROS,2,225.8,451.6,Vendedor 3
112,2023-01-16,Cliente 40,LA MOLINA,AMORTIGUADORES POSTERIORES,5,107.4,537.0,Vendedor 9
113,2023-01-16,Cliente 28,LA MOLINA,"LLANTAS 18""",2,78.9,157.8,Vendedor 10
114,2023-01-16,Cliente 16,LA MOLINA,BATERÍA DE 18 PLACAS,2,131.3,262.6,Vendedor 2
115,2023-01-17,Cliente 16,LA MOLINA,ACEITE DE MOTOR 5W30 FULL SINTÉTICO,3,100.3,300.9,Vendedor 8
116,2023-01-17,Cliente 2,LA MOLINA,AMORTIGUADORES DELANTEROS,4,225.8,903.2,Vendedor 8
117,2023-01-17,Cliente 32,SURCO,AMORTIGUADORES POSTERIORES,3,107.4,322.2,Vendedor 4
118,2023-01-17,Cliente 22,LA MOLINA,"LLANTAS 18""",2,78.9,157.8,Vendedor 5
119,2023-01-17,Cliente 34,SURCO,BATERÍA DE 18 PLACAS,2,131.3,262.6,Vendedor 4
120,2023-01-18,Cliente 47,SURCO,ACEITE DE MOTOR 5W30 FULL SINTÉTICO,1,100.3,100.3,Vendedor 7
121,2023-01-18,Cliente 45,SURCO,AMORTIGUADORES DELANTEROS,4,225.8,903.2,Vendedor 8
122,2023-01-18,Cliente 2,LA MOLINA,AMORTIGUADORES POSTERIORES,4,107.4,429.6,Vendedor 2
123,2023-01-18,Cliente 26,SURCO,"LLANTAS 18""",2,78.9,157.8,Vendedor 4
124,2023-01-18,Cliente 31,LA MOLINA,BATERÍA DE 18 PLACAS,2,131.3,262.6,Vendedor 9
125,2023-01-19,Cliente 28,LA MOLINA,ACEITE DE MOTOR 5W30 FULL SINTÉTICO,5,100.3,501.5,Vendedor 9
126,2023-01-19,Cliente 45,LA MOLINA,AMORTIGUADORES DELANTEROS,3,225.8,677.4,Vendedor 8
127,2023-01-19,Cliente 17,SURCO,AMORTIGUADORES POSTERIORES,3,107.4,322.2,Vendedor 4
128,2023-01-19,Cliente 21,SURCO,"LLANTAS 18""",1,78.9,78.9,Vendedor 2
129,2023-01-19,Cliente 14,SURCO,BATERÍA DE 18 PLACAS,1,131.3,131.3,Vendedor 8
130,2023-01-20,Cliente 7,LA MOLINA,ACEITE DE MOTOR 5W30 FULL SINTÉTICO,3,100.3,300.9,Vendedor 4
131,2023-01-20,Cliente 24,SURCO,AMORTIGUADORES DELANTEROS,3,225.8,677.4,Vendedor 3
132,2023-01-20,Cliente 46,SURCO,AMORTIGUADORES POSTERIORES,3,107.4,322.2,Vendedor 9
133,2023-01-20,Cliente 3,LA MOLINA,"LLANTAS 18""",1,78.9,78.9,Vendedor 1
134,2023-01-20,Cliente 41,SURCO,BATERÍA DE 18 PLACAS,2,131.3,262.6,Vendedor 8
135,2023-01-21,Cliente 37,SURCO,ACEITE DE MOTOR 5W30 FULL SINTÉTICO,2,100.3,200.6,Vendedor 5
136,2023-01-21,Cliente 29,LA MOLINA,AMORTIGUADORES DELANTEROS,4,225.8,903.2,Vendedor 6
137,2023-01-21,Cliente 17,SURCO,AMORTIGUADORES POSTERIORES,1,107.4,107.4,Vendedor 8
138,2023-01-21,Cliente 26,SURCO,"LLANTAS 18""",1,78.9,78.9,Vendedor 8
139,2023-01-21,Cliente 10,SURCO,BATERÍA DE 18 PLACAS,1,131.3,131.3,Vendedor 3
140,2023-01-22,Cliente 16,SURCO,ACEITE DE MOTOR 5W30 FULL SINTÉTICO,5,100.3,501.5,Vendedor 2
141,2023-01-22,Cliente 50,LA MOLINA,AMORTIGUADORES DELANTEROS,4,225.8,903.2,Vendedor 9
142,2023-01-22,Cliente 20,LA MOLINA,"LLANTAS 18""",2,78.9,157.8,Vendedor 10
143,2023-01-22,Cliente 37,LA MOLINA,BATERÍA DE 18 PLACAS,2,131.3,262.6,Vendedor 10
144,2023-01-23,Cliente 49,SURCO,ACEITE DE MOTOR 5W30 FULL SINTÉTICO,1,100.3,100.3,Vendedor 4
145,2023-01-23,Cliente 16,SURCO,"LLANTAS 18""",1,78.9,78.9,Vendedor 3
146,2023-01-23,Cliente 1,SURCO,BATERÍA DE 18 PLACAS,1,131.3,131.3,Vendedor 7
147,2023-01-24,Cliente 19,LA MOLINA,ACEITE DE MOTOR 5W30 FULL SINTÉTICO,8,100.3,802.4,Vendedor 1
148,2023-01-24,Cliente 5,LA MOLINA,"LLANTAS 18""",3,78.9,236.7,Vendedor 4
149,2023-01-24,Cliente 28,SURCO,BATERÍA DE 18 PLACAS,2,131.3,262.6,Vendedor 2
150,2023-01-25,Cliente 42,SURCO,ACEITE DE MOTOR 5W30 FULL SINTÉTICO,1,100.3,100.3,Vendedor 3
151,2023-01-25,Cliente 11,SURCO,"LLANTAS 18""",1,78.9,78.9,Vendedor 5
152,2023-01-25,Cliente 8,LA MOLINA,BATERÍA DE 18 PLACAS,2,131.3,262.6,Vendedor 8
153,2023-01-26,Cliente 45,LA MOLINA,ACEITE DE MOTOR 5W30 FULL SINTÉTICO,1,100.3,100.3,Vendedor 7
154,2023-01-26,Cliente 29,LA MOLINA,"LLANTAS 18""",5,78.9,394.5,Vendedor 2
155,2023-01-26,Cliente 48,LA MOLINA,BATERÍA DE 18 PLACAS,1,131.3,131.3,Vendedor 6
156,2023-01-27,Cliente 44,SURCO,"LLANTAS 18""",1,78.9,78.9,Vendedor 10
157,2023-01-27,Cliente 49,LA MOLINA,BATERÍA DE 18 PLACAS,3,131.3,393.9,Vendedor 5
158,2023-01-28,Cliente 18,LA MOLINA,"LLANTAS 18""",5,78.9,394.5,Vendedor 3
159,2023-01-28,Cliente 41,LA MOLINA,BATERÍA DE 18 PLACAS,3,131.3,393.9,Vendedor 8
160,2023-01-29,Cliente 21,LA MOLINA,"LLANTAS 18""",1,78.9,78.9,Vendedor 2
161,2023-01-29,Cliente 27,LA MOLINA,BATERÍA DE 18 PLACAS,1,131.3,131.3,Vendedor 8
162,2023-01-30,Cliente 21,SURCO,"LLANTAS 18""",3,78.9,236.7,Vendedor 5
163,2023-01-30,Cliente 50,LA MOLINA,BATERÍA DE 18 PLACAS,3,131.3,393.9,Vendedor 7
164,2023-01-31,Cliente 41,LA MOLINA,BATERÍA DE 18 PLACAS,5,131.3,656.5,Vendedor 8
165,2023-02-01,Cliente 14,LA MOLINA,AUTO HONDA ODISSEY 2013,1,27500.0,27500.0,Vendedor 5
166,2023-02-01,Cliente 19,SURCO,AUTO HONDA CRV 2014,1,27500.0,27500.0,Vendedor 8
167,2023-02-01,Cliente 8,LA MOLINA,AUTO HONDA CITY 2016,1,22500.0,22500.0,Vendedor 1
168,2023-02-01,Cliente 46,SURCO,CAMIONETA HONDA CROSSTOUR 2013,1,34000.0,34000.0,Vendedor 3
169,2023-02-01,Cliente 36,SURCO,CAMIONETA HONDA CR-Z 2015,1,35500.0,35500.0,Vendedor 1
170,2023-02-01,Cliente 6,SURCO,CAMIONETA HONDA RID LINE PICK UP 2014,1,47000.0,47000.0,Vendedor 4
171,2023-02-01,Cliente 8,LA MOLINA,FILTRO DE COMBUSTIBLE,1,132.1,132.1,Vendedor 3
172,2023-02-02,Cliente 31,LA MOLINA,AUTO HONDA CRV 2014,1,27500.0,27500.0,Vendedor 4
173,2023-02-02,Cliente 36,LA MOLINA,AUTO HONDA CITY 2016,1,22500.0,22500.0,Vendedor 3
174,2023-02-02,Cliente 13,SURCO,CAMIONETA HONDA CROSSTOUR 2013,1,34000.0,34000.0,Vendedor 10
175,2023-02-02,Cliente 5,SURCO,CAMIONETA HONDA CR-Z 2015,1,35500.0,35500.0,Vendedor 5
176,2023-02-02,Cliente 22,SURCO,CAMIONETA HONDA RID LINE PICK UP 2014,1,47000.0,47000.0,Vendedor 9
177,2023-02-02,Cliente 19,SURCO,FILTRO DE COMBUSTIBLE,1,132.1,132.1,Vendedor 5
178,2023-02-03,Cliente 22,SURCO,AUTO HONDA CRV 2014,1,27500.0,27500.0,Vendedor 9
179,2023-02-03,Cliente 30,SURCO,AUTO HONDA CITY 2016,1,22500.0,22500.0,Vendedor 6
180,2023-02-03,Cliente 37,SURCO,ACEITE DE MOTOR 5W30 FULL SINTÉTICO,2,102.9,205.8,Vendedor 7
181,2023-02-03,Cliente 50,SURCO,FILTRO DE COMBUSTIBLE,1,132.1,132.1,Vendedor 7
182,2023-02-03,Cliente 48,LA MOLINA,AMORTIGUADORES DELANTEROS,1,356.2,356.2,Vendedor 8
183,2023-02-03,Cliente 43,LA MOLINA,AMORTIGUADORES POSTERIORES,4,101.1,404.4,Vendedor 3
184,2023-02-03,Cliente 9,SURCO,"LLANTAS 18""",4,79.9,319.6,Vendedor 9
185,2023-02-03,Cliente 29,SURCO,BATERÍA DE 18 PLACAS,2,96.4,192.8,Vendedor 2
186,2023-02-04,Cliente 1,SURCO,AUTO HONDA CRV 2014,1,27500.0,27500.0,Vendedor 3
187,2023-02-04,Cliente 42,SURCO,AUTO HONDA CITY 2016,1,22500.0,22500.0,Vendedor 3
188,2023-02-04,Cliente 17,LA MOLINA,ACEITE DE MOTOR 5W30 FULL SINTÉTICO,1,102.9,102.9,Vendedor 6
189,2023-02-04,Cliente 42,LA MOLINA,FILTRO DE COMBUSTIBLE,1,132.1,132.1,Vendedor 2
190,2023-02-04,Cliente 21,LA MOLINA,AMORTIGUADORES DELANTEROS,3,356.2,1068.6,Vendedor 8
191,2023-02-04,Cliente 16,SURCO,AMORTIGUADORES POSTERIORES,1,101.1,101.1,Vendedor 5
192,2023-02-04,Cliente 28,SURCO,"LLANTAS 18""",2,79.9,159.8,Vendedor 2
193,2023-02-04,Cliente 11,LA MOLINA,BATERÍA DE 18 PLACAS,1,96.4,96.4,Vendedor 5
194,2023-02-05,Cliente 3,SURCO,AUTO HONDA CRV 2014,1,27500.0,27500.0,Vendedor 6
195,2023-02-05,Cliente 23,LA MOLINA,ACEITE DE MOTOR 5W30 FULL SINTÉTICO,1,102.9,102.9,Vendedor 6
196,2023-02-05,Cliente 10,LA MOLINA,FILTRO DE COMBUSTIBLE,1,132.1,132.1,Vendedor 4
197,2023-02-05,Cliente 11,SURCO,AMORTIGUADORES DELANTEROS,4,356.2,1424.8,Vendedor 3
198,2023-02-05,Cliente 40,LA MOLINA,AMORTIGUADORES POSTERIORES,1,101.1,101.1,Vendedor 4
199,2023-02-05,Cliente 15,SURCO,"LLANTAS 18""",4,79.9,319.6,Vendedor 8
200,2023-02-05,Cliente 17,LA MOLINA,BATERÍA DE 18 PLACAS,2,96.4,192.8,Vendedor 1
201,2023-02-06,Cliente 44,LA MOLINA,ACEITE DE MOTOR 5W30 FULL SINTÉTICO,4,102.9,411.6,Vendedor 9
202,2023-02-06,Cliente 5,SURCO,FILTRO DE COMBUSTIBLE,1,132.1,132.1,Vendedor 8
203,2023-02-06,Cliente 41,LA MOLINA,AMORTIGUADORES DELANTEROS,3,356.2,1068.6,Vendedor 7
204,2023-02-06,Cliente 20,LA MOLINA,AMORTIGUADORES POSTERIORES,3,101.1,303.3,Vendedor 4
205,2023-02-06,Cliente 7,LA MOLINA,"LLANTAS 18""",4,79.9,319.6,Vendedor 4
206,2023-02-06,Cliente 37,LA MOLINA,BATERÍA DE 18 PLACAS,2,96.4,192.8,Vendedor 5
207,2023-02-07,Cliente 43,SURCO,ACEITE DE MOTOR 5W30 FULL SINTÉTICO,3,102.9,308.7,Vendedor 7
208,2023-02-07,Cliente 1,LA MOLINA,FILTRO DE COMBUSTIBLE,1,132.1,132.1,Vendedor 10
209,2023-02-07,Cliente 19,LA MOLINA,AMORTIGUADORES DELANTEROS,1,356.2,356.2,Vendedor 4
210,2023-02-07,Cliente 15,LA MOLINA,AMORTIGUADORES POSTERIORES,2,101.1,202.2,Vendedor 4
211,2023-02-07,Cliente 44,LA MOLINA,"LLANTAS 18""",5,79.9,399.5,Vendedor 3
212,2023-02-07,Cliente 20,SURCO,BATERÍA DE 18 PLACAS,1,96.4,96.4,Vendedor 8
213,2023-02-08,Cliente 47,LA MOLINA,ACEITE DE MOTOR 5W30 FULL SINTÉTICO,1,102.9,102.9,Vendedor 3
214,2023-02-08,Cliente 19,SURCO,FILTRO DE COMBUSTIBLE,1,132.1,132.1,Vendedor 6
215,2023-02-08,Cliente 13,SURCO,AMORTIGUADORES DELANTEROS,4,356.2,1424.8,Vendedor 3
216,2023-02-08,Cliente 34,SURCO,AMORTIGUADORES POSTERIORES,5,101.1,505.5,Vendedor 9
217,2023-02-08,Cliente 17,LA MOLINA,"LLANTAS 18""",1,79.9,79.9,Vendedor 8
218,2023-02-08,Cliente 8,SURCO,BATERÍA DE 18 PLACAS,2,96.4,192.8,Vendedor 8
219,2023-02-09,Cliente 10,SURCO,AUTO HONDA ACCORD 2014,1,32000.0,32000.0,Vendedor 4
220,2023-02-09,Cliente 36,LA MOLINA,AUTO HONDA CIVIC 2014,1,33500.0,33500.0,Vendedor 6
221,2023-02-09,Cliente 26,SURCO,AUTO HONDA ODISSEY 2013,1,27500.0,27500.0,Vendedor 1
222,2023-02-09,Cliente 35,SURCO,AUTO HONDA PILOT 2013,1,16500.0,16500.0,Vendedor 2
223,2023-02-09,Cliente 44,LA MOLINA,ACEITE DE MOTOR 5W30 FULL SINTÉTICO,3,102.9,308.7,Vendedor 5
224,2023-02-09,Cliente 41,LA MOLINA,FILTRO DE COMBUSTIBLE,1,132.1,132.1,Vendedor 6
225,2023-02-09,Cliente 31,SURCO,AMORTIGUADORES DELANTEROS,1,356.2,356.2,Vendedor 1
226,2023-02-09,Cliente 40,SURCO,AMORTIGUADORES POSTERIORES,4,101.1,404.4,Vendedor 4
227,2023-02-10,Cliente 42,LA MOLINA,AUTO HONDA ACCORD 2014,1,32000.0,32000.0,Vendedor 7
228,2023-02-10,Cliente 9,SURCO,AUTO HONDA CIVIC 2014,1,33500.0,33500.0,Vendedor 1
229,2023-02-10,Cliente 20,SURCO,AUTO HONDA PILOT 2013,1,16500.0,16500.0,Vendedor 8
230,2023-02-10,Cliente 16,SURCO,ACEITE DE MOTOR 5W30 FULL SINTÉTICO,1,102.9,102.9,Vendedor 9
231,2023-02-10,Cliente 25,SURCO,FILTRO DE COMBUSTIBLE,1,132.1,132.1,Vendedor 8
232,2023-02-10,Cliente 38,LA MOLINA,AMORTIGUADORES DELANTEROS,2,356.2,712.4,Vendedor 3
233,2023-02-11,Cliente 18,LA MOLINA,AUTO HONDA ACCORD 2014,1,32000.0,32000.0,Vendedor 1
234,2023-02-11,Cliente 14,LA MOLINA,AUTO HONDA CIVIC 2014,1,33500.0,33500.0,Vendedor 8
235,2023-02-11,Cliente 16,SURCO,AUTO HONDA PILOT 2013,1,16500.0,16500.0,Vendedor 6
236,2023-02-11,Cliente 35,SURCO,ACEITE DE MOTOR 5W30 FULL SINTÉTICO,1,102.9,102.9,Vendedor 6
237,2023-02-11,Cliente 26,SURCO,FILTRO DE COMBUSTIBLE,1,132.1,132.1,Vendedor 5
238,2023-02-11,Cliente 30,SURCO,AMORTIGUADORES DELANTEROS,1,356.2,356.2,Vendedor 2
239,2023-02-12,Cliente 22,SURCO,AUTO HONDA ACCORD 2014,1,32000.0,32000.0,Vendedor 4
240,2023-02-12,Cliente 37,SURCO,AUTO HONDA CIVIC 2014,1,33500.0,33500.0,Vendedor 4
241,2023-02-12,Cliente 49,SURCO,AUTO HONDA PILOT 2013,1,16500.0,16500.0,Vendedor 9
242,2023-02-12,Cliente 15,SURCO,ACEITE DE MOTOR 5W30 FULL SINTÉTICO,2,102.9,205.8,Vendedor 6
243,2023-02-12,Cliente 39,SURCO,FILTRO DE COMBUSTIBLE,1,132.1,132.1,Vendedor 1
244,2023-02-13,Cliente 8,SURCO,AUTO HONDA PILOT 2013,1,16500.0,16500.0,Vendedor 1
245,2023-02-13,Cliente 23,SURCO,ACEITE DE MOTOR 5W30 FULL SINTÉTICO,1,102.9,102.9,Vendedor 4
246,2023-02-13,Cliente 2,LA MOLINA,FILTRO DE COMBUSTIBLE,1,132.1,132.1,Vendedor 3
247,2023-02-14,Cliente 48,SURCO,FILTRO DE COMBUSTIBLE,1,132.1,132.1,Vendedor 2
248,2023-02-15,Cliente 29,SURCO,FILTRO DE COMBUSTIBLE,1,132.1,132.1,Vendedor 9
249,2023-02-16,Cliente 30,LA MOLINA,FILTRO DE COMBUSTIBLE,1,132.1,132.1,Vendedor 1
250,2023-02-17,Cliente 32,SURCO,ACEITE DE MOTOR 5W30 FULL SINTÉTICO,6,102.9,617.4,Vendedor 8
251,2023-02-17,Cliente 6,SURCO,FILTRO DE COMBUSTIBLE,1,132.1,132.1,Vendedor 6
252,2023-02-17,Cliente 5,SURCO,AMORTIGUADORES DELANTEROS,5,356.2,1781.0,Vendedor 3
253,2023-02-17,Cliente 25,LA MOLINA,AMORTIGUADORES POSTERIORES,5,101.1,505.5,Vendedor 10
254,2023-02-17,Cliente 33,LA MOLINA,"LLANTAS 18""",5,79.9,399.5,Vendedor 10
255,2023-02-17,Cliente 45,SURCO,BATERÍA DE 18 PLACAS,2,96.4,192.8,Vendedor 2
256,2023-02-18,Cliente 28,SURCO,ACEITE DE MOTOR 5W30 FULL SINTÉTICO,4,102.9,411.6,Vendedor 8
257,2023-02-18,Cliente 27,SURCO,FILTRO DE COMBUSTIBLE,1,132.1,132.1,Vendedor 6
258,2023-02-18,Cliente 27,LA MOLINA,AMORTIGUADORES DELANTEROS,8,356.2,2849.6,Vendedor 2
259,2023-02-18,Cliente 21,LA MOLINA,AMORTIGUADORES POSTERIORES,5,101.1,505.5,Vendedor 5
260,2023-02-18,Cliente 44,SURCO,"LLANTAS 18""",6,79.9,479.4,Vendedor 8
261,2023-02-18,Cliente 6,SURCO,BATERÍA DE 18 PLACAS,1,96.4,96.4,Vendedor 2
262,2023-02-19,Cliente 48,LA MOLINA,ACEITE DE MOTOR 5W30 FULL SINTÉTICO,7,102.9,720.3,Vendedor 6
263,2023-02-19,Cliente 36,SURCO,FILTRO DE COMBUSTIBLE,1,132.1,132.1,Vendedor 1
264,2023-02-19,Cliente 27,SURCO,AMORTIGUADORES DELANTEROS,5,356.2,1781.0,Vendedor 6
265,2023-02-19,Cliente 19,SURCO,AMORTIGUADORES POSTERIORES,7,101.1,707.7,Vendedor 10
266,2023-02-19,Cliente 7,LA MOLINA,"LLANTAS 18""",5,79.9,399.5,Vendedor 10
267,2023-02-19,Cliente 43,SURCO,BATERÍA DE 18 PLACAS,2,96.4,192.8,Vendedor 8
268,2023-02-20,Cliente 23,LA MOLINA,ACEITE DE MOTOR 5W30 FULL SINTÉTICO,3,102.9,308.7,Vendedor 9
269,2023-02-20,Cliente 8,LA MOLINA,FILTRO DE COMBUSTIBLE,1,132.1,132.1,Vendedor 5
270,2023-02-20,Cliente 36,LA MOLINA,AMORTIGUADORES DELANTEROS,2,356.2,712.4,Vendedor 10
271,2023-02-20,Cliente 39,SURCO,AMORTIGUADORES POSTERIORES,3,101.1,303.3,Vendedor 5
272,2023-02-20,Cliente 18,SURCO,"LLANTAS 18""",1,79.9,79.9,Vendedor 5
273,2023-02-20,Cliente 1,LA MOLINA,BATERÍA DE 18 PLACAS,3,96.4,289.2,Vendedor 3
274,2023-02-21,Cliente 5,LA MOLINA,FILTRO DE COMBUSTIBLE,1,132.1,132.1,Vendedor 3
275,2023-02-21,Cliente 25,SURCO,"LLANTAS 18""",3,79.9,239.7,Vendedor 7
276,2023-02-21,Cliente 11,LA MOLINA,BATERÍA DE 18 PLACAS,2,96.4,192.8,Vendedor 6
277,2023-02-22,Cliente 50,LA MOLINA,FILTRO DE COMBUSTIBLE,1,132.1,132.1,Vendedor 10
278,2023-02-23,Cliente 44,SURCO,FILTRO DE COMBUSTIBLE,1,132.1,132.1,Vendedor 2
279,2023-02-24,Cliente 27,LA MOLINA,FILTRO DE COMBUSTIBLE,1,132.1,132.1,Vendedor 5
280,2023-02-25,Cliente 19,SURCO,FILTRO DE COMBUSTIBLE,1,132.1,132.1,Vendedor 10
281,2023-02-26,Cliente 1,LA MOLINA,FILTRO DE COMBUSTIBLE,1,132.1,132.1,Vendedor 4
282,2023-02-27,Cliente 8,LA MOLINA,FILTRO DE COMBUSTIBLE,1,132.1,132.1,Vendedor 1
283,2023-02-28,Cliente 30,LA MOLINA,FILTRO DE COMBUSTIBLE,2,132.1,264.2,Vendedor 2
284,2023-03-01,Cliente 46,LA MOLINA,AUTO HONDA ACCORD 2014,1,27000.0,27000.0,Vendedor 7
285,2023-03-01,Cliente 8,LA MOLINA,AUTO HONDA CIVIC 2014,1,31500.0,31500.0,Vendedor 7
286,2023-03-01,Cliente 21,SURCO,AUTO HONDA ODISSEY 2013,1,27500.0,27500.0,Vendedor 3
287,2023-03-01,Cliente 45,LA MOLINA,AUTO HONDA CRV 2014,1,27500.0,27500.0,Vendedor 6
288,2023-03-01,Cliente 28,SURCO,CAMIONETA HONDA CROSSTOUR 2013,1,33500.0,33500.0,Vendedor 2
289,2023-03-01,Cliente 38,LA MOLINA,FILTRO DE COMBUSTIBLE,1,130.8,130.8,Vendedor 7
290,2023-03-02,Cliente 48,LA MOLINA,AUTO HONDA ACCORD 2014,1,27000.0,27000.0,Vendedor 6
291,2023-03-02,Cliente 22,SURCO,AUTO HONDA ODISSEY 2013,1,27500.0,27500.0,Vendedor 3
292,2023-03-02,Cliente 33,SURCO,AUTO HONDA CRV 2014,1,27500.0,27500.0,Vendedor 2
293,2023-03-02,Cliente 50,SURCO,CAMIONETA HONDA CROSSTOUR 2013,1,33500.0,33500.0,Vendedor 6
294,2023-03-02,Cliente 16,LA MOLINA,FILTRO DE COMBUSTIBLE,1,130.8,130.8,Vendedor 2
295,2023-03-03,Cliente 12,SURCO,AUTO HONDA ACCORD 2014,1,27000.0,27000.0,Vendedor 10
296,2023-03-03,Cliente 49,SURCO,AUTO HONDA ODISSEY 2013,1,27500.0,27500.0,Vendedor 2
297,2023-03-03,Cliente 50,LA MOLINA,AUTO HONDA CRV 2014,1,27500.0,27500.0,Vendedor 8
298,2023-03-03,Cliente 44,LA MOLINA,ACEITE DE MOTOR 5W30 FULL SINTÉTICO,4,113.4,453.6,Vendedor 10
299,2023-03-03,Cliente 41,LA MOLINA,FILTRO DE COMBUSTIBLE,1,130.8,130.8,Vendedor 6
300,2023-03-03,Cliente 5,LA MOLINA,AMORTIGUADORES DELANTEROS,1,283.9,283.9,Vendedor 8
301,2023-03-03,Cliente 18,LA MOLINA,AMORTIGUADORES POSTERIORES,4,99.5,398.0,Vendedor 10
302,2023-03-03,Cliente 23,SURCO,"LLANTAS 18""",1,70.9,70.9,Vendedor 9
303,2023-03-03,Cliente 20,SURCO,BATERÍA DE 18 PLACAS,1,68.1,68.1,Vendedor 8
304,2023-03-04,Cliente 3,LA MOLINA,AUTO HONDA ACCORD 2014,1,27000.0,27000.0,Vendedor 1
305,2023-03-04,Cliente 19,LA MOLINA,AUTO HONDA ODISSEY 2013,1,27500.0,27500.0,Vendedor 2
306,2023-03-04,Cliente 30,LA MOLINA,ACEITE DE MOTOR 5W30 FULL SINTÉTICO,1,113.4,113.4,Vendedor 10
307,2023-03-04,Cliente 29,SURCO,FILTRO DE COMBUSTIBLE,1,130.8,130.8,Vendedor 10
308,2023-03-04,Cliente 39,LA MOLINA,AMORTIGUADORES DELANTEROS,1,283.9,283.9,Vendedor 8
309,2023-03-04,Cliente 4,SURCO,AMORTIGUADORES POSTERIORES,5,99.5,497.5,Vendedor 8
310,2023-03-04,Cliente 22,SURCO,"LLANTAS 18""",1,70.9,70.9,Vendedor 2
311,2023-03-04,Cliente 3,SURCO,BATERÍA DE 18 PLACAS,1,68.1,68.1,Vendedor 4
312,2023-03-05,Cliente 29,SURCO,AUTO HONDA ACCORD 2014,1,27000.0,27000.0,Vendedor 9
313,2023-03-05,Cliente 24,SURCO,AUTO HONDA ODISSEY 2013,1,27500.0,27500.0,Vendedor 6
314,2023-03-05,Cliente 27,LA MOLINA,ACEITE DE MOTOR 5W30 FULL SINTÉTICO,3,113.4,340.2,Vendedor 6
315,2023-03-05,Cliente 41,LA MOLINA,FILTRO DE COMBUSTIBLE,1,130.8,130.8,Vendedor 6
316,2023-03-05,Cliente 7,LA MOLINA,AMORTIGUADORES DELANTEROS,1,283.9,283.9,Vendedor 9
317,2023-03-05,Cliente 17,LA MOLINA,AMORTIGUADORES POSTERIORES,4,99.5,398.0,Vendedor 10
318,2023-03-05,Cliente 22,SURCO,"LLANTAS 18""",1,70.9,70.9,Vendedor 2
319,2023-03-05,Cliente 23,SURCO,BATERÍA DE 18 PLACAS,1,68.1,68.1,Vendedor 5
320,2023-03-06,Cliente 9,SURCO,AUTO HONDA ACCORD 2014,1,27000.0,27000.0,Vendedor 10
321,2023-03-06,Cliente 20,LA MOLINA,AUTO HONDA ODISSEY 2013,1,27500.0,27500.0,Vendedor 9
322,2023-03-06,Cliente 9,LA MOLINA,ACEITE DE MOTOR 5W30 FULL SINTÉTICO,2,113.4,226.8,Vendedor 9
323,2023-03-06,Cliente 42,LA MOLINA,FILTRO DE COMBUSTIBLE,1,130.8,130.8,Vendedor 7
324,2023-03-06,Cliente 24,SURCO,AMORTIGUADORES DELANTEROS,2,283.9,567.8,Vendedor 5
325,2023-03-06,Cliente 22,SURCO,AMORTIGUADORES POSTERIORES,2,99.5,199.0,Vendedor 8
326,2023-03-06,Cliente 15,SURCO,"LLANTAS 18""",1,70.9,70.9,Vendedor 3
327,2023-03-06,Cliente 5,SURCO,BATERÍA DE 18 PLACAS,1,68.1,68.1,Vendedor 5
328,2023-03-07,Cliente 43,SURCO,ACEITE DE MOTOR 5W30 FULL SINTÉTICO,1,113.4,113.4,Vendedor 6
329,2023-03-07,Cliente 39,LA MOLINA,FILTRO DE COMBUSTIBLE,1,130.8,130.8,Vendedor 7
330,2023-03-07,Cliente 12,SURCO,AMORTIGUADORES DELANTEROS,1,283.9,283.9,Vendedor 10
331,2023-03-07,Cliente 3,LA MOLINA,AMORTIGUADORES POSTERIORES,2,99.5,199.0,Vendedor 7
332,2023-03-07,Cliente 44,LA MOLINA,"LLANTAS 18""",1,70.9,70.9,Vendedor 4
333,2023-03-07,Cliente 40,LA MOLINA,BATERÍA DE 18 PLACAS,1,68.1,68.1,Vendedor 5
334,2023-03-08,Cliente 35,SURCO,ACEITE DE MOTOR 5W30 FULL SINTÉTICO,4,113.4,453.6,Vendedor 4
335,2023-03-08,Cliente 31,LA MOLINA,FILTRO DE COMBUSTIBLE,1,130.8,130.8,Vendedor 4
336,2023-03-08,Cliente 30,LA MOLINA,AMORTIGUADORES DELANTEROS,2,283.9,567.8,Vendedor 5
337,2023-03-08,Cliente 11,SURCO,AMORTIGUADORES POSTERIORES,3,99.5,298.5,Vendedor 4
338,2023-03-08,Cliente 17,SURCO,"LLANTAS 18""",1,70.9,70.9,Vendedor 1
339,2023-03-08,Cliente 24,LA MOLINA,BATERÍA DE 18 PLACAS,1,68.1,68.1,Vendedor 9
340,2023-03-09,Cliente 19,SURCO,ACEITE DE MOTOR 5W30 FULL SINTÉTICO,1,113.4,113.4,Vendedor 2
341,2023-03-09,Cliente 18,LA MOLINA,FILTRO DE COMBUSTIBLE,1,130.8,130.8,Vendedor 8
342,2023-03-09,Cliente 6,LA MOLINA,AMORTIGUADORES DELANTEROS,1,283.9,283.9,Vendedor 4
343,2023-03-09,Cliente 2,LA MOLINA,"LLANTAS 18""",1,70.9,70.9,Vendedor 7
344,2023-03-09,Cliente 26,SURCO,BATERÍA DE 18 PLACAS,1,68.1,68.1,Vendedor 9
345,2023-03-10,Cliente 25,SURCO,ACEITE DE MOTOR 5W30 FULL SINTÉTICO,3,113.4,340.2,Vendedor 2
346,2023-03-10,Cliente 15,LA MOLINA,FILTRO DE COMBUSTIBLE,1,130.8,130.8,Vendedor 1
347,2023-03-10,Cliente 46,SURCO,AMORTIGUADORES DELANTEROS,2,283.9,567.8,Vendedor 6
348,2023-03-10,Cliente 19,SURCO,"LLANTAS 18""",1,70.9,70.9,Vendedor 8
349,2023-03-10,Cliente 49,LA MOLINA,BATERÍA DE 18 PLACAS,1,68.1,68.1,Vendedor 8
350,2023-03-11,Cliente 6,SURCO,ACEITE DE MOTOR 5W30 FULL SINTÉTICO,1,113.4,113.4,Vendedor 1
351,2023-03-11,Cliente 14,LA MOLINA,FILTRO DE COMBUSTIBLE,1,130.8,130.8,Vendedor 3
352,2023-03-11,Cliente 50,SURCO,AMORTIGUADORES DELANTEROS,2,283.9,567.8,Vendedor 5
353,2023-03-11,Cliente 4,SURCO,"LLANTAS 18""",2,70.9,141.8,Vendedor 4
354,2023-03-11,Cliente 41,LA MOLINA,BATERÍA DE 18 PLACAS,1,68.1,68.1,Vendedor 10
355,2023-03-12,Cliente 5,LA MOLINA,AUTO HONDA ACCORD 2014,1,27000.0,27000.0,Vendedor 2
356,2023-03-12,Cliente 39,LA MOLINA,AUTO HONDA CRV 2014,1,27500.0,27500.0,Vendedor 9
357,2023-03-12,Cliente 41,SURCO,AUTO HONDA PILOT 2013,1,24000.0,24000.0,Vendedor 9
358,2023-03-12,Cliente 46,SURCO,AUTO HONDA FIT 2016,1,20500.0,20500.0,Vendedor 3
359,2023-03-12,Cliente 28,SURCO,AUTO HONDA CITY 2016,1,23000.0,23000.0,Vendedor 1
360,2023-03-12,Cliente 37,LA MOLINA,FILTRO DE COMBUSTIBLE,1,130.8,130.8,Vendedor 7
361,2023-03-12,Cliente 34,SURCO,AMORTIGUADORES DELANTEROS,1,283.9,283.9,Vendedor 6
362,2023-03-12,Cliente 31,LA MOLINA,"LLANTAS 18""",1,70.9,70.9,Vendedor 1
363,2023-03-12,Cliente 24,LA MOLINA,BATERÍA DE 18 PLACAS,1,68.1,68.1,Vendedor 5
364,2023-03-13,Cliente 23,SURCO,AUTO HONDA PILOT 2013,1,24000.0,24000.0,Vendedor 2
365,2023-03-13,Cliente 16,SURCO,AUTO HONDA FIT 2016,1,20500.0,20500.0,Vendedor 2
366,2023-03-13,Cliente 9,SURCO,AUTO HONDA CITY 2016,1,23000.0,23000.0,Vendedor 1
367,2023-03-13,Cliente 42,LA MOLINA,FILTRO DE COMBUSTIBLE,1,130.8,130.8,Vendedor 3
368,2023-03-13,Cliente 41,LA MOLINA,AMORTIGUADORES DELANTEROS,2,283.9,567.8,Vendedor 3
369,2023-03-13,Cliente 46,SURCO,"LLANTAS 18""",1,70.9,70.9,Vendedor 8
370,2023-03-14,Cliente 13,SURCO,AUTO HONDA FIT 2016,1,20500.0,20500.0,Vendedor 1
371,2023-03-14,Cliente 3,SURCO,AUTO HONDA CITY 2016,1,23000.0,23000.0,Vendedor 6
372,2023-03-14,Cliente 35,LA MOLINA,FILTRO DE COMBUSTIBLE,1,130.8,130.8,Vendedor 8
373,2023-03-14,Cliente 49,SURCO,AMORTIGUADORES DELANTEROS,2,283.9,567.8,Vendedor 4
374,2023-03-14,Cliente 42,SURCO,"LLANTAS 18""",1,70.9,70.9,Vendedor 6
375,2023-03-15,Cliente 24,SURCO,AUTO HONDA FIT 2016,1,20500.0,20500.0,Vendedor 7
376,2023-03-15,Cliente 25,LA MOLINA,FILTRO DE COMBUSTIBLE,1,130.8,130.8,Vendedor 6
377,2023-03-15,Cliente 45,LA MOLINA,AMORTIGUADORES DELANTEROS,1,283.9,283.9,Vendedor 8
378,2023-03-15,Cliente 47,LA MOLINA,"LLANTAS 18""",2,70.9,141.8,Vendedor 7
379,2023-03-16,Cliente 39,SURCO,AUTO HONDA FIT 2016,1,20500.0,20500.0,Vendedor 3
380,2023-03-16,Cliente 21,LA MOLINA,FILTRO DE COMBUSTIBLE,1,130.8,130.8,Vendedor 2
381,2023-03-16,Cliente 43,LA MOLINA,AMORTIGUADORES DELANTEROS,1,283.9,283.9,Vendedor 5
382,2023-03-16,Cliente 11,LA MOLINA,"LLANTAS 18""",2,70.9,141.8,Vendedor 8
383,2023-03-17,Cliente 47,SURCO,ACEITE DE MOTOR 5W30 FULL SINTÉTICO,4,113.4,453.6,Vendedor 6
384,2023-03-17,Cliente 18,LA MOLINA,FILTRO DE COMBUSTIBLE,1,130.8,130.8,Vendedor 1
385,2023-03-17,Cliente 24,LA MOLINA,AMORTIGUADORES DELANTEROS,1,283.9,283.9,Vendedor 9
386,2023-03-17,Cliente 10,SURCO,AMORTIGUADORES POSTERIORES,3,99.5,298.5,Vendedor 10
387,2023-03-17,Cliente 9,SURCO,"LLANTAS 18""",2,70.9,141.8,Vendedor 2
388,2023-03-17,Cliente 24,LA MOLINA,BATERÍA DE 18 PLACAS,1,68.1,68.1,Vendedor 7
389,2023-03-18,Cliente 39,SURCO,ACEITE DE MOTOR 5W30 FULL SINTÉTICO,5,113.4,567.0,Vendedor 3
390,2023-03-18,Cliente 24,LA MOLINA,FILTRO DE COMBUSTIBLE,1,130.8,130.8,Vendedor 6
391,2023-03-18,Cliente 37,SURCO,AMORTIGUADORES DELANTEROS,2,283.9,567.8,Vendedor 3
392,2023-03-18,Cliente 26,LA MOLINA,AMORTIGUADORES POSTERIORES,9,99.5,895.5,Vendedor 6
393,2023-03-18,Cliente 8,SURCO,"LLANTAS 18""",2,70.9,141.8,Vendedor 1
394,2023-03-18,Cliente 34,LA MOLINA,BATERÍA DE 18 PLACAS,1,68.1,68.1,Vendedor 7
395,2023-03-19,Cliente 17,SURCO,ACEITE DE MOTOR 5W30 FULL SINTÉTICO,1,113.4,113.4,Vendedor 5
396,2023-03-19,Cliente 14,LA MOLINA,AMORTIGUADORES DELANTEROS,3,283.9,851.7,Vendedor 10
397,2023-03-19,Cliente 13,LA MOLINA,AMORTIGUADORES POSTERIORES,1,99.5,99.5,Vendedor 2
398,2023-03-19,Cliente 29,SURCO,"LLANTAS 18""",1,70.9,70.9,Vendedor 3
399,2023-03-19,Cliente 44,SURCO,BATERÍA DE 18 PLACAS,2,68.1,136.2,Vendedor 6
400,2023-03-20,Cliente 46,LA MOLINA,ACEITE DE MOTOR 5W30 FULL SINTÉTICO,6,113.4,680.4,Vendedor 2
401,2023-03-20,Cliente 20,LA MOLINA,AMORTIGUADORES DELANTEROS,3,283.9,851.7,Vendedor 3
402,2023-03-20,Cliente 33,SURCO,AMORTIGUADORES POSTERIORES,3,99.5,298.5,Vendedor 4
403,2023-03-20,Cliente 9,SURCO,"LLANTAS 18""",1,70.9,70.9,Vendedor 4
404,2023-03-20,Cliente 24,SURCO,BATERÍA DE 18 PLACAS,2,68.1,136.2,Vendedor 9
405,2023-03-21,Cliente 30,LA MOLINA,ACEITE DE MOTOR 5W30 FULL SINTÉTICO,4,113.4,453.6,Vendedor 9
406,2023-03-21,Cliente 5,SURCO,AMORTIGUADORES DELANTEROS,1,283.9,283.9,Vendedor 5
407,2023-03-21,Cliente 34,SURCO,AMORTIGUADORES POSTERIORES,4,99.5,398.0,Vendedor 7
408,2023-03-21,Cliente 9,SURCO,"LLANTAS 18""",2,70.9,141.8,Vendedor 6
409,2023-03-21,Cliente 30,LA MOLINA,BATERÍA DE 18 PLACAS,1,68.1,68.1,Vendedor 9
410,2023-03-22,Cliente 50,SURCO,AMORTIGUADORES DELANTEROS,1,283.9,283.9,Vendedor 3
411,2023-03-22,Cliente 34,SURCO,"LLANTAS 18""",1,70.9,70.9,Vendedor 3
412,2023-03-22,Cliente 11,SURCO,BATERÍA DE 18 PLACAS,1,68.1,68.1,Vendedor 6
413,2023-03-23,Cliente 6,LA MOLINA,AMORTIGUADORES DELANTEROS,1,283.9,283.9,Vendedor 5
414,2023-03-23,Cliente 41,SURCO,"LLANTAS 18""",1,70.9,70.9,Vendedor 5
415,2023-03-23,Cliente 33,LA MOLINA,BATERÍA DE 18 PLACAS,2,68.1,136.2,Vendedor 3
416,2023-03-24,Cliente 37,SURCO,AMORTIGUADORES DELANTEROS,2,283.9,567.8,Vendedor 1
417,2023-03-24,Cliente 3,LA MOLINA,"LLANTAS 18""",1,70.9,70.9,Vendedor 10
418,2023-03-25,Cliente 40,SURCO,AMORTIGUADORES DELANTEROS,2,283.9,567.8,Vendedor 1
419,2023-03-25,Cliente 42,LA MOLINA,"LLANTAS 18""",3,70.9,212.7,Vendedor 5
420,2023-03-26,Cliente 30,SURCO,AMORTIGUADORES DELANTEROS,2,283.9,567.8,Vendedor 2
421,2023-03-26,Cliente 27,LA MOLINA,"LLANTAS 18""",1,70.9,70.9,Vendedor 8
422,2023-03-27,Cliente 46,LA MOLINA,"LLANTAS 18""",1,70.9,70.9,Vendedor 6
423,2023-04-01,Cliente 21,SURCO,AUTO HONDA ACCORD 2014,1,22500.0,22500.0,Vendedor 10
424,2023-04-01,Cliente 13,LA MOLINA,AUTO HONDA CIVIC 2014,1,26500.0,26500.0,Vendedor 3
425,2023-04-01,Cliente 33,LA MOLINA,AUTO HONDA ODISSEY 2013,1,24000.0,24000.0,Vendedor 8
426,2023-04-01,Cliente 20,LA MOLINA,AUTO HONDA CRV 2014,1,25500.0,25500.0,Vendedor 8
427,2023-04-01,Cliente 6,SURCO,AUTO HONDA PILOT 2013,1,25500.0,25500.0,Vendedor 7
428,2023-04-01,Cliente 16,LA MOLINA,FILTRO DE COMBUSTIBLE,1,136.4,136.4,Vendedor 4
429,2023-04-02,Cliente 19,SURCO,AUTO HONDA ACCORD 2014,1,22500.0,22500.0,Vendedor 8
430,2023-04-02,Cliente 19,LA MOLINA,AUTO HONDA CIVIC 2014,1,26500.0,26500.0,Vendedor 9
431,2023-04-02,Cliente 7,SURCO,AUTO HONDA ODISSEY 2013,1,24000.0,24000.0,Vendedor 7
432,2023-04-02,Cliente 17,SURCO,AUTO HONDA CRV 2014,1,25500.0,25500.0,Vendedor 6
433,2023-04-02,Cliente 24,SURCO,AUTO HONDA PILOT 2013,1,25500.0,25500.0,Vendedor 1
434,2023-04-02,Cliente 37,SURCO,FILTRO DE COMBUSTIBLE,1,136.4,136.4,Vendedor 9
435,2023-04-03,Cliente 5,LA MOLINA,AUTO HONDA ACCORD 2014,1,22500.0,22500.0,Vendedor 7
436,2023-04-03,Cliente 49,LA MOLINA,AUTO HONDA CIVIC 2014,1,26500.0,26500.0,Vendedor 9
437,2023-04-03,Cliente 40,LA MOLINA,AUTO HONDA ODISSEY 2013,1,24000.0,24000.0,Vendedor 10
438,2023-04-03,Cliente 9,SURCO,AUTO HONDA CRV 2014,1,25500.0,25500.0,Vendedor 2
439,2023-04-03,Cliente 22,LA MOLINA,ACEITE DE MOTOR 5W30 FULL SINTÉTICO,2,130.5,261.0,Vendedor 9
440,2023-04-03,Cliente 49,LA MOLINA,FILTRO DE COMBUSTIBLE,1,136.4,136.4,Vendedor 3
441,2023-04-03,Cliente 33,LA MOLINA,AMORTIGUADORES DELANTEROS,2,234.4,468.8,Vendedor 1
442,2023-04-03,Cliente 9,SURCO,AMORTIGUADORES POSTERIORES,1,103.9,103.9,Vendedor 6
443,2023-04-03,Cliente 10,LA MOLINA,"LLANTAS 18""",2,66.1,132.2,Vendedor 10
444,2023-04-03,Cliente 21,SURCO,BATERÍA DE 18 PLACAS,1,104.0,104.0,Vendedor 10
445,2023-04-04,Cliente 11,LA MOLINA,AUTO HONDA CIVIC 2014,1,26500.0,26500.0,Vendedor 7
446,2023-04-04,Cliente 38,LA MOLINA,AUTO HONDA ODISSEY 2013,1,24000.0,24000.0,Vendedor 6
447,2023-04-04,Cliente 46,LA MOLINA,AUTO HONDA CRV 2014,1,25500.0,25500.0,Vendedor 10
448,2023-04-04,Cliente 2,LA MOLINA,ACEITE DE MOTOR 5W30 FULL SINTÉTICO,2,130.5,261.0,Vendedor 6
449,2023-04-04,Cliente 27,SURCO,AMORTIGUADORES DELANTEROS,3,234.4,703.2,Vendedor 10
450,2023-04-04,Cliente 39,SURCO,AMORTIGUADORES POSTERIORES,2,103.9,207.8,Vendedor 8
451,2023-04-04,Cliente 47,SURCO,"LLANTAS 18""",2,66.1,132.2,Vendedor 1
452,2023-04-04,Cliente 11,LA MOLINA,BATERÍA DE 18 PLACAS,1,104.0,104.0,Vendedor 9
453,2023-04-05,Cliente 10,SURCO,AUTO HONDA CIVIC 2014,1,26500.0,26500.0,Vendedor 4
454,2023-04-05,Cliente 13,SURCO,ACEITE DE MOTOR 5W30 FULL SINTÉTICO,1,130.5,130.5,Vendedor 1
455,2023-04-05,Cliente 27,LA MOLINA,AMORTIGUADORES DELANTEROS,4,234.4,937.6,Vendedor 3
456,2023-04-05,Cliente 27,SURCO,AMORTIGUADORES POSTERIORES,2,103.9,207.8,Vendedor 9
457,2023-04-05,Cliente 48,LA MOLINA,"LLANTAS 18""",3,66.1,198.3,Vendedor 1
458,2023-04-05,Cliente 34,SURCO,BATERÍA DE 18 PLACAS,1,104.0,104.0,Vendedor 4
459,2023-04-06,Cliente 43,SURCO,AUTO HONDA CIVIC 2014,1,26500.0,26500.0,Vendedor 8
460,2023-04-06,Cliente 21,LA MOLINA,ACEITE DE MOTOR 5W30 FULL SINTÉTICO,3,130.5,391.5,Vendedor 3
461,2023-04-06,Cliente 35,LA MOLINA,AMORTIGUADORES DELANTEROS,4,234.4,937.6,Vendedor 6
462,2023-04-06,Cliente 40,LA MOLINA,AMORTIGUADORES POSTERIORES,3,103.9,311.7,Vendedor 8
463,2023-04-06,Cliente 18,SURCO,"LLANTAS 18""",1,66.1,66.1,Vendedor 9
464,2023-04-06,Cliente 15,LA MOLINA,BATERÍA DE 18 PLACAS,1,104.0,104.0,Vendedor 5
465,2023-04-07,Cliente 45,SURCO,ACEITE DE MOTOR 5W30 FULL SINTÉTICO,2,130.5,261.0,Vendedor 8
466,2023-04-07,Cliente 23,SURCO,AMORTIGUADORES DELANTEROS,3,234.4,703.2,Vendedor 9
467,2023-04-07,Cliente 19,LA MOLINA,AMORTIGUADORES POSTERIORES,3,103.9,311.7,Vendedor 2
468,2023-04-07,Cliente 23,LA MOLINA,"LLANTAS 18""",4,66.1,264.4,Vendedor 3
469,2023-04-07,Cliente 3,LA MOLINA,BATERÍA DE 18 PLACAS,1,104.0,104.0,Vendedor 5
470,2023-04-08,Cliente 23,SURCO,ACEITE DE MOTOR 5W30 FULL SINTÉTICO,3,130.5,391.5,Vendedor 8
471,2023-04-08,Cliente 14,SURCO,AMORTIGUADORES DELANTEROS,3,234.4,703.2,Vendedor 4
472,2023-04-08,Cliente 36,LA MOLINA,AMORTIGUADORES POSTERIORES,3,103.9,311.7,Vendedor 5
473,2023-04-08,Cliente 40,SURCO,"LLANTAS 18""",2,66.1,132.2,Vendedor 10
474,2023-04-08,Cliente 16,SURCO,BATERÍA DE 18 PLACAS,1,104.0,104.0,Vendedor 1
475,2023-04-09,Cliente 41,SURCO,AUTO HONDA ACCORD 2014,1,22500.0,22500.0,Vendedor 4
476,2023-04-09,Cliente 7,SURCO,AUTO HONDA FIT 2016,1,20000.0,20000.0,Vendedor 7
477,2023-04-09,Cliente 46,SURCO,AUTO HONDA CITY 2016,1,21500.0,21500.0,Vendedor 8
478,2023-04-09,Cliente 1,SURCO,ACEITE DE MOTOR 5W30 FULL SINTÉTICO,1,130.5,130.5,Vendedor 9
479,2023-04-09,Cliente 42,SURCO,AMORTIGUADORES DELANTEROS,1,234.4,234.4,Vendedor 8
480,2023-04-09,Cliente 49,SURCO,AMORTIGUADORES POSTERIORES,2,103.9,207.8,Vendedor 5
481,2023-04-09,Cliente 42,LA MOLINA,"LLANTAS 18""",1,66.1,66.1,Vendedor 1
482,2023-04-09,Cliente 35,SURCO,BATERÍA DE 18 PLACAS,1,104.0,104.0,Vendedor 1
483,2023-04-10,Cliente 27,SURCO,AUTO HONDA ACCORD 2014,1,22500.0,22500.0,Vendedor 3
484,2023-04-10,Cliente 26,SURCO,AUTO HONDA FIT 2016,1,20000.0,20000.0,Vendedor 8
485,2023-04-10,Cliente 48,SURCO,AUTO HONDA CITY 2016,1,21500.0,21500.0,Vendedor 5
486,2023-04-10,Cliente 20,SURCO,ACEITE DE MOTOR 5W30 FULL SINTÉTICO,1,130.5,130.5,Vendedor 10
487,2023-04-10,Cliente 30,LA MOLINA,AMORTIGUADORES POSTERIORES,1,103.9,103.9,Vendedor 9
488,2023-04-10,Cliente 33,SURCO,"LLANTAS 18""",4,66.1,264.4,Vendedor 8
489,2023-04-10,Cliente 8,SURCO,BATERÍA DE 18 PLACAS,1,104.0,104.0,Vendedor 6
490,2023-04-11,Cliente 47,SURCO,AUTO HONDA ACCORD 2014,1,22500.0,22500.0,Vendedor 8
491,2023-04-11,Cliente 46,SURCO,AUTO HONDA FIT 2016,1,20000.0,20000.0,Vendedor 3
492,2023-04-11,Cliente 48,SURCO,AUTO HONDA CITY 2016,1,21500.0,21500.0,Vendedor 6
493,2023-04-11,Cliente 12,SURCO,ACEITE DE MOTOR 5W30 FULL SINTÉTICO,2,130.5,261.0,Vendedor 10
494,2023-04-11,Cliente 6,SURCO,AMORTIGUADORES POSTERIORES,2,103.9,207.8,Vendedor 7
495,2023-04-11,Cliente 9,SURCO,"LLANTAS 18""",1,66.1,66.1,Vendedor 8
496,2023-04-11,Cliente 1,LA MOLINA,BATERÍA DE 18 PLACAS,2,104.0,208.0,Vendedor 5
497,2023-04-12,Cliente 16,LA MOLINA,AUTO HONDA ACCORD 2014,1,22500.0,22500.0,Vendedor 8
498,2023-04-12,Cliente 20,LA MOLINA,ACEITE DE MOTOR 5W30 FULL SINTÉTICO,3,130.5,391.5,Vendedor 10
499,2023-04-12,Cliente 42,SURCO,AMORTIGUADORES POSTERIORES,1,103.9,103.9,Vendedor 6
500,2023-04-17,Cliente 49,SURCO,ACEITE DE MOTOR 5W30 FULL SINTÉTICO,5,130.5,652.5,Vendedor 4
501,2023-04-17,Cliente 34,SURCO,FILTRO DE COMBUSTIBLE,1,136.4,136.4,Vendedor 8
502,2023-04-17,Cliente 5,LA MOLINA,AMORTIGUADORES DELANTEROS,5,234.4,1172.0,Vendedor 10
503,2023-04-17,Cliente 36,SURCO,AMORTIGUADORES POSTERIORES,1,103.9,103.9,Vendedor 9
504,2023-04-17,Cliente 11,SURCO,"LLANTAS 18""",2,66.1,132.2,Vendedor 6
505,2023-04-17,Cliente 44,SURCO,BATERÍA DE 18 PLACAS,2,104.0,208.0,Vendedor 4
506,2023-04-18,Cliente 6,LA MOLINA,ACEITE DE MOTOR 5W30 FULL SINTÉTICO,5,130.5,652.5,Vendedor 9
507,2023-04-18,Cliente 4,LA MOLINA,FILTRO DE COMBUSTIBLE,1,136.4,136.4,Vendedor 8
508,2023-04-18,Cliente 30,LA MOLINA,AMORTIGUADORES DELANTEROS,2,234.4,468.8,Vendedor 10
509,2023-04-18,Cliente 44,LA MOLINA,AMORTIGUADORES POSTERIORES,1,103.9,103.9,Vendedor 5
510,2023-04-18,Cliente 26,SURCO,"LLANTAS 18""",6,66.1,396.6,Vendedor 5
511,2023-04-18,Cliente 38,SURCO,BATERÍA DE 18 PLACAS,1,104.0,104.0,Vendedor 2
512,2023-04-19,Cliente 23,LA MOLINA,ACEITE DE MOTOR 5W30 FULL SINTÉTICO,1,130.5,130.5,Vendedor 2
513,2023-04-19,Cliente 5,SURCO,AMORTIGUADORES DELANTEROS,5,234.4,1172.0,Vendedor 8
514,2023-04-19,Cliente 27,LA MOLINA,AMORTIGUADORES POSTERIORES,1,103.9,103.9,Vendedor 3
515,2023-04-19,Cliente 24,LA MOLINA,"LLANTAS 18""",2,66.1,132.2,Vendedor 7
516,2023-04-19,Cliente 25,LA MOLINA,BATERÍA DE 18 PLACAS,2,104.0,208.0,Vendedor 2
517,2023-04-20,Cliente 42,SURCO,ACEITE DE MOTOR 5W30 FULL SINTÉTICO,5,130.5,652.5,Vendedor 6
518,2023-04-20,Cliente 35,SURCO,AMORTIGUADORES DELANTEROS,1,234.4,234.4,Vendedor 7
519,2023-04-20,Cliente 47,SURCO,AMORTIGUADORES POSTERIORES,5,103.9,519.5,Vendedor 4
520,2023-04-20,Cliente 20,SURCO,"LLANTAS 18""",1,66.1,66.1,Vendedor 8
521,2023-04-20,Cliente 35,LA MOLINA,BATERÍA DE 18 PLACAS,3,104.0,312.0,Vendedor 7
522,2023-04-21,Cliente 30,LA MOLINA,ACEITE DE MOTOR 5W30 FULL SINTÉTICO,2,130.5,261.0,Vendedor 6
523,2023-04-21,Cliente 13,LA MOLINA,AMORTIGUADORES DELANTEROS,3,234.4,703.2,Vendedor 2
524,2023-04-21,Cliente 40,LA MOLINA,AMORTIGUADORES POSTERIORES,1,103.9,103.9,Vendedor 1
525,2023-04-21,Cliente 5,SURCO,"LLANTAS 18""",1,66.1,66.1,Vendedor 2
526,2023-04-21,Cliente 29,SURCO,BATERÍA DE 18 PLACAS,2,104.0,208.0,Vendedor 10
527,2023-04-22,Cliente 16,LA MOLINA,ACEITE DE MOTOR 5W30 FULL SINTÉTICO,2,130.5,261.0,Vendedor 1
528,2023-04-22,Cliente 15,SURCO,AMORTIGUADORES DELANTEROS,4,234.4,937.6,Vendedor 9
529,2023-04-22,Cliente 9,SURCO,AMORTIGUADORES POSTERIORES,2,103.9,207.8,Vendedor 9
530,2023-04-22,Cliente 47,LA MOLINA,"LLANTAS 18""",5,66.1,330.5,Vendedor 10
531,2023-04-23,Cliente 10,LA MOLINA,AMORTIGUADORES POSTERIORES,2,103.9,207.8,Vendedor 9
532,2023-04-23,Cliente 20,LA MOLINA,"LLANTAS 18""",3,66.1,198.3,Vendedor 5
533,2023-04-24,Cliente 4,LA MOLINA,AMORTIGUADORES POSTERIORES,5,103.9,519.5,Vendedor 6
534,2023-04-25,Cliente 25,SURCO,AMORTIGUADORES POSTERIORES,2,103.9,207.8,Vendedor 3
535,2023-05-01,Cliente 22,SURCO,AUTO HONDA ACCORD 2014,1,25500.0,25500.0,Vendedor 5
536,2023-05-01,Cliente 14,SURCO,AUTO HONDA CIVIC 2014,1,33500.0,33500.0,Vendedor 4
537,2023-05-01,Cliente 48,SURCO,AUTO HONDA ODISSEY 2013,1,24000.0,24000.0,Vendedor 8
538,2023-05-01,Cliente 45,SURCO,AUTO HONDA CRV 2014,1,25500.0,25500.0,Vendedor 10
539,2023-05-01,Cliente 26,SURCO,AUTO HONDA PILOT 2013,1,22000.0,22000.0,Vendedor 4
540,2023-05-01,Cliente 50,SURCO,AUTO HONDA CITY 2016,1,25000.0,25000.0,Vendedor 5
541,2023-05-02,Cliente 17,LA MOLINA,AUTO HONDA ACCORD 2014,1,25500.0,25500.0,Vendedor 6
542,2023-05-02,Cliente 30,LA MOLINA,AUTO HONDA CIVIC 2014,1,33500.0,33500.0,Vendedor 2
543,2023-05-02,Cliente 49,LA MOLINA,AUTO HONDA ODISSEY 2013,1,24000.0,24000.0,Vendedor 6
544,2023-05-02,Cliente 24,SURCO,AUTO HONDA CRV 2014,1,25500.0,25500.0,Vendedor 6
545,2023-05-02,Cliente 3,SURCO,AUTO HONDA PILOT 2013,1,22000.0,22000.0,Vendedor 10
546,2023-05-03,Cliente 36,LA MOLINA,AUTO HONDA ACCORD 2014,1,25500.0,25500.0,Vendedor 10
547,2023-05-03,Cliente 19,SURCO,AUTO HONDA CIVIC 2014,1,33500.0,33500.0,Vendedor 3
548,2023-05-03,Cliente 22,SURCO,AUTO HONDA ODISSEY 2013,1,24000.0,24000.0,Vendedor 4
549,2023-05-03,Cliente 37,LA MOLINA,AUTO HONDA CRV 2014,1,25500.0,25500.0,Vendedor 4
550,2023-05-03,Cliente 36,SURCO,AUTO HONDA PILOT 2013,1,22000.0,22000.0,Vendedor 6
551,2023-05-03,Cliente 47,LA MOLINA,ACEITE DE MOTOR 5W30 FULL SINTÉTICO,2,103.9,207.8,Vendedor 8
552,2023-05-03,Cliente 11,LA MOLINA,FILTRO DE COMBUSTIBLE,1,128.4,128.4,Vendedor 6
553,2023-05-03,Cliente 47,SURCO,AMORTIGUADORES DELANTEROS,2,242.9,485.8,Vendedor 9
554,2023-05-03,Cliente 35,SURCO,AMORTIGUADORES POSTERIORES,2,139.7,279.4,Vendedor 1
555,2023-05-03,Cliente 43,SURCO,"LLANTAS 18""",1,95.2,95.2,Vendedor 1
556,2023-05-03,Cliente 27,SURCO,BATERÍA DE 18 PLACAS,1,105.9,105.9,Vendedor 3
557,2023-05-04,Cliente 5,SURCO,AUTO HONDA CIVIC 2014,1,33500.0,33500.0,Vendedor 3
558,2023-05-04,Cliente 14,SURCO,AUTO HONDA ODISSEY 2013,1,24000.0,24000.0,Vendedor 9
559,2023-05-04,Cliente 24,LA MOLINA,AUTO HONDA CRV 2014,1,25500.0,25500.0,Vendedor 1
560,2023-05-04,Cliente 43,LA MOLINA,ACEITE DE MOTOR 5W30 FULL SINTÉTICO,3,103.9,311.7,Vendedor 8
561,2023-05-04,Cliente 1,SURCO,FILTRO DE COMBUSTIBLE,1,128.4,128.4,Vendedor 9
562,2023-05-04,Cliente 2,SURCO,AMORTIGUADORES DELANTEROS,4,242.9,971.6,Vendedor 9
563,2023-05-04,Cliente 35,LA MOLINA,AMORTIGUADORES POSTERIORES,3,139.7,419.1,Vendedor 5
564,2023-05-04,Cliente 12,LA MOLINA,"LLANTAS 18""",1,95.2,95.2,Vendedor 2
565,2023-05-04,Cliente 34,SURCO,BATERÍA DE 18 PLACAS,1,105.9,105.9,Vendedor 3
566,2023-05-05,Cliente 13,SURCO,AUTO HONDA ODISSEY 2013,1,24000.0,24000.0,Vendedor 10
567,2023-05-05,Cliente 23,LA MOLINA,ACEITE DE MOTOR 5W30 FULL SINTÉTICO,3,103.9,311.7,Vendedor 5
568,2023-05-05,Cliente 24,SURCO,AMORTIGUADORES DELANTEROS,4,242.9,971.6,Vendedor 7
569,2023-05-05,Cliente 45,SURCO,AMORTIGUADORES POSTERIORES,2,139.7,279.4,Vendedor 4
570,2023-05-05,Cliente 42,SURCO,"LLANTAS 18""",2,95.2,190.4,Vendedor 1
571,2023-05-05,Cliente 26,SURCO,BATERÍA DE 18 PLACAS,1,105.9,105.9,Vendedor 7
572,2023-05-06,Cliente 36,LA MOLINA,AUTO HONDA ODISSEY 2013,1,24000.0,24000.0,Vendedor 8
573,2023-05-06,Cliente 45,SURCO,ACEITE DE MOTOR 5W30 FULL SINTÉTICO,1,103.9,103.9,Vendedor 3
574,2023-05-06,Cliente 28,LA MOLINA,AMORTIGUADORES DELANTEROS,1,242.9,242.9,Vendedor 6
575,2023-05-06,Cliente 34,SURCO,AMORTIGUADORES POSTERIORES,3,139.7,419.1,Vendedor 1
576,2023-05-06,Cliente 45,SURCO,"LLANTAS 18""",1,95.2,95.2,Vendedor 10
577,2023-05-06,Cliente 18,LA MOLINA,BATERÍA DE 18 PLACAS,1,105.9,105.9,Vendedor 1
578,2023-05-07,Cliente 35,LA MOLINA,ACEITE DE MOTOR 5W30 FULL SINTÉTICO,1,103.9,103.9,Vendedor 10
579,2023-05-07,Cliente 21,LA MOLINA,AMORTIGUADORES DELANTEROS,1,242.9,242.9,Vendedor 1
580,2023-05-07,Cliente 49,SURCO,AMORTIGUADORES POSTERIORES,1,139.7,139.7,Vendedor 7
581,2023-05-07,Cliente 11,LA MOLINA,"LLANTAS 18""",1,95.2,95.2,Vendedor 10
582,2023-05-07,Cliente 37,SURCO,BATERÍA DE 18 PLACAS,1,105.9,105.9,Vendedor 7
583,2023-05-08,Cliente 25,LA MOLINA,ACEITE DE MOTOR 5W30 FULL SINTÉTICO,1,103.9,103.9,Vendedor 3
584,2023-05-08,Cliente 4,LA MOLINA,AMORTIGUADORES DELANTEROS,1,242.9,242.9,Vendedor 2
585,2023-05-08,Cliente 5,SURCO,AMORTIGUADORES POSTERIORES,2,139.7,279.4,Vendedor 6
586,2023-05-08,Cliente 2,LA MOLINA,"LLANTAS 18""",2,95.2,190.4,Vendedor 5
587,2023-05-08,Cliente 32,LA MOLINA,BATERÍA DE 18 PLACAS,1,105.9,105.9,Vendedor 4
588,2023-05-09,Cliente 28,SURCO,ACEITE DE MOTOR 5W30 FULL SINTÉTICO,2,103.9,207.8,Vendedor 3
589,2023-05-09,Cliente 50,LA MOLINA,AMORTIGUADORES DELANTEROS,4,242.9,971.6,Vendedor 10
590,2023-05-09,Cliente 46,LA MOLINA,AMORTIGUADORES POSTERIORES,3,139.7,419.1,Vendedor 2
591,2023-05-09,Cliente 10,LA MOLINA,"LLANTAS 18""",1,95.2,95.2,Vendedor 7
592,2023-05-09,Cliente 48,SURCO,BATERÍA DE 18 PLACAS,1,105.9,105.9,Vendedor 7
593,2023-05-10,Cliente 24,LA MOLINA,AUTO HONDA CIVIC 2014,1,33500.0,33500.0,Vendedor 2
594,2023-05-10,Cliente 1,SURCO,AUTO HONDA ODISSEY 2013,1,24000.0,24000.0,Vendedor 5
595,2023-05-10,Cliente 24,SURCO,AUTO HONDA PILOT 2013,1,22000.0,22000.0,Vendedor 5
596,2023-05-10,Cliente 9,SURCO,AUTO HONDA FIT 2016,1,24000.0,24000.0,Vendedor 2
597,2023-05-10,Cliente 29,SURCO,ACEITE DE MOTOR 5W30 FULL SINTÉTICO,1,103.9,103.9,Vendedor 9
598,2023-05-10,Cliente 2,LA MOLINA,AMORTIGUADORES DELANTEROS,3,242.9,728.7,Vendedor 2
599,2023-05-10,Cliente 39,LA MOLINA,AMORTIGUADORES POSTERIORES,3,139.7,419.1,Vendedor 10
600,2023-05-10,Cliente 1,LA MOLINA,"LLANTAS 18""",2,95.2,190.4,Vendedor 5
601,2023-05-10,Cliente 25,LA MOLINA,BATERÍA DE 18 PLACAS,1,105.9,105.9,Vendedor 2
602,2023-05-11,Cliente 37,SURCO,AUTO HONDA PILOT 2013,1,22000.0,22000.0,Vendedor 9
603,2023-05-11,Cliente 11,SURCO,ACEITE DE MOTOR 5W30 FULL SINTÉTICO,2,103.9,207.8,Vendedor 3
604,2023-05-11,Cliente 32,LA MOLINA,AMORTIGUADORES POSTERIORES,1,139.7,139.7,Vendedor 3
605,2023-05-11,Cliente 28,SURCO,"LLANTAS 18""",1,95.2,95.2,Vendedor 5
606,2023-05-11,Cliente 20,LA MOLINA,BATERÍA DE 18 PLACAS,1,105.9,105.9,Vendedor 8
607,2023-05-12,Cliente 17,SURCO,ACEITE DE MOTOR 5W30 FULL SINTÉTICO,1,103.9,103.9,Vendedor 4
608,2023-05-12,Cliente 9,SURCO,"LLANTAS 18""",2,95.2,190.4,Vendedor 5
609,2023-05-12,Cliente 26,LA MOLINA,BATERÍA DE 18 PLACAS,1,105.9,105.9,Vendedor 6
610,2023-05-13,Cliente 29,SURCO,ACEITE DE MOTOR 5W30 FULL SINTÉTICO,3,103.9,311.7,Vendedor 6
611,2023-05-13,Cliente 39,LA MOLINA,"LLANTAS 18""",2,95.2,190.4,Vendedor 4
612,2023-05-14,Cliente 19,LA MOLINA,"LLANTAS 18""",1,95.2,95.2,Vendedor 8
613,2023-05-15,Cliente 24,SURCO,"LLANTAS 18""",2,95.2,190.4,Vendedor 2
614,2023-05-16,Cliente 46,SURCO,"LLANTAS 18""",1,95.2,95.2,Vendedor 4
615,2023-05-17,Cliente 27,SURCO,ACEITE DE MOTOR 5W30 FULL SINTÉTICO,3,103.9,311.7,Vendedor 8
616,2023-05-17,Cliente 41,SURCO,FILTRO DE COMBUSTIBLE,1,128.4,128.4,Vendedor 5
617,2023-05-17,Cliente 43,LA MOLINA,AMORTIGUADORES DELANTEROS,2,242.9,485.8,Vendedor 3
618,2023-05-17,Cliente 5,LA MOLINA,AMORTIGUADORES POSTERIORES,4,139.7,558.8,Vendedor 8
619,2023-05-17,Cliente 38,LA MOLINA,"LLANTAS 18""",3,95.2,285.6,Vendedor 7
620,2023-05-17,Cliente 24,SURCO,BATERÍA DE 18 PLACAS,2,105.9,211.8,Vendedor 9
621,2023-05-18,Cliente 7,SURCO,ACEITE DE MOTOR 5W30 FULL SINTÉTICO,5,103.9,519.5,Vendedor 4
622,2023-05-18,Cliente 11,LA MOLINA,AMORTIGUADORES DELANTEROS,6,242.9,1457.4,Vendedor 10
623,2023-05-18,Cliente 49,LA MOLINA,AMORTIGUADORES POSTERIORES,1,139.7,139.7,Vendedor 6
624,2023-05-18,Cliente 1,SURCO,"LLANTAS 18""",2,95.2,190.4,Vendedor 2
625,2023-05-18,Cliente 33,SURCO,BATERÍA DE 18 PLACAS,2,105.9,211.8,Vendedor 9
626,2023-05-19,Cliente 29,SURCO,ACEITE DE MOTOR 5W30 FULL SINTÉTICO,2,103.9,207.8,Vendedor 6
627,2023-05-19,Cliente 50,LA MOLINA,AMORTIGUADORES DELANTEROS,2,242.9,485.8,Vendedor 10
628,2023-05-19,Cliente 23,SURCO,AMORTIGUADORES POSTERIORES,6,139.7,838.2,Vendedor 1
629,2023-05-19,Cliente 19,SURCO,"LLANTAS 18""",4,95.2,380.8,Vendedor 7
630,2023-05-19,Cliente 47,SURCO,BATERÍA DE 18 PLACAS,1,105.9,105.9,Vendedor 3
631,2023-05-20,Cliente 22,LA MOLINA,ACEITE DE MOTOR 5W30 FULL SINTÉTICO,3,103.9,311.7,Vendedor 8
632,2023-05-20,Cliente 34,SURCO,AMORTIGUADORES DELANTEROS,7,242.9,1700.3,Vendedor 8
633,2023-05-20,Cliente 7,LA MOLINA,AMORTIGUADORES POSTERIORES,3,139.7,419.1,Vendedor 8
634,2023-05-20,Cliente 5,LA MOLINA,"LLANTAS 18""",4,95.2,380.8,Vendedor 5
635,2023-05-20,Cliente 2,LA MOLINA,BATERÍA DE 18 PLACAS,1,105.9,105.9,Vendedor 6
636,2023-05-21,Cliente 48,LA MOLINA,ACEITE DE MOTOR 5W30 FULL SINTÉTICO,1,103.9,103.9,Vendedor 4
637,2023-05-21,Cliente 36,SURCO,AMORTIGUADORES DELANTEROS,3,242.9,728.7,Vendedor 3
638,2023-05-21,Cliente 30,LA MOLINA,AMORTIGUADORES POSTERIORES,2,139.7,279.4,Vendedor 4
639,2023-05-21,Cliente 12,SURCO,"LLANTAS 18""",1,95.2,95.2,Vendedor 7
640,2023-05-21,Cliente 48,LA MOLINA,BATERÍA DE 18 PLACAS,2,105.9,211.8,Vendedor 10
641,2023-05-22,Cliente 38,LA MOLINA,ACEITE DE MOTOR 5W30 FULL SINTÉTICO,2,103.9,207.8,Vendedor 7
642,2023-05-22,Cliente 14,SURCO,AMORTIGUADORES POSTERIORES,1,139.7,139.7,Vendedor 5
643,2023-05-22,Cliente 35,LA MOLINA,"LLANTAS 18""",1,95.2,95.2,Vendedor 3
644,2023-05-22,Cliente 13,LA MOLINA,BATERÍA DE 18 PLACAS,2,105.9,211.8,Vendedor 8
645,2023-05-23,Cliente 43,LA MOLINA,ACEITE DE MOTOR 5W30 FULL SINTÉTICO,1,103.9,103.9,Vendedor 8
646,2023-05-23,Cliente 38,SURCO,AMORTIGUADORES POSTERIORES,3,139.7,419.1,Vendedor 2
647,2023-05-23,Cliente 30,LA MOLINA,"LLANTAS 18""",2,95.2,190.4,Vendedor 10
648,2023-05-24,Cliente 40,LA MOLINA,ACEITE DE MOTOR 5W30 FULL SINTÉTICO,3,103.9,311.7,Vendedor 10
649,2023-06-01,Cliente 27,LA MOLINA,AUTO HONDA ACCORD 2014,1,22500.0,22500.0,Vendedor 8
650,2023-06-01,Cliente 11,LA MOLINA,AUTO HONDA CIVIC 2014,1,27000.0,27000.0,Vendedor 2
651,2023-06-01,Cliente 49,LA MOLINA,AUTO HONDA ODISSEY 2013,1,19000.0,19000.0,Vendedor 4
652,2023-06-01,Cliente 3,LA MOLINA,AUTO HONDA CRV 2014,1,28500.0,28500.0,Vendedor 5
653,2023-06-01,Cliente 35,SURCO,AUTO HONDA FIT 2016,1,25000.0,25000.0,Vendedor 5
654,2023-06-01,Cliente 50,SURCO,AUTO HONDA CITY 2016,1,25000.0,25000.0,Vendedor 8
655,2023-06-01,Cliente 36,LA MOLINA,FILTRO DE COMBUSTIBLE,1,114.1,114.1,Vendedor 9
656,2023-06-02,Cliente 18,SURCO,AUTO HONDA ACCORD 2014,1,22500.0,22500.0,Vendedor 9
657,2023-06-02,Cliente 35,LA MOLINA,AUTO HONDA CIVIC 2014,1,27000.0,27000.0,Vendedor 1
658,2023-06-02,Cliente 35,LA MOLINA,AUTO HONDA ODISSEY 2013,1,19000.0,19000.0,Vendedor 4
659,2023-06-02,Cliente 7,SURCO,AUTO HONDA FIT 2016,1,25000.0,25000.0,Vendedor 4
660,2023-06-02,Cliente 3,SURCO,AUTO HONDA CITY 2016,1,25000.0,25000.0,Vendedor 8
661,2023-06-03,Cliente 50,SURCO,AUTO HONDA CIVIC 2014,1,27000.0,27000.0,Vendedor 4
662,2023-06-03,Cliente 48,LA MOLINA,AUTO HONDA ODISSEY 2013,1,19000.0,19000.0,Vendedor 10
663,2023-06-03,Cliente 46,SURCO,AUTO HONDA FIT 2016,1,25000.0,25000.0,Vendedor 10
664,2023-06-03,Cliente 11,LA MOLINA,ACEITE DE MOTOR 5W30 FULL SINTÉTICO,3,146.9,440.7,Vendedor 10
665,2023-06-03,Cliente 14,SURCO,FILTRO DE COMBUSTIBLE,1,114.1,114.1,Vendedor 4
666,2023-06-03,Cliente 35,LA MOLINA,AMORTIGUADORES DELANTEROS,1,230.4,230.4,Vendedor 5
667,2023-06-03,Cliente 46,LA MOLINA,AMORTIGUADORES POSTERIORES,1,136.9,136.9,Vendedor 5
668,2023-06-03,Cliente 33,LA MOLINA,"LLANTAS 18""",2,61.2,122.4,Vendedor 2
669,2023-06-03,Cliente 49,SURCO,BATERÍA DE 18 PLACAS,1,98.0,98.0,Vendedor 7
670,2023-06-04,Cliente 18,SURCO,AUTO HONDA CIVIC 2014,1,27000.0,27000.0,Vendedor 3
671,2023-06-04,Cliente 16,SURCO,ACEITE DE MOTOR 5W30 FULL SINTÉTICO,3,146.9,440.7,Vendedor 3
672,2023-06-04,Cliente 49,SURCO,AMORTIGUADORES DELANTEROS,3,230.4,691.2,Vendedor 7
673,2023-06-04,Cliente 37,SURCO,AMORTIGUADORES POSTERIORES,2,136.9,273.8,Vendedor 5
674,2023-06-04,Cliente 25,LA MOLINA,"LLANTAS 18""",3,61.2,183.6,Vendedor 8
675,2023-06-04,Cliente 41,SURCO,BATERÍA DE 18 PLACAS,1,98.0,98.0,Vendedor 2
676,2023-06-05,Cliente 45,LA MOLINA,ACEITE DE MOTOR 5W30 FULL SINTÉTICO,2,146.9,293.8,Vendedor 6
677,2023-06-05,Cliente 21,LA MOLINA,AMORTIGUADORES DELANTEROS,4,230.4,921.6,Vendedor 10
678,2023-06-05,Cliente 47,SURCO,AMORTIGUADORES POSTERIORES,1,136.9,136.9,Vendedor 8
679,2023-06-05,Cliente 5,LA MOLINA,"LLANTAS 18""",3,61.2,183.6,Vendedor 9
680,2023-06-05,Cliente 14,LA MOLINA,BATERÍA DE 18 PLACAS,1,98.0,98.0,Vendedor 7
681,2023-06-06,Cliente 18,LA MOLINA,ACEITE DE MOTOR 5W30 FULL SINTÉTICO,1,146.9,146.9,Vendedor 6
682,2023-06-06,Cliente 36,LA MOLINA,AMORTIGUADORES DELANTEROS,3,230.4,691.2,Vendedor 10
683,2023-06-06,Cliente 22,LA MOLINA,AMORTIGUADORES POSTERIORES,1,136.9,136.9,Vendedor 1
684,2023-06-06,Cliente 41,SURCO,"LLANTAS 18""",1,61.2,61.2,Vendedor 8
685,2023-06-06,Cliente 8,SURCO,BATERÍA DE 18 PLACAS,1,98.0,98.0,Vendedor 3
686,2023-06-07,Cliente 1,LA MOLINA,ACEITE DE MOTOR 5W30 FULL SINTÉTICO,4,146.9,587.6,Vendedor 7
687,2023-06-07,Cliente 42,SURCO,AMORTIGUADORES DELANTEROS,2,230.4,460.8,Vendedor 5
688,2023-06-07,Cliente 6,LA MOLINA,AMORTIGUADORES POSTERIORES,1,136.9,136.9,Vendedor 6
689,2023-06-07,Cliente 24,SURCO,"LLANTAS 18""",2,61.2,122.4,Vendedor 3
690,2023-06-07,Cliente 26,SURCO,BATERÍA DE 18 PLACAS,1,98.0,98.0,Vendedor 5
691,2023-06-08,Cliente 42,SURCO,ACEITE DE MOTOR 5W30 FULL SINTÉTICO,2,146.9,293.8,Vendedor 2
692,2023-06-08,Cliente 14,SURCO,AMORTIGUADORES DELANTEROS,1,230.4,230.4,Vendedor 8
693,2023-06-08,Cliente 38,SURCO,AMORTIGUADORES POSTERIORES,1,136.9,136.9,Vendedor 4
694,2023-06-08,Cliente 1,LA MOLINA,"LLANTAS 18""",2,61.2,122.4,Vendedor 1
695,2023-06-08,Cliente 8,LA MOLINA,BATERÍA DE 18 PLACAS,1,98.0,98.0,Vendedor 7
696,2023-06-09,Cliente 31,SURCO,AUTO HONDA ODISSEY 2013,1,19000.0,19000.0,Vendedor 2
697,2023-06-09,Cliente 25,SURCO,AUTO HONDA PILOT 2013,1,27000.0,27000.0,Vendedor 2
698,2023-06-09,Cliente 7,SURCO,AUTO HONDA CITY 2016,1,25000.0,25000.0,Vendedor 6
699,2023-06-09,Cliente 9,SURCO,ACEITE DE MOTOR 5W30 FULL SINTÉTICO,3,146.9,440.7,Vendedor 7
700,2023-06-09,Cliente 5,SURCO,AMORTIGUADORES DELANTEROS,2,230.4,460.8,Vendedor 9
701,2023-06-09,Cliente 29,SURCO,AMORTIGUADORES POSTERIORES,1,136.9,136.9,Vendedor 6
702,2023-06-09,Cliente 41,SURCO,"LLANTAS 18""",3,61.2,183.6,Vendedor 3
703,2023-06-09,Cliente 40,LA MOLINA,BATERÍA DE 18 PLACAS,1,98.0,98.0,Vendedor 8
704,2023-06-10,Cliente 6,SURCO,AUTO HONDA ODISSEY 2013,1,19000.0,19000.0,Vendedor 2
705,2023-06-10,Cliente 49,SURCO,AUTO HONDA PILOT 2013,1,27000.0,27000.0,Vendedor 2
706,2023-06-10,Cliente 23,SURCO,AUTO HONDA CITY 2016,1,25000.0,25000.0,Vendedor 7
707,2023-06-10,Cliente 16,SURCO,ACEITE DE MOTOR 5W30 FULL SINTÉTICO,2,146.9,293.8,Vendedor 5
708,2023-06-10,Cliente 36,SURCO,AMORTIGUADORES DELANTEROS,1,230.4,230.4,Vendedor 10
709,2023-06-10,Cliente 43,SURCO,AMORTIGUADORES POSTERIORES,2,136.9,273.8,Vendedor 5
710,2023-06-10,Cliente 48,SURCO,"LLANTAS 18""",1,61.2,61.2,Vendedor 7
711,2023-06-10,Cliente 42,LA MOLINA,BATERÍA DE 18 PLACAS,1,98.0,98.0,Vendedor 1
712,2023-06-11,Cliente 32,SURCO,AUTO HONDA ODISSEY 2013,1,19000.0,19000.0,Vendedor 7
713,2023-06-11,Cliente 16,SURCO,AUTO HONDA PILOT 2013,1,27000.0,27000.0,Vendedor 8
714,2023-06-11,Cliente 21,LA MOLINA,AMORTIGUADORES DELANTEROS,1,230.4,230.4,Vendedor 3
715,2023-06-11,Cliente 24,LA MOLINA,AMORTIGUADORES POSTERIORES,2,136.9,273.8,Vendedor 9
716,2023-06-11,Cliente 50,SURCO,"LLANTAS 18""",2,61.2,122.4,Vendedor 2
717,2023-06-11,Cliente 38,SURCO,BATERÍA DE 18 PLACAS,1,98.0,98.0,Vendedor 2
718,2023-06-12,Cliente 17,SURCO,AUTO HONDA PILOT 2013,1,27000.0,27000.0,Vendedor 4
719,2023-06-12,Cliente 33,LA MOLINA,AMORTIGUADORES DELANTEROS,1,230.4,230.4,Vendedor 5
720,2023-06-12,Cliente 45,LA MOLINA,AMORTIGUADORES POSTERIORES,2,136.9,273.8,Vendedor 7
721,2023-06-12,Cliente 18,SURCO,"LLANTAS 18""",1,61.2,61.2,Vendedor 2
722,2023-06-12,Cliente 6,LA MOLINA,BATERÍA DE 18 PLACAS,1,98.0,98.0,Vendedor 9
723,2023-06-13,Cliente 10,SURCO,AUTO HONDA PILOT 2013,1,27000.0,27000.0,Vendedor 9
724,2023-06-13,Cliente 20,SURCO,AMORTIGUADORES DELANTEROS,1,230.4,230.4,Vendedor 7
725,2023-06-13,Cliente 16,SURCO,AMORTIGUADORES POSTERIORES,1,136.9,136.9,Vendedor 2
726,2023-06-14,Cliente 43,LA MOLINA,AMORTIGUADORES POSTERIORES,1,136.9,136.9,Vendedor 3
727,2023-06-15,Cliente 11,SURCO,AMORTIGUADORES POSTERIORES,1,136.9,136.9,Vendedor 8
728,2023-06-16,Cliente 24,SURCO,AMORTIGUADORES POSTERIORES,1,136.9,136.9,Vendedor 3
729,2023-06-17,Cliente 50,SURCO,ACEITE DE MOTOR 5W30 FULL SINTÉTICO,6,146.9,881.4,Vendedor 1
730,2023-06-17,Cliente 28,LA MOLINA,FILTRO DE COMBUSTIBLE,1,114.1,114.1,Vendedor 5
731,2023-06-17,Cliente 17,SURCO,AMORTIGUADORES DELANTEROS,5,230.4,1152.0,Vendedor 10
732,2023-06-17,Cliente 30,LA MOLINA,AMORTIGUADORES POSTERIORES,1,136.9,136.9,Vendedor 9
733,2023-06-17,Cliente 32,SURCO,"LLANTAS 18""",3,61.2,183.6,Vendedor 10
734,2023-06-17,Cliente 11,LA MOLINA,BATERÍA DE 18 PLACAS,1,98.0,98.0,Vendedor 5
735,2023-06-18,Cliente 15,SURCO,ACEITE DE MOTOR 5W30 FULL SINTÉTICO,1,146.9,146.9,Vendedor 9
736,2023-06-18,Cliente 3,SURCO,FILTRO DE COMBUSTIBLE,1,114.1,114.1,Vendedor 1
737,2023-06-18,Cliente 31,SURCO,AMORTIGUADORES DELANTEROS,2,230.4,460.8,Vendedor 6
738,2023-06-18,Cliente 12,SURCO,AMORTIGUADORES POSTERIORES,2,136.9,273.8,Vendedor 1
739,2023-06-18,Cliente 15,LA MOLINA,"LLANTAS 18""",5,61.2,306.0,Vendedor 6
740,2023-06-18,Cliente 47,LA MOLINA,BATERÍA DE 18 PLACAS,1,98.0,98.0,Vendedor 6
741,2023-06-19,Cliente 37,SURCO,ACEITE DE MOTOR 5W30 FULL SINTÉTICO,3,146.9,440.7,Vendedor 6
742,2023-06-19,Cliente 12,SURCO,AMORTIGUADORES DELANTEROS,1,230.4,230.4,Vendedor 4
743,2023-06-19,Cliente 26,SURCO,AMORTIGUADORES POSTERIORES,3,136.9,410.7,Vendedor 2
744,2023-06-19,Cliente 50,LA MOLINA,"LLANTAS 18""",4,61.2,244.8,Vendedor 5
745,2023-06-19,Cliente 36,SURCO,BATERÍA DE 18 PLACAS,2,98.0,196.0,Vendedor 8
746,2023-06-20,Cliente 13,LA MOLINA,ACEITE DE MOTOR 5W30 FULL SINTÉTICO,1,146.9,146.9,Vendedor 5
747,2023-06-20,Cliente 30,SURCO,AMORTIGUADORES DELANTEROS,2,230.4,460.8,Vendedor 6
748,2023-06-20,Cliente 50,LA MOLINA,AMORTIGUADORES POSTERIORES,3,136.9,410.7,Vendedor 4
749,2023-06-20,Cliente 10,SURCO,"LLANTAS 18""",6,61.2,367.2,Vendedor 1
750,2023-06-20,Cliente 15,SURCO,BATERÍA DE 18 PLACAS,2,98.0,196.0,Vendedor 9
751,2023-06-21,Cliente 22,LA MOLINA,ACEITE DE MOTOR 5W30 FULL SINTÉTICO,3,146.9,440.7,Vendedor 1
752,2023-06-21,Cliente 7,LA MOLINA,AMORTIGUADORES DELANTEROS,7,230.4,1612.8,Vendedor 4
753,2023-06-21,Cliente 27,SURCO,AMORTIGUADORES POSTERIORES,3,136.9,410.7,Vendedor 8
754,2023-06-21,Cliente 46,SURCO,"LLANTAS 18""",1,61.2,61.2,Vendedor 5
755,2023-06-21,Cliente 15,SURCO,BATERÍA DE 18 PLACAS,1,98.0,98.0,Vendedor 9
756,2023-06-22,Cliente 30,LA MOLINA,ACEITE DE MOTOR 5W30 FULL SINTÉTICO,6,146.9,881.4,Vendedor 2
757,2023-06-22,Cliente 41,LA MOLINA,AMORTIGUADORES DELANTEROS,2,230.4,460.8,Vendedor 7
758,2023-06-22,Cliente 28,LA MOLINA,AMORTIGUADORES POSTERIORES,1,136.9,136.9,Vendedor 3
759,2023-06-22,Cliente 17,LA MOLINA,"LLANTAS 18""",1,61.2,61.2,Vendedor 6
760,2023-06-22,Cliente 21,LA MOLINA,BATERÍA DE 18 PLACAS,2,98.0,196.0,Vendedor 8
761,2023-06-23,Cliente 13,LA MOLINA,AMORTIGUADORES DELANTEROS,1,230.4,230.4,Vendedor 3
762,2023-06-23,Cliente 10,LA MOLINA,AMORTIGUADORES POSTERIORES,3,136.9,410.7,Vendedor 2
763,2023-06-23,Cliente 21,LA MOLINA,BATERÍA DE 18 PLACAS,1,98.0,98.0,Vendedor 7
764,2023-06-24,Cliente 29,LA MOLINA,AMORTIGUADORES POSTERIORES,2,136.9,273.8,Vendedor 5
765,2023-07-01,Cliente 50,SURCO,AUTO HONDA ACCORD 2014,1,20500.0,20500.0,Vendedor 4
766,2023-07-01,Cliente 13,SURCO,AUTO HONDA CIVIC 2014,1,31500.0,31500.0,Vendedor 7
767,2023-07-01,Cliente 44,LA MOLINA,AUTO HONDA ODISSEY 2013,1,22500.0,22500.0,Vendedor 2
768,2023-07-01,Cliente 5,LA MOLINA,AUTO HONDA CRV 2014,1,28500.0,28500.0,Vendedor 1
769,2023-07-01,Cliente 13,SURCO,AUTO HONDA FIT 2016,1,26500.0,26500.0,Vendedor 8
770,2023-07-02,Cliente 30,SURCO,AUTO HONDA ACCORD 2014,1,20500.0,20500.0,Vendedor 1
771,2023-07-02,Cliente 37,SURCO,AUTO HONDA CIVIC 2014,1,31500.0,31500.0,Vendedor 7
772,2023-07-02,Cliente 32,LA MOLINA,AUTO HONDA ODISSEY 2013,1,22500.0,22500.0,Vendedor 1
773,2023-07-02,Cliente 44,LA MOLINA,AUTO HONDA CRV 2014,1,28500.0,28500.0,Vendedor 7
774,2023-07-02,Cliente 23,SURCO,AUTO HONDA FIT 2016,1,26500.0,26500.0,Vendedor 4
775,2023-07-03,Cliente 3,SURCO,AUTO HONDA ACCORD 2014,1,20500.0,20500.0,Vendedor 10
776,2023-07-03,Cliente 42,SURCO,AUTO HONDA CIVIC 2014,1,31500.0,31500.0,Vendedor 5
777,2023-07-03,Cliente 27,SURCO,AUTO HONDA ODISSEY 2013,1,22500.0,22500.0,Vendedor 9
778,2023-07-03,Cliente 4,LA MOLINA,AUTO HONDA CRV 2014,1,28500.0,28500.0,Vendedor 2
779,2023-07-03,Cliente 9,LA MOLINA,ACEITE DE MOTOR 5W30 FULL SINTÉTICO,2,132.1,264.2,Vendedor 7
780,2023-07-03,Cliente 42,SURCO,FILTRO DE COMBUSTIBLE,1,104.9,104.9,Vendedor 9
781,2023-07-03,Cliente 25,SURCO,AMORTIGUADORES DELANTEROS,1,279.0,279.0,Vendedor 6
782,2023-07-03,Cliente 23,LA MOLINA,AMORTIGUADORES POSTERIORES,2,109.1,218.2,Vendedor 10
783,2023-07-03,Cliente 18,LA MOLINA,"LLANTAS 18""",3,76.1,228.3,Vendedor 3
784,2023-07-03,Cliente 21,SURCO,BATERÍA DE 18 PLACAS,1,117.3,117.3,Vendedor 10
785,2023-07-04,Cliente 2,SURCO,AUTO HONDA ACCORD 2014,1,20500.0,20500.0,Vendedor 5
786,2023-07-04,Cliente 31,LA MOLINA,AUTO HONDA CIVIC 2014,1,31500.0,31500.0,Vendedor 9
787,2023-07-04,Cliente 50,SURCO,AUTO HONDA ODISSEY 2013,1,22500.0,22500.0,Vendedor 10
788,2023-07-04,Cliente 11,SURCO,AUTO HONDA CRV 2014,1,28500.0,28500.0,Vendedor 2
789,2023-07-04,Cliente 18,SURCO,ACEITE DE MOTOR 5W30 FULL SINTÉTICO,1,132.1,132.1,Vendedor 9
790,2023-07-04,Cliente 49,LA MOLINA,FILTRO DE COMBUSTIBLE,1,104.9,104.9,Vendedor 4
791,2023-07-04,Cliente 23,LA MOLINA,AMORTIGUADORES DELANTEROS,3,279.0,837.0,Vendedor 3
792,2023-07-04,Cliente 38,SURCO,AMORTIGUADORES POSTERIORES,1,109.1,109.1,Vendedor 6
793,2023-07-04,Cliente 46,SURCO,"LLANTAS 18""",3,76.1,228.3,Vendedor 6
794,2023-07-04,Cliente 37,SURCO,BATERÍA DE 18 PLACAS,1,117.3,117.3,Vendedor 4
795,2023-07-05,Cliente 35,LA MOLINA,AUTO HONDA ACCORD 2014,1,20500.0,20500.0,Vendedor 5
796,2023-07-05,Cliente 32,LA MOLINA,AUTO HONDA CIVIC 2014,1,31500.0,31500.0,Vendedor 1
797,2023-07-05,Cliente 4,SURCO,AUTO HONDA CRV 2014,1,28500.0,28500.0,Vendedor 4
798,2023-07-05,Cliente 34,SURCO,ACEITE DE MOTOR 5W30 FULL SINTÉTICO,1,132.1,132.1,Vendedor 8
799,2023-07-05,Cliente 40,LA MOLINA,AMORTIGUADORES DELANTEROS,1,279.0,279.0,Vendedor 4
800,2023-07-05,Cliente 46,LA MOLINA,AMORTIGUADORES POSTERIORES,1,109.1,109.1,Vendedor 3
801,2023-07-05,Cliente 2,SURCO,"LLANTAS 18""",3,76.1,228.3,Vendedor 3
802,2023-07-05,Cliente 50,SURCO,BATERÍA DE 18 PLACAS,1,117.3,117.3,Vendedor 2
803,2023-07-06,Cliente 5,LA MOLINA,AUTO HONDA ACCORD 2014,1,20500.0,20500.0,Vendedor 6
804,2023-07-06,Cliente 38,LA MOLINA,AUTO HONDA CIVIC 2014,1,31500.0,31500.0,Vendedor 2
805,2023-07-06,Cliente 20,LA MOLINA,AUTO HONDA CRV 2014,1,28500.0,28500.0,Vendedor 6
806,2023-07-06,Cliente 47,SURCO,ACEITE DE MOTOR 5W30 FULL SINTÉTICO,1,132.1,132.1,Vendedor 7
807,2023-07-06,Cliente 42,LA MOLINA,AMORTIGUADORES DELANTEROS,3,279.0,837.0,Vendedor 6
808,2023-07-06,Cliente 15,LA MOLINA,AMORTIGUADORES POSTERIORES,1,109.1,109.1,Vendedor 10
809,2023-07-06,Cliente 20,LA MOLINA,"LLANTAS 18""",2,76.1,152.2,Vendedor 5
810,2023-07-06,Cliente 47,SURCO,BATERÍA DE 18 PLACAS,1,117.3,117.3,Vendedor 1
811,2023-07-07,Cliente 50,SURCO,AUTO HONDA CRV 2014,1,28500.0,28500.0,Vendedor 10
812,2023-07-07,Cliente 39,SURCO,ACEITE DE MOTOR 5W30 FULL SINTÉTICO,1,132.1,132.1,Vendedor 6
813,2023-07-07,Cliente 41,SURCO,AMORTIGUADORES DELANTEROS,3,279.0,837.0,Vendedor 10
814,2023-07-07,Cliente 10,LA MOLINA,AMORTIGUADORES POSTERIORES,1,109.1,109.1,Vendedor 6
815,2023-07-07,Cliente 23,SURCO,"LLANTAS 18""",1,76.1,76.1,Vendedor 6
816,2023-07-07,Cliente 46,SURCO,BATERÍA DE 18 PLACAS,1,117.3,117.3,Vendedor 6
817,2023-07-08,Cliente 1,SURCO,AUTO HONDA CRV 2014,1,28500.0,28500.0,Vendedor 5
818,2023-07-08,Cliente 45,SURCO,ACEITE DE MOTOR 5W30 FULL SINTÉTICO,1,132.1,132.1,Vendedor 2
819,2023-07-08,Cliente 7,LA MOLINA,AMORTIGUADORES DELANTEROS,2,279.0,558.0,Vendedor 1
820,2023-07-08,Cliente 29,LA MOLINA,AMORTIGUADORES POSTERIORES,1,109.1,109.1,Vendedor 7
821,2023-07-08,Cliente 32,LA MOLINA,"LLANTAS 18""",2,76.1,152.2,Vendedor 7
822,2023-07-08,Cliente 7,LA MOLINA,BATERÍA DE 18 PLACAS,2,117.3,234.6,Vendedor 8
823,2023-07-09,Cliente 29,SURCO,ACEITE DE MOTOR 5W30 FULL SINTÉTICO,1,132.1,132.1,Vendedor 2
824,2023-07-09,Cliente 2,LA MOLINA,AMORTIGUADORES DELANTEROS,1,279.0,279.0,Vendedor 6
825,2023-07-09,Cliente 5,SURCO,AMORTIGUADORES POSTERIORES,3,109.1,327.3,Vendedor 6
826,2023-07-09,Cliente 11,LA MOLINA,"LLANTAS 18""",2,76.1,152.2,Vendedor 2
827,2023-07-09,Cliente 39,LA MOLINA,BATERÍA DE 18 PLACAS,1,117.3,117.3,Vendedor 10
828,2023-07-10,Cliente 46,LA MOLINA,AUTO HONDA CIVIC 2014,1,31500.0,31500.0,Vendedor 1
829,2023-07-10,Cliente 42,LA MOLINA,AUTO HONDA ODISSEY 2013,1,22500.0,22500.0,Vendedor 3
830,2023-07-10,Cliente 11,SURCO,AUTO HONDA PILOT 2013,1,28500.0,28500.0,Vendedor 1
831,2023-07-10,Cliente 14,LA MOLINA,ACEITE DE MOTOR 5W30 FULL SINTÉTICO,1,132.1,132.1,Vendedor 4
832,2023-07-10,Cliente 43,SURCO,AMORTIGUADORES DELANTEROS,4,279.0,1116.0,Vendedor 5
833,2023-07-10,Cliente 7,SURCO,AMORTIGUADORES POSTERIORES,3,109.1,327.3,Vendedor 1
834,2023-07-10,Cliente 10,LA MOLINA,"LLANTAS 18""",1,76.1,76.1,Vendedor 1
835,2023-07-10,Cliente 28,LA MOLINA,BATERÍA DE 18 PLACAS,2,117.3,234.6,Vendedor 2
836,2023-07-11,Cliente 43,SURCO,AUTO HONDA PILOT 2013,1,28500.0,28500.0,Vendedor 10
837,2023-07-11,Cliente 7,SURCO,ACEITE DE MOTOR 5W30 FULL SINTÉTICO,2,132.1,264.2,Vendedor 1
838,2023-07-11,Cliente 41,SURCO,AMORTIGUADORES DELANTEROS,2,279.0,558.0,Vendedor 5
839,2023-07-11,Cliente 8,LA MOLINA,AMORTIGUADORES POSTERIORES,1,109.1,109.1,Vendedor 5
840,2023-07-11,Cliente 32,SURCO,"LLANTAS 18""",3,76.1,228.3,Vendedor 5
841,2023-07-12,Cliente 12,LA MOLINA,ACEITE DE MOTOR 5W30 FULL SINTÉTICO,3,132.1,396.3,Vendedor 6
842,2023-07-12,Cliente 29,SURCO,AMORTIGUADORES POSTERIORES,3,109.1,327.3,Vendedor 1
843,2023-07-13,Cliente 15,LA MOLINA,ACEITE DE MOTOR 5W30 FULL SINTÉTICO,2,132.1,264.2,Vendedor 5
844,2023-07-13,Cliente 6,LA MOLINA,AMORTIGUADORES POSTERIORES,2,109.1,218.2,Vendedor 6
845,2023-07-14,Cliente 36,SURCO,ACEITE DE MOTOR 5W30 FULL SINTÉTICO,2,132.1,264.2,Vendedor 1
846,2023-07-14,Cliente 37,LA MOLINA,AMORTIGUADORES POSTERIORES,1,109.1,109.1,Vendedor 4
847,2023-07-15,Cliente 46,LA MOLINA,ACEITE DE MOTOR 5W30 FULL SINTÉTICO,1,132.1,132.1,Vendedor 1
848,2023-07-16,Cliente 13,LA MOLINA,ACEITE DE MOTOR 5W30 FULL SINTÉTICO,1,132.1,132.1,Vendedor 3
849,2023-07-17,Cliente 39,SURCO,ACEITE DE MOTOR 5W30 FULL SINTÉTICO,1,132.1,132.1,Vendedor 5
850,2023-07-17,Cliente 47,LA MOLINA,FILTRO DE COMBUSTIBLE,1,104.9,104.9,Vendedor 2
851,2023-07-17,Cliente 36,LA MOLINA,AMORTIGUADORES DELANTEROS,1,279.0,279.0,Vendedor 7
852,2023-07-17,Cliente 18,LA MOLINA,AMORTIGUADORES POSTERIORES,5,109.1,545.5,Vendedor 9
853,2023-07-17,Cliente 45,SURCO,"LLANTAS 18""",4,76.1,304.4,Vendedor 10
854,2023-07-17,Cliente 8,LA MOLINA,BATERÍA DE 18 PLACAS,3,117.3,351.9,Vendedor 7
855,2023-07-18,Cliente 37,SURCO,ACEITE DE MOTOR 5W30 FULL SINTÉTICO,1,132.1,132.1,Vendedor 10
856,2023-07-18,Cliente 7,SURCO,FILTRO DE COMBUSTIBLE,1,104.9,104.9,Vendedor 10
857,2023-07-18,Cliente 35,LA MOLINA,AMORTIGUADORES DELANTEROS,1,279.0,279.0,Vendedor 6
858,2023-07-18,Cliente 25,LA MOLINA,AMORTIGUADORES POSTERIORES,4,109.1,436.4,Vendedor 8
859,2023-07-18,Cliente 3,LA MOLINA,"LLANTAS 18""",5,76.1,380.5,Vendedor 3
860,2023-07-18,Cliente 10,LA MOLINA,BATERÍA DE 18 PLACAS,2,117.3,234.6,Vendedor 10
861,2023-07-19,Cliente 3,LA MOLINA,ACEITE DE MOTOR 5W30 FULL SINTÉTICO,3,132.1,396.3,Vendedor 7
862,2023-07-19,Cliente 4,SURCO,AMORTIGUADORES DELANTEROS,3,279.0,837.0,Vendedor 8
863,2023-07-19,Cliente 2,LA MOLINA,AMORTIGUADORES POSTERIORES,1,109.1,109.1,Vendedor 6
864,2023-07-19,Cliente 18,LA MOLINA,"LLANTAS 18""",3,76.1,228.3,Vendedor 8
865,2023-07-19,Cliente 15,SURCO,BATERÍA DE 18 PLACAS,3,117.3,351.9,Vendedor 3
866,2023-07-20,Cliente 50,LA MOLINA,ACEITE DE MOTOR 5W30 FULL SINTÉTICO,2,132.1,264.2,Vendedor 6
867,2023-07-20,Cliente 39,LA MOLINA,AMORTIGUADORES DELANTEROS,3,279.0,837.0,Vendedor 2
868,2023-07-20,Cliente 14,SURCO,AMORTIGUADORES POSTERIORES,2,109.1,218.2,Vendedor 7
869,2023-07-20,Cliente 49,LA MOLINA,"LLANTAS 18""",2,76.1,152.2,Vendedor 9
870,2023-07-20,Cliente 33,SURCO,BATERÍA DE 18 PLACAS,2,117.3,234.6,Vendedor 3
871,2023-07-21,Cliente 46,LA MOLINA,ACEITE DE MOTOR 5W30 FULL SINTÉTICO,1,132.1,132.1,Vendedor 9
872,2023-07-21,Cliente 50,SURCO,AMORTIGUADORES DELANTEROS,4,279.0,1116.0,Vendedor 9
873,2023-07-21,Cliente 12,SURCO,AMORTIGUADORES POSTERIORES,5,109.1,545.5,Vendedor 4
874,2023-07-21,Cliente 4,SURCO,"LLANTAS 18""",6,76.1,456.6,Vendedor 4
875,2023-07-22,Cliente 24,SURCO,ACEITE DE MOTOR 5W30 FULL SINTÉTICO,4,132.1,528.4,Vendedor 4
876,2023-07-22,Cliente 30,LA MOLINA,AMORTIGUADORES DELANTEROS,3,279.0,837.0,Vendedor 9
877,2023-07-22,Cliente 44,SURCO,AMORTIGUADORES POSTERIORES,3,109.1,327.3,Vendedor 1
878,2023-07-23,Cliente 12,LA MOLINA,ACEITE DE MOTOR 5W30 FULL SINTÉTICO,2,132.1,264.2,Vendedor 8
879,2023-07-23,Cliente 17,SURCO,AMORTIGUADORES DELANTEROS,3,279.0,837.0,Vendedor 2
880,2023-07-24,Cliente 37,SURCO,ACEITE DE MOTOR 5W30 FULL SINTÉTICO,1,132.1,132.1,Vendedor 4
881,2023-07-24,Cliente 18,LA MOLINA,AMORTIGUADORES DELANTEROS,2,279.0,558.0,Vendedor 7
882,2023-07-25,Cliente 42,SURCO,ACEITE DE MOTOR 5W30 FULL SINTÉTICO,3,132.1,396.3,Vendedor 3
883,2023-08-01,Cliente 17,LA MOLINA,AUTO HONDA ACCORD 2014,1,24500.0,24500.0,Vendedor 7
884,2023-08-01,Cliente 25,LA MOLINA,AUTO HONDA CIVIC 2014,1,27500.0,27500.0,Vendedor 1
885,2023-08-01,Cliente 22,SURCO,AUTO HONDA ODISSEY 2013,1,22500.0,22500.0,Vendedor 4
886,2023-08-01,Cliente 43,LA MOLINA,AUTO HONDA CRV 2014,1,28500.0,28500.0,Vendedor 6
887,2023-08-01,Cliente 11,SURCO,AUTO HONDA PILOT 2013,1,34500.0,34500.0,Vendedor 9
888,2023-08-01,Cliente 19,SURCO,AUTO HONDA FIT 2016,1,29500.0,29500.0,Vendedor 2
889,2023-08-01,Cliente 9,SURCO,AUTO HONDA CITY 2016,1,20500.0,20500.0,Vendedor 5
890,2023-08-02,Cliente 23,SURCO,AUTO HONDA ACCORD 2014,1,24500.0,24500.0,Vendedor 4
891,2023-08-02,Cliente 27,SURCO,AUTO HONDA CIVIC 2014,1,27500.0,27500.0,Vendedor 6
892,2023-08-02,Cliente 17,LA MOLINA,AUTO HONDA ODISSEY 2013,1,22500.0,22500.0,Vendedor 10
893,2023-08-02,Cliente 30,SURCO,AUTO HONDA CRV 2014,1,28500.0,28500.0,Vendedor 2
894,2023-08-02,Cliente 4,SURCO,AUTO HONDA PILOT 2013,1,34500.0,34500.0,Vendedor 10
895,2023-08-02,Cliente 31,SURCO,AUTO HONDA FIT 2016,1,29500.0,29500.0,Vendedor 4
896,2023-08-02,Cliente 44,SURCO,AUTO HONDA CITY 2016,1,20500.0,20500.0,Vendedor 7
897,2023-08-03,Cliente 9,LA MOLINA,AUTO HONDA ACCORD 2014,1,24500.0,24500.0,Vendedor 4
898,2023-08-03,Cliente 27,SURCO,AUTO HONDA CIVIC 2014,1,27500.0,27500.0,Vendedor 10
899,2023-08-03,Cliente 10,SURCO,AUTO HONDA PILOT 2013,1,34500.0,34500.0,Vendedor 6
900,2023-08-03,Cliente 50,SURCO,AUTO HONDA CITY 2016,1,20500.0,20500.0,Vendedor 2
901,2023-08-03,Cliente 41,LA MOLINA,ACEITE DE MOTOR 5W30 FULL SINTÉTICO,2,120.9,241.8,Vendedor 3
902,2023-08-03,Cliente 41,LA MOLINA,FILTRO DE COMBUSTIBLE,1,121.0,121.0,Vendedor 1
903,2023-08-03,Cliente 18,LA MOLINA,AMORTIGUADORES DELANTEROS,1,249.7,249.7,Vendedor 4
904,2023-08-03,Cliente 32,SURCO,AMORTIGUADORES POSTERIORES,1,102.9,102.9,Vendedor 2
905,2023-08-03,Cliente 41,LA MOLINA,"LLANTAS 18""",1,98.2,98.2,Vendedor 7
906,2023-08-03,Cliente 28,LA MOLINA,BATERÍA DE 18 PLACAS,1,80.2,80.2,Vendedor 8
907,2023-08-04,Cliente 1,LA MOLINA,AUTO HONDA ACCORD 2014,1,24500.0,24500.0,Vendedor 1
908,2023-08-04,Cliente 47,SURCO,AUTO HONDA CITY 2016,1,20500.0,20500.0,Vendedor 6
909,2023-08-04,Cliente 49,LA MOLINA,ACEITE DE MOTOR 5W30 FULL SINTÉTICO,1,120.9,120.9,Vendedor 9
910,2023-08-04,Cliente 2,SURCO,FILTRO DE COMBUSTIBLE,1,121.0,121.0,Vendedor 1
911,2023-08-04,Cliente 45,SURCO,AMORTIGUADORES DELANTEROS,1,249.7,249.7,Vendedor 6
912,2023-08-04,Cliente 7,SURCO,AMORTIGUADORES POSTERIORES,3,102.9,308.7,Vendedor 7
913,2023-08-04,Cliente 5,SURCO,"LLANTAS 18""",3,98.2,294.6,Vendedor 1
914,2023-08-04,Cliente 19,LA MOLINA,BATERÍA DE 18 PLACAS,1,80.2,80.2,Vendedor 8
915,2023-08-05,Cliente 28,SURCO,AUTO HONDA CITY 2016,1,20500.0,20500.0,Vendedor 3
916,2023-08-05,Cliente 23,LA MOLINA,ACEITE DE MOTOR 5W30 FULL SINTÉTICO,2,120.9,241.8,Vendedor 4
917,2023-08-05,Cliente 2,LA MOLINA,AMORTIGUADORES DELANTEROS,1,249.7,249.7,Vendedor 4
918,2023-08-05,Cliente 14,SURCO,AMORTIGUADORES POSTERIORES,2,102.9,205.8,Vendedor 1
919,2023-08-05,Cliente 24,SURCO,"LLANTAS 18""",2,98.2,196.4,Vendedor 1
920,2023-08-05,Cliente 41,LA MOLINA,BATERÍA DE 18 PLACAS,1,80.2,80.2,Vendedor 5
921,2023-08-06,Cliente 39,SURCO,ACEITE DE MOTOR 5W30 FULL SINTÉTICO,3,120.9,362.7,Vendedor 1
922,2023-08-06,Cliente 4,SURCO,AMORTIGUADORES DELANTEROS,1,249.7,249.7,Vendedor 2
923,2023-08-06,Cliente 25,LA MOLINA,AMORTIGUADORES POSTERIORES,4,102.9,411.6,Vendedor 2
924,2023-08-06,Cliente 45,LA MOLINA,"LLANTAS 18""",3,98.2,294.6,Vendedor 3
925,2023-08-06,Cliente 45,SURCO,BATERÍA DE 18 PLACAS,1,80.2,80.2,Vendedor 1
926,2023-08-07,Cliente 43,LA MOLINA,ACEITE DE MOTOR 5W30 FULL SINTÉTICO,2,120.9,241.8,Vendedor 2
927,2023-08-07,Cliente 27,SURCO,AMORTIGUADORES DELANTEROS,2,249.7,499.4,Vendedor 2
928,2023-08-07,Cliente 8,LA MOLINA,AMORTIGUADORES POSTERIORES,1,102.9,102.9,Vendedor 2
929,2023-08-07,Cliente 39,SURCO,"LLANTAS 18""",4,98.2,392.8,Vendedor 4
930,2023-08-07,Cliente 34,LA MOLINA,BATERÍA DE 18 PLACAS,1,80.2,80.2,Vendedor 4
931,2023-08-08,Cliente 19,LA MOLINA,ACEITE DE MOTOR 5W30 FULL SINTÉTICO,2,120.9,241.8,Vendedor 3
932,2023-08-08,Cliente 14,LA MOLINA,AMORTIGUADORES DELANTEROS,1,249.7,249.7,Vendedor 8
933,2023-08-08,Cliente 1,SURCO,AMORTIGUADORES POSTERIORES,3,102.9,308.7,Vendedor 1
934,2023-08-08,Cliente 37,SURCO,"LLANTAS 18""",1,98.2,98.2,Vendedor 8
935,2023-08-08,Cliente 6,SURCO,BATERÍA DE 18 PLACAS,1,80.2,80.2,Vendedor 9
936,2023-08-09,Cliente 47,SURCO,AUTO HONDA ACCORD 2014,1,24500.0,24500.0,Vendedor 2
937,2023-08-09,Cliente 42,LA MOLINA,AUTO HONDA CIVIC 2014,1,27500.0,27500.0,Vendedor 4
938,2023-08-09,Cliente 19,LA MOLINA,AUTO HONDA CRV 2014,1,28500.0,28500.0,Vendedor 5
939,2023-08-09,Cliente 4,SURCO,AUTO HONDA PILOT 2013,1,34500.0,34500.0,Vendedor 2
940,2023-08-09,Cliente 19,SURCO,ACEITE DE MOTOR 5W30 FULL SINTÉTICO,1,120.9,120.9,Vendedor 6
941,2023-08-09,Cliente 48,LA MOLINA,AMORTIGUADORES DELANTEROS,2,249.7,499.4,Vendedor 2
942,2023-08-09,Cliente 1,SURCO,AMORTIGUADORES POSTERIORES,1,102.9,102.9,Vendedor 3
943,2023-08-09,Cliente 23,LA MOLINA,"LLANTAS 18""",2,98.2,196.4,Vendedor 8
944,2023-08-09,Cliente 47,LA MOLINA,BATERÍA DE 18 PLACAS,1,80.2,80.2,Vendedor 2
945,2023-08-10,Cliente 22,LA MOLINA,AUTO HONDA ACCORD 2014,1,24500.0,24500.0,Vendedor 3
946,2023-08-10,Cliente 26,SURCO,AUTO HONDA CIVIC 2014,1,27500.0,27500.0,Vendedor 7
947,2023-08-10,Cliente 18,SURCO,AUTO HONDA PILOT 2013,1,34500.0,34500.0,Vendedor 7
948,2023-08-10,Cliente 27,LA MOLINA,ACEITE DE MOTOR 5W30 FULL SINTÉTICO,1,120.9,120.9,Vendedor 3
949,2023-08-10,Cliente 45,SURCO,AMORTIGUADORES DELANTEROS,1,249.7,249.7,Vendedor 1
950,2023-08-10,Cliente 27,LA MOLINA,AMORTIGUADORES POSTERIORES,2,102.9,205.8,Vendedor 10
951,2023-08-10,Cliente 12,LA MOLINA,"LLANTAS 18""",4,98.2,392.8,Vendedor 10
952,2023-08-10,Cliente 50,SURCO,BATERÍA DE 18 PLACAS,1,80.2,80.2,Vendedor 6
953,2023-08-11,Cliente 44,SURCO,AUTO HONDA ACCORD 2014,1,24500.0,24500.0,Vendedor 3
954,2023-08-11,Cliente 8,SURCO,ACEITE DE MOTOR 5W30 FULL SINTÉTICO,2,120.9,241.8,Vendedor 7
955,2023-08-11,Cliente 5,SURCO,AMORTIGUADORES DELANTEROS,2,249.7,499.4,Vendedor 5
956,2023-08-11,Cliente 46,LA MOLINA,AMORTIGUADORES POSTERIORES,3,102.9,308.7,Vendedor 9
957,2023-08-11,Cliente 34,SURCO,BATERÍA DE 18 PLACAS,1,80.2,80.2,Vendedor 9
958,2023-08-12,Cliente 28,SURCO,ACEITE DE MOTOR 5W30 FULL SINTÉTICO,3,120.9,362.7,Vendedor 4
959,2023-08-12,Cliente 43,LA MOLINA,AMORTIGUADORES DELANTEROS,2,249.7,499.4,Vendedor 7
960,2023-08-12,Cliente 42,SURCO,BATERÍA DE 18 PLACAS,1,80.2,80.2,Vendedor 3
961,2023-08-13,Cliente 32,SURCO,ACEITE DE MOTOR 5W30 FULL SINTÉTICO,1,120.9,120.9,Vendedor 3
962,2023-08-13,Cliente 21,LA MOLINA,AMORTIGUADORES DELANTEROS,1,249.7,249.7,Vendedor 4
963,2023-08-14,Cliente 36,SURCO,AMORTIGUADORES DELANTEROS,3,249.7,749.1,Vendedor 7
964,2023-08-15,Cliente 6,LA MOLINA,AMORTIGUADORES DELANTEROS,2,249.7,499.4,Vendedor 8
965,2023-08-17,Cliente 36,SURCO,ACEITE DE MOTOR 5W30 FULL SINTÉTICO,4,120.9,483.6,Vendedor 9
966,2023-08-17,Cliente 6,SURCO,FILTRO DE COMBUSTIBLE,1,121.0,121.0,Vendedor 10
967,2023-08-17,Cliente 33,LA MOLINA,AMORTIGUADORES DELANTEROS,3,249.7,749.1,Vendedor 9
968,2023-08-17,Cliente 22,LA MOLINA,AMORTIGUADORES POSTERIORES,2,102.9,205.8,Vendedor 6
969,2023-08-17,Cliente 30,SURCO,"LLANTAS 18""",1,98.2,98.2,Vendedor 6
970,2023-08-17,Cliente 46,LA MOLINA,BATERÍA DE 18 PLACAS,2,80.2,160.4,Vendedor 8
971,2023-08-18,Cliente 49,SURCO,ACEITE DE MOTOR 5W30 FULL SINTÉTICO,1,120.9,120.9,Vendedor 4
972,2023-08-18,Cliente 22,LA MOLINA,FILTRO DE COMBUSTIBLE,1,121.0,121.0,Vendedor 6
973,2023-08-18,Cliente 36,LA MOLINA,AMORTIGUADORES DELANTEROS,3,249.7,749.1,Vendedor 9
974,2023-08-18,Cliente 3,SURCO,AMORTIGUADORES POSTERIORES,3,102.9,308.7,Vendedor 3
975,2023-08-18,Cliente 46,SURCO,"LLANTAS 18""",4,98.2,392.8,Vendedor 7
976,2023-08-18,Cliente 40,LA MOLINA,BATERÍA DE 18 PLACAS,1,80.2,80.2,Vendedor 4
977,2023-08-19,Cliente 26,SURCO,ACEITE DE MOTOR 5W30 FULL SINTÉTICO,2,120.9,241.8,Vendedor 4
978,2023-08-19,Cliente 46,SURCO,AMORTIGUADORES DELANTEROS,2,249.7,499.4,Vendedor 6
979,2023-08-19,Cliente 3,LA MOLINA,AMORTIGUADORES POSTERIORES,1,102.9,102.9,Vendedor 10
980,2023-08-19,Cliente 30,LA MOLINA,"LLANTAS 18""",1,98.2,98.2,Vendedor 10
981,2023-08-19,Cliente 1,LA MOLINA,BATERÍA DE 18 PLACAS,1,80.2,80.2,Vendedor 9
982,2023-08-20,Cliente 38,LA MOLINA,ACEITE DE MOTOR 5W30 FULL SINTÉTICO,1,120.9,120.9,Vendedor 8
983,2023-08-20,Cliente 45,SURCO,AMORTIGUADORES DELANTEROS,3,249.7,749.1,Vendedor 10
984,2023-08-20,Cliente 7,SURCO,AMORTIGUADORES POSTERIORES,2,102.9,205.8,Vendedor 7
985,2023-08-20,Cliente 33,LA MOLINA,"LLANTAS 18""",6,98.2,589.2,Vendedor 7
986,2023-08-20,Cliente 18,SURCO,BATERÍA DE 18 PLACAS,2,80.2,160.4,Vendedor 7
987,2023-08-21,Cliente 29,LA MOLINA,ACEITE DE MOTOR 5W30 FULL SINTÉTICO,3,120.9,362.7,Vendedor 3
988,2023-08-21,Cliente 39,LA MOLINA,AMORTIGUADORES DELANTEROS,1,249.7,249.7,Vendedor 9
989,2023-08-21,Cliente 46,LA MOLINA,AMORTIGUADORES POSTERIORES,3,102.9,308.7,Vendedor 9
990,2023-08-21,Cliente 13,SURCO,"LLANTAS 18""",5,98.2,491.0,Vendedor 4
991,2023-08-21,Cliente 44,LA MOLINA,BATERÍA DE 18 PLACAS,1,80.2,80.2,Vendedor 3
992,2023-08-22,Cliente 33,SURCO,ACEITE DE MOTOR 5W30 FULL SINTÉTICO,3,120.9,362.7,Vendedor 9
993,2023-08-22,Cliente 49,SURCO,AMORTIGUADORES DELANTEROS,3,249.7,749.1,Vendedor 6
994,2023-08-22,Cliente 44,LA MOLINA,AMORTIGUADORES POSTERIORES,4,102.9,411.6,Vendedor 9
995,2023-08-22,Cliente 1,LA MOLINA,"LLANTAS 18""",3,98.2,294.6,Vendedor 9
996,2023-08-22,Cliente 25,SURCO,BATERÍA DE 18 PLACAS,1,80.2,80.2,Vendedor 3
997,2023-08-23,Cliente 13,LA MOLINA,ACEITE DE MOTOR 5W30 FULL SINTÉTICO,1,120.9,120.9,Vendedor 5
998,2023-08-23,Cliente 44,LA MOLINA,AMORTIGUADORES DELANTEROS,1,249.7,249.7,Vendedor 5
999,2023-08-23,Cliente 45,SURCO,AMORTIGUADORES POSTERIORES,3,102.9,308.7,Vendedor 5
1000,2023-08-23,Cliente 23,SURCO,BATERÍA DE 18 PLACAS,2,80.2,160.4,Vendedor 8
1001,2023-08-24,Cliente 48,LA MOLINA,ACEITE DE MOTOR 5W30 FULL SINTÉTICO,1,120.9,120.9,Vendedor 9
1002,2023-08-24,Cliente 33,SURCO,AMORTIGUADORES DELANTEROS,2,249.7,499.4,Vendedor 5
1003,2023-08-24,Cliente 25,SURCO,AMORTIGUADORES POSTERIORES,1,102.9,102.9,Vendedor 7
1004,2023-08-25,Cliente 48,LA MOLINA,ACEITE DE MOTOR 5W30 FULL SINTÉTICO,1,120.9,120.9,Vendedor 5
1005,2023-08-25,Cliente 15,SURCO,AMORTIGUADORES POSTERIORES,1,102.9,102.9,Vendedor 6
1006,2023-08-26,Cliente 19,LA MOLINA,ACEITE DE MOTOR 5W30 FULL SINTÉTICO,3,120.9,362.7,Vendedor 8
1007,2023-09-01,Cliente 15,LA MOLINA,AUTO HONDA ACCORD 2014,1,28000.0,28000.0,Vendedor 4
1008,2023-09-01,Cliente 22,LA MOLINA,AUTO HONDA CIVIC 2014,1,26500.0,26500.0,Vendedor 6
1009,2023-09-01,Cliente 14,LA MOLINA,AUTO HONDA ODISSEY 2013,1,22500.0,22500.0,Vendedor 10
1010,2023-09-01,Cliente 36,LA MOLINA,AUTO HONDA CRV 2014,1,25500.0,25500.0,Vendedor 1
1011,2023-09-01,Cliente 43,SURCO,AUTO HONDA FIT 2016,1,33500.0,33500.0,Vendedor 6
1012,2023-09-02,Cliente 44,SURCO,AUTO HONDA ACCORD 2014,1,28000.0,28000.0,Vendedor 6
1013,2023-09-02,Cliente 8,LA MOLINA,AUTO HONDA CIVIC 2014,1,26500.0,26500.0,Vendedor 7
1014,2023-09-02,Cliente 35,LA MOLINA,AUTO HONDA ODISSEY 2013,1,22500.0,22500.0,Vendedor 5
1015,2023-09-02,Cliente 34,SURCO,AUTO HONDA CRV 2014,1,25500.0,25500.0,Vendedor 6
1016,2023-09-02,Cliente 32,SURCO,AUTO HONDA FIT 2016,1,33500.0,33500.0,Vendedor 1
1017,2023-09-03,Cliente 11,SURCO,AUTO HONDA ACCORD 2014,1,28000.0,28000.0,Vendedor 9
1018,2023-09-03,Cliente 41,SURCO,AUTO HONDA CIVIC 2014,1,26500.0,26500.0,Vendedor 2
1019,2023-09-03,Cliente 43,SURCO,AUTO HONDA ODISSEY 2013,1,22500.0,22500.0,Vendedor 4
1020,2023-09-03,Cliente 7,LA MOLINA,AUTO HONDA CRV 2014,1,25500.0,25500.0,Vendedor 4
1021,2023-09-03,Cliente 42,SURCO,AUTO HONDA FIT 2016,1,33500.0,33500.0,Vendedor 2
1022,2023-09-03,Cliente 2,SURCO,ACEITE DE MOTOR 5W30 FULL SINTÉTICO,3,135.5,406.5,Vendedor 8
1023,2023-09-03,Cliente 3,LA MOLINA,FILTRO DE COMBUSTIBLE,1,140.8,140.8,Vendedor 2
1024,2023-09-03,Cliente 12,SURCO,AMORTIGUADORES DELANTEROS,1,218.4,218.4,Vendedor 5
1025,2023-09-03,Cliente 17,SURCO,AMORTIGUADORES POSTERIORES,1,115.8,115.8,Vendedor 7
1026,2023-09-03,Cliente 41,LA MOLINA,"LLANTAS 18""",2,59.8,119.6,Vendedor 7
1027,2023-09-03,Cliente 21,LA MOLINA,BATERÍA DE 18 PLACAS,1,88.4,88.4,Vendedor 1
1028,2023-09-04,Cliente 44,LA MOLINA,AUTO HONDA CIVIC 2014,1,26500.0,26500.0,Vendedor 2
1029,2023-09-04,Cliente 42,SURCO,AUTO HONDA ODISSEY 2013,1,22500.0,22500.0,Vendedor 10
1030,2023-09-04,Cliente 49,SURCO,AUTO HONDA CRV 2014,1,25500.0,25500.0,Vendedor 10
1031,2023-09-04,Cliente 23,SURCO,ACEITE DE MOTOR 5W30 FULL SINTÉTICO,1,135.5,135.5,Vendedor 9
1032,2023-09-04,Cliente 19,SURCO,FILTRO DE COMBUSTIBLE,1,140.8,140.8,Vendedor 5
1033,2023-09-04,Cliente 49,LA MOLINA,AMORTIGUADORES DELANTEROS,1,218.4,218.4,Vendedor 8
1034,2023-09-04,Cliente 43,LA MOLINA,AMORTIGUADORES POSTERIORES,4,115.8,463.2,Vendedor 1
1035,2023-09-04,Cliente 35,SURCO,"LLANTAS 18""",2,59.8,119.6,Vendedor 4
1036,2023-09-04,Cliente 48,SURCO,BATERÍA DE 18 PLACAS,1,88.4,88.4,Vendedor 7
1037,2023-09-05,Cliente 41,LA MOLINA,AUTO HONDA ODISSEY 2013,1,22500.0,22500.0,Vendedor 3
1038,2023-09-05,Cliente 1,LA MOLINA,ACEITE DE MOTOR 5W30 FULL SINTÉTICO,2,135.5,271.0,Vendedor 9
1039,2023-09-05,Cliente 3,SURCO,AMORTIGUADORES DELANTEROS,2,218.4,436.8,Vendedor 1
1040,2023-09-05,Cliente 20,SURCO,AMORTIGUADORES POSTERIORES,4,115.8,463.2,Vendedor 4
1041,2023-09-05,Cliente 27,SURCO,"LLANTAS 18""",2,59.8,119.6,Vendedor 9
1042,2023-09-05,Cliente 11,SURCO,BATERÍA DE 18 PLACAS,1,88.4,88.4,Vendedor 3
1043,2023-09-06,Cliente 40,SURCO,AUTO HONDA ODISSEY 2013,1,22500.0,22500.0,Vendedor 5
1044,2023-09-06,Cliente 12,SURCO,ACEITE DE MOTOR 5W30 FULL SINTÉTICO,1,135.5,135.5,Vendedor 10
1045,2023-09-06,Cliente 42,LA MOLINA,AMORTIGUADORES DELANTEROS,1,218.4,218.4,Vendedor 9
1046,2023-09-06,Cliente 43,LA MOLINA,AMORTIGUADORES POSTERIORES,1,115.8,115.8,Vendedor 2
1047,2023-09-06,Cliente 13,SURCO,"LLANTAS 18""",2,59.8,119.6,Vendedor 10
1048,2023-09-06,Cliente 22,LA MOLINA,BATERÍA DE 18 PLACAS,1,88.4,88.4,Vendedor 6
1049,2023-09-07,Cliente 43,SURCO,AUTO HONDA ODISSEY 2013,1,22500.0,22500.0,Vendedor 4
1050,2023-09-07,Cliente 40,LA MOLINA,ACEITE DE MOTOR 5W30 FULL SINTÉTICO,1,135.5,135.5,Vendedor 2
1051,2023-09-07,Cliente 32,LA MOLINA,AMORTIGUADORES DELANTEROS,2,218.4,436.8,Vendedor 8
1052,2023-09-07,Cliente 45,LA MOLINA,AMORTIGUADORES POSTERIORES,3,115.8,347.4,Vendedor 10
1053,2023-09-07,Cliente 21,LA MOLINA,"LLANTAS 18""",1,59.8,59.8,Vendedor 7
1054,2023-09-07,Cliente 1,SURCO,BATERÍA DE 18 PLACAS,1,88.4,88.4,Vendedor 6
1055,2023-09-08,Cliente 15,LA MOLINA,AUTO HONDA ODISSEY 2013,1,22500.0,22500.0,Vendedor 7
1056,2023-09-08,Cliente 9,LA MOLINA,ACEITE DE MOTOR 5W30 FULL SINTÉTICO,2,135.5,271.0,Vendedor 6
1057,2023-09-08,Cliente 29,LA MOLINA,AMORTIGUADORES DELANTEROS,4,218.4,873.6,Vendedor 6
1058,2023-09-08,Cliente 36,LA MOLINA,AMORTIGUADORES POSTERIORES,2,115.8,231.6,Vendedor 2
1059,2023-09-08,Cliente 18,SURCO,"LLANTAS 18""",1,59.8,59.8,Vendedor 3
1060,2023-09-08,Cliente 17,SURCO,BATERÍA DE 18 PLACAS,1,88.4,88.4,Vendedor 2
1061,2023-09-09,Cliente 2,SURCO,AUTO HONDA ODISSEY 2013,1,22500.0,22500.0,Vendedor 9
1062,2023-09-09,Cliente 38,SURCO,AUTO HONDA PILOT 2013,1,24000.0,24000.0,Vendedor 10
1063,2023-09-09,Cliente 50,SURCO,AUTO HONDA CITY 2016,1,19500.0,19500.0,Vendedor 10
1064,2023-09-09,Cliente 36,SURCO,ACEITE DE MOTOR 5W30 FULL SINTÉTICO,1,135.5,135.5,Vendedor 5
1065,2023-09-09,Cliente 42,LA MOLINA,AMORTIGUADORES DELANTEROS,2,218.4,436.8,Vendedor 3
1066,2023-09-09,Cliente 15,SURCO,AMORTIGUADORES POSTERIORES,3,115.8,347.4,Vendedor 10
1067,2023-09-09,Cliente 30,SURCO,"LLANTAS 18""",2,59.8,119.6,Vendedor 9
1068,2023-09-09,Cliente 26,SURCO,BATERÍA DE 18 PLACAS,1,88.4,88.4,Vendedor 6
1069,2023-09-10,Cliente 43,SURCO,AUTO HONDA PILOT 2013,1,24000.0,24000.0,Vendedor 4
1070,2023-09-10,Cliente 49,SURCO,AUTO HONDA CITY 2016,1,19500.0,19500.0,Vendedor 9
1071,2023-09-10,Cliente 11,LA MOLINA,ACEITE DE MOTOR 5W30 FULL SINTÉTICO,1,135.5,135.5,Vendedor 3
1072,2023-09-10,Cliente 48,SURCO,AMORTIGUADORES DELANTEROS,5,218.4,1092.0,Vendedor 8
1073,2023-09-10,Cliente 15,SURCO,AMORTIGUADORES POSTERIORES,2,115.8,231.6,Vendedor 8
1074,2023-09-10,Cliente 17,SURCO,"LLANTAS 18""",1,59.8,59.8,Vendedor 6
1075,2023-09-10,Cliente 3,LA MOLINA,BATERÍA DE 18 PLACAS,1,88.4,88.4,Vendedor 4
1076,2023-09-11,Cliente 25,SURCO,AUTO HONDA PILOT 2013,1,24000.0,24000.0,Vendedor 8
1077,2023-09-11,Cliente 3,SURCO,AUTO HONDA CITY 2016,1,19500.0,19500.0,Vendedor 1
1078,2023-09-11,Cliente 7,LA MOLINA,ACEITE DE MOTOR 5W30 FULL SINTÉTICO,3,135.5,406.5,Vendedor 9
1079,2023-09-11,Cliente 38,SURCO,AMORTIGUADORES DELANTEROS,2,218.4,436.8,Vendedor 9
1080,2023-09-11,Cliente 24,LA MOLINA,"LLANTAS 18""",2,59.8,119.6,Vendedor 10
1081,2023-09-11,Cliente 34,LA MOLINA,BATERÍA DE 18 PLACAS,1,88.4,88.4,Vendedor 5
1082,2023-09-12,Cliente 15,SURCO,AUTO HONDA PILOT 2013,1,24000.0,24000.0,Vendedor 9
1083,2023-09-12,Cliente 23,SURCO,AUTO HONDA CITY 2016,1,19500.0,19500.0,Vendedor 6
1084,2023-09-12,Cliente 39,LA MOLINA,ACEITE DE MOTOR 5W30 FULL SINTÉTICO,1,135.5,135.5,Vendedor 1
1085,2023-09-12,Cliente 15,LA MOLINA,"LLANTAS 18""",2,59.8,119.6,Vendedor 2
1086,2023-09-12,Cliente 14,LA MOLINA,BATERÍA DE 18 PLACAS,1,88.4,88.4,Vendedor 3
1087,2023-09-13,Cliente 11,SURCO,AUTO HONDA PILOT 2013,1,24000.0,24000.0,Vendedor 6
1088,2023-09-13,Cliente 43,SURCO,ACEITE DE MOTOR 5W30 FULL SINTÉTICO,3,135.5,406.5,Vendedor 4
1089,2023-09-13,Cliente 44,LA MOLINA,"LLANTAS 18""",1,59.8,59.8,Vendedor 8
1090,2023-09-14,Cliente 38,SURCO,ACEITE DE MOTOR 5W30 FULL SINTÉTICO,1,135.5,135.5,Vendedor 3
1091,2023-09-14,Cliente 3,LA MOLINA,"LLANTAS 18""",1,59.8,59.8,Vendedor 3
1092,2023-09-15,Cliente 4,LA MOLINA,"LLANTAS 18""",1,59.8,59.8,Vendedor 3
1093,2023-09-17,Cliente 29,SURCO,ACEITE DE MOTOR 5W30 FULL SINTÉTICO,1,135.5,135.5,Vendedor 10
1094,2023-09-17,Cliente 31,LA MOLINA,FILTRO DE COMBUSTIBLE,1,140.8,140.8,Vendedor 3
1095,2023-09-17,Cliente 39,LA MOLINA,AMORTIGUADORES DELANTEROS,2,218.4,436.8,Vendedor 3
1096,2023-09-17,Cliente 40,SURCO,AMORTIGUADORES POSTERIORES,5,115.8,579.0,Vendedor 9
1097,2023-09-17,Cliente 47,SURCO,"LLANTAS 18""",2,59.8,119.6,Vendedor 6
1098,2023-09-17,Cliente 15,SURCO,BATERÍA DE 18 PLACAS,2,88.4,176.8,Vendedor 7
1099,2023-09-18,Cliente 7,SURCO,ACEITE DE MOTOR 5W30 FULL SINTÉTICO,4,135.5,542.0,Vendedor 1
1100,2023-09-18,Cliente 34,SURCO,FILTRO DE COMBUSTIBLE,1,140.8,140.8,Vendedor 9
1101,2023-09-18,Cliente 10,LA MOLINA,AMORTIGUADORES DELANTEROS,6,218.4,1310.4,Vendedor 10
1102,2023-09-18,Cliente 31,SURCO,AMORTIGUADORES POSTERIORES,1,115.8,115.8,Vendedor 10
1103,2023-09-18,Cliente 35,SURCO,"LLANTAS 18""",3,59.8,179.4,Vendedor 9
1104,2023-09-18,Cliente 31,SURCO,BATERÍA DE 18 PLACAS,1,88.4,88.4,Vendedor 3
1105,2023-09-19,Cliente 50,SURCO,ACEITE DE MOTOR 5W30 FULL SINTÉTICO,5,135.5,677.5,Vendedor 7
1106,2023-09-19,Cliente 3,LA MOLINA,AMORTIGUADORES DELANTEROS,2,218.4,436.8,Vendedor 9
1107,2023-09-19,Cliente 31,SURCO,AMORTIGUADORES POSTERIORES,4,115.8,463.2,Vendedor 7
1108,2023-09-19,Cliente 28,SURCO,"LLANTAS 18""",2,59.8,119.6,Vendedor 3
1109,2023-09-19,Cliente 50,LA MOLINA,BATERÍA DE 18 PLACAS,2,88.4,176.8,Vendedor 4
1110,2023-09-20,Cliente 39,LA MOLINA,ACEITE DE MOTOR 5W30 FULL SINTÉTICO,1,135.5,135.5,Vendedor 9
1111,2023-09-20,Cliente 13,SURCO,AMORTIGUADORES DELANTEROS,7,218.4,1528.8,Vendedor 1
1112,2023-09-20,Cliente 37,LA MOLINA,AMORTIGUADORES POSTERIORES,6,115.8,694.8,Vendedor 9
1113,2023-09-20,Cliente 25,SURCO,"LLANTAS 18""",1,59.8,59.8,Vendedor 4
1114,2023-09-20,Cliente 24,LA MOLINA,BATERÍA DE 18 PLACAS,2,88.4,176.8,Vendedor 2
1115,2023-09-21,Cliente 42,LA MOLINA,ACEITE DE MOTOR 5W30 FULL SINTÉTICO,2,135.5,271.0,Vendedor 10
1116,2023-09-21,Cliente 35,SURCO,AMORTIGUADORES DELANTEROS,3,218.4,655.2,Vendedor 7
1117,2023-09-21,Cliente 44,LA MOLINA,AMORTIGUADORES POSTERIORES,4,115.8,463.2,Vendedor 7
1118,2023-09-21,Cliente 36,LA MOLINA,"LLANTAS 18""",1,59.8,59.8,Vendedor 9
1119,2023-09-21,Cliente 24,SURCO,BATERÍA DE 18 PLACAS,2,88.4,176.8,Vendedor 9
1120,2023-09-22,Cliente 17,LA MOLINA,ACEITE DE MOTOR 5W30 FULL SINTÉTICO,5,135.5,677.5,Vendedor 5
1121,2023-09-22,Cliente 43,SURCO,"LLANTAS 18""",2,59.8,119.6,Vendedor 2
1122,2023-09-22,Cliente 45,LA MOLINA,BATERÍA DE 18 PLACAS,1,88.4,88.4,Vendedor 3
1123,2023-09-23,Cliente 33,LA MOLINA,ACEITE DE MOTOR 5W30 FULL SINTÉTICO,1,135.5,135.5,Vendedor 7
1124,2023-09-23,Cliente 11,LA MOLINA,"LLANTAS 18""",3,59.8,179.4,Vendedor 7
1125,2023-09-24,Cliente 31,LA MOLINA,ACEITE DE MOTOR 5W30 FULL SINTÉTICO,1,135.5,135.5,Vendedor 10
1126,2023-09-24,Cliente 15,LA MOLINA,"LLANTAS 18""",1,59.8,59.8,Vendedor 6
1127,2023-09-25,Cliente 40,LA MOLINA,"LLANTAS 18""",4,59.8,239.2,Vendedor 9
1128,2023-10-01,Cliente 23,LA MOLINA,AUTO HONDA ACCORD 2014,1,26500.0,26500.0,Vendedor 5
1129,2023-10-01,Cliente 39,SURCO,AUTO HONDA CIVIC 2014,1,31500.0,31500.0,Vendedor 4
1130,2023-10-01,Cliente 26,LA MOLINA,AUTO HONDA ODISSEY 2013,1,23500.0,23500.0,Vendedor 10
1131,2023-10-01,Cliente 17,SURCO,AUTO HONDA CRV 2014,1,21000.0,21000.0,Vendedor 3
1132,2023-10-01,Cliente 33,SURCO,AUTO HONDA FIT 2016,1,26000.0,26000.0,Vendedor 2
1133,2023-10-01,Cliente 33,SURCO,AUTO HONDA CITY 2016,1,25000.0,25000.0,Vendedor 5
1134,2023-10-02,Cliente 25,LA MOLINA,AUTO HONDA ACCORD 2014,1,26500.0,26500.0,Vendedor 10
1135,2023-10-02,Cliente 50,LA MOLINA,AUTO HONDA CIVIC 2014,1,31500.0,31500.0,Vendedor 4
1136,2023-10-02,Cliente 50,LA MOLINA,AUTO HONDA CRV 2014,1,21000.0,21000.0,Vendedor 8
1137,2023-10-02,Cliente 38,SURCO,AUTO HONDA FIT 2016,1,26000.0,26000.0,Vendedor 1
1138,2023-10-03,Cliente 41,LA MOLINA,AUTO HONDA ACCORD 2014,1,26500.0,26500.0,Vendedor 4
1139,2023-10-03,Cliente 21,SURCO,AUTO HONDA CRV 2014,1,21000.0,21000.0,Vendedor 7
1140,2023-10-03,Cliente 45,SURCO,ACEITE DE MOTOR 5W30 FULL SINTÉTICO,2,107.2,214.4,Vendedor 5
1141,2023-10-03,Cliente 19,SURCO,FILTRO DE COMBUSTIBLE,1,142.4,142.4,Vendedor 2
1142,2023-10-03,Cliente 5,LA MOLINA,AMORTIGUADORES DELANTEROS,4,280.5,1122.0,Vendedor 9
1143,2023-10-03,Cliente 21,LA MOLINA,AMORTIGUADORES POSTERIORES,1,120.5,120.5,Vendedor 6
1144,2023-10-03,Cliente 12,LA MOLINA,"LLANTAS 18""",1,63.2,63.2,Vendedor 4
1145,2023-10-03,Cliente 48,LA MOLINA,BATERÍA DE 18 PLACAS,1,100.3,100.3,Vendedor 4
1146,2023-10-04,Cliente 48,SURCO,AUTO HONDA ACCORD 2014,1,26500.0,26500.0,Vendedor 4
1147,2023-10-04,Cliente 14,LA MOLINA,AUTO HONDA CRV 2014,1,21000.0,21000.0,Vendedor 4
1148,2023-10-04,Cliente 40,SURCO,ACEITE DE MOTOR 5W30 FULL SINTÉTICO,1,107.2,107.2,Vendedor 6
1149,2023-10-04,Cliente 50,LA MOLINA,FILTRO DE COMBUSTIBLE,1,142.4,142.4,Vendedor 2
1150,2023-10-04,Cliente 44,SURCO,AMORTIGUADORES DELANTEROS,1,280.5,280.5,Vendedor 8
1151,2023-10-04,Cliente 49,SURCO,AMORTIGUADORES POSTERIORES,3,120.5,361.5,Vendedor 9
1152,2023-10-04,Cliente 24,LA MOLINA,"LLANTAS 18""",1,63.2,63.2,Vendedor 10
1153,2023-10-04,Cliente 32,LA MOLINA,BATERÍA DE 18 PLACAS,1,100.3,100.3,Vendedor 10
1154,2023-10-05,Cliente 32,LA MOLINA,AUTO HONDA ACCORD 2014,1,26500.0,26500.0,Vendedor 3
1155,2023-10-05,Cliente 26,LA MOLINA,ACEITE DE MOTOR 5W30 FULL SINTÉTICO,3,107.2,321.6,Vendedor 4
1156,2023-10-05,Cliente 34,SURCO,AMORTIGUADORES DELANTEROS,2,280.5,561.0,Vendedor 7
1157,2023-10-05,Cliente 33,SURCO,AMORTIGUADORES POSTERIORES,2,120.5,241.0,Vendedor 6
1158,2023-10-05,Cliente 30,SURCO,"LLANTAS 18""",2,63.2,126.4,Vendedor 2
1159,2023-10-05,Cliente 21,LA MOLINA,BATERÍA DE 18 PLACAS,1,100.3,100.3,Vendedor 1
1160,2023-10-06,Cliente 25,SURCO,ACEITE DE MOTOR 5W30 FULL SINTÉTICO,1,107.2,107.2,Vendedor 10
1161,2023-10-06,Cliente 24,LA MOLINA,AMORTIGUADORES DELANTEROS,1,280.5,280.5,Vendedor 10
1162,2023-10-06,Cliente 36,SURCO,AMORTIGUADORES POSTERIORES,2,120.5,241.0,Vendedor 5
1163,2023-10-06,Cliente 31,LA MOLINA,"LLANTAS 18""",1,63.2,63.2,Vendedor 10
1164,2023-10-06,Cliente 12,LA MOLINA,BATERÍA DE 18 PLACAS,2,100.3,200.6,Vendedor 8
1165,2023-10-07,Cliente 27,SURCO,ACEITE DE MOTOR 5W30 FULL SINTÉTICO,2,107.2,214.4,Vendedor 6
1166,2023-10-07,Cliente 18,LA MOLINA,AMORTIGUADORES DELANTEROS,3,280.5,841.5,Vendedor 8
1167,2023-10-07,Cliente 37,SURCO,AMORTIGUADORES POSTERIORES,1,120.5,120.5,Vendedor 4
1168,2023-10-07,Cliente 16,LA MOLINA,"LLANTAS 18""",1,63.2,63.2,Vendedor 9
1169,2023-10-07,Cliente 13,SURCO,BATERÍA DE 18 PLACAS,2,100.3,200.6,Vendedor 3
1170,2023-10-08,Cliente 31,SURCO,ACEITE DE MOTOR 5W30 FULL SINTÉTICO,3,107.2,321.6,Vendedor 1
1171,2023-10-08,Cliente 32,LA MOLINA,AMORTIGUADORES DELANTEROS,2,280.5,561.0,Vendedor 3
1172,2023-10-08,Cliente 32,LA MOLINA,AMORTIGUADORES POSTERIORES,3,120.5,361.5,Vendedor 5
1173,2023-10-08,Cliente 26,SURCO,"LLANTAS 18""",2,63.2,126.4,Vendedor 2
1174,2023-10-08,Cliente 14,SURCO,BATERÍA DE 18 PLACAS,1,100.3,100.3,Vendedor 5
1175,2023-10-09,Cliente 29,SURCO,ACEITE DE MOTOR 5W30 FULL SINTÉTICO,1,107.2,107.2,Vendedor 6
1176,2023-10-09,Cliente 24,SURCO,AMORTIGUADORES DELANTEROS,3,280.5,841.5,Vendedor 9
1177,2023-10-09,Cliente 23,LA MOLINA,AMORTIGUADORES POSTERIORES,3,120.5,361.5,Vendedor 1
1178,2023-10-09,Cliente 23,SURCO,"LLANTAS 18""",2,63.2,126.4,Vendedor 10
1179,2023-10-09,Cliente 50,SURCO,BATERÍA DE 18 PLACAS,1,100.3,100.3,Vendedor 5
1180,2023-10-10,Cliente 21,LA MOLINA,AUTO HONDA ODISSEY 2013,1,23500.0,23500.0,Vendedor 9
1181,2023-10-10,Cliente 50,SURCO,AUTO HONDA PILOT 2013,1,24000.0,24000.0,Vendedor 8
1182,2023-10-10,Cliente 25,SURCO,AUTO HONDA FIT 2016,1,26000.0,26000.0,Vendedor 10
1183,2023-10-10,Cliente 30,SURCO,AUTO HONDA CITY 2016,1,25000.0,25000.0,Vendedor 3
1184,2023-10-10,Cliente 27,LA MOLINA,ACEITE DE MOTOR 5W30 FULL SINTÉTICO,1,107.2,107.2,Vendedor 10
1185,2023-10-10,Cliente 5,SURCO,AMORTIGUADORES DELANTEROS,4,280.5,1122.0,Vendedor 2
1186,2023-10-10,Cliente 15,LA MOLINA,AMORTIGUADORES POSTERIORES,1,120.5,120.5,Vendedor 6
1187,2023-10-10,Cliente 46,LA MOLINA,"LLANTAS 18""",2,63.2,126.4,Vendedor 5
1188,2023-10-10,Cliente 29,SURCO,BATERÍA DE 18 PLACAS,1,100.3,100.3,Vendedor 6
1189,2023-10-11,Cliente 27,LA MOLINA,AUTO HONDA ODISSEY 2013,1,23500.0,23500.0,Vendedor 3
1190,2023-10-11,Cliente 2,SURCO,AUTO HONDA PILOT 2013,1,24000.0,24000.0,Vendedor 3
1191,2023-10-11,Cliente 43,SURCO,AUTO HONDA FIT 2016,1,26000.0,26000.0,Vendedor 5
1192,2023-10-11,Cliente 14,SURCO,AUTO HONDA CITY 2016,1,25000.0,25000.0,Vendedor 3
1193,2023-10-11,Cliente 7,LA MOLINA,ACEITE DE MOTOR 5W30 FULL SINTÉTICO,2,107.2,214.4,Vendedor 2
1194,2023-10-11,Cliente 2,SURCO,AMORTIGUADORES POSTERIORES,2,120.5,241.0,Vendedor 7
1195,2023-10-11,Cliente 7,SURCO,"LLANTAS 18""",3,63.2,189.6,Vendedor 5
1196,2023-10-12,Cliente 42,SURCO,AUTO HONDA ODISSEY 2013,1,23500.0,23500.0,Vendedor 7
1197,2023-10-12,Cliente 15,SURCO,AUTO HONDA PILOT 2013,1,24000.0,24000.0,Vendedor 4
1198,2023-10-12,Cliente 29,SURCO,AUTO HONDA FIT 2016,1,26000.0,26000.0,Vendedor 3
1199,2023-10-12,Cliente 34,SURCO,AUTO HONDA CITY 2016,1,25000.0,25000.0,Vendedor 3
1200,2023-10-12,Cliente 43,LA MOLINA,ACEITE DE MOTOR 5W30 FULL SINTÉTICO,1,107.2,107.2,Vendedor 6
1201,2023-10-12,Cliente 35,LA MOLINA,AMORTIGUADORES POSTERIORES,2,120.5,241.0,Vendedor 5
1202,2023-10-12,Cliente 9,LA MOLINA,"LLANTAS 18""",3,63.2,189.6,Vendedor 9
1203,2023-10-13,Cliente 41,LA MOLINA,AUTO HONDA ODISSEY 2013,1,23500.0,23500.0,Vendedor 10
1204,2023-10-13,Cliente 34,SURCO,AUTO HONDA PILOT 2013,1,24000.0,24000.0,Vendedor 9
1205,2023-10-13,Cliente 23,SURCO,AUTO HONDA CITY 2016,1,25000.0,25000.0,Vendedor 8
1206,2023-10-13,Cliente 6,LA MOLINA,ACEITE DE MOTOR 5W30 FULL SINTÉTICO,3,107.2,321.6,Vendedor 8
1207,2023-10-13,Cliente 10,LA MOLINA,"LLANTAS 18""",1,63.2,63.2,Vendedor 5
1208,2023-10-14,Cliente 34,SURCO,AUTO HONDA PILOT 2013,1,24000.0,24000.0,Vendedor 3
1209,2023-10-14,Cliente 45,SURCO,"LLANTAS 18""",1,63.2,63.2,Vendedor 8
1210,2023-10-17,Cliente 16,LA MOLINA,ACEITE DE MOTOR 5W30 FULL SINTÉTICO,4,107.2,428.8,Vendedor 3
1211,2023-10-17,Cliente 25,LA MOLINA,FILTRO DE COMBUSTIBLE,1,142.4,142.4,Vendedor 4
1212,2023-10-17,Cliente 28,SURCO,AMORTIGUADORES DELANTEROS,3,280.5,841.5,Vendedor 4
1213,2023-10-17,Cliente 42,LA MOLINA,AMORTIGUADORES POSTERIORES,3,120.5,361.5,Vendedor 9
1214,2023-10-17,Cliente 13,LA MOLINA,"LLANTAS 18""",2,63.2,126.4,Vendedor 2
1215,2023-10-17,Cliente 19,SURCO,BATERÍA DE 18 PLACAS,1,100.3,100.3,Vendedor 2
1216,2023-10-18,Cliente 18,LA MOLINA,ACEITE DE MOTOR 5W30 FULL SINTÉTICO,4,107.2,428.8,Vendedor 10
1217,2023-10-18,Cliente 13,SURCO,FILTRO DE COMBUSTIBLE,1,142.4,142.4,Vendedor 6
1218,2023-10-18,Cliente 4,SURCO,AMORTIGUADORES DELANTEROS,1,280.5,280.5,Vendedor 9
1219,2023-10-18,Cliente 7,SURCO,AMORTIGUADORES POSTERIORES,1,120.5,120.5,Vendedor 5
1220,2023-10-18,Cliente 46,SURCO,"LLANTAS 18""",3,63.2,189.6,Vendedor 8
1221,2023-10-18,Cliente 15,SURCO,BATERÍA DE 18 PLACAS,3,100.3,300.9,Vendedor 2
1222,2023-10-19,Cliente 32,SURCO,ACEITE DE MOTOR 5W30 FULL SINTÉTICO,2,107.2,214.4,Vendedor 4
1223,2023-10-19,Cliente 20,LA MOLINA,AMORTIGUADORES DELANTEROS,6,280.5,1683.0,Vendedor 8
1224,2023-10-19,Cliente 45,LA MOLINA,AMORTIGUADORES POSTERIORES,3,120.5,361.5,Vendedor 1
1225,2023-10-19,Cliente 49,SURCO,"LLANTAS 18""",3,63.2,189.6,Vendedor 3
1226,2023-10-19,Cliente 50,LA MOLINA,BATERÍA DE 18 PLACAS,1,100.3,100.3,Vendedor 7
1227,2023-10-20,Cliente 12,LA MOLINA,ACEITE DE MOTOR 5W30 FULL SINTÉTICO,1,107.2,107.2,Vendedor 4
1228,2023-10-20,Cliente 1,LA MOLINA,AMORTIGUADORES DELANTEROS,4,280.5,1122.0,Vendedor 2
1229,2023-10-20,Cliente 50,LA MOLINA,AMORTIGUADORES POSTERIORES,2,120.5,241.0,Vendedor 8
1230,2023-10-20,Cliente 13,SURCO,"LLANTAS 18""",2,63.2,126.4,Vendedor 8
1231,2023-10-20,Cliente 34,SURCO,BATERÍA DE 18 PLACAS,1,100.3,100.3,Vendedor 4
1232,2023-10-21,Cliente 44,LA MOLINA,ACEITE DE MOTOR 5W30 FULL SINTÉTICO,1,107.2,107.2,Vendedor 5
1233,2023-10-21,Cliente 41,SURCO,AMORTIGUADORES DELANTEROS,6,280.5,1683.0,Vendedor 1
1234,2023-10-21,Cliente 17,SURCO,AMORTIGUADORES POSTERIORES,5,120.5,602.5,Vendedor 8
1235,2023-10-21,Cliente 24,SURCO,"LLANTAS 18""",2,63.2,126.4,Vendedor 1
1236,2023-10-21,Cliente 8,LA MOLINA,BATERÍA DE 18 PLACAS,3,100.3,300.9,Vendedor 4
1237,2023-10-22,Cliente 1,SURCO,ACEITE DE MOTOR 5W30 FULL SINTÉTICO,4,107.2,428.8,Vendedor 3
1238,2023-10-22,Cliente 26,SURCO,AMORTIGUADORES POSTERIORES,4,120.5,482.0,Vendedor 4
1239,2023-10-22,Cliente 38,LA MOLINA,"LLANTAS 18""",1,63.2,63.2,Vendedor 8
1240,2023-10-22,Cliente 24,LA MOLINA,BATERÍA DE 18 PLACAS,1,100.3,100.3,Vendedor 2
1241,2023-10-23,Cliente 32,SURCO,ACEITE DE MOTOR 5W30 FULL SINTÉTICO,2,107.2,214.4,Vendedor 2
1242,2023-10-23,Cliente 4,LA MOLINA,AMORTIGUADORES POSTERIORES,2,120.5,241.0,Vendedor 6
1243,2023-10-23,Cliente 9,LA MOLINA,"LLANTAS 18""",2,63.2,126.4,Vendedor 8
1244,2023-10-24,Cliente 29,SURCO,ACEITE DE MOTOR 5W30 FULL SINTÉTICO,2,107.2,214.4,Vendedor 4
1245,2023-10-24,Cliente 17,LA MOLINA,"LLANTAS 18""",3,63.2,189.6,Vendedor 1
1246,2023-10-25,Cliente 13,LA MOLINA,"LLANTAS 18""",2,63.2,126.4,Vendedor 10
1247,2023-11-01,Cliente 3,SURCO,AUTO HONDA ACCORD 2014,1,24500.0,24500.0,Vendedor 3
1248,2023-11-01,Cliente 3,SURCO,AUTO HONDA CIVIC 2014,1,32500.0,32500.0,Vendedor 4
1249,2023-11-01,Cliente 32,SURCO,AUTO HONDA ODISSEY 2013,1,23500.0,23500.0,Vendedor 4
1250,2023-11-01,Cliente 3,SURCO,AUTO HONDA CRV 2014,1,21000.0,21000.0,Vendedor 10
1251,2023-11-02,Cliente 4,LA MOLINA,AUTO HONDA ACCORD 2014,1,24500.0,24500.0,Vendedor 6
1252,2023-11-02,Cliente 39,SURCO,AUTO HONDA CIVIC 2014,1,32500.0,32500.0,Vendedor 2
1253,2023-11-02,Cliente 14,SURCO,AUTO HONDA ODISSEY 2013,1,23500.0,23500.0,Vendedor 8
1254,2023-11-02,Cliente 30,SURCO,AUTO HONDA CRV 2014,1,21000.0,21000.0,Vendedor 1
1255,2023-11-03,Cliente 40,SURCO,AUTO HONDA ACCORD 2014,1,24500.0,24500.0,Vendedor 5
1256,2023-11-03,Cliente 47,SURCO,AUTO HONDA CIVIC 2014,1,32500.0,32500.0,Vendedor 2
1257,2023-11-03,Cliente 5,LA MOLINA,AUTO HONDA ODISSEY 2013,1,23500.0,23500.0,Vendedor 4
1258,2023-11-03,Cliente 7,SURCO,AUTO HONDA CRV 2014,1,21000.0,21000.0,Vendedor 4
1259,2023-11-03,Cliente 13,SURCO,ACEITE DE MOTOR 5W30 FULL SINTÉTICO,2,133.5,267.0,Vendedor 9
1260,2023-11-03,Cliente 37,SURCO,FILTRO DE COMBUSTIBLE,1,141.1,141.1,Vendedor 3
1261,2023-11-03,Cliente 48,LA MOLINA,AMORTIGUADORES DELANTEROS,3,285.2,855.6,Vendedor 2
1262,2023-11-03,Cliente 45,LA MOLINA,AMORTIGUADORES POSTERIORES,3,126.2,378.6,Vendedor 7
1263,2023-11-03,Cliente 12,SURCO,"LLANTAS 18""",1,73.1,73.1,Vendedor 9
1264,2023-11-03,Cliente 33,LA MOLINA,BATERÍA DE 18 PLACAS,1,96.1,96.1,Vendedor 6
1265,2023-11-04,Cliente 35,SURCO,AUTO HONDA ACCORD 2014,1,24500.0,24500.0,Vendedor 10
1266,2023-11-04,Cliente 23,LA MOLINA,AUTO HONDA CIVIC 2014,1,32500.0,32500.0,Vendedor 6
1267,2023-11-04,Cliente 24,SURCO,AUTO HONDA ODISSEY 2013,1,23500.0,23500.0,Vendedor 7
1268,2023-11-04,Cliente 47,LA MOLINA,AUTO HONDA CRV 2014,1,21000.0,21000.0,Vendedor 6
1269,2023-11-04,Cliente 25,SURCO,ACEITE DE MOTOR 5W30 FULL SINTÉTICO,1,133.5,133.5,Vendedor 9
1270,2023-11-04,Cliente 24,LA MOLINA,FILTRO DE COMBUSTIBLE,1,141.1,141.1,Vendedor 8
1271,2023-11-04,Cliente 1,LA MOLINA,AMORTIGUADORES DELANTEROS,2,285.2,570.4,Vendedor 1
1272,2023-11-04,Cliente 34,SURCO,AMORTIGUADORES POSTERIORES,3,126.2,378.6,Vendedor 3
1273,2023-11-04,Cliente 20,SURCO,"LLANTAS 18""",2,73.1,146.2,Vendedor 4
1274,2023-11-04,Cliente 21,SURCO,BATERÍA DE 18 PLACAS,1,96.1,96.1,Vendedor 1
1275,2023-11-05,Cliente 36,LA MOLINA,AUTO HONDA CIVIC 2014,1,32500.0,32500.0,Vendedor 9
1276,2023-11-05,Cliente 7,SURCO,AUTO HONDA ODISSEY 2013,1,23500.0,23500.0,Vendedor 1
1277,2023-11-05,Cliente 10,LA MOLINA,ACEITE DE MOTOR 5W30 FULL SINTÉTICO,2,133.5,267.0,Vendedor 3
1278,2023-11-05,Cliente 38,LA MOLINA,AMORTIGUADORES DELANTEROS,3,285.2,855.6,Vendedor 4
1279,2023-11-05,Cliente 20,LA MOLINA,AMORTIGUADORES POSTERIORES,2,126.2,252.4,Vendedor 2
1280,2023-11-05,Cliente 37,LA MOLINA,"LLANTAS 18""",3,73.1,219.3,Vendedor 4
1281,2023-11-05,Cliente 47,SURCO,BATERÍA DE 18 PLACAS,1,96.1,96.1,Vendedor 6
1282,2023-11-06,Cliente 32,SURCO,ACEITE DE MOTOR 5W30 FULL SINTÉTICO,2,133.5,267.0,Vendedor 10
1283,2023-11-06,Cliente 3,LA MOLINA,AMORTIGUADORES DELANTEROS,1,285.2,285.2,Vendedor 10
1284,2023-11-06,Cliente 50,SURCO,AMORTIGUADORES POSTERIORES,4,126.2,504.8,Vendedor 1
1285,2023-11-06,Cliente 28,LA MOLINA,"LLANTAS 18""",2,73.1,146.2,Vendedor 7
1286,2023-11-06,Cliente 50,SURCO,BATERÍA DE 18 PLACAS,1,96.1,96.1,Vendedor 4
1287,2023-11-07,Cliente 4,LA MOLINA,ACEITE DE MOTOR 5W30 FULL SINTÉTICO,1,133.5,133.5,Vendedor 5
1288,2023-11-07,Cliente 35,LA MOLINA,AMORTIGUADORES DELANTEROS,1,285.2,285.2,Vendedor 10
1289,2023-11-07,Cliente 33,LA MOLINA,AMORTIGUADORES POSTERIORES,2,126.2,252.4,Vendedor 4
1290,2023-11-07,Cliente 44,SURCO,"LLANTAS 18""",1,73.1,73.1,Vendedor 7
1291,2023-11-07,Cliente 49,LA MOLINA,BATERÍA DE 18 PLACAS,1,96.1,96.1,Vendedor 10
1292,2023-11-08,Cliente 28,SURCO,ACEITE DE MOTOR 5W30 FULL SINTÉTICO,1,133.5,133.5,Vendedor 5
1293,2023-11-08,Cliente 9,SURCO,AMORTIGUADORES DELANTEROS,4,285.2,1140.8,Vendedor 6
1294,2023-11-08,Cliente 37,LA MOLINA,AMORTIGUADORES POSTERIORES,1,126.2,126.2,Vendedor 1
1295,2023-11-08,Cliente 17,LA MOLINA,"LLANTAS 18""",3,73.1,219.3,Vendedor 2
1296,2023-11-08,Cliente 33,LA MOLINA,BATERÍA DE 18 PLACAS,1,96.1,96.1,Vendedor 7
1297,2023-11-09,Cliente 49,SURCO,AUTO HONDA PILOT 2013,1,26000.0,26000.0,Vendedor 3
1298,2023-11-09,Cliente 36,SURCO,AUTO HONDA FIT 2016,1,25500.0,25500.0,Vendedor 4
1299,2023-11-09,Cliente 26,SURCO,AUTO HONDA CITY 2016,1,20000.0,20000.0,Vendedor 10
1300,2023-11-09,Cliente 16,SURCO,ACEITE DE MOTOR 5W30 FULL SINTÉTICO,1,133.5,133.5,Vendedor 2
1301,2023-11-09,Cliente 21,SURCO,AMORTIGUADORES DELANTEROS,3,285.2,855.6,Vendedor 10
1302,2023-11-09,Cliente 43,SURCO,AMORTIGUADORES POSTERIORES,1,126.2,126.2,Vendedor 7
1303,2023-11-09,Cliente 23,LA MOLINA,"LLANTAS 18""",2,73.1,146.2,Vendedor 4
1304,2023-11-09,Cliente 23,LA MOLINA,BATERÍA DE 18 PLACAS,1,96.1,96.1,Vendedor 10
1305,2023-11-10,Cliente 50,SURCO,AUTO HONDA PILOT 2013,1,26000.0,26000.0,Vendedor 5
1306,2023-11-10,Cliente 23,SURCO,AUTO HONDA FIT 2016,1,25500.0,25500.0,Vendedor 10
1307,2023-11-10,Cliente 40,SURCO,AUTO HONDA CITY 2016,1,20000.0,20000.0,Vendedor 3
1308,2023-11-10,Cliente 15,SURCO,ACEITE DE MOTOR 5W30 FULL SINTÉTICO,2,133.5,267.0,Vendedor 4
1309,2023-11-10,Cliente 49,SURCO,AMORTIGUADORES DELANTEROS,3,285.2,855.6,Vendedor 2
1310,2023-11-10,Cliente 16,SURCO,AMORTIGUADORES POSTERIORES,1,126.2,126.2,Vendedor 10
1311,2023-11-10,Cliente 1,SURCO,"LLANTAS 18""",2,73.1,146.2,Vendedor 6
1312,2023-11-10,Cliente 20,SURCO,BATERÍA DE 18 PLACAS,1,96.1,96.1,Vendedor 8
1313,2023-11-11,Cliente 2,SURCO,AUTO HONDA PILOT 2013,1,26000.0,26000.0,Vendedor 6
1314,2023-11-11,Cliente 48,SURCO,AUTO HONDA FIT 2016,1,25500.0,25500.0,Vendedor 9
1315,2023-11-11,Cliente 14,SURCO,AUTO HONDA CITY 2016,1,20000.0,20000.0,Vendedor 9
1316,2023-11-11,Cliente 40,LA MOLINA,ACEITE DE MOTOR 5W30 FULL SINTÉTICO,2,133.5,267.0,Vendedor 3
1317,2023-11-11,Cliente 17,SURCO,AMORTIGUADORES POSTERIORES,1,126.2,126.2,Vendedor 3
1318,2023-11-11,Cliente 13,SURCO,"LLANTAS 18""",1,73.1,73.1,Vendedor 10
1319,2023-11-11,Cliente 4,LA MOLINA,BATERÍA DE 18 PLACAS,1,96.1,96.1,Vendedor 8
1320,2023-11-12,Cliente 5,SURCO,AUTO HONDA FIT 2016,1,25500.0,25500.0,Vendedor 7
1321,2023-11-12,Cliente 43,SURCO,AUTO HONDA CITY 2016,1,20000.0,20000.0,Vendedor 6
1322,2023-11-12,Cliente 19,SURCO,ACEITE DE MOTOR 5W30 FULL SINTÉTICO,1,133.5,133.5,Vendedor 7
1323,2023-11-12,Cliente 21,LA MOLINA,AMORTIGUADORES POSTERIORES,2,126.2,252.4,Vendedor 8
1324,2023-11-12,Cliente 13,SURCO,"LLANTAS 18""",1,73.1,73.1,Vendedor 9
1325,2023-11-12,Cliente 36,SURCO,BATERÍA DE 18 PLACAS,1,96.1,96.1,Vendedor 1
1326,2023-11-13,Cliente 16,SURCO,AUTO HONDA CITY 2016,1,20000.0,20000.0,Vendedor 9
1327,2023-11-13,Cliente 32,LA MOLINA,ACEITE DE MOTOR 5W30 FULL SINTÉTICO,2,133.5,267.0,Vendedor 7
1328,2023-11-13,Cliente 23,SURCO,"LLANTAS 18""",2,73.1,146.2,Vendedor 5
1329,2023-11-14,Cliente 4,LA MOLINA,ACEITE DE MOTOR 5W30 FULL SINTÉTICO,1,133.5,133.5,Vendedor 5
1330,2023-11-15,Cliente 22,LA MOLINA,ACEITE DE MOTOR 5W30 FULL SINTÉTICO,1,133.5,133.5,Vendedor 7
1331,2023-11-16,Cliente 37,LA MOLINA,ACEITE DE MOTOR 5W30 FULL SINTÉTICO,1,133.5,133.5,Vendedor 3
1332,2023-11-17,Cliente 14,SURCO,ACEITE DE MOTOR 5W30 FULL SINTÉTICO,2,133.5,267.0,Vendedor 3
1333,2023-11-17,Cliente 9,SURCO,FILTRO DE COMBUSTIBLE,1,141.1,141.1,Vendedor 5
1334,2023-11-17,Cliente 28,SURCO,AMORTIGUADORES DELANTEROS,6,285.2,1711.2,Vendedor 3
1335,2023-11-17,Cliente 5,LA MOLINA,AMORTIGUADORES POSTERIORES,3,126.2,378.6,Vendedor 9
1336,2023-11-17,Cliente 12,SURCO,"LLANTAS 18""",5,73.1,365.5,Vendedor 6
1337,2023-11-17,Cliente 49,SURCO,BATERÍA DE 18 PLACAS,1,96.1,96.1,Vendedor 6
1338,2023-11-18,Cliente 20,LA MOLINA,ACEITE DE MOTOR 5W30 FULL SINTÉTICO,2,133.5,267.0,Vendedor 8
1339,2023-11-18,Cliente 10,LA MOLINA,FILTRO DE COMBUSTIBLE,1,141.1,141.1,Vendedor 4
1340,2023-11-18,Cliente 12,SURCO,AMORTIGUADORES DELANTEROS,1,285.2,285.2,Vendedor 1
1341,2023-11-18,Cliente 39,SURCO,AMORTIGUADORES POSTERIORES,5,126.2,631.0,Vendedor 4
1342,2023-11-18,Cliente 23,SURCO,"LLANTAS 18""",2,73.1,146.2,Vendedor 2
1343,2023-11-18,Cliente 33,SURCO,BATERÍA DE 18 PLACAS,2,96.1,192.2,Vendedor 10
1344,2023-11-19,Cliente 12,LA MOLINA,ACEITE DE MOTOR 5W30 FULL SINTÉTICO,2,133.5,267.0,Vendedor 7
1345,2023-11-19,Cliente 9,LA MOLINA,AMORTIGUADORES DELANTEROS,4,285.2,1140.8,Vendedor 3
1346,2023-11-19,Cliente 3,SURCO,AMORTIGUADORES POSTERIORES,4,126.2,504.8,Vendedor 7
1347,2023-11-19,Cliente 27,LA MOLINA,"LLANTAS 18""",1,73.1,73.1,Vendedor 4
1348,2023-11-19,Cliente 5,SURCO,BATERÍA DE 18 PLACAS,1,96.1,96.1,Vendedor 3
1349,2023-11-20,Cliente 45,LA MOLINA,ACEITE DE MOTOR 5W30 FULL SINTÉTICO,2,133.5,267.0,Vendedor 6
1350,2023-11-20,Cliente 16,LA MOLINA,AMORTIGUADORES DELANTEROS,6,285.2,1711.2,Vendedor 7
1351,2023-11-20,Cliente 39,SURCO,AMORTIGUADORES POSTERIORES,1,126.2,126.2,Vendedor 7
1352,2023-11-20,Cliente 26,LA MOLINA,"LLANTAS 18""",6,73.1,438.6,Vendedor 10
1353,2023-11-20,Cliente 29,SURCO,BATERÍA DE 18 PLACAS,1,96.1,96.1,Vendedor 8
1354,2023-11-21,Cliente 34,SURCO,ACEITE DE MOTOR 5W30 FULL SINTÉTICO,1,133.5,133.5,Vendedor 9
1355,2023-11-21,Cliente 36,SURCO,AMORTIGUADORES DELANTEROS,3,285.2,855.6,Vendedor 7
1356,2023-11-21,Cliente 13,LA MOLINA,AMORTIGUADORES POSTERIORES,7,126.2,883.4,Vendedor 5
1357,2023-11-21,Cliente 20,LA MOLINA,"LLANTAS 18""",3,73.1,219.3,Vendedor 5
1358,2023-11-21,Cliente 28,LA MOLINA,BATERÍA DE 18 PLACAS,2,96.1,192.2,Vendedor 5
1359,2023-11-22,Cliente 45,SURCO,ACEITE DE MOTOR 5W30 FULL SINTÉTICO,3,133.5,400.5,Vendedor 9
1360,2023-11-22,Cliente 6,SURCO,"LLANTAS 18""",3,73.1,219.3,Vendedor 9
1361,2023-11-22,Cliente 50,LA MOLINA,BATERÍA DE 18 PLACAS,1,96.1,96.1,Vendedor 10
1362,2023-11-23,Cliente 26,SURCO,ACEITE DE MOTOR 5W30 FULL SINTÉTICO,3,133.5,400.5,Vendedor 7
1363,2023-11-23,Cliente 38,LA MOLINA,BATERÍA DE 18 PLACAS,1,96.1,96.1,Vendedor 4
1364,2023-11-24,Cliente 17,SURCO,ACEITE DE MOTOR 5W30 FULL SINTÉTICO,1,133.5,133.5,Vendedor 6
1365,2023-11-24,Cliente 46,LA MOLINA,BATERÍA DE 18 PLACAS,1,96.1,96.1,Vendedor 8
1366,2023-11-25,Cliente 34,LA MOLINA,ACEITE DE MOTOR 5W30 FULL SINTÉTICO,2,133.5,267.0,Vendedor 7
1367,2023-12-01,Cliente 16,LA MOLINA,AUTO HONDA CIVIC 2014,1,33000.0,33000.0,Vendedor 4
1368,2023-12-01,Cliente 30,LA MOLINA,AUTO HONDA ODISSEY 2013,1,27000.0,27000.0,Vendedor 7
1369,2023-12-01,Cliente 6,LA MOLINA,AUTO HONDA CRV 2014,1,22000.0,22000.0,Vendedor 10
1370,2023-12-01,Cliente 16,SURCO,AUTO HONDA PILOT 2013,1,27000.0,27000.0,Vendedor 9
1371,2023-12-01,Cliente 40,SURCO,AUTO HONDA FIT 2016,1,25500.0,25500.0,Vendedor 9
1372,2023-12-02,Cliente 42,SURCO,AUTO HONDA CIVIC 2014,1,33000.0,33000.0,Vendedor 6
1373,2023-12-02,Cliente 10,SURCO,AUTO HONDA ODISSEY 2013,1,27000.0,27000.0,Vendedor 1
1374,2023-12-02,Cliente 22,LA MOLINA,AUTO HONDA CRV 2014,1,22000.0,22000.0,Vendedor 2
1375,2023-12-02,Cliente 7,SURCO,AUTO HONDA PILOT 2013,1,27000.0,27000.0,Vendedor 7
1376,2023-12-03,Cliente 30,SURCO,AUTO HONDA CIVIC 2014,1,33000.0,33000.0,Vendedor 10
1377,2023-12-03,Cliente 3,LA MOLINA,AUTO HONDA ODISSEY 2013,1,27000.0,27000.0,Vendedor 2
1378,2023-12-03,Cliente 24,LA MOLINA,ACEITE DE MOTOR 5W30 FULL SINTÉTICO,2,124.7,249.4,Vendedor 7
1379,2023-12-03,Cliente 49,SURCO,FILTRO DE COMBUSTIBLE,1,105.5,105.5,Vendedor 7
1380,2023-12-03,Cliente 31,LA MOLINA,AMORTIGUADORES DELANTEROS,1,183.9,183.9,Vendedor 3
1381,2023-12-03,Cliente 22,LA MOLINA,AMORTIGUADORES POSTERIORES,1,121.8,121.8,Vendedor 9
1382,2023-12-03,Cliente 45,SURCO,"LLANTAS 18""",4,65.0,260.0,Vendedor 4
1383,2023-12-03,Cliente 7,SURCO,BATERÍA DE 18 PLACAS,1,119.1,119.1,Vendedor 10
1384,2023-12-04,Cliente 31,LA MOLINA,AUTO HONDA CIVIC 2014,1,33000.0,33000.0,Vendedor 10
1385,2023-12-04,Cliente 28,LA MOLINA,ACEITE DE MOTOR 5W30 FULL SINTÉTICO,3,124.7,374.1,Vendedor 10
1386,2023-12-04,Cliente 17,LA MOLINA,FILTRO DE COMBUSTIBLE,1,105.5,105.5,Vendedor 9
1387,2023-12-04,Cliente 40,SURCO,AMORTIGUADORES DELANTEROS,3,183.9,551.7,Vendedor 10
1388,2023-12-04,Cliente 32,LA MOLINA,AMORTIGUADORES POSTERIORES,2,121.8,243.6,Vendedor 3
1389,2023-12-04,Cliente 13,LA MOLINA,"LLANTAS 18""",2,65.0,130.0,Vendedor 1
1390,2023-12-04,Cliente 2,SURCO,BATERÍA DE 18 PLACAS,1,119.1,119.1,Vendedor 8
1391,2023-12-05,Cliente 48,SURCO,ACEITE DE MOTOR 5W30 FULL SINTÉTICO,3,124.7,374.1,Vendedor 4
1392,2023-12-05,Cliente 3,LA MOLINA,AMORTIGUADORES DELANTEROS,4,183.9,735.6,Vendedor 6
1393,2023-12-05,Cliente 1,SURCO,AMORTIGUADORES POSTERIORES,2,121.8,243.6,Vendedor 4
1394,2023-12-05,Cliente 5,LA MOLINA,"LLANTAS 18""",3,65.0,195.0,Vendedor 5
1395,2023-12-05,Cliente 50,LA MOLINA,BATERÍA DE 18 PLACAS,2,119.1,238.2,Vendedor 1
1396,2023-12-06,Cliente 22,LA MOLINA,ACEITE DE MOTOR 5W30 FULL SINTÉTICO,1,124.7,124.7,Vendedor 7
1397,2023-12-06,Cliente 13,SURCO,AMORTIGUADORES DELANTEROS,1,183.9,183.9,Vendedor 6
1398,2023-12-06,Cliente 31,LA MOLINA,AMORTIGUADORES POSTERIORES,3,121.8,365.4,Vendedor 1
1399,2023-12-06,Cliente 10,LA MOLINA,"LLANTAS 18""",2,65.0,130.0,Vendedor 8
1400,2023-12-06,Cliente 27,LA MOLINA,BATERÍA DE 18 PLACAS,2,119.1,238.2,Vendedor 1
1401,2023-12-07,Cliente 37,LA MOLINA,ACEITE DE MOTOR 5W30 FULL SINTÉTICO,3,124.7,374.1,Vendedor 6
1402,2023-12-07,Cliente 37,SURCO,AMORTIGUADORES DELANTEROS,1,183.9,183.9,Vendedor 6
1403,2023-12-07,Cliente 10,SURCO,AMORTIGUADORES POSTERIORES,3,121.8,365.4,Vendedor 5
1404,2023-12-07,Cliente 25,LA MOLINA,"LLANTAS 18""",1,65.0,65.0,Vendedor 9
1405,2023-12-07,Cliente 12,LA MOLINA,BATERÍA DE 18 PLACAS,1,119.1,119.1,Vendedor 10
1406,2023-12-08,Cliente 46,LA MOLINA,ACEITE DE MOTOR 5W30 FULL SINTÉTICO,1,124.7,124.7,Vendedor 6
1407,2023-12-08,Cliente 27,LA MOLINA,AMORTIGUADORES DELANTEROS,1,183.9,183.9,Vendedor 2
1408,2023-12-08,Cliente 24,SURCO,AMORTIGUADORES POSTERIORES,4,121.8,487.2,Vendedor 8
1409,2023-12-08,Cliente 34,SURCO,"LLANTAS 18""",3,65.0,195.0,Vendedor 5
1410,2023-12-08,Cliente 24,SURCO,BATERÍA DE 18 PLACAS,1,119.1,119.1,Vendedor 1
1411,2023-12-09,Cliente 29,SURCO,ACEITE DE MOTOR 5W30 FULL SINTÉTICO,1,124.7,124.7,Vendedor 9
1412,2023-12-09,Cliente 33,LA MOLINA,AMORTIGUADORES DELANTEROS,1,183.9,183.9,Vendedor 3
1413,2023-12-09,Cliente 31,LA MOLINA,AMORTIGUADORES POSTERIORES,2,121.8,243.6,Vendedor 9
1414,2023-12-09,Cliente 10,LA MOLINA,"LLANTAS 18""",2,65.0,130.0,Vendedor 2
1415,2023-12-09,Cliente 47,SURCO,BATERÍA DE 18 PLACAS,1,119.1,119.1,Vendedor 1
1416,2023-12-10,Cliente 25,SURCO,AUTO HONDA PILOT 2013,1,27000.0,27000.0,Vendedor 9
1417,2023-12-10,Cliente 1,SURCO,AUTO HONDA FIT 2016,1,25500.0,25500.0,Vendedor 5
1418,2023-12-10,Cliente 44,SURCO,AUTO HONDA CITY 2016,1,31500.0,31500.0,Vendedor 10
1419,2023-12-10,Cliente 30,SURCO,ACEITE DE MOTOR 5W30 FULL SINTÉTICO,1,124.7,124.7,Vendedor 1
1420,2023-12-10,Cliente 2,LA MOLINA,AMORTIGUADORES DELANTEROS,1,183.9,183.9,Vendedor 10
1421,2023-12-10,Cliente 21,SURCO,AMORTIGUADORES POSTERIORES,1,121.8,121.8,Vendedor 4
1422,2023-12-10,Cliente 18,SURCO,"LLANTAS 18""",2,65.0,130.0,Vendedor 9
1423,2023-12-10,Cliente 43,SURCO,BATERÍA DE 18 PLACAS,1,119.1,119.1,Vendedor 2
1424,2023-12-11,Cliente 10,SURCO,AUTO HONDA FIT 2016,1,25500.0,25500.0,Vendedor 3
1425,2023-12-11,Cliente 8,SURCO,AUTO HONDA CITY 2016,1,31500.0,31500.0,Vendedor 1
1426,2023-12-11,Cliente 35,SURCO,ACEITE DE MOTOR 5W30 FULL SINTÉTICO,1,124.7,124.7,Vendedor 6
1427,2023-12-11,Cliente 10,LA MOLINA,AMORTIGUADORES DELANTEROS,2,183.9,367.8,Vendedor 5
1428,2023-12-11,Cliente 5,LA MOLINA,AMORTIGUADORES POSTERIORES,2,121.8,243.6,Vendedor 5
1429,2023-12-11,Cliente 4,SURCO,"LLANTAS 18""",1,65.0,65.0,Vendedor 3
1430,2023-12-12,Cliente 44,SURCO,AUTO HONDA FIT 2016,1,25500.0,25500.0,Vendedor 1
1431,2023-12-12,Cliente 25,SURCO,AUTO HONDA CITY 2016,1,31500.0,31500.0,Vendedor 1
1432,2023-12-12,Cliente 26,SURCO,ACEITE DE MOTOR 5W30 FULL SINTÉTICO,1,124.7,124.7,Vendedor 3
1433,2023-12-12,Cliente 40,SURCO,AMORTIGUADORES DELANTEROS,5,183.9,919.5,Vendedor 6
1434,2023-12-13,Cliente 49,SURCO,AUTO HONDA FIT 2016,1,25500.0,25500.0,Vendedor 8
1435,2023-12-13,Cliente 6,SURCO,AUTO HONDA CITY 2016,1,31500.0,31500.0,Vendedor 8
1436,2023-12-13,Cliente 20,SURCO,ACEITE DE MOTOR 5W30 FULL SINTÉTICO,1,124.7,124.7,Vendedor 8
1437,2023-12-14,Cliente 24,SURCO,AUTO HONDA CITY 2016,1,31500.0,31500.0,Vendedor 7
1438,2023-12-14,Cliente 21,SURCO,ACEITE DE MOTOR 5W30 FULL SINTÉTICO,2,124.7,249.4,Vendedor 8
1439,2023-12-17,Cliente 26,SURCO,ACEITE DE MOTOR 5W30 FULL SINTÉTICO,5,124.7,623.5,Vendedor 2
1440,2023-12-17,Cliente 36,LA MOLINA,FILTRO DE COMBUSTIBLE,1,105.5,105.5,Vendedor 2
1441,2023-12-17,Cliente 26,LA MOLINA,AMORTIGUADORES DELANTEROS,3,183.9,551.7,Vendedor 10
1442,2023-12-17,Cliente 40,SURCO,AMORTIGUADORES POSTERIORES,4,121.8,487.2,Vendedor 4
1443,2023-12-17,Cliente 31,SURCO,"LLANTAS 18""",5,65.0,325.0,Vendedor 7
1444,2023-12-17,Cliente 14,LA MOLINA,BATERÍA DE 18 PLACAS,1,119.1,119.1,Vendedor 10
1445,2023-12-18,Cliente 37,LA MOLINA,ACEITE DE MOTOR 5W30 FULL SINTÉTICO,4,124.7,498.8,Vendedor 6
1446,2023-12-18,Cliente 12,SURCO,FILTRO DE COMBUSTIBLE,1,105.5,105.5,Vendedor 2
1447,2023-12-18,Cliente 8,LA MOLINA,AMORTIGUADORES DELANTEROS,6,183.9,1103.4,Vendedor 10
1448,2023-12-18,Cliente 21,LA MOLINA,AMORTIGUADORES POSTERIORES,5,121.8,609.0,Vendedor 9
1449,2023-12-18,Cliente 12,LA MOLINA,"LLANTAS 18""",1,65.0,65.0,Vendedor 5
1450,2023-12-18,Cliente 39,SURCO,BATERÍA DE 18 PLACAS,2,119.1,238.2,Vendedor 2
1451,2023-12-19,Cliente 21,LA MOLINA,ACEITE DE MOTOR 5W30 FULL SINTÉTICO,5,124.7,623.5,Vendedor 8
1452,2023-12-19,Cliente 6,SURCO,AMORTIGUADORES DELANTEROS,6,183.9,1103.4,Vendedor 4
1453,2023-12-19,Cliente 49,SURCO,AMORTIGUADORES POSTERIORES,2,121.8,243.6,Vendedor 3
1454,2023-12-19,Cliente 29,SURCO,"LLANTAS 18""",5,65.0,325.0,Vendedor 9
1455,2023-12-19,Cliente 40,LA MOLINA,BATERÍA DE 18 PLACAS,2,119.1,238.2,Vendedor 10
1456,2023-12-20,Cliente 14,SURCO,ACEITE DE MOTOR 5W30 FULL SINTÉTICO,4,124.7,498.8,Vendedor 6
1457,2023-12-20,Cliente 28,LA MOLINA,AMORTIGUADORES DELANTEROS,1,183.9,183.9,Vendedor 6
1458,2023-12-20,Cliente 40,SURCO,AMORTIGUADORES POSTERIORES,1,121.8,121.8,Vendedor 9
1459,2023-12-20,Cliente 19,LA MOLINA,"LLANTAS 18""",4,65.0,260.0,Vendedor 1
1460,2023-12-20,Cliente 1,SURCO,BATERÍA DE 18 PLACAS,2,119.1,238.2,Vendedor 9
1461,2023-12-21,Cliente 19,SURCO,ACEITE DE MOTOR 5W30 FULL SINTÉTICO,1,124.7,124.7,Vendedor 1
1462,2023-12-21,Cliente 45,SURCO,AMORTIGUADORES DELANTEROS,2,183.9,367.8,Vendedor 10
1463,2023-12-21,Cliente 46,LA MOLINA,AMORTIGUADORES POSTERIORES,4,121.8,487.2,Vendedor 7
1464,2023-12-21,Cliente 28,LA MOLINA,"LLANTAS 18""",4,65.0,260.0,Vendedor 9
1465,2023-12-21,Cliente 31,SURCO,BATERÍA DE 18 PLACAS,1,119.1,119.1,Vendedor 3
1466,2023-12-22,Cliente 24,LA MOLINA,ACEITE DE MOTOR 5W30 FULL SINTÉTICO,1,124.7,124.7,Vendedor 7
1467,2023-12-22,Cliente 43,SURCO,AMORTIGUADORES DELANTEROS,2,183.9,367.8,Vendedor 3
1468,2023-12-22,Cliente 5,SURCO,AMORTIGUADORES POSTERIORES,2,121.8,243.6,Vendedor 1
1469,2023-12-22,Cliente 43,LA MOLINA,"LLANTAS 18""",1,65.0,65.0,Vendedor 7
1470,2023-12-22,Cliente 9,LA MOLINA,BATERÍA DE 18 PLACAS,1,119.1,119.1,Vendedor 7
1471,2023-12-23,Cliente 33,LA MOLINA,AMORTIGUADORES POSTERIORES,1,121.8,121.8,Vendedor 7
1472,2023-12-23,Cliente 23,LA MOLINA,BATERÍA DE 18 PLACAS,1,119.1,119.1,Vendedor 4
1473,2023-12-24,Cliente 47,SURCO,AMORTIGUADORES POSTERIORES,1,121.8,121.8,Vendedor 4
1474,2024-01-01,Cliente 4,LA MOLINA,AUTO HONDA ACCORD 2014,1,20000.0,20000.0,Vendedor 8
1475,2024-01-01,Cliente 37,SURCO,AUTO HONDA CIVIC 2014,1,33000.0,33000.0,Vendedor 1
1476,2024-01-01,Cliente 48,LA MOLINA,AUTO HONDA ODISSEY 2013,1,35000.0,35000.0,Vendedor 10
1477,2024-01-01,Cliente 19,SURCO,AUTO HONDA CRV 2014,1,24500.0,24500.0,Vendedor 8
1478,2024-01-01,Cliente 9,SURCO,AUTO HONDA PILOT 2013,1,27000.0,27000.0,Vendedor 9
1479,2024-01-02,Cliente 18,LA MOLINA,AUTO HONDA ACCORD 2014,1,20000.0,20000.0,Vendedor 5
1480,2024-01-02,Cliente 48,SURCO,AUTO HONDA CIVIC 2014,1,33000.0,33000.0,Vendedor 2
1481,2024-01-02,Cliente 38,SURCO,AUTO HONDA CRV 2014,1,24500.0,24500.0,Vendedor 3
1482,2024-01-02,Cliente 24,SURCO,AUTO HONDA PILOT 2013,1,27000.0,27000.0,Vendedor 3
1483,2024-01-03,Cliente 22,SURCO,AUTO HONDA ACCORD 2014,1,20000.0,20000.0,Vendedor 2
1484,2024-01-03,Cliente 39,SURCO,AUTO HONDA CRV 2014,1,24500.0,24500.0,Vendedor 3
1485,2024-01-03,Cliente 50,LA MOLINA,ACEITE DE MOTOR 5W30 FULL SINTÉTICO,2,107.6,215.2,Vendedor 7
1486,2024-01-03,Cliente 43,SURCO,FILTRO DE COMBUSTIBLE,1,153.0,153.0,Vendedor 8
1487,2024-01-03,Cliente 14,SURCO,AMORTIGUADORES DELANTEROS,3,274.6,823.8,Vendedor 10
1488,2024-01-03,Cliente 42,SURCO,AMORTIGUADORES POSTERIORES,3,119.4,358.2,Vendedor 5
1489,2024-01-03,Cliente 11,SURCO,"LLANTAS 18""",1,74.4,74.4,Vendedor 8
1490,2024-01-03,Cliente 31,LA MOLINA,BATERÍA DE 18 PLACAS,1,112.9,112.9,Vendedor 5
1491,2024-01-04,Cliente 48,LA MOLINA,AUTO HONDA CRV 2014,1,24500.0,24500.0,Vendedor 9
1492,2024-01-04,Cliente 44,LA MOLINA,ACEITE DE MOTOR 5W30 FULL SINTÉTICO,1,107.6,107.6,Vendedor 7
1493,2024-01-04,Cliente 17,LA MOLINA,FILTRO DE COMBUSTIBLE,1,153.0,153.0,Vendedor 3
1494,2024-01-04,Cliente 1,LA MOLINA,AMORTIGUADORES DELANTEROS,3,274.6,823.8,Vendedor 5
1495,2024-01-04,Cliente 44,LA MOLINA,AMORTIGUADORES POSTERIORES,4,119.4,477.6,Vendedor 6
1496,2024-01-04,Cliente 35,SURCO,"LLANTAS 18""",1,74.4,74.4,Vendedor 6
1497,2024-01-04,Cliente 40,LA MOLINA,BATERÍA DE 18 PLACAS,1,112.9,112.9,Vendedor 5
1498,2024-01-05,Cliente 18,LA MOLINA,AUTO HONDA CRV 2014,1,24500.0,24500.0,Vendedor 5
1499,2024-01-05,Cliente 42,LA MOLINA,ACEITE DE MOTOR 5W30 FULL SINTÉTICO,1,107.6,107.6,Vendedor 10
1500,2024-01-05,Cliente 50,LA MOLINA,AMORTIGUADORES DELANTEROS,2,274.6,549.2,Vendedor 4
1501,2024-01-05,Cliente 44,LA MOLINA,AMORTIGUADORES POSTERIORES,2,119.4,238.8,Vendedor 3
1502,2024-01-05,Cliente 44,SURCO,"LLANTAS 18""",3,74.4,223.2,Vendedor 1
1503,2024-01-05,Cliente 1,SURCO,BATERÍA DE 18 PLACAS,1,112.9,112.9,Vendedor 7
1504,2024-01-06,Cliente 34,SURCO,AUTO HONDA CRV 2014,1,24500.0,24500.0,Vendedor 2
1505,2024-01-06,Cliente 23,LA MOLINA,ACEITE DE MOTOR 5W30 FULL SINTÉTICO,3,107.6,322.8,Vendedor 4
1506,2024-01-06,Cliente 17,LA MOLINA,AMORTIGUADORES DELANTEROS,3,274.6,823.8,Vendedor 4
1507,2024-01-06,Cliente 40,SURCO,AMORTIGUADORES POSTERIORES,1,119.4,119.4,Vendedor 2
1508,2024-01-06,Cliente 39,SURCO,"LLANTAS 18""",1,74.4,74.4,Vendedor 2
1509,2024-01-06,Cliente 6,SURCO,BATERÍA DE 18 PLACAS,1,112.9,112.9,Vendedor 10
1510,2024-01-07,Cliente 43,LA MOLINA,ACEITE DE MOTOR 5W30 FULL SINTÉTICO,1,107.6,107.6,Vendedor 10
1511,2024-01-07,Cliente 45,SURCO,AMORTIGUADORES DELANTEROS,1,274.6,274.6,Vendedor 3
1512,2024-01-07,Cliente 30,LA MOLINA,AMORTIGUADORES POSTERIORES,3,119.4,358.2,Vendedor 2
1513,2024-01-07,Cliente 50,LA MOLINA,"LLANTAS 18""",4,74.4,297.6,Vendedor 7
1514,2024-01-07,Cliente 17,LA MOLINA,BATERÍA DE 18 PLACAS,1,112.9,112.9,Vendedor 3
1515,2024-01-08,Cliente 50,LA MOLINA,ACEITE DE MOTOR 5W30 FULL SINTÉTICO,1,107.6,107.6,Vendedor 1
1516,2024-01-08,Cliente 22,LA MOLINA,AMORTIGUADORES DELANTEROS,2,274.6,549.2,Vendedor 1
1517,2024-01-08,Cliente 12,LA MOLINA,AMORTIGUADORES POSTERIORES,1,119.4,119.4,Vendedor 8
1518,2024-01-08,Cliente 13,LA MOLINA,"LLANTAS 18""",1,74.4,74.4,Vendedor 10
1519,2024-01-08,Cliente 12,LA MOLINA,BATERÍA DE 18 PLACAS,1,112.9,112.9,Vendedor 8
1520,2024-01-09,Cliente 10,SURCO,AUTO HONDA PILOT 2013,1,27000.0,27000.0,Vendedor 9
1521,2024-01-09,Cliente 14,SURCO,AUTO HONDA FIT 2016,1,28500.0,28500.0,Vendedor 10
1522,2024-01-09,Cliente 29,SURCO,AUTO HONDA CITY 2016,1,31000.0,31000.0,Vendedor 5
1523,2024-01-09,Cliente 5,SURCO,ACEITE DE MOTOR 5W30 FULL SINTÉTICO,1,107.6,107.6,Vendedor 2
1524,2024-01-09,Cliente 50,SURCO,AMORTIGUADORES DELANTEROS,3,274.6,823.8,Vendedor 8
1525,2024-01-09,Cliente 10,SURCO,AMORTIGUADORES POSTERIORES,1,119.4,119.4,Vendedor 1
1526,2024-01-09,Cliente 18,LA MOLINA,"LLANTAS 18""",1,74.4,74.4,Vendedor 3
1527,2024-01-09,Cliente 26,LA MOLINA,BATERÍA DE 18 PLACAS,1,112.9,112.9,Vendedor 10
1528,2024-01-10,Cliente 33,SURCO,AUTO HONDA FIT 2016,1,28500.0,28500.0,Vendedor 8
1529,2024-01-10,Cliente 28,SURCO,AUTO HONDA CITY 2016,1,31000.0,31000.0,Vendedor 7
1530,2024-01-10,Cliente 35,SURCO,ACEITE DE MOTOR 5W30 FULL SINTÉTICO,3,107.6,322.8,Vendedor 4
1531,2024-01-10,Cliente 45,SURCO,AMORTIGUADORES DELANTEROS,1,274.6,274.6,Vendedor 8
1532,2024-01-10,Cliente 22,SURCO,AMORTIGUADORES POSTERIORES,1,119.4,119.4,Vendedor 5
1533,2024-01-10,Cliente 41,SURCO,"LLANTAS 18""",4,74.4,297.6,Vendedor 2
1534,2024-01-10,Cliente 35,SURCO,BATERÍA DE 18 PLACAS,1,112.9,112.9,Vendedor 6
1535,2024-01-11,Cliente 30,SURCO,AUTO HONDA FIT 2016,1,28500.0,28500.0,Vendedor 5
1536,2024-01-11,Cliente 12,SURCO,AUTO HONDA CITY 2016,1,31000.0,31000.0,Vendedor 9
1537,2024-01-11,Cliente 43,LA MOLINA,ACEITE DE MOTOR 5W30 FULL SINTÉTICO,1,107.6,107.6,Vendedor 4
1538,2024-01-11,Cliente 7,SURCO,AMORTIGUADORES DELANTEROS,2,274.6,549.2,Vendedor 6
1539,2024-01-11,Cliente 41,SURCO,AMORTIGUADORES POSTERIORES,4,119.4,477.6,Vendedor 8
1540,2024-01-11,Cliente 3,LA MOLINA,"LLANTAS 18""",2,74.4,148.8,Vendedor 4
1541,2024-01-11,Cliente 47,SURCO,BATERÍA DE 18 PLACAS,1,112.9,112.9,Vendedor 10
1542,2024-01-12,Cliente 32,SURCO,AUTO HONDA FIT 2016,1,28500.0,28500.0,Vendedor 7
1543,2024-01-12,Cliente 35,SURCO,AUTO HONDA CITY 2016,1,31000.0,31000.0,Vendedor 5
1544,2024-01-12,Cliente 2,SURCO,ACEITE DE MOTOR 5W30 FULL SINTÉTICO,2,107.6,215.2,Vendedor 1
1545,2024-01-12,Cliente 26,LA MOLINA,"LLANTAS 18""",2,74.4,148.8,Vendedor 2
1546,2024-01-12,Cliente 42,SURCO,BATERÍA DE 18 PLACAS,1,112.9,112.9,Vendedor 9
1547,2024-01-13,Cliente 44,SURCO,AUTO HONDA FIT 2016,1,28500.0,28500.0,Vendedor 9
1548,2024-01-13,Cliente 5,SURCO,ACEITE DE MOTOR 5W30 FULL SINTÉTICO,1,107.6,107.6,Vendedor 1
1549,2024-01-14,Cliente 31,SURCO,ACEITE DE MOTOR 5W30 FULL SINTÉTICO,3,107.6,322.8,Vendedor 10
1550,2024-01-17,Cliente 5,SURCO,ACEITE DE MOTOR 5W30 FULL SINTÉTICO,4,107.6,430.4,Vendedor 4
1551,2024-01-17,Cliente 48,LA MOLINA,AMORTIGUADORES DELANTEROS,4,274.6,1098.4,Vendedor 7
1552,2024-01-17,Cliente 44,SURCO,AMORTIGUADORES POSTERIORES,3,119.4,358.2,Vendedor 10
1553,2024-01-17,Cliente 21,SURCO,"LLANTAS 18""",5,74.4,372.0,Vendedor 4
1554,2024-01-17,Cliente 22,SURCO,BATERÍA DE 18 PLACAS,1,112.9,112.9,Vendedor 2
1555,2024-01-18,Cliente 10,LA MOLINA,ACEITE DE MOTOR 5W30 FULL SINTÉTICO,1,107.6,107.6,Vendedor 7
1556,2024-01-18,Cliente 36,LA MOLINA,AMORTIGUADORES DELANTEROS,2,274.6,549.2,Vendedor 3
1557,2024-01-18,Cliente 38,SURCO,AMORTIGUADORES POSTERIORES,7,119.4,835.8,Vendedor 1
1558,2024-01-18,Cliente 41,SURCO,"LLANTAS 18""",2,74.4,148.8,Vendedor 10
1559,2024-01-18,Cliente 2,SURCO,BATERÍA DE 18 PLACAS,2,112.9,225.8,Vendedor 8
1560,2024-01-19,Cliente 1,SURCO,ACEITE DE MOTOR 5W30 FULL SINTÉTICO,1,107.6,107.6,Vendedor 3
1561,2024-01-19,Cliente 27,LA MOLINA,AMORTIGUADORES DELANTEROS,1,274.6,274.6,Vendedor 8
1562,2024-01-19,Cliente 10,LA MOLINA,AMORTIGUADORES POSTERIORES,3,119.4,358.2,Vendedor 5
1563,2024-01-19,Cliente 27,LA MOLINA,"LLANTAS 18""",5,74.4,372.0,Vendedor 4
1564,2024-01-19,Cliente 39,SURCO,BATERÍA DE 18 PLACAS,1,112.9,112.9,Vendedor 3
1565,2024-01-20,Cliente 41,SURCO,ACEITE DE MOTOR 5W30 FULL SINTÉTICO,4,107.6,430.4,Vendedor 5
1566,2024-01-20,Cliente 1,LA MOLINA,AMORTIGUADORES DELANTEROS,3,274.6,823.8,Vendedor 9
1567,2024-01-20,Cliente 8,LA MOLINA,AMORTIGUADORES POSTERIORES,4,119.4,477.6,Vendedor 9
1568,2024-01-20,Cliente 49,LA MOLINA,"LLANTAS 18""",1,74.4,74.4,Vendedor 9
1569,2024-01-20,Cliente 50,LA MOLINA,BATERÍA DE 18 PLACAS,1,112.9,112.9,Vendedor 4
1570,2024-01-21,Cliente 13,SURCO,ACEITE DE MOTOR 5W30 FULL SINTÉTICO,1,107.6,107.6,Vendedor 2
1571,2024-01-21,Cliente 32,SURCO,AMORTIGUADORES DELANTEROS,2,274.6,549.2,Vendedor 3
1572,2024-01-21,Cliente 4,LA MOLINA,AMORTIGUADORES POSTERIORES,3,119.4,358.2,Vendedor 6
1573,2024-01-21,Cliente 28,SURCO,"LLANTAS 18""",3,74.4,223.2,Vendedor 5
1574,2024-01-21,Cliente 3,LA MOLINA,BATERÍA DE 18 PLACAS,2,112.9,225.8,Vendedor 2
1575,2024-01-22,Cliente 11,LA MOLINA,ACEITE DE MOTOR 5W30 FULL SINTÉTICO,1,107.6,107.6,Vendedor 1
1576,2024-01-22,Cliente 5,SURCO,AMORTIGUADORES DELANTEROS,4,274.6,1098.4,Vendedor 4
1577,2024-01-22,Cliente 13,LA MOLINA,"LLANTAS 18""",4,74.4,297.6,Vendedor 6
1578,2024-01-22,Cliente 21,SURCO,BATERÍA DE 18 PLACAS,1,112.9,112.9,Vendedor 4
1579,2024-01-23,Cliente 48,LA MOLINA,ACEITE DE MOTOR 5W30 FULL SINTÉTICO,1,107.6,107.6,Vendedor 7
1580,2024-01-23,Cliente 15,SURCO,AMORTIGUADORES DELANTEROS,2,274.6,549.2,Vendedor 2
1581,2024-01-23,Cliente 10,LA MOLINA,BATERÍA DE 18 PLACAS,1,112.9,112.9,Vendedor 4
1582,2024-01-24,Cliente 12,LA MOLINA,ACEITE DE MOTOR 5W30 FULL SINTÉTICO,5,107.6,538.0,Vendedor 7
1583,2024-01-24,Cliente 30,SURCO,AMORTIGUADORES DELANTEROS,2,274.6,549.2,Vendedor 4
1584,2024-01-24,Cliente 22,LA MOLINA,BATERÍA DE 18 PLACAS,1,112.9,112.9,Vendedor 3
1585,2024-01-25,Cliente 18,LA MOLINA,ACEITE DE MOTOR 5W30 FULL SINTÉTICO,1,107.6,107.6,Vendedor 3
1586,2024-01-26,Cliente 49,LA MOLINA,ACEITE DE MOTOR 5W30 FULL SINTÉTICO,1,107.6,107.6,Vendedor 6
1587,2024-02-01,Cliente 34,LA MOLINA,AUTO HONDA ACCORD 2014,1,31500.0,31500.0,Vendedor 7
1588,2024-02-01,Cliente 45,LA MOLINA,AUTO HONDA CIVIC 2014,1,28000.0,28000.0,Vendedor 2
1589,2024-02-01,Cliente 32,LA MOLINA,AUTO HONDA ODISSEY 2013,1,24500.0,24500.0,Vendedor 4
1590,2024-02-01,Cliente 36,SURCO,AUTO HONDA CRV 2014,1,24500.0,24500.0,Vendedor 1
1591,2024-02-01,Cliente 14,SURCO,AUTO HONDA PILOT 2013,1,25500.0,25500.0,Vendedor 3
1592,2024-02-01,Cliente 19,SURCO,AUTO HONDA CITY 2016,1,31000.0,31000.0,Vendedor 4
1593,2024-02-01,Cliente 31,SURCO,FILTRO DE COMBUSTIBLE,1,129.8,129.8,Vendedor 5
1594,2024-02-02,Cliente 30,SURCO,AUTO HONDA ACCORD 2014,1,31500.0,31500.0,Vendedor 8
1595,2024-02-02,Cliente 46,SURCO,AUTO HONDA CIVIC 2014,1,28000.0,28000.0,Vendedor 7
1596,2024-02-02,Cliente 24,SURCO,AUTO HONDA ODISSEY 2013,1,24500.0,24500.0,Vendedor 8
1597,2024-02-02,Cliente 41,LA MOLINA,AUTO HONDA CRV 2014,1,24500.0,24500.0,Vendedor 2
1598,2024-02-02,Cliente 45,SURCO,AUTO HONDA PILOT 2013,1,25500.0,25500.0,Vendedor 6
1599,2024-02-02,Cliente 19,LA MOLINA,FILTRO DE COMBUSTIBLE,1,129.8,129.8,Vendedor 7
1600,2024-02-03,Cliente 44,SURCO,AUTO HONDA CIVIC 2014,1,28000.0,28000.0,Vendedor 2
1601,2024-02-03,Cliente 48,LA MOLINA,AUTO HONDA ODISSEY 2013,1,24500.0,24500.0,Vendedor 1
1602,2024-02-03,Cliente 4,LA MOLINA,AUTO HONDA CRV 2014,1,24500.0,24500.0,Vendedor 2
1603,2024-02-03,Cliente 30,LA MOLINA,ACEITE DE MOTOR 5W30 FULL SINTÉTICO,4,145.4,581.6,Vendedor 10
1604,2024-02-03,Cliente 24,LA MOLINA,AMORTIGUADORES DELANTEROS,1,285.8,285.8,Vendedor 3
1605,2024-02-03,Cliente 36,SURCO,AMORTIGUADORES POSTERIORES,1,110.7,110.7,Vendedor 4
1606,2024-02-03,Cliente 16,LA MOLINA,"LLANTAS 18""",1,55.1,55.1,Vendedor 9
1607,2024-02-03,Cliente 42,SURCO,BATERÍA DE 18 PLACAS,1,115.5,115.5,Vendedor 8
1608,2024-02-04,Cliente 49,SURCO,AUTO HONDA CIVIC 2014,1,28000.0,28000.0,Vendedor 4
1609,2024-02-04,Cliente 23,LA MOLINA,AUTO HONDA ODISSEY 2013,1,24500.0,24500.0,Vendedor 5
1610,2024-02-04,Cliente 18,LA MOLINA,ACEITE DE MOTOR 5W30 FULL SINTÉTICO,5,145.4,727.0,Vendedor 1
1611,2024-02-04,Cliente 23,LA MOLINA,AMORTIGUADORES DELANTEROS,1,285.8,285.8,Vendedor 8
1612,2024-02-04,Cliente 33,LA MOLINA,AMORTIGUADORES POSTERIORES,1,110.7,110.7,Vendedor 9
1613,2024-02-04,Cliente 46,LA MOLINA,"LLANTAS 18""",1,55.1,55.1,Vendedor 9
1614,2024-02-04,Cliente 29,LA MOLINA,BATERÍA DE 18 PLACAS,1,115.5,115.5,Vendedor 10
1615,2024-02-05,Cliente 44,LA MOLINA,AUTO HONDA CIVIC 2014,1,28000.0,28000.0,Vendedor 2
1616,2024-02-05,Cliente 30,SURCO,AUTO HONDA ODISSEY 2013,1,24500.0,24500.0,Vendedor 2
1617,2024-02-05,Cliente 12,LA MOLINA,ACEITE DE MOTOR 5W30 FULL SINTÉTICO,1,145.4,145.4,Vendedor 5
1618,2024-02-05,Cliente 11,SURCO,AMORTIGUADORES DELANTEROS,1,285.8,285.8,Vendedor 5
1619,2024-02-05,Cliente 45,SURCO,AMORTIGUADORES POSTERIORES,1,110.7,110.7,Vendedor 3
1620,2024-02-05,Cliente 14,SURCO,"LLANTAS 18""",2,55.1,110.2,Vendedor 9
1621,2024-02-05,Cliente 19,SURCO,BATERÍA DE 18 PLACAS,1,115.5,115.5,Vendedor 7
1622,2024-02-06,Cliente 31,SURCO,ACEITE DE MOTOR 5W30 FULL SINTÉTICO,5,145.4,727.0,Vendedor 6
1623,2024-02-06,Cliente 48,LA MOLINA,AMORTIGUADORES DELANTEROS,2,285.8,571.6,Vendedor 1
1624,2024-02-06,Cliente 13,LA MOLINA,AMORTIGUADORES POSTERIORES,1,110.7,110.7,Vendedor 2
1625,2024-02-06,Cliente 34,SURCO,"LLANTAS 18""",1,55.1,55.1,Vendedor 6
1626,2024-02-06,Cliente 38,LA MOLINA,BATERÍA DE 18 PLACAS,1,115.5,115.5,Vendedor 6
1627,2024-02-07,Cliente 38,SURCO,ACEITE DE MOTOR 5W30 FULL SINTÉTICO,3,145.4,436.2,Vendedor 9
1628,2024-02-07,Cliente 30,LA MOLINA,AMORTIGUADORES DELANTEROS,3,285.8,857.4,Vendedor 5
1629,2024-02-07,Cliente 20,SURCO,AMORTIGUADORES POSTERIORES,1,110.7,110.7,Vendedor 3
1630,2024-02-07,Cliente 31,SURCO,"LLANTAS 18""",2,55.1,110.2,Vendedor 6
1631,2024-02-07,Cliente 50,LA MOLINA,BATERÍA DE 18 PLACAS,1,115.5,115.5,Vendedor 1
1632,2024-02-08,Cliente 19,SURCO,ACEITE DE MOTOR 5W30 FULL SINTÉTICO,2,145.4,290.8,Vendedor 8
1633,2024-02-08,Cliente 46,SURCO,AMORTIGUADORES DELANTEROS,1,285.8,285.8,Vendedor 9
1634,2024-02-08,Cliente 12,LA MOLINA,AMORTIGUADORES POSTERIORES,1,110.7,110.7,Vendedor 3
1635,2024-02-08,Cliente 11,SURCO,"LLANTAS 18""",3,55.1,165.3,Vendedor 4
1636,2024-02-08,Cliente 3,SURCO,BATERÍA DE 18 PLACAS,1,115.5,115.5,Vendedor 6
1637,2024-02-09,Cliente 29,SURCO,AUTO HONDA PILOT 2013,1,25500.0,25500.0,Vendedor 5
1638,2024-02-09,Cliente 12,SURCO,AUTO HONDA FIT 2016,1,30500.0,30500.0,Vendedor 4
1639,2024-02-09,Cliente 43,SURCO,AUTO HONDA CITY 2016,1,31000.0,31000.0,Vendedor 6
1640,2024-02-09,Cliente 29,LA MOLINA,AMORTIGUADORES DELANTEROS,1,285.8,285.8,Vendedor 9
1641,2024-02-09,Cliente 35,SURCO,AMORTIGUADORES POSTERIORES,1,110.7,110.7,Vendedor 5
1642,2024-02-09,Cliente 26,SURCO,"LLANTAS 18""",1,55.1,55.1,Vendedor 8
1643,2024-02-09,Cliente 30,SURCO,BATERÍA DE 18 PLACAS,1,115.5,115.5,Vendedor 6
1644,2024-02-10,Cliente 1,SURCO,AUTO HONDA PILOT 2013,1,25500.0,25500.0,Vendedor 9
1645,2024-02-10,Cliente 42,SURCO,AUTO HONDA FIT 2016,1,30500.0,30500.0,Vendedor 5
1646,2024-02-10,Cliente 19,SURCO,AUTO HONDA CITY 2016,1,31000.0,31000.0,Vendedor 10
1647,2024-02-10,Cliente 22,LA MOLINA,AMORTIGUADORES DELANTEROS,1,285.8,285.8,Vendedor 2
1648,2024-02-10,Cliente 3,LA MOLINA,AMORTIGUADORES POSTERIORES,1,110.7,110.7,Vendedor 3
1649,2024-02-10,Cliente 20,SURCO,"LLANTAS 18""",1,55.1,55.1,Vendedor 1
1650,2024-02-10,Cliente 40,LA MOLINA,BATERÍA DE 18 PLACAS,1,115.5,115.5,Vendedor 4
1651,2024-02-11,Cliente 23,SURCO,AUTO HONDA PILOT 2013,1,25500.0,25500.0,Vendedor 2
1652,2024-02-11,Cliente 4,SURCO,AUTO HONDA FIT 2016,1,30500.0,30500.0,Vendedor 10
1653,2024-02-11,Cliente 38,SURCO,AUTO HONDA CITY 2016,1,31000.0,31000.0,Vendedor 9
1654,2024-02-11,Cliente 2,SURCO,AMORTIGUADORES DELANTEROS,2,285.8,571.6,Vendedor 2
1655,2024-02-11,Cliente 33,SURCO,AMORTIGUADORES POSTERIORES,2,110.7,221.4,Vendedor 7
1656,2024-02-11,Cliente 21,LA MOLINA,"LLANTAS 18""",1,55.1,55.1,Vendedor 10
1657,2024-02-11,Cliente 43,SURCO,BATERÍA DE 18 PLACAS,1,115.5,115.5,Vendedor 6
1658,2024-02-12,Cliente 10,SURCO,AUTO HONDA FIT 2016,1,30500.0,30500.0,Vendedor 7
1659,2024-02-12,Cliente 1,LA MOLINA,AMORTIGUADORES DELANTEROS,1,285.8,285.8,Vendedor 5
1660,2024-02-12,Cliente 20,LA MOLINA,AMORTIGUADORES POSTERIORES,2,110.7,221.4,Vendedor 8
1661,2024-02-12,Cliente 14,LA MOLINA,"LLANTAS 18""",3,55.1,165.3,Vendedor 8
1662,2024-02-12,Cliente 29,LA MOLINA,BATERÍA DE 18 PLACAS,1,115.5,115.5,Vendedor 5
1663,2024-02-13,Cliente 47,SURCO,AMORTIGUADORES DELANTEROS,3,285.8,857.4,Vendedor 7
1664,2024-02-13,Cliente 10,SURCO,AMORTIGUADORES POSTERIORES,1,110.7,110.7,Vendedor 4
1665,2024-02-13,Cliente 34,LA MOLINA,"LLANTAS 18""",3,55.1,165.3,Vendedor 6
1666,2024-02-14,Cliente 6,SURCO,AMORTIGUADORES DELANTEROS,3,285.8,857.4,Vendedor 1
1667,2024-02-14,Cliente 27,LA MOLINA,AMORTIGUADORES POSTERIORES,2,110.7,221.4,Vendedor 3
1668,2024-02-14,Cliente 13,LA MOLINA,"LLANTAS 18""",1,55.1,55.1,Vendedor 3
1669,2024-02-15,Cliente 20,SURCO,AMORTIGUADORES POSTERIORES,2,110.7,221.4,Vendedor 10
1670,2024-02-16,Cliente 2,SURCO,AMORTIGUADORES POSTERIORES,1,110.7,110.7,Vendedor 1
1671,2024-02-17,Cliente 41,LA MOLINA,ACEITE DE MOTOR 5W30 FULL SINTÉTICO,5,145.4,727.0,Vendedor 8
1672,2024-02-17,Cliente 42,SURCO,FILTRO DE COMBUSTIBLE,1,129.8,129.8,Vendedor 5
1673,2024-02-17,Cliente 32,SURCO,AMORTIGUADORES DELANTEROS,4,285.8,1143.2,Vendedor 4
1674,2024-02-17,Cliente 49,SURCO,AMORTIGUADORES POSTERIORES,1,110.7,110.7,Vendedor 5
1675,2024-02-17,Cliente 39,SURCO,"LLANTAS 18""",4,55.1,220.4,Vendedor 6
1676,2024-02-17,Cliente 17,LA MOLINA,BATERÍA DE 18 PLACAS,2,115.5,231.0,Vendedor 8
1677,2024-02-18,Cliente 33,LA MOLINA,ACEITE DE MOTOR 5W30 FULL SINTÉTICO,2,145.4,290.8,Vendedor 10
1678,2024-02-18,Cliente 17,LA MOLINA,FILTRO DE COMBUSTIBLE,1,129.8,129.8,Vendedor 3
1679,2024-02-18,Cliente 21,SURCO,AMORTIGUADORES DELANTEROS,1,285.8,285.8,Vendedor 8
1680,2024-02-18,Cliente 11,LA MOLINA,AMORTIGUADORES POSTERIORES,1,110.7,110.7,Vendedor 1
1681,2024-02-18,Cliente 27,LA MOLINA,"LLANTAS 18""",3,55.1,165.3,Vendedor 6
1682,2024-02-18,Cliente 19,LA MOLINA,BATERÍA DE 18 PLACAS,1,115.5,115.5,Vendedor 9
1683,2024-02-19,Cliente 50,SURCO,ACEITE DE MOTOR 5W30 FULL SINTÉTICO,2,145.4,290.8,Vendedor 3
1684,2024-02-19,Cliente 35,SURCO,AMORTIGUADORES DELANTEROS,1,285.8,285.8,Vendedor 6
1685,2024-02-19,Cliente 18,LA MOLINA,AMORTIGUADORES POSTERIORES,2,110.7,221.4,Vendedor 6
1686,2024-02-19,Cliente 10,LA MOLINA,"LLANTAS 18""",1,55.1,55.1,Vendedor 1
1687,2024-02-19,Cliente 24,LA MOLINA,BATERÍA DE 18 PLACAS,1,115.5,115.5,Vendedor 8
1688,2024-02-20,Cliente 11,LA MOLINA,ACEITE DE MOTOR 5W30 FULL SINTÉTICO,3,145.4,436.2,Vendedor 2
1689,2024-02-20,Cliente 33,SURCO,AMORTIGUADORES DELANTEROS,2,285.8,571.6,Vendedor 4
1690,2024-02-20,Cliente 27,SURCO,AMORTIGUADORES POSTERIORES,1,110.7,110.7,Vendedor 8
1691,2024-02-20,Cliente 9,SURCO,"LLANTAS 18""",1,55.1,55.1,Vendedor 1
1692,2024-02-20,Cliente 20,LA MOLINA,BATERÍA DE 18 PLACAS,1,115.5,115.5,Vendedor 6
1693,2024-02-21,Cliente 39,SURCO,ACEITE DE MOTOR 5W30 FULL SINTÉTICO,3,145.4,436.2,Vendedor 9
1694,2024-02-21,Cliente 46,SURCO,AMORTIGUADORES DELANTEROS,2,285.8,571.6,Vendedor 5
1695,2024-02-21,Cliente 15,SURCO,AMORTIGUADORES POSTERIORES,1,110.7,110.7,Vendedor 3
1696,2024-02-21,Cliente 45,SURCO,"LLANTAS 18""",5,55.1,275.5,Vendedor 4
1697,2024-02-21,Cliente 14,SURCO,BATERÍA DE 18 PLACAS,2,115.5,231.0,Vendedor 3
1698,2024-02-22,Cliente 45,SURCO,ACEITE DE MOTOR 5W30 FULL SINTÉTICO,2,145.4,290.8,Vendedor 2
1699,2024-02-22,Cliente 50,LA MOLINA,AMORTIGUADORES DELANTEROS,1,285.8,285.8,Vendedor 8
1700,2024-02-22,Cliente 13,SURCO,AMORTIGUADORES POSTERIORES,2,110.7,221.4,Vendedor 2
1701,2024-02-22,Cliente 31,LA MOLINA,"LLANTAS 18""",1,55.1,55.1,Vendedor 2
1702,2024-02-22,Cliente 5,SURCO,BATERÍA DE 18 PLACAS,2,115.5,231.0,Vendedor 5
1703,2024-02-23,Cliente 49,SURCO,ACEITE DE MOTOR 5W30 FULL SINTÉTICO,3,145.4,436.2,Vendedor 2
1704,2024-02-23,Cliente 38,LA MOLINA,AMORTIGUADORES DELANTEROS,1,285.8,285.8,Vendedor 4
1705,2024-02-23,Cliente 2,LA MOLINA,AMORTIGUADORES POSTERIORES,1,110.7,110.7,Vendedor 2
1706,2024-02-23,Cliente 38,LA MOLINA,"LLANTAS 18""",2,55.1,110.2,Vendedor 6
1707,2024-02-23,Cliente 33,SURCO,BATERÍA DE 18 PLACAS,1,115.5,115.5,Vendedor 10
1708,2024-02-24,Cliente 7,LA MOLINA,AMORTIGUADORES DELANTEROS,5,285.8,1429.0,Vendedor 10
1709,2024-02-24,Cliente 46,SURCO,AMORTIGUADORES POSTERIORES,1,110.7,110.7,Vendedor 4
1710,2024-02-24,Cliente 49,LA MOLINA,"LLANTAS 18""",3,55.1,165.3,Vendedor 9
1711,2024-02-25,Cliente 24,LA MOLINA,AMORTIGUADORES DELANTEROS,2,285.8,571.6,Vendedor 10
1712,2024-02-25,Cliente 44,LA MOLINA,AMORTIGUADORES POSTERIORES,1,110.7,110.7,Vendedor 2
1713,2024-02-26,Cliente 33,LA MOLINA,AMORTIGUADORES DELANTEROS,1,285.8,285.8,Vendedor 4
1714,2024-02-26,Cliente 49,SURCO,AMORTIGUADORES POSTERIORES,1,110.7,110.7,Vendedor 6
1715,2024-02-27,Cliente 49,LA MOLINA,AMORTIGUADORES POSTERIORES,2,110.7,221.4,Vendedor 6
1716,2024-02-28,Cliente 32,LA MOLINA,AMORTIGUADORES POSTERIORES,1,110.7,110.7,Vendedor 2
1717,2024-02-29,Cliente 5,LA MOLINA,AMORTIGUADORES POSTERIORES,2,110.7,221.4,Vendedor 8
1718,2024-03-01,Cliente 1,SURCO,AUTO HONDA ACCORD 2014,1,39500.0,39500.0,Vendedor 8
1719,2024-03-01,Cliente 26,SURCO,AUTO HONDA CIVIC 2014,1,18000.0,18000.0,Vendedor 8
1720,2024-03-01,Cliente 8,SURCO,AUTO HONDA ODISSEY 2013,1,21000.0,21000.0,Vendedor 3
1721,2024-03-01,Cliente 26,LA MOLINA,AUTO HONDA CRV 2014,1,32500.0,32500.0,Vendedor 10
1722,2024-03-01,Cliente 48,SURCO,AUTO HONDA FIT 2016,1,26000.0,26000.0,Vendedor 3
1723,2024-03-01,Cliente 24,SURCO,AUTO HONDA CITY 2016,1,28000.0,28000.0,Vendedor 4
1724,2024-03-02,Cliente 15,SURCO,AUTO HONDA ACCORD 2014,1,39500.0,39500.0,Vendedor 7
1725,2024-03-02,Cliente 18,LA MOLINA,AUTO HONDA CIVIC 2014,1,18000.0,18000.0,Vendedor 10
1726,2024-03-02,Cliente 49,LA MOLINA,AUTO HONDA ODISSEY 2013,1,21000.0,21000.0,Vendedor 7
1727,2024-03-02,Cliente 31,LA MOLINA,AUTO HONDA CRV 2014,1,32500.0,32500.0,Vendedor 10
1728,2024-03-03,Cliente 50,SURCO,AUTO HONDA CIVIC 2014,1,18000.0,18000.0,Vendedor 8
1729,2024-03-03,Cliente 8,SURCO,AUTO HONDA ODISSEY 2013,1,21000.0,21000.0,Vendedor 5
1730,2024-03-03,Cliente 32,LA MOLINA,AUTO HONDA CRV 2014,1,32500.0,32500.0,Vendedor 4
1731,2024-03-03,Cliente 2,SURCO,ACEITE DE MOTOR 5W30 FULL SINTÉTICO,3,120.0,360.0,Vendedor 2
1732,2024-03-03,Cliente 5,SURCO,FILTRO DE COMBUSTIBLE,1,113.0,113.0,Vendedor 8
1733,2024-03-03,Cliente 12,SURCO,AMORTIGUADORES DELANTEROS,3,253.0,759.0,Vendedor 7
1734,2024-03-03,Cliente 10,LA MOLINA,AMORTIGUADORES POSTERIORES,3,88.7,266.1,Vendedor 5
1735,2024-03-03,Cliente 49,SURCO,"LLANTAS 18""",3,75.2,225.6,Vendedor 2
1736,2024-03-03,Cliente 30,LA MOLINA,BATERÍA DE 18 PLACAS,1,109.6,109.6,Vendedor 4
1737,2024-03-04,Cliente 43,SURCO,AUTO HONDA CRV 2014,1,32500.0,32500.0,Vendedor 8
1738,2024-03-04,Cliente 35,LA MOLINA,ACEITE DE MOTOR 5W30 FULL SINTÉTICO,2,120.0,240.0,Vendedor 6
1739,2024-03-04,Cliente 49,LA MOLINA,FILTRO DE COMBUSTIBLE,1,113.0,113.0,Vendedor 1
1740,2024-03-04,Cliente 25,SURCO,AMORTIGUADORES DELANTEROS,2,253.0,506.0,Vendedor 8
1741,2024-03-04,Cliente 29,LA MOLINA,AMORTIGUADORES POSTERIORES,2,88.7,177.4,Vendedor 8
1742,2024-03-04,Cliente 12,SURCO,"LLANTAS 18""",1,75.2,75.2,Vendedor 9
1743,2024-03-04,Cliente 46,LA MOLINA,BATERÍA DE 18 PLACAS,1,109.6,109.6,Vendedor 3
1744,2024-03-05,Cliente 28,SURCO,AUTO HONDA CRV 2014,1,32500.0,32500.0,Vendedor 3
1745,2024-03-05,Cliente 32,LA MOLINA,ACEITE DE MOTOR 5W30 FULL SINTÉTICO,2,120.0,240.0,Vendedor 2
1746,2024-03-05,Cliente 43,LA MOLINA,AMORTIGUADORES DELANTEROS,3,253.0,759.0,Vendedor 9
1747,2024-03-05,Cliente 31,LA MOLINA,AMORTIGUADORES POSTERIORES,3,88.7,266.1,Vendedor 9
1748,2024-03-05,Cliente 26,SURCO,"LLANTAS 18""",1,75.2,75.2,Vendedor 5
1749,2024-03-05,Cliente 38,LA MOLINA,BATERÍA DE 18 PLACAS,1,109.6,109.6,Vendedor 7
1750,2024-03-06,Cliente 50,SURCO,AUTO HONDA CRV 2014,1,32500.0,32500.0,Vendedor 5
1751,2024-03-06,Cliente 2,SURCO,ACEITE DE MOTOR 5W30 FULL SINTÉTICO,2,120.0,240.0,Vendedor 10
1752,2024-03-06,Cliente 24,SURCO,AMORTIGUADORES DELANTEROS,1,253.0,253.0,Vendedor 6
1753,2024-03-06,Cliente 49,SURCO,AMORTIGUADORES POSTERIORES,3,88.7,266.1,Vendedor 6
1754,2024-03-06,Cliente 28,SURCO,"LLANTAS 18""",2,75.2,150.4,Vendedor 6
1755,2024-03-06,Cliente 27,LA MOLINA,BATERÍA DE 18 PLACAS,1,109.6,109.6,Vendedor 6
1756,2024-03-07,Cliente 16,SURCO,ACEITE DE MOTOR 5W30 FULL SINTÉTICO,1,120.0,120.0,Vendedor 4
1757,2024-03-07,Cliente 45,SURCO,AMORTIGUADORES DELANTEROS,3,253.0,759.0,Vendedor 2
1758,2024-03-07,Cliente 22,SURCO,AMORTIGUADORES POSTERIORES,2,88.7,177.4,Vendedor 3
1759,2024-03-07,Cliente 3,LA MOLINA,"LLANTAS 18""",1,75.2,75.2,Vendedor 8
1760,2024-03-07,Cliente 37,LA MOLINA,BATERÍA DE 18 PLACAS,1,109.6,109.6,Vendedor 9
1761,2024-03-08,Cliente 2,LA MOLINA,ACEITE DE MOTOR 5W30 FULL SINTÉTICO,4,120.0,480.0,Vendedor 8
1762,2024-03-08,Cliente 25,LA MOLINA,AMORTIGUADORES DELANTEROS,1,253.0,253.0,Vendedor 10
1763,2024-03-08,Cliente 37,LA MOLINA,AMORTIGUADORES POSTERIORES,2,88.7,177.4,Vendedor 2
1764,2024-03-08,Cliente 45,SURCO,"LLANTAS 18""",2,75.2,150.4,Vendedor 4
1765,2024-03-08,Cliente 32,SURCO,BATERÍA DE 18 PLACAS,1,109.6,109.6,Vendedor 9
1766,2024-03-09,Cliente 40,SURCO,ACEITE DE MOTOR 5W30 FULL SINTÉTICO,3,120.0,360.0,Vendedor 5
1767,2024-03-09,Cliente 13,LA MOLINA,AMORTIGUADORES DELANTEROS,3,253.0,759.0,Vendedor 8
1768,2024-03-09,Cliente 35,SURCO,AMORTIGUADORES POSTERIORES,3,88.7,266.1,Vendedor 4
1769,2024-03-09,Cliente 4,LA MOLINA,"LLANTAS 18""",2,75.2,150.4,Vendedor 5
1770,2024-03-09,Cliente 15,SURCO,BATERÍA DE 18 PLACAS,1,109.6,109.6,Vendedor 10
1771,2024-03-10,Cliente 38,SURCO,ACEITE DE MOTOR 5W30 FULL SINTÉTICO,1,120.0,120.0,Vendedor 6
1772,2024-03-10,Cliente 37,SURCO,AMORTIGUADORES DELANTEROS,1,253.0,253.0,Vendedor 9
1773,2024-03-10,Cliente 14,SURCO,AMORTIGUADORES POSTERIORES,2,88.7,177.4,Vendedor 6
1774,2024-03-10,Cliente 33,LA MOLINA,"LLANTAS 18""",1,75.2,75.2,Vendedor 5
1775,2024-03-10,Cliente 43,SURCO,BATERÍA DE 18 PLACAS,1,109.6,109.6,Vendedor 9
1776,2024-03-11,Cliente 13,SURCO,AUTO HONDA PILOT 2013,1,25500.0,25500.0,Vendedor 7
1777,2024-03-11,Cliente 17,SURCO,AUTO HONDA FIT 2016,1,26000.0,26000.0,Vendedor 10
1778,2024-03-11,Cliente 43,SURCO,AUTO HONDA CITY 2016,1,28000.0,28000.0,Vendedor 9
1779,2024-03-11,Cliente 41,LA MOLINA,ACEITE DE MOTOR 5W30 FULL SINTÉTICO,2,120.0,240.0,Vendedor 9
1780,2024-03-11,Cliente 14,LA MOLINA,AMORTIGUADORES DELANTEROS,2,253.0,506.0,Vendedor 8
1781,2024-03-11,Cliente 34,SURCO,"LLANTAS 18""",1,75.2,75.2,Vendedor 4
1782,2024-03-11,Cliente 10,SURCO,BATERÍA DE 18 PLACAS,2,109.6,219.2,Vendedor 4
1783,2024-03-12,Cliente 48,SURCO,AUTO HONDA PILOT 2013,1,25500.0,25500.0,Vendedor 5
1784,2024-03-12,Cliente 27,SURCO,AUTO HONDA FIT 2016,1,26000.0,26000.0,Vendedor 6
1785,2024-03-12,Cliente 41,SURCO,AUTO HONDA CITY 2016,1,28000.0,28000.0,Vendedor 4
1786,2024-03-12,Cliente 42,LA MOLINA,AMORTIGUADORES DELANTEROS,1,253.0,253.0,Vendedor 3
1787,2024-03-12,Cliente 16,LA MOLINA,"LLANTAS 18""",2,75.2,150.4,Vendedor 2
1788,2024-03-13,Cliente 2,SURCO,AUTO HONDA PILOT 2013,1,25500.0,25500.0,Vendedor 4
1789,2024-03-13,Cliente 30,SURCO,AUTO HONDA FIT 2016,1,26000.0,26000.0,Vendedor 8
1790,2024-03-13,Cliente 11,LA MOLINA,"LLANTAS 18""",1,75.2,75.2,Vendedor 5
1791,2024-03-14,Cliente 17,SURCO,AUTO HONDA FIT 2016,1,26000.0,26000.0,Vendedor 5
1792,2024-03-14,Cliente 6,LA MOLINA,"LLANTAS 18""",1,75.2,75.2,Vendedor 6
1793,2024-03-15,Cliente 47,LA MOLINA,"LLANTAS 18""",1,75.2,75.2,Vendedor 3
1794,2024-03-16,Cliente 6,LA MOLINA,"LLANTAS 18""",1,75.2,75.2,Vendedor 4
1795,2024-03-17,Cliente 38,LA MOLINA,ACEITE DE MOTOR 5W30 FULL SINTÉTICO,3,120.0,360.0,Vendedor 7
1796,2024-03-17,Cliente 28,SURCO,FILTRO DE COMBUSTIBLE,1,113.0,113.0,Vendedor 4
1797,2024-03-17,Cliente 12,SURCO,AMORTIGUADORES DELANTEROS,2,253.0,506.0,Vendedor 4
1798,2024-03-17,Cliente 27,LA MOLINA,AMORTIGUADORES POSTERIORES,3,88.7,266.1,Vendedor 5
1799,2024-03-17,Cliente 32,SURCO,"LLANTAS 18""",5,75.2,376.0,Vendedor 9
1800,2024-03-17,Cliente 21,SURCO,BATERÍA DE 18 PLACAS,2,109.6,219.2,Vendedor 9
1801,2024-03-18,Cliente 44,LA MOLINA,ACEITE DE MOTOR 5W30 FULL SINTÉTICO,4,120.0,480.0,Vendedor 4
1802,2024-03-18,Cliente 10,LA MOLINA,FILTRO DE COMBUSTIBLE,1,113.0,113.0,Vendedor 6
1803,2024-03-18,Cliente 20,LA MOLINA,AMORTIGUADORES DELANTEROS,4,253.0,1012.0,Vendedor 1
1804,2024-03-18,Cliente 48,SURCO,AMORTIGUADORES POSTERIORES,5,88.7,443.5,Vendedor 1
1805,2024-03-18,Cliente 36,LA MOLINA,"LLANTAS 18""",2,75.2,150.4,Vendedor 7
1806,2024-03-18,Cliente 44,LA MOLINA,BATERÍA DE 18 PLACAS,2,109.6,219.2,Vendedor 2
1807,2024-03-19,Cliente 29,SURCO,ACEITE DE MOTOR 5W30 FULL SINTÉTICO,5,120.0,600.0,Vendedor 7
1808,2024-03-19,Cliente 17,LA MOLINA,AMORTIGUADORES DELANTEROS,1,253.0,253.0,Vendedor 5
1809,2024-03-19,Cliente 20,SURCO,AMORTIGUADORES POSTERIORES,1,88.7,88.7,Vendedor 4
1810,2024-03-19,Cliente 41,LA MOLINA,"LLANTAS 18""",2,75.2,150.4,Vendedor 6
1811,2024-03-19,Cliente 18,SURCO,BATERÍA DE 18 PLACAS,2,109.6,219.2,Vendedor 2
1812,2024-03-20,Cliente 48,LA MOLINA,ACEITE DE MOTOR 5W30 FULL SINTÉTICO,3,120.0,360.0,Vendedor 7
1813,2024-03-20,Cliente 7,LA MOLINA,AMORTIGUADORES DELANTEROS,3,253.0,759.0,Vendedor 3
1814,2024-03-20,Cliente 23,SURCO,AMORTIGUADORES POSTERIORES,3,88.7,266.1,Vendedor 7
1815,2024-03-20,Cliente 30,LA MOLINA,"LLANTAS 18""",4,75.2,300.8,Vendedor 1
1816,2024-03-20,Cliente 41,SURCO,BATERÍA DE 18 PLACAS,1,109.6,109.6,Vendedor 8
1817,2024-03-21,Cliente 1,SURCO,ACEITE DE MOTOR 5W30 FULL SINTÉTICO,5,120.0,600.0,Vendedor 7
1818,2024-03-21,Cliente 21,LA MOLINA,AMORTIGUADORES DELANTEROS,2,253.0,506.0,Vendedor 10
1819,2024-03-21,Cliente 11,SURCO,AMORTIGUADORES POSTERIORES,1,88.7,88.7,Vendedor 4
1820,2024-03-21,Cliente 39,SURCO,"LLANTAS 18""",5,75.2,376.0,Vendedor 7
1821,2024-03-21,Cliente 31,LA MOLINA,BATERÍA DE 18 PLACAS,2,109.6,219.2,Vendedor 3
1822,2024-03-22,Cliente 19,SURCO,AMORTIGUADORES DELANTEROS,2,253.0,506.0,Vendedor 4
1823,2024-03-22,Cliente 24,LA MOLINA,AMORTIGUADORES POSTERIORES,1,88.7,88.7,Vendedor 3
1824,2024-03-22,Cliente 2,LA MOLINA,BATERÍA DE 18 PLACAS,1,109.6,109.6,Vendedor 1
1825,2024-03-23,Cliente 30,SURCO,AMORTIGUADORES DELANTEROS,4,253.0,1012.0,Vendedor 4
1826,2024-03-23,Cliente 4,LA MOLINA,AMORTIGUADORES POSTERIORES,3,88.7,266.1,Vendedor 7
1827,2024-03-24,Cliente 24,SURCO,AMORTIGUADORES DELANTEROS,2,253.0,506.0,Vendedor 3
1828,2024-03-24,Cliente 1,LA MOLINA,AMORTIGUADORES POSTERIORES,3,88.7,266.1,Vendedor 9
1829,2024-04-01,Cliente 4,SURCO,AUTO HONDA ACCORD 2014,1,40000.0,40000.0,Vendedor 6
1830,2024-04-01,Cliente 31,SURCO,AUTO HONDA CIVIC 2014,1,18000.0,18000.0,Vendedor 6
1831,2024-04-01,Cliente 1,SURCO,AUTO HONDA ODISSEY 2013,1,29000.0,29000.0,Vendedor 5
1832,2024-04-01,Cliente 20,SURCO,AUTO HONDA PILOT 2013,1,30500.0,30500.0,Vendedor 7
1833,2024-04-02,Cliente 38,SURCO,AUTO HONDA ACCORD 2014,1,40000.0,40000.0,Vendedor 3
1834,2024-04-02,Cliente 11,LA MOLINA,AUTO HONDA CIVIC 2014,1,18000.0,18000.0,Vendedor 9
1835,2024-04-02,Cliente 22,SURCO,AUTO HONDA PILOT 2013,1,30500.0,30500.0,Vendedor 8
1836,2024-04-03,Cliente 10,LA MOLINA,AUTO HONDA ACCORD 2014,1,40000.0,40000.0,Vendedor 5
1837,2024-04-03,Cliente 3,LA MOLINA,ACEITE DE MOTOR 5W30 FULL SINTÉTICO,1,109.3,109.3,Vendedor 3
1838,2024-04-03,Cliente 18,LA MOLINA,FILTRO DE COMBUSTIBLE,1,119.6,119.6,Vendedor 6
1839,2024-04-03,Cliente 17,LA MOLINA,AMORTIGUADORES DELANTEROS,4,218.1,872.4,Vendedor 10
1840,2024-04-03,Cliente 28,LA MOLINA,AMORTIGUADORES POSTERIORES,2,107.2,214.4,Vendedor 3
1841,2024-04-03,Cliente 49,LA MOLINA,"LLANTAS 18""",2,77.1,154.2,Vendedor 3
1842,2024-04-03,Cliente 4,LA MOLINA,BATERÍA DE 18 PLACAS,1,112.8,112.8,Vendedor 4
1843,2024-04-04,Cliente 4,SURCO,AUTO HONDA ACCORD 2014,1,40000.0,40000.0,Vendedor 4
1844,2024-04-04,Cliente 31,SURCO,ACEITE DE MOTOR 5W30 FULL SINTÉTICO,1,109.3,109.3,Vendedor 5
1845,2024-04-04,Cliente 46,SURCO,FILTRO DE COMBUSTIBLE,1,119.6,119.6,Vendedor 8
1846,2024-04-04,Cliente 32,SURCO,AMORTIGUADORES DELANTEROS,4,218.1,872.4,Vendedor 1
1847,2024-04-04,Cliente 46,LA MOLINA,AMORTIGUADORES POSTERIORES,2,107.2,214.4,Vendedor 9
1848,2024-04-04,Cliente 32,LA MOLINA,"LLANTAS 18""",2,77.1,154.2,Vendedor 2
1849,2024-04-04,Cliente 8,SURCO,BATERÍA DE 18 PLACAS,1,112.8,112.8,Vendedor 6
1850,2024-04-05,Cliente 14,LA MOLINA,AUTO HONDA ACCORD 2014,1,40000.0,40000.0,Vendedor 5
1851,2024-04-05,Cliente 48,SURCO,ACEITE DE MOTOR 5W30 FULL SINTÉTICO,1,109.3,109.3,Vendedor 9
1852,2024-04-05,Cliente 38,SURCO,AMORTIGUADORES DELANTEROS,3,218.1,654.3,Vendedor 1
1853,2024-04-05,Cliente 27,SURCO,AMORTIGUADORES POSTERIORES,3,107.2,321.6,Vendedor 2
1854,2024-04-05,Cliente 44,LA MOLINA,"LLANTAS 18""",1,77.1,77.1,Vendedor 2
1855,2024-04-05,Cliente 2,LA MOLINA,BATERÍA DE 18 PLACAS,1,112.8,112.8,Vendedor 5
1856,2024-04-06,Cliente 26,LA MOLINA,AUTO HONDA ACCORD 2014,1,40000.0,40000.0,Vendedor 6
1857,2024-04-06,Cliente 21,SURCO,ACEITE DE MOTOR 5W30 FULL SINTÉTICO,3,109.3,327.9,Vendedor 3
1858,2024-04-06,Cliente 30,SURCO,AMORTIGUADORES DELANTEROS,1,218.1,218.1,Vendedor 8
1859,2024-04-06,Cliente 39,LA MOLINA,AMORTIGUADORES POSTERIORES,2,107.2,214.4,Vendedor 1
1860,2024-04-06,Cliente 42,SURCO,"LLANTAS 18""",3,77.1,231.3,Vendedor 10
1861,2024-04-06,Cliente 47,LA MOLINA,BATERÍA DE 18 PLACAS,2,112.8,225.6,Vendedor 10
1862,2024-04-07,Cliente 4,SURCO,ACEITE DE MOTOR 5W30 FULL SINTÉTICO,2,109.3,218.6,Vendedor 5
1863,2024-04-07,Cliente 48,SURCO,AMORTIGUADORES DELANTEROS,2,218.1,436.2,Vendedor 2
1864,2024-04-07,Cliente 6,LA MOLINA,AMORTIGUADORES POSTERIORES,3,107.2,321.6,Vendedor 7
1865,2024-04-07,Cliente 16,SURCO,"LLANTAS 18""",3,77.1,231.3,Vendedor 7
1866,2024-04-07,Cliente 14,SURCO,BATERÍA DE 18 PLACAS,1,112.8,112.8,Vendedor 3
1867,2024-04-08,Cliente 19,LA MOLINA,ACEITE DE MOTOR 5W30 FULL SINTÉTICO,4,109.3,437.2,Vendedor 3
1868,2024-04-08,Cliente 32,LA MOLINA,AMORTIGUADORES DELANTEROS,1,218.1,218.1,Vendedor 7
1869,2024-04-08,Cliente 44,LA MOLINA,AMORTIGUADORES POSTERIORES,1,107.2,107.2,Vendedor 10
1870,2024-04-08,Cliente 43,LA MOLINA,"LLANTAS 18""",2,77.1,154.2,Vendedor 2
1871,2024-04-08,Cliente 32,SURCO,BATERÍA DE 18 PLACAS,2,112.8,225.6,Vendedor 8
1872,2024-04-09,Cliente 31,SURCO,AUTO HONDA PILOT 2013,1,30500.0,30500.0,Vendedor 5
1873,2024-04-09,Cliente 6,SURCO,AUTO HONDA FIT 2016,1,28000.0,28000.0,Vendedor 7
1874,2024-04-09,Cliente 28,SURCO,ACEITE DE MOTOR 5W30 FULL SINTÉTICO,3,109.3,327.9,Vendedor 7
1875,2024-04-09,Cliente 33,LA MOLINA,AMORTIGUADORES DELANTEROS,1,218.1,218.1,Vendedor 6
1876,2024-04-09,Cliente 42,SURCO,AMORTIGUADORES POSTERIORES,2,107.2,214.4,Vendedor 3
1877,2024-04-09,Cliente 19,SURCO,"LLANTAS 18""",4,77.1,308.4,Vendedor 8
1878,2024-04-09,Cliente 31,SURCO,BATERÍA DE 18 PLACAS,1,112.8,112.8,Vendedor 5
1879,2024-04-10,Cliente 9,SURCO,AUTO HONDA PILOT 2013,1,30500.0,30500.0,Vendedor 5
1880,2024-04-10,Cliente 34,SURCO,AUTO HONDA FIT 2016,1,28000.0,28000.0,Vendedor 7
1881,2024-04-10,Cliente 36,LA MOLINA,ACEITE DE MOTOR 5W30 FULL SINTÉTICO,3,109.3,327.9,Vendedor 2
1882,2024-04-10,Cliente 33,LA MOLINA,AMORTIGUADORES DELANTEROS,1,218.1,218.1,Vendedor 7
1883,2024-04-10,Cliente 30,SURCO,AMORTIGUADORES POSTERIORES,2,107.2,214.4,Vendedor 10
1884,2024-04-10,Cliente 17,LA MOLINA,"LLANTAS 18""",3,77.1,231.3,Vendedor 10
1885,2024-04-10,Cliente 8,LA MOLINA,BATERÍA DE 18 PLACAS,1,112.8,112.8,Vendedor 8
1886,2024-04-11,Cliente 12,SURCO,AUTO HONDA PILOT 2013,1,30500.0,30500.0,Vendedor 7
1887,2024-04-11,Cliente 27,LA MOLINA,ACEITE DE MOTOR 5W30 FULL SINTÉTICO,1,109.3,109.3,Vendedor 5
1888,2024-04-11,Cliente 49,LA MOLINA,AMORTIGUADORES DELANTEROS,3,218.1,654.3,Vendedor 8
1889,2024-04-11,Cliente 22,SURCO,AMORTIGUADORES POSTERIORES,3,107.2,321.6,Vendedor 3
1890,2024-04-12,Cliente 44,LA MOLINA,ACEITE DE MOTOR 5W30 FULL SINTÉTICO,1,109.3,109.3,Vendedor 2
1891,2024-04-17,Cliente 45,SURCO,ACEITE DE MOTOR 5W30 FULL SINTÉTICO,1,109.3,109.3,Vendedor 4
1892,2024-04-17,Cliente 14,SURCO,FILTRO DE COMBUSTIBLE,1,119.6,119.6,Vendedor 8
1893,2024-04-17,Cliente 42,SURCO,AMORTIGUADORES DELANTEROS,6,218.1,1308.6,Vendedor 4
1894,2024-04-17,Cliente 6,SURCO,AMORTIGUADORES POSTERIORES,4,107.2,428.8,Vendedor 5
1895,2024-04-17,Cliente 31,SURCO,"LLANTAS 18""",4,77.1,308.4,Vendedor 7
1896,2024-04-17,Cliente 11,SURCO,BATERÍA DE 18 PLACAS,1,112.8,112.8,Vendedor 3
1897,2024-04-18,Cliente 32,LA MOLINA,ACEITE DE MOTOR 5W30 FULL SINTÉTICO,6,109.3,655.8,Vendedor 8
1898,2024-04-18,Cliente 29,LA MOLINA,FILTRO DE COMBUSTIBLE,1,119.6,119.6,Vendedor 10
1899,2024-04-18,Cliente 19,SURCO,AMORTIGUADORES DELANTEROS,2,218.1,436.2,Vendedor 10
1900,2024-04-18,Cliente 22,SURCO,AMORTIGUADORES POSTERIORES,4,107.2,428.8,Vendedor 1
1901,2024-04-18,Cliente 27,LA MOLINA,"LLANTAS 18""",1,77.1,77.1,Vendedor 8
1902,2024-04-18,Cliente 3,LA MOLINA,BATERÍA DE 18 PLACAS,3,112.8,338.4,Vendedor 8
1903,2024-04-19,Cliente 33,LA MOLINA,ACEITE DE MOTOR 5W30 FULL SINTÉTICO,4,109.3,437.2,Vendedor 10
1904,2024-04-19,Cliente 15,LA MOLINA,AMORTIGUADORES DELANTEROS,6,218.1,1308.6,Vendedor 1
1905,2024-04-19,Cliente 28,SURCO,AMORTIGUADORES POSTERIORES,2,107.2,214.4,Vendedor 10
1906,2024-04-19,Cliente 18,SURCO,"LLANTAS 18""",3,77.1,231.3,Vendedor 7
1907,2024-04-19,Cliente 32,SURCO,BATERÍA DE 18 PLACAS,2,112.8,225.6,Vendedor 10
1908,2024-04-20,Cliente 29,SURCO,ACEITE DE MOTOR 5W30 FULL SINTÉTICO,6,109.3,655.8,Vendedor 7
1909,2024-04-20,Cliente 19,SURCO,AMORTIGUADORES DELANTEROS,1,218.1,218.1,Vendedor 4
1910,2024-04-20,Cliente 29,LA MOLINA,AMORTIGUADORES POSTERIORES,4,107.2,428.8,Vendedor 4
1911,2024-04-20,Cliente 38,SURCO,"LLANTAS 18""",3,77.1,231.3,Vendedor 6
1912,2024-04-20,Cliente 9,LA MOLINA,BATERÍA DE 18 PLACAS,2,112.8,225.6,Vendedor 5
1913,2024-04-21,Cliente 27,SURCO,ACEITE DE MOTOR 5W30 FULL SINTÉTICO,3,109.3,327.9,Vendedor 6
1914,2024-04-21,Cliente 40,SURCO,AMORTIGUADORES DELANTEROS,1,218.1,218.1,Vendedor 4
1915,2024-04-21,Cliente 43,LA MOLINA,AMORTIGUADORES POSTERIORES,3,107.2,321.6,Vendedor 8
1916,2024-04-21,Cliente 13,LA MOLINA,"LLANTAS 18""",2,77.1,154.2,Vendedor 3
1917,2024-04-21,Cliente 7,SURCO,BATERÍA DE 18 PLACAS,2,112.8,225.6,Vendedor 7
1918,2024-04-22,Cliente 14,LA MOLINA,AMORTIGUADORES DELANTEROS,4,218.1,872.4,Vendedor 9
1919,2024-04-22,Cliente 23,LA MOLINA,AMORTIGUADORES POSTERIORES,1,107.2,107.2,Vendedor 5
1920,2024-04-22,Cliente 12,LA MOLINA,"LLANTAS 18""",6,77.1,462.6,Vendedor 9
1921,2024-04-23,Cliente 8,LA MOLINA,AMORTIGUADORES POSTERIORES,2,107.2,214.4,Vendedor 10
1922,2024-04-23,Cliente 36,LA MOLINA,"LLANTAS 18""",1,77.1,77.1,Vendedor 4
1923,2024-05-01,Cliente 22,LA MOLINA,AUTO HONDA ACCORD 2014,1,30000.0,30000.0,Vendedor 5
1924,2024-05-01,Cliente 6,SURCO,AUTO HONDA CIVIC 2014,1,18000.0,18000.0,Vendedor 5
1925,2024-05-01,Cliente 46,LA MOLINA,AUTO HONDA ODISSEY 2013,1,28500.0,28500.0,Vendedor 7
1926,2024-05-01,Cliente 41,LA MOLINA,AUTO HONDA CRV 2014,1,30000.0,30000.0,Vendedor 4
1927,2024-05-01,Cliente 49,SURCO,AUTO HONDA FIT 2016,1,25000.0,25000.0,Vendedor 9
1928,2024-05-01,Cliente 15,SURCO,AUTO HONDA CITY 2016,1,25500.0,25500.0,Vendedor 3
1929,2024-05-02,Cliente 2,LA MOLINA,AUTO HONDA ACCORD 2014,1,30000.0,30000.0,Vendedor 8
1930,2024-05-02,Cliente 50,SURCO,AUTO HONDA CIVIC 2014,1,18000.0,18000.0,Vendedor 1
1931,2024-05-02,Cliente 6,SURCO,AUTO HONDA ODISSEY 2013,1,28500.0,28500.0,Vendedor 6
1932,2024-05-02,Cliente 26,LA MOLINA,AUTO HONDA CRV 2014,1,30000.0,30000.0,Vendedor 3
1933,2024-05-02,Cliente 4,SURCO,AUTO HONDA FIT 2016,1,25000.0,25000.0,Vendedor 7
1934,2024-05-02,Cliente 43,SURCO,AUTO HONDA CITY 2016,1,25500.0,25500.0,Vendedor 3
1935,2024-05-03,Cliente 44,SURCO,AUTO HONDA ACCORD 2014,1,30000.0,30000.0,Vendedor 9
1936,2024-05-03,Cliente 47,LA MOLINA,AUTO HONDA CIVIC 2014,1,18000.0,18000.0,Vendedor 6
1937,2024-05-03,Cliente 1,LA MOLINA,AUTO HONDA ODISSEY 2013,1,28500.0,28500.0,Vendedor 5
1938,2024-05-03,Cliente 45,SURCO,AUTO HONDA CITY 2016,1,25500.0,25500.0,Vendedor 7
1939,2024-05-03,Cliente 35,SURCO,ACEITE DE MOTOR 5W30 FULL SINTÉTICO,2,109.2,218.4,Vendedor 10
1940,2024-05-03,Cliente 45,LA MOLINA,FILTRO DE COMBUSTIBLE,1,126.9,126.9,Vendedor 6
1941,2024-05-03,Cliente 20,SURCO,AMORTIGUADORES DELANTEROS,4,221.0,884.0,Vendedor 2
1942,2024-05-03,Cliente 25,LA MOLINA,AMORTIGUADORES POSTERIORES,1,82.3,82.3,Vendedor 3
1943,2024-05-03,Cliente 14,LA MOLINA,"LLANTAS 18""",5,74.3,371.5,Vendedor 2
1944,2024-05-03,Cliente 34,LA MOLINA,BATERÍA DE 18 PLACAS,1,89.4,89.4,Vendedor 6
1945,2024-05-04,Cliente 2,SURCO,AUTO HONDA ACCORD 2014,1,30000.0,30000.0,Vendedor 1
1946,2024-05-04,Cliente 16,LA MOLINA,AUTO HONDA CIVIC 2014,1,18000.0,18000.0,Vendedor 5
1947,2024-05-04,Cliente 33,LA MOLINA,AUTO HONDA ODISSEY 2013,1,28500.0,28500.0,Vendedor 2
1948,2024-05-04,Cliente 24,SURCO,AUTO HONDA CITY 2016,1,25500.0,25500.0,Vendedor 5
1949,2024-05-04,Cliente 8,LA MOLINA,ACEITE DE MOTOR 5W30 FULL SINTÉTICO,3,109.2,327.6,Vendedor 1
1950,2024-05-04,Cliente 29,SURCO,FILTRO DE COMBUSTIBLE,1,126.9,126.9,Vendedor 5
1951,2024-05-04,Cliente 22,LA MOLINA,AMORTIGUADORES DELANTEROS,1,221.0,221.0,Vendedor 4
1952,2024-05-04,Cliente 23,SURCO,AMORTIGUADORES POSTERIORES,3,82.3,246.9,Vendedor 5
1953,2024-05-04,Cliente 46,SURCO,"LLANTAS 18""",3,74.3,222.9,Vendedor 7
1954,2024-05-04,Cliente 21,SURCO,BATERÍA DE 18 PLACAS,1,89.4,89.4,Vendedor 9
1955,2024-05-05,Cliente 50,SURCO,ACEITE DE MOTOR 5W30 FULL SINTÉTICO,3,109.2,327.6,Vendedor 6
1956,2024-05-05,Cliente 10,SURCO,AMORTIGUADORES DELANTEROS,4,221.0,884.0,Vendedor 7
1957,2024-05-05,Cliente 6,SURCO,AMORTIGUADORES POSTERIORES,2,82.3,164.6,Vendedor 1
1958,2024-05-05,Cliente 31,SURCO,"LLANTAS 18""",4,74.3,297.2,Vendedor 4
1959,2024-05-05,Cliente 24,SURCO,BATERÍA DE 18 PLACAS,2,89.4,178.8,Vendedor 9
1960,2024-05-06,Cliente 17,LA MOLINA,ACEITE DE MOTOR 5W30 FULL SINTÉTICO,2,109.2,218.4,Vendedor 10
1961,2024-05-06,Cliente 29,LA MOLINA,AMORTIGUADORES DELANTEROS,4,221.0,884.0,Vendedor 8
1962,2024-05-06,Cliente 11,LA MOLINA,AMORTIGUADORES POSTERIORES,3,82.3,246.9,Vendedor 3
1963,2024-05-06,Cliente 32,SURCO,"LLANTAS 18""",3,74.3,222.9,Vendedor 8
1964,2024-05-06,Cliente 45,SURCO,BATERÍA DE 18 PLACAS,1,89.4,89.4,Vendedor 4
1965,2024-05-07,Cliente 3,LA MOLINA,ACEITE DE MOTOR 5W30 FULL SINTÉTICO,2,109.2,218.4,Vendedor 3
1966,2024-05-07,Cliente 39,SURCO,AMORTIGUADORES DELANTEROS,2,221.0,442.0,Vendedor 7
1967,2024-05-07,Cliente 24,SURCO,AMORTIGUADORES POSTERIORES,1,82.3,82.3,Vendedor 10
1968,2024-05-07,Cliente 34,LA MOLINA,"LLANTAS 18""",3,74.3,222.9,Vendedor 3
1969,2024-05-07,Cliente 20,LA MOLINA,BATERÍA DE 18 PLACAS,1,89.4,89.4,Vendedor 6
1970,2024-05-08,Cliente 32,LA MOLINA,ACEITE DE MOTOR 5W30 FULL SINTÉTICO,2,109.2,218.4,Vendedor 1
1971,2024-05-08,Cliente 38,LA MOLINA,AMORTIGUADORES DELANTEROS,2,221.0,442.0,Vendedor 7
1972,2024-05-08,Cliente 19,LA MOLINA,AMORTIGUADORES POSTERIORES,1,82.3,82.3,Vendedor 4
1973,2024-05-08,Cliente 1,LA MOLINA,"LLANTAS 18""",2,74.3,148.6,Vendedor 2
1974,2024-05-08,Cliente 3,SURCO,BATERÍA DE 18 PLACAS,1,89.4,89.4,Vendedor 7
1975,2024-05-09,Cliente 37,LA MOLINA,ACEITE DE MOTOR 5W30 FULL SINTÉTICO,1,109.2,109.2,Vendedor 8
1976,2024-05-09,Cliente 31,LA MOLINA,AMORTIGUADORES DELANTEROS,3,221.0,663.0,Vendedor 10
1977,2024-05-09,Cliente 33,SURCO,AMORTIGUADORES POSTERIORES,1,82.3,82.3,Vendedor 8
1978,2024-05-09,Cliente 47,LA MOLINA,BATERÍA DE 18 PLACAS,2,89.4,178.8,Vendedor 6
1979,2024-05-10,Cliente 40,SURCO,AUTO HONDA ACCORD 2014,1,30000.0,30000.0,Vendedor 10
1980,2024-05-10,Cliente 25,SURCO,AUTO HONDA PILOT 2013,1,28500.0,28500.0,Vendedor 4
1981,2024-05-10,Cliente 35,SURCO,ACEITE DE MOTOR 5W30 FULL SINTÉTICO,2,109.2,218.4,Vendedor 1
1982,2024-05-10,Cliente 42,LA MOLINA,AMORTIGUADORES POSTERIORES,3,82.3,246.9,Vendedor 2
1983,2024-05-10,Cliente 36,LA MOLINA,BATERÍA DE 18 PLACAS,1,89.4,89.4,Vendedor 2
1984,2024-05-11,Cliente 13,SURCO,AUTO HONDA ACCORD 2014,1,30000.0,30000.0,Vendedor 10
1985,2024-05-11,Cliente 37,SURCO,AUTO HONDA PILOT 2013,1,28500.0,28500.0,Vendedor 9
1986,2024-05-11,Cliente 33,SURCO,ACEITE DE MOTOR 5W30 FULL SINTÉTICO,1,109.2,109.2,Vendedor 1
1987,2024-05-11,Cliente 2,SURCO,AMORTIGUADORES POSTERIORES,3,82.3,246.9,Vendedor 5
1988,2024-05-12,Cliente 6,SURCO,AUTO HONDA PILOT 2013,1,28500.0,28500.0,Vendedor 9
1989,2024-05-12,Cliente 26,SURCO,ACEITE DE MOTOR 5W30 FULL SINTÉTICO,2,109.2,218.4,Vendedor 10
1990,2024-05-12,Cliente 22,LA MOLINA,AMORTIGUADORES POSTERIORES,2,82.3,164.6,Vendedor 7
1991,2024-05-17,Cliente 12,LA MOLINA,ACEITE DE MOTOR 5W30 FULL SINTÉTICO,1,109.2,109.2,Vendedor 1
1992,2024-05-17,Cliente 20,SURCO,FILTRO DE COMBUSTIBLE,1,126.9,126.9,Vendedor 7
1993,2024-05-17,Cliente 10,LA MOLINA,AMORTIGUADORES DELANTEROS,1,221.0,221.0,Vendedor 7
1994,2024-05-17,Cliente 25,LA MOLINA,AMORTIGUADORES POSTERIORES,3,82.3,246.9,Vendedor 2
1995,2024-05-17,Cliente 16,SURCO,"LLANTAS 18""",1,74.3,74.3,Vendedor 10
1996,2024-05-17,Cliente 32,SURCO,BATERÍA DE 18 PLACAS,3,89.4,268.2,Vendedor 9
1997,2024-05-18,Cliente 8,LA MOLINA,ACEITE DE MOTOR 5W30 FULL SINTÉTICO,5,109.2,546.0,Vendedor 5
1998,2024-05-18,Cliente 21,LA MOLINA,FILTRO DE COMBUSTIBLE,1,126.9,126.9,Vendedor 8
1999,2024-05-18,Cliente 5,LA MOLINA,AMORTIGUADORES DELANTEROS,5,221.0,1105.0,Vendedor 8
2000,2024-05-18,Cliente 41,LA MOLINA,AMORTIGUADORES POSTERIORES,1,82.3,82.3,Vendedor 4
2001,2024-05-18,Cliente 36,LA MOLINA,"LLANTAS 18""",1,74.3,74.3,Vendedor 10
2002,2024-05-18,Cliente 16,SURCO,BATERÍA DE 18 PLACAS,2,89.4,178.8,Vendedor 9
2003,2024-05-19,Cliente 37,LA MOLINA,ACEITE DE MOTOR 5W30 FULL SINTÉTICO,2,109.2,218.4,Vendedor 7
2004,2024-05-19,Cliente 41,SURCO,AMORTIGUADORES DELANTEROS,4,221.0,884.0,Vendedor 9
2005,2024-05-19,Cliente 24,SURCO,AMORTIGUADORES POSTERIORES,2,82.3,164.6,Vendedor 9
2006,2024-05-19,Cliente 35,SURCO,"LLANTAS 18""",3,74.3,222.9,Vendedor 7
2007,2024-05-19,Cliente 3,LA MOLINA,BATERÍA DE 18 PLACAS,3,89.4,268.2,Vendedor 1
2008,2024-05-20,Cliente 42,LA MOLINA,ACEITE DE MOTOR 5W30 FULL SINTÉTICO,2,109.2,218.4,Vendedor 3
2009,2024-05-20,Cliente 31,SURCO,AMORTIGUADORES DELANTEROS,1,221.0,221.0,Vendedor 5
2010,2024-05-20,Cliente 23,LA MOLINA,AMORTIGUADORES POSTERIORES,3,82.3,246.9,Vendedor 4
2011,2024-05-20,Cliente 3,LA MOLINA,"LLANTAS 18""",9,74.3,668.7,Vendedor 3
2012,2024-05-20,Cliente 20,LA MOLINA,BATERÍA DE 18 PLACAS,2,89.4,178.8,Vendedor 2
2013,2024-05-21,Cliente 9,SURCO,ACEITE DE MOTOR 5W30 FULL SINTÉTICO,4,109.2,436.8,Vendedor 9
2014,2024-05-21,Cliente 14,LA MOLINA,AMORTIGUADORES DELANTEROS,4,221.0,884.0,Vendedor 10
2015,2024-05-21,Cliente 44,LA MOLINA,AMORTIGUADORES POSTERIORES,3,82.3,246.9,Vendedor 6
2016,2024-05-21,Cliente 18,SURCO,"LLANTAS 18""",5,74.3,371.5,Vendedor 4
2017,2024-05-22,Cliente 14,SURCO,ACEITE DE MOTOR 5W30 FULL SINTÉTICO,3,109.2,327.6,Vendedor 8
2018,2024-05-22,Cliente 45,SURCO,AMORTIGUADORES DELANTEROS,5,221.0,1105.0,Vendedor 3
2019,2024-05-22,Cliente 1,SURCO,AMORTIGUADORES POSTERIORES,1,82.3,82.3,Vendedor 1
2020,2024-05-22,Cliente 36,SURCO,"LLANTAS 18""",1,74.3,74.3,Vendedor 8
2021,2024-05-23,Cliente 42,SURCO,ACEITE DE MOTOR 5W30 FULL SINTÉTICO,3,109.2,327.6,Vendedor 2
2022,2024-05-23,Cliente 44,SURCO,AMORTIGUADORES POSTERIORES,1,82.3,82.3,Vendedor 2
2023,2024-05-24,Cliente 50,SURCO,AMORTIGUADORES POSTERIORES,4,82.3,329.2,Vendedor 1
2024,2024-05-25,Cliente 15,SURCO,AMORTIGUADORES POSTERIORES,2,82.3,164.6,Vendedor 1
2025,2024-06-01,Cliente 44,SURCO,AUTO HONDA ACCORD 2014,1,22000.0,22000.0,Vendedor 1
2026,2024-06-01,Cliente 44,LA MOLINA,AUTO HONDA CIVIC 2014,1,17500.0,17500.0,Vendedor 9
2027,2024-06-01,Cliente 1,LA MOLINA,AUTO HONDA ODISSEY 2013,1,28500.0,28500.0,Vendedor 7
2028,2024-06-01,Cliente 21,SURCO,AUTO HONDA CRV 2014,1,27500.0,27500.0,Vendedor 7
2029,2024-06-01,Cliente 18,SURCO,AUTO HONDA PILOT 2013,1,31500.0,31500.0,Vendedor 2
2030,2024-06-01,Cliente 32,SURCO,AUTO HONDA FIT 2016,1,33000.0,33000.0,Vendedor 6
2031,2024-06-01,Cliente 47,SURCO,AUTO HONDA CITY 2016,1,25500.0,25500.0,Vendedor 4
2032,2024-06-02,Cliente 21,LA MOLINA,AUTO HONDA ACCORD 2014,1,22000.0,22000.0,Vendedor 1
2033,2024-06-02,Cliente 13,LA MOLINA,AUTO HONDA CIVIC 2014,1,17500.0,17500.0,Vendedor 6
2034,2024-06-02,Cliente 37,SURCO,AUTO HONDA CRV 2014,1,27500.0,27500.0,Vendedor 1
2035,2024-06-02,Cliente 45,SURCO,AUTO HONDA PILOT 2013,1,31500.0,31500.0,Vendedor 7
2036,2024-06-02,Cliente 16,SURCO,AUTO HONDA FIT 2016,1,33000.0,33000.0,Vendedor 4
2037,2024-06-03,Cliente 41,LA MOLINA,AUTO HONDA ACCORD 2014,1,22000.0,22000.0,Vendedor 2
2038,2024-06-03,Cliente 31,SURCO,AUTO HONDA CIVIC 2014,1,17500.0,17500.0,Vendedor 7
2039,2024-06-03,Cliente 38,SURCO,AUTO HONDA CRV 2014,1,27500.0,27500.0,Vendedor 6
2040,2024-06-03,Cliente 16,SURCO,AUTO HONDA FIT 2016,1,33000.0,33000.0,Vendedor 2
2041,2024-06-03,Cliente 22,SURCO,ACEITE DE MOTOR 5W30 FULL SINTÉTICO,2,157.7,315.4,Vendedor 1
2042,2024-06-03,Cliente 34,LA MOLINA,FILTRO DE COMBUSTIBLE,1,128.8,128.8,Vendedor 4
2043,2024-06-03,Cliente 49,LA MOLINA,AMORTIGUADORES DELANTEROS,1,263.4,263.4,Vendedor 2
2044,2024-06-03,Cliente 6,SURCO,AMORTIGUADORES POSTERIORES,2,76.3,152.6,Vendedor 1
2045,2024-06-03,Cliente 21,LA MOLINA,"LLANTAS 18""",1,73.0,73.0,Vendedor 2
2046,2024-06-03,Cliente 4,SURCO,BATERÍA DE 18 PLACAS,1,103.2,103.2,Vendedor 8
2047,2024-06-04,Cliente 20,LA MOLINA,AUTO HONDA ACCORD 2014,1,22000.0,22000.0,Vendedor 10
2048,2024-06-04,Cliente 5,LA MOLINA,AUTO HONDA CIVIC 2014,1,17500.0,17500.0,Vendedor 2
2049,2024-06-04,Cliente 36,SURCO,AUTO HONDA CRV 2014,1,27500.0,27500.0,Vendedor 1
2050,2024-06-04,Cliente 26,LA MOLINA,ACEITE DE MOTOR 5W30 FULL SINTÉTICO,2,157.7,315.4,Vendedor 2
2051,2024-06-04,Cliente 15,SURCO,FILTRO DE COMBUSTIBLE,1,128.8,128.8,Vendedor 10
2052,2024-06-04,Cliente 25,LA MOLINA,AMORTIGUADORES DELANTEROS,1,263.4,263.4,Vendedor 8
2053,2024-06-04,Cliente 22,SURCO,AMORTIGUADORES POSTERIORES,2,76.3,152.6,Vendedor 1
2054,2024-06-04,Cliente 38,LA MOLINA,"LLANTAS 18""",4,73.0,292.0,Vendedor 4
2055,2024-06-04,Cliente 7,SURCO,BATERÍA DE 18 PLACAS,1,103.2,103.2,Vendedor 1
2056,2024-06-05,Cliente 38,SURCO,AUTO HONDA CRV 2014,1,27500.0,27500.0,Vendedor 4
2057,2024-06-05,Cliente 41,SURCO,ACEITE DE MOTOR 5W30 FULL SINTÉTICO,3,157.7,473.1,Vendedor 9
2058,2024-06-05,Cliente 27,LA MOLINA,AMORTIGUADORES DELANTEROS,3,263.4,790.2,Vendedor 8
2059,2024-06-05,Cliente 16,SURCO,AMORTIGUADORES POSTERIORES,2,76.3,152.6,Vendedor 3
2060,2024-06-05,Cliente 9,SURCO,"LLANTAS 18""",1,73.0,73.0,Vendedor 5
2061,2024-06-05,Cliente 20,LA MOLINA,BATERÍA DE 18 PLACAS,2,103.2,206.4,Vendedor 10
2062,2024-06-06,Cliente 10,SURCO,ACEITE DE MOTOR 5W30 FULL SINTÉTICO,3,157.7,473.1,Vendedor 8
2063,2024-06-06,Cliente 19,LA MOLINA,AMORTIGUADORES DELANTEROS,3,263.4,790.2,Vendedor 6
2064,2024-06-06,Cliente 4,SURCO,AMORTIGUADORES POSTERIORES,1,76.3,76.3,Vendedor 4
2065,2024-06-06,Cliente 23,LA MOLINA,"LLANTAS 18""",1,73.0,73.0,Vendedor 4
2066,2024-06-06,Cliente 5,SURCO,BATERÍA DE 18 PLACAS,1,103.2,103.2,Vendedor 6
2067,2024-06-07,Cliente 45,LA MOLINA,ACEITE DE MOTOR 5W30 FULL SINTÉTICO,2,157.7,315.4,Vendedor 8
2068,2024-06-07,Cliente 40,LA MOLINA,AMORTIGUADORES DELANTEROS,2,263.4,526.8,Vendedor 5
2069,2024-06-07,Cliente 11,LA MOLINA,AMORTIGUADORES POSTERIORES,2,76.3,152.6,Vendedor 2
2070,2024-06-07,Cliente 32,SURCO,"LLANTAS 18""",4,73.0,292.0,Vendedor 4
2071,2024-06-07,Cliente 45,SURCO,BATERÍA DE 18 PLACAS,1,103.2,103.2,Vendedor 4
2072,2024-06-08,Cliente 16,SURCO,ACEITE DE MOTOR 5W30 FULL SINTÉTICO,2,157.7,315.4,Vendedor 8
2073,2024-06-08,Cliente 14,SURCO,AMORTIGUADORES DELANTEROS,3,263.4,790.2,Vendedor 7
2074,2024-06-08,Cliente 24,SURCO,AMORTIGUADORES POSTERIORES,1,76.3,76.3,Vendedor 1
2075,2024-06-08,Cliente 2,LA MOLINA,"LLANTAS 18""",1,73.0,73.0,Vendedor 9
2076,2024-06-08,Cliente 19,SURCO,BATERÍA DE 18 PLACAS,1,103.2,103.2,Vendedor 8
2077,2024-06-09,Cliente 41,SURCO,AUTO HONDA ACCORD 2014,1,22000.0,22000.0,Vendedor 10
2078,2024-06-09,Cliente 3,SURCO,AUTO HONDA PILOT 2013,1,31500.0,31500.0,Vendedor 1
2079,2024-06-09,Cliente 13,SURCO,AUTO HONDA CITY 2016,1,25500.0,25500.0,Vendedor 5
2080,2024-06-09,Cliente 17,LA MOLINA,ACEITE DE MOTOR 5W30 FULL SINTÉTICO,2,157.7,315.4,Vendedor 3
2081,2024-06-09,Cliente 12,SURCO,AMORTIGUADORES DELANTEROS,3,263.4,790.2,Vendedor 4
2082,2024-06-09,Cliente 17,SURCO,AMORTIGUADORES POSTERIORES,1,76.3,76.3,Vendedor 2
2083,2024-06-09,Cliente 25,SURCO,"LLANTAS 18""",1,73.0,73.0,Vendedor 2
2084,2024-06-09,Cliente 20,LA MOLINA,BATERÍA DE 18 PLACAS,2,103.2,206.4,Vendedor 8
2085,2024-06-10,Cliente 24,SURCO,AUTO HONDA ACCORD 2014,1,22000.0,22000.0,Vendedor 6
2086,2024-06-10,Cliente 34,SURCO,AUTO HONDA CITY 2016,1,25500.0,25500.0,Vendedor 10
2087,2024-06-10,Cliente 8,LA MOLINA,ACEITE DE MOTOR 5W30 FULL SINTÉTICO,4,157.7,630.8,Vendedor 3
2088,2024-06-10,Cliente 13,SURCO,AMORTIGUADORES DELANTEROS,2,263.4,526.8,Vendedor 9
2089,2024-06-10,Cliente 21,LA MOLINA,AMORTIGUADORES POSTERIORES,2,76.3,152.6,Vendedor 10
2090,2024-06-10,Cliente 3,SURCO,"LLANTAS 18""",4,73.0,292.0,Vendedor 10
2091,2024-06-10,Cliente 10,LA MOLINA,BATERÍA DE 18 PLACAS,1,103.2,103.2,Vendedor 6
2092,2024-06-11,Cliente 4,SURCO,AUTO HONDA CITY 2016,1,25500.0,25500.0,Vendedor 5
2093,2024-06-11,Cliente 47,SURCO,AMORTIGUADORES DELANTEROS,2,263.4,526.8,Vendedor 2
2094,2024-06-11,Cliente 11,SURCO,AMORTIGUADORES POSTERIORES,1,76.3,76.3,Vendedor 9
2095,2024-06-11,Cliente 32,LA MOLINA,"LLANTAS 18""",3,73.0,219.0,Vendedor 9
2096,2024-06-12,Cliente 21,SURCO,AUTO HONDA CITY 2016,1,25500.0,25500.0,Vendedor 6
2097,2024-06-12,Cliente 38,LA MOLINA,AMORTIGUADORES POSTERIORES,2,76.3,152.6,Vendedor 7
2098,2024-06-13,Cliente 16,LA MOLINA,AMORTIGUADORES POSTERIORES,1,76.3,76.3,Vendedor 7
2099,2024-06-14,Cliente 17,LA MOLINA,AMORTIGUADORES POSTERIORES,1,76.3,76.3,Vendedor 9
2100,2024-06-15,Cliente 15,LA MOLINA,AMORTIGUADORES POSTERIORES,2,76.3,152.6,Vendedor 10
2101,2024-06-17,Cliente 27,LA MOLINA,ACEITE DE MOTOR 5W30 FULL SINTÉTICO,4,157.7,630.8,Vendedor 6
2102,2024-06-17,Cliente 21,LA MOLINA,FILTRO DE COMBUSTIBLE,1,128.8,128.8,Vendedor 5
2103,2024-06-17,Cliente 12,SURCO,AMORTIGUADORES DELANTEROS,4,263.4,1053.6,Vendedor 8
2104,2024-06-17,Cliente 42,LA MOLINA,AMORTIGUADORES POSTERIORES,1,76.3,76.3,Vendedor 2
2105,2024-06-17,Cliente 19,SURCO,"LLANTAS 18""",3,73.0,219.0,Vendedor 9
2106,2024-06-17,Cliente 18,SURCO,BATERÍA DE 18 PLACAS,3,103.2,309.6,Vendedor 4
2107,2024-06-18,Cliente 5,SURCO,ACEITE DE MOTOR 5W30 FULL SINTÉTICO,1,157.7,157.7,Vendedor 6
2108,2024-06-18,Cliente 35,SURCO,FILTRO DE COMBUSTIBLE,1,128.8,128.8,Vendedor 4
2109,2024-06-18,Cliente 44,SURCO,AMORTIGUADORES DELANTEROS,3,263.4,790.2,Vendedor 6
2110,2024-06-18,Cliente 48,LA MOLINA,AMORTIGUADORES POSTERIORES,2,76.3,152.6,Vendedor 5
2111,2024-06-18,Cliente 49,SURCO,"LLANTAS 18""",2,73.0,146.0,Vendedor 9
2112,2024-06-18,Cliente 50,SURCO,BATERÍA DE 18 PLACAS,2,103.2,206.4,Vendedor 5
2113,2024-06-19,Cliente 26,LA MOLINA,ACEITE DE MOTOR 5W30 FULL SINTÉTICO,3,157.7,473.1,Vendedor 7
2114,2024-06-19,Cliente 31,SURCO,AMORTIGUADORES DELANTEROS,3,263.4,790.2,Vendedor 9
2115,2024-06-19,Cliente 15,LA MOLINA,AMORTIGUADORES POSTERIORES,1,76.3,76.3,Vendedor 4
2116,2024-06-19,Cliente 31,SURCO,"LLANTAS 18""",5,73.0,365.0,Vendedor 4
2117,2024-06-19,Cliente 47,LA MOLINA,BATERÍA DE 18 PLACAS,3,103.2,309.6,Vendedor 8
2118,2024-06-20,Cliente 21,SURCO,ACEITE DE MOTOR 5W30 FULL SINTÉTICO,3,157.7,473.1,Vendedor 4
2119,2024-06-20,Cliente 14,LA MOLINA,AMORTIGUADORES DELANTEROS,4,263.4,1053.6,Vendedor 8
2120,2024-06-20,Cliente 24,SURCO,AMORTIGUADORES POSTERIORES,2,76.3,152.6,Vendedor 3
2121,2024-06-20,Cliente 48,LA MOLINA,"LLANTAS 18""",3,73.0,219.0,Vendedor 1
2122,2024-06-20,Cliente 22,LA MOLINA,BATERÍA DE 18 PLACAS,2,103.2,206.4,Vendedor 4
2123,2024-06-21,Cliente 44,LA MOLINA,ACEITE DE MOTOR 5W30 FULL SINTÉTICO,3,157.7,473.1,Vendedor 7
2124,2024-06-21,Cliente 38,LA MOLINA,AMORTIGUADORES DELANTEROS,5,263.4,1317.0,Vendedor 1
2125,2024-06-21,Cliente 9,SURCO,AMORTIGUADORES POSTERIORES,3,76.3,228.9,Vendedor 3
2126,2024-06-21,Cliente 25,LA MOLINA,"LLANTAS 18""",6,73.0,438.0,Vendedor 4
2127,2024-06-22,Cliente 13,SURCO,ACEITE DE MOTOR 5W30 FULL SINTÉTICO,2,157.7,315.4,Vendedor 8
2128,2024-06-22,Cliente 41,LA MOLINA,AMORTIGUADORES DELANTEROS,1,263.4,263.4,Vendedor 5
2129,2024-06-22,Cliente 7,SURCO,AMORTIGUADORES POSTERIORES,1,76.3,76.3,Vendedor 9
2130,2024-06-22,Cliente 45,LA MOLINA,"LLANTAS 18""",1,73.0,73.0,Vendedor 10
2131,2024-06-23,Cliente 13,SURCO,ACEITE DE MOTOR 5W30 FULL SINTÉTICO,1,157.7,157.7,Vendedor 2
2132,2024-06-23,Cliente 19,SURCO,AMORTIGUADORES POSTERIORES,1,76.3,76.3,Vendedor 9
2133,2024-06-24,Cliente 34,SURCO,ACEITE DE MOTOR 5W30 FULL SINTÉTICO,1,157.7,157.7,Vendedor 1
2134,2024-06-24,Cliente 11,LA MOLINA,AMORTIGUADORES POSTERIORES,2,76.3,152.6,Vendedor 2
2135,2024-06-25,Cliente 25,SURCO,ACEITE DE MOTOR 5W30 FULL SINTÉTICO,2,157.7,315.4,Vendedor 4
2136,2024-06-25,Cliente 46,LA MOLINA,AMORTIGUADORES POSTERIORES,2,76.3,152.6,Vendedor 8
2137,2024-06-26,Cliente 18,SURCO,AMORTIGUADORES POSTERIORES,2,76.3,152.6,Vendedor 4
2138,2024-06-27,Cliente 37,SURCO,AMORTIGUADORES POSTERIORES,1,76.3,76.3,Vendedor 8
2139,2024-07-01,Cliente 43,LA MOLINA,AUTO HONDA ACCORD 2014,1,22000.0,22000.0,Vendedor 2
2140,2024-07-01,Cliente 32,SURCO,AUTO HONDA CIVIC 2014,1,26000.0,26000.0,Vendedor 7
2141,2024-07-01,Cliente 24,SURCO,AUTO HONDA ODISSEY 2013,1,23000.0,23000.0,Vendedor 2
2142,2024-07-01,Cliente 33,SURCO,AUTO HONDA PILOT 2013,1,28500.0,28500.0,Vendedor 6
2143,2024-07-01,Cliente 29,SURCO,AUTO HONDA FIT 2016,1,33000.0,33000.0,Vendedor 3
2144,2024-07-02,Cliente 41,SURCO,AUTO HONDA ACCORD 2014,1,22000.0,22000.0,Vendedor 8
2145,2024-07-02,Cliente 22,LA MOLINA,AUTO HONDA CIVIC 2014,1,26000.0,26000.0,Vendedor 7
2146,2024-07-02,Cliente 26,SURCO,AUTO HONDA ODISSEY 2013,1,23000.0,23000.0,Vendedor 1
2147,2024-07-02,Cliente 17,SURCO,AUTO HONDA PILOT 2013,1,28500.0,28500.0,Vendedor 2
2148,2024-07-02,Cliente 21,SURCO,AUTO HONDA FIT 2016,1,33000.0,33000.0,Vendedor 8
2149,2024-07-03,Cliente 9,LA MOLINA,AUTO HONDA CIVIC 2014,1,26000.0,26000.0,Vendedor 8
2150,2024-07-03,Cliente 11,LA MOLINA,AUTO HONDA ODISSEY 2013,1,23000.0,23000.0,Vendedor 3
2151,2024-07-03,Cliente 12,SURCO,ACEITE DE MOTOR 5W30 FULL SINTÉTICO,1,90.1,90.1,Vendedor 5
2152,2024-07-03,Cliente 35,SURCO,FILTRO DE COMBUSTIBLE,1,107.5,107.5,Vendedor 7
2153,2024-07-03,Cliente 43,SURCO,AMORTIGUADORES DELANTEROS,1,341.7,341.7,Vendedor 1
2154,2024-07-03,Cliente 10,LA MOLINA,AMORTIGUADORES POSTERIORES,3,127.8,383.4,Vendedor 8
2155,2024-07-03,Cliente 14,SURCO,"LLANTAS 18""",3,61.5,184.5,Vendedor 1
2156,2024-07-03,Cliente 45,LA MOLINA,BATERÍA DE 18 PLACAS,1,117.3,117.3,Vendedor 1
2157,2024-07-04,Cliente 25,SURCO,AUTO HONDA CIVIC 2014,1,26000.0,26000.0,Vendedor 5
2158,2024-07-04,Cliente 39,SURCO,ACEITE DE MOTOR 5W30 FULL SINTÉTICO,4,90.1,360.4,Vendedor 1
2159,2024-07-04,Cliente 50,LA MOLINA,FILTRO DE COMBUSTIBLE,1,107.5,107.5,Vendedor 7
2160,2024-07-04,Cliente 24,SURCO,AMORTIGUADORES DELANTEROS,1,341.7,341.7,Vendedor 4
2161,2024-07-04,Cliente 2,SURCO,AMORTIGUADORES POSTERIORES,1,127.8,127.8,Vendedor 7
2162,2024-07-04,Cliente 22,SURCO,"LLANTAS 18""",1,61.5,61.5,Vendedor 4
2163,2024-07-04,Cliente 7,SURCO,BATERÍA DE 18 PLACAS,1,117.3,117.3,Vendedor 3
2164,2024-07-05,Cliente 27,SURCO,ACEITE DE MOTOR 5W30 FULL SINTÉTICO,2,90.1,180.2,Vendedor 9
2165,2024-07-05,Cliente 21,LA MOLINA,AMORTIGUADORES DELANTEROS,1,341.7,341.7,Vendedor 9
2166,2024-07-05,Cliente 40,SURCO,AMORTIGUADORES POSTERIORES,3,127.8,383.4,Vendedor 4
2167,2024-07-05,Cliente 8,LA MOLINA,"LLANTAS 18""",4,61.5,246.0,Vendedor 4
2168,2024-07-05,Cliente 23,SURCO,BATERÍA DE 18 PLACAS,1,117.3,117.3,Vendedor 6
2169,2024-07-06,Cliente 26,SURCO,ACEITE DE MOTOR 5W30 FULL SINTÉTICO,2,90.1,180.2,Vendedor 6
2170,2024-07-06,Cliente 14,LA MOLINA,AMORTIGUADORES DELANTEROS,1,341.7,341.7,Vendedor 8
2171,2024-07-06,Cliente 43,SURCO,AMORTIGUADORES POSTERIORES,1,127.8,127.8,Vendedor 5
2172,2024-07-06,Cliente 5,SURCO,"LLANTAS 18""",3,61.5,184.5,Vendedor 4
2173,2024-07-06,Cliente 50,LA MOLINA,BATERÍA DE 18 PLACAS,2,117.3,234.6,Vendedor 10
2174,2024-07-07,Cliente 46,SURCO,ACEITE DE MOTOR 5W30 FULL SINTÉTICO,1,90.1,90.1,Vendedor 9
2175,2024-07-07,Cliente 7,LA MOLINA,AMORTIGUADORES DELANTEROS,1,341.7,341.7,Vendedor 10
2176,2024-07-07,Cliente 44,LA MOLINA,AMORTIGUADORES POSTERIORES,2,127.8,255.6,Vendedor 3
2177,2024-07-07,Cliente 41,SURCO,"LLANTAS 18""",3,61.5,184.5,Vendedor 6
2178,2024-07-07,Cliente 22,SURCO,BATERÍA DE 18 PLACAS,2,117.3,234.6,Vendedor 1
2179,2024-07-08,Cliente 33,LA MOLINA,ACEITE DE MOTOR 5W30 FULL SINTÉTICO,4,90.1,360.4,Vendedor 4
2180,2024-07-08,Cliente 2,SURCO,AMORTIGUADORES DELANTEROS,1,341.7,341.7,Vendedor 10
2181,2024-07-08,Cliente 16,LA MOLINA,AMORTIGUADORES POSTERIORES,1,127.8,127.8,Vendedor 7
2182,2024-07-08,Cliente 4,LA MOLINA,"LLANTAS 18""",2,61.5,123.0,Vendedor 3
2183,2024-07-08,Cliente 19,LA MOLINA,BATERÍA DE 18 PLACAS,2,117.3,234.6,Vendedor 4
2184,2024-07-09,Cliente 14,LA MOLINA,ACEITE DE MOTOR 5W30 FULL SINTÉTICO,2,90.1,180.2,Vendedor 1
2185,2024-07-09,Cliente 48,LA MOLINA,AMORTIGUADORES DELANTEROS,1,341.7,341.7,Vendedor 6
2186,2024-07-09,Cliente 21,LA MOLINA,AMORTIGUADORES POSTERIORES,1,127.8,127.8,Vendedor 1
2187,2024-07-09,Cliente 49,LA MOLINA,"LLANTAS 18""",4,61.5,246.0,Vendedor 1
2188,2024-07-09,Cliente 22,SURCO,BATERÍA DE 18 PLACAS,1,117.3,117.3,Vendedor 4
2189,2024-07-10,Cliente 35,SURCO,AUTO HONDA PILOT 2013,1,28500.0,28500.0,Vendedor 1
2190,2024-07-10,Cliente 44,SURCO,AUTO HONDA FIT 2016,1,33000.0,33000.0,Vendedor 4
2191,2024-07-10,Cliente 34,SURCO,AUTO HONDA CITY 2016,1,23000.0,23000.0,Vendedor 6
2192,2024-07-10,Cliente 41,LA MOLINA,ACEITE DE MOTOR 5W30 FULL SINTÉTICO,2,90.1,180.2,Vendedor 1
2193,2024-07-10,Cliente 5,LA MOLINA,AMORTIGUADORES DELANTEROS,1,341.7,341.7,Vendedor 4
2194,2024-07-10,Cliente 14,SURCO,AMORTIGUADORES POSTERIORES,1,127.8,127.8,Vendedor 3
2195,2024-07-11,Cliente 16,SURCO,AUTO HONDA PILOT 2013,1,28500.0,28500.0,Vendedor 9
2196,2024-07-11,Cliente 28,SURCO,AUTO HONDA FIT 2016,1,33000.0,33000.0,Vendedor 8
2197,2024-07-11,Cliente 11,SURCO,AUTO HONDA CITY 2016,1,23000.0,23000.0,Vendedor 4
2198,2024-07-11,Cliente 12,LA MOLINA,ACEITE DE MOTOR 5W30 FULL SINTÉTICO,2,90.1,180.2,Vendedor 10
2199,2024-07-11,Cliente 19,LA MOLINA,AMORTIGUADORES DELANTEROS,1,341.7,341.7,Vendedor 10
2200,2024-07-11,Cliente 18,SURCO,AMORTIGUADORES POSTERIORES,2,127.8,255.6,Vendedor 8
2201,2024-07-12,Cliente 25,SURCO,AUTO HONDA CITY 2016,1,23000.0,23000.0,Vendedor 3
2202,2024-07-12,Cliente 33,LA MOLINA,AMORTIGUADORES DELANTEROS,2,341.7,683.4,Vendedor 10
2203,2024-07-12,Cliente 49,LA MOLINA,AMORTIGUADORES POSTERIORES,3,127.8,383.4,Vendedor 3
2204,2024-07-13,Cliente 28,SURCO,AUTO HONDA CITY 2016,1,23000.0,23000.0,Vendedor 2
2205,2024-07-13,Cliente 36,SURCO,AMORTIGUADORES DELANTEROS,3,341.7,1025.1,Vendedor 3
2206,2024-07-13,Cliente 30,SURCO,AMORTIGUADORES POSTERIORES,2,127.8,255.6,Vendedor 5
2207,2024-07-14,Cliente 36,SURCO,AUTO HONDA CITY 2016,1,23000.0,23000.0,Vendedor 10
2208,2024-07-14,Cliente 9,LA MOLINA,AMORTIGUADORES DELANTEROS,1,341.7,341.7,Vendedor 8
2209,2024-07-15,Cliente 32,LA MOLINA,AMORTIGUADORES DELANTEROS,1,341.7,341.7,Vendedor 7
2210,2024-07-16,Cliente 20,SURCO,AMORTIGUADORES DELANTEROS,2,341.7,683.4,Vendedor 10
2211,2024-07-17,Cliente 37,LA MOLINA,ACEITE DE MOTOR 5W30 FULL SINTÉTICO,1,90.1,90.1,Vendedor 3
2212,2024-07-17,Cliente 49,SURCO,FILTRO DE COMBUSTIBLE,1,107.5,107.5,Vendedor 7
2213,2024-07-17,Cliente 33,LA MOLINA,AMORTIGUADORES DELANTEROS,2,341.7,683.4,Vendedor 8
2214,2024-07-17,Cliente 42,SURCO,AMORTIGUADORES POSTERIORES,3,127.8,383.4,Vendedor 7
2215,2024-07-17,Cliente 16,SURCO,"LLANTAS 18""",4,61.5,246.0,Vendedor 8
2216,2024-07-17,Cliente 41,LA MOLINA,BATERÍA DE 18 PLACAS,1,117.3,117.3,Vendedor 1
2217,2024-07-18,Cliente 17,SURCO,ACEITE DE MOTOR 5W30 FULL SINTÉTICO,6,90.1,540.6,Vendedor 10
2218,2024-07-18,Cliente 44,LA MOLINA,FILTRO DE COMBUSTIBLE,1,107.5,107.5,Vendedor 3
2219,2024-07-18,Cliente 39,SURCO,AMORTIGUADORES DELANTEROS,3,341.7,1025.1,Vendedor 10
2220,2024-07-18,Cliente 8,SURCO,AMORTIGUADORES POSTERIORES,2,127.8,255.6,Vendedor 2
2221,2024-07-18,Cliente 26,LA MOLINA,"LLANTAS 18""",6,61.5,369.0,Vendedor 10
2222,2024-07-18,Cliente 28,SURCO,BATERÍA DE 18 PLACAS,1,117.3,117.3,Vendedor 3
2223,2024-07-19,Cliente 45,LA MOLINA,ACEITE DE MOTOR 5W30 FULL SINTÉTICO,4,90.1,360.4,Vendedor 5
2224,2024-07-19,Cliente 47,LA MOLINA,AMORTIGUADORES DELANTEROS,4,341.7,1366.8,Vendedor 7
2225,2024-07-19,Cliente 41,SURCO,AMORTIGUADORES POSTERIORES,1,127.8,127.8,Vendedor 10
2226,2024-07-19,Cliente 10,LA MOLINA,"LLANTAS 18""",4,61.5,246.0,Vendedor 5
2227,2024-07-19,Cliente 45,LA MOLINA,BATERÍA DE 18 PLACAS,2,117.3,234.6,Vendedor 5
2228,2024-07-20,Cliente 32,SURCO,ACEITE DE MOTOR 5W30 FULL SINTÉTICO,1,90.1,90.1,Vendedor 1
2229,2024-07-20,Cliente 50,SURCO,AMORTIGUADORES DELANTEROS,1,341.7,341.7,Vendedor 7
2230,2024-07-20,Cliente 42,LA MOLINA,AMORTIGUADORES POSTERIORES,5,127.8,639.0,Vendedor 5
2231,2024-07-20,Cliente 11,SURCO,"LLANTAS 18""",6,61.5,369.0,Vendedor 3
2232,2024-07-20,Cliente 46,SURCO,BATERÍA DE 18 PLACAS,3,117.3,351.9,Vendedor 3
2233,2024-07-21,Cliente 12,LA MOLINA,ACEITE DE MOTOR 5W30 FULL SINTÉTICO,2,90.1,180.2,Vendedor 9
2234,2024-07-21,Cliente 37,LA MOLINA,AMORTIGUADORES DELANTEROS,1,341.7,341.7,Vendedor 4
2235,2024-07-21,Cliente 4,SURCO,AMORTIGUADORES POSTERIORES,2,127.8,255.6,Vendedor 3
2236,2024-07-21,Cliente 27,LA MOLINA,BATERÍA DE 18 PLACAS,2,117.3,234.6,Vendedor 8
2237,2024-07-22,Cliente 6,SURCO,ACEITE DE MOTOR 5W30 FULL SINTÉTICO,2,90.1,180.2,Vendedor 5
2238,2024-07-22,Cliente 8,LA MOLINA,AMORTIGUADORES DELANTEROS,1,341.7,341.7,Vendedor 5
2239,2024-07-22,Cliente 2,LA MOLINA,AMORTIGUADORES POSTERIORES,1,127.8,127.8,Vendedor 10
2240,2024-07-22,Cliente 44,SURCO,BATERÍA DE 18 PLACAS,1,117.3,117.3,Vendedor 2
2241,2024-07-23,Cliente 18,SURCO,ACEITE DE MOTOR 5W30 FULL SINTÉTICO,1,90.1,90.1,Vendedor 1
2242,2024-07-23,Cliente 7,SURCO,AMORTIGUADORES DELANTEROS,4,341.7,1366.8,Vendedor 4
2243,2024-07-23,Cliente 25,SURCO,AMORTIGUADORES POSTERIORES,2,127.8,255.6,Vendedor 10
2244,2024-07-24,Cliente 49,LA MOLINA,ACEITE DE MOTOR 5W30 FULL SINTÉTICO,3,90.1,270.3,Vendedor 6
2245,2024-07-24,Cliente 22,LA MOLINA,AMORTIGUADORES DELANTEROS,1,341.7,341.7,Vendedor 6
2246,2024-07-24,Cliente 21,LA MOLINA,AMORTIGUADORES POSTERIORES,4,127.8,511.2,Vendedor 4
2247,2024-08-01,Cliente 19,LA MOLINA,AUTO HONDA ACCORD 2014,1,20500.0,20500.0,Vendedor 10
2248,2024-08-01,Cliente 46,SURCO,AUTO HONDA CIVIC 2014,1,25500.0,25500.0,Vendedor 3
2249,2024-08-01,Cliente 9,SURCO,AUTO HONDA ODISSEY 2013,1,19500.0,19500.0,Vendedor 8
2250,2024-08-01,Cliente 20,SURCO,AUTO HONDA CRV 2014,1,28000.0,28000.0,Vendedor 9
2251,2024-08-01,Cliente 11,SURCO,AUTO HONDA FIT 2016,1,28000.0,28000.0,Vendedor 8
2252,2024-08-02,Cliente 11,SURCO,AUTO HONDA ACCORD 2014,1,20500.0,20500.0,Vendedor 2
2253,2024-08-02,Cliente 28,SURCO,AUTO HONDA CIVIC 2014,1,25500.0,25500.0,Vendedor 1
2254,2024-08-02,Cliente 21,SURCO,AUTO HONDA ODISSEY 2013,1,19500.0,19500.0,Vendedor 7
2255,2024-08-02,Cliente 15,LA MOLINA,AUTO HONDA CRV 2014,1,28000.0,28000.0,Vendedor 5
2256,2024-08-03,Cliente 6,LA MOLINA,AUTO HONDA ACCORD 2014,1,20500.0,20500.0,Vendedor 6
2257,2024-08-03,Cliente 37,SURCO,AUTO HONDA ODISSEY 2013,1,19500.0,19500.0,Vendedor 10
2258,2024-08-03,Cliente 25,LA MOLINA,ACEITE DE MOTOR 5W30 FULL SINTÉTICO,1,109.2,109.2,Vendedor 7
2259,2024-08-03,Cliente 15,LA MOLINA,FILTRO DE COMBUSTIBLE,1,127.7,127.7,Vendedor 4
2260,2024-08-03,Cliente 19,SURCO,AMORTIGUADORES DELANTEROS,2,261.5,523.0,Vendedor 2
2261,2024-08-03,Cliente 22,SURCO,AMORTIGUADORES POSTERIORES,1,82.0,82.0,Vendedor 10
2262,2024-08-03,Cliente 37,SURCO,"LLANTAS 18""",1,79.0,79.0,Vendedor 6
2263,2024-08-03,Cliente 21,SURCO,BATERÍA DE 18 PLACAS,1,107.8,107.8,Vendedor 7
2264,2024-08-04,Cliente 20,LA MOLINA,AUTO HONDA ODISSEY 2013,1,19500.0,19500.0,Vendedor 1
2265,2024-08-04,Cliente 25,SURCO,ACEITE DE MOTOR 5W30 FULL SINTÉTICO,3,109.2,327.6,Vendedor 7
2266,2024-08-04,Cliente 50,SURCO,FILTRO DE COMBUSTIBLE,1,127.7,127.7,Vendedor 6
2267,2024-08-04,Cliente 34,SURCO,AMORTIGUADORES DELANTEROS,3,261.5,784.5,Vendedor 10
2268,2024-08-04,Cliente 26,SURCO,AMORTIGUADORES POSTERIORES,2,82.0,164.0,Vendedor 1
2269,2024-08-04,Cliente 10,LA MOLINA,"LLANTAS 18""",2,79.0,158.0,Vendedor 5
2270,2024-08-04,Cliente 32,SURCO,BATERÍA DE 18 PLACAS,1,107.8,107.8,Vendedor 8
2271,2024-08-05,Cliente 10,LA MOLINA,ACEITE DE MOTOR 5W30 FULL SINTÉTICO,1,109.2,109.2,Vendedor 1
2272,2024-08-05,Cliente 20,LA MOLINA,AMORTIGUADORES DELANTEROS,3,261.5,784.5,Vendedor 9
2273,2024-08-05,Cliente 46,LA MOLINA,AMORTIGUADORES POSTERIORES,1,82.0,82.0,Vendedor 10
2274,2024-08-05,Cliente 32,SURCO,"LLANTAS 18""",2,79.0,158.0,Vendedor 5
2275,2024-08-05,Cliente 4,LA MOLINA,BATERÍA DE 18 PLACAS,1,107.8,107.8,Vendedor 6
2276,2024-08-06,Cliente 47,SURCO,ACEITE DE MOTOR 5W30 FULL SINTÉTICO,1,109.2,109.2,Vendedor 4
2277,2024-08-06,Cliente 50,SURCO,AMORTIGUADORES DELANTEROS,3,261.5,784.5,Vendedor 3
2278,2024-08-06,Cliente 20,LA MOLINA,AMORTIGUADORES POSTERIORES,4,82.0,328.0,Vendedor 3
2279,2024-08-06,Cliente 22,LA MOLINA,"LLANTAS 18""",1,79.0,79.0,Vendedor 7
2280,2024-08-06,Cliente 23,LA MOLINA,BATERÍA DE 18 PLACAS,1,107.8,107.8,Vendedor 7
2281,2024-08-07,Cliente 34,SURCO,ACEITE DE MOTOR 5W30 FULL SINTÉTICO,2,109.2,218.4,Vendedor 5
2282,2024-08-07,Cliente 45,SURCO,AMORTIGUADORES DELANTEROS,2,261.5,523.0,Vendedor 9
2283,2024-08-07,Cliente 9,SURCO,AMORTIGUADORES POSTERIORES,4,82.0,328.0,Vendedor 6
2284,2024-08-07,Cliente 46,SURCO,"LLANTAS 18""",3,79.0,237.0,Vendedor 5
2285,2024-08-07,Cliente 42,LA MOLINA,BATERÍA DE 18 PLACAS,1,107.8,107.8,Vendedor 3
2286,2024-08-08,Cliente 29,SURCO,ACEITE DE MOTOR 5W30 FULL SINTÉTICO,3,109.2,327.6,Vendedor 8
2287,2024-08-08,Cliente 14,LA MOLINA,AMORTIGUADORES DELANTEROS,2,261.5,523.0,Vendedor 4
2288,2024-08-08,Cliente 24,SURCO,AMORTIGUADORES POSTERIORES,2,82.0,164.0,Vendedor 10
2289,2024-08-08,Cliente 25,SURCO,"LLANTAS 18""",1,79.0,79.0,Vendedor 7
2290,2024-08-08,Cliente 4,SURCO,BATERÍA DE 18 PLACAS,1,107.8,107.8,Vendedor 2
2291,2024-08-09,Cliente 31,SURCO,AUTO HONDA FIT 2016,1,28000.0,28000.0,Vendedor 3
2292,2024-08-09,Cliente 8,SURCO,AUTO HONDA CITY 2016,1,23000.0,23000.0,Vendedor 9
2293,2024-08-09,Cliente 38,LA MOLINA,ACEITE DE MOTOR 5W30 FULL SINTÉTICO,3,109.2,327.6,Vendedor 7
2294,2024-08-09,Cliente 16,LA MOLINA,AMORTIGUADORES DELANTEROS,1,261.5,261.5,Vendedor 1
2295,2024-08-09,Cliente 26,SURCO,AMORTIGUADORES POSTERIORES,1,82.0,82.0,Vendedor 8
2296,2024-08-09,Cliente 42,SURCO,"LLANTAS 18""",2,79.0,158.0,Vendedor 7
2297,2024-08-09,Cliente 50,SURCO,BATERÍA DE 18 PLACAS,1,107.8,107.8,Vendedor 8
2298,2024-08-10,Cliente 18,SURCO,AUTO HONDA FIT 2016,1,28000.0,28000.0,Vendedor 8
2299,2024-08-10,Cliente 1,SURCO,AUTO HONDA CITY 2016,1,23000.0,23000.0,Vendedor 2
2300,2024-08-10,Cliente 8,SURCO,ACEITE DE MOTOR 5W30 FULL SINTÉTICO,1,109.2,109.2,Vendedor 8
2301,2024-08-10,Cliente 2,LA MOLINA,AMORTIGUADORES DELANTEROS,3,261.5,784.5,Vendedor 10
2302,2024-08-10,Cliente 18,LA MOLINA,AMORTIGUADORES POSTERIORES,5,82.0,410.0,Vendedor 2
2303,2024-08-10,Cliente 25,SURCO,"LLANTAS 18""",1,79.0,79.0,Vendedor 8
2304,2024-08-10,Cliente 20,LA MOLINA,BATERÍA DE 18 PLACAS,1,107.8,107.8,Vendedor 10
2305,2024-08-11,Cliente 7,SURCO,AUTO HONDA FIT 2016,1,28000.0,28000.0,Vendedor 6
2306,2024-08-11,Cliente 46,SURCO,AUTO HONDA CITY 2016,1,23000.0,23000.0,Vendedor 9
2307,2024-08-11,Cliente 45,LA MOLINA,ACEITE DE MOTOR 5W30 FULL SINTÉTICO,2,109.2,218.4,Vendedor 1
2308,2024-08-11,Cliente 5,LA MOLINA,AMORTIGUADORES DELANTEROS,1,261.5,261.5,Vendedor 9
2309,2024-08-11,Cliente 49,LA MOLINA,"LLANTAS 18""",3,79.0,237.0,Vendedor 4
2310,2024-08-11,Cliente 12,SURCO,BATERÍA DE 18 PLACAS,1,107.8,107.8,Vendedor 10
2311,2024-08-12,Cliente 1,SURCO,AUTO HONDA FIT 2016,1,28000.0,28000.0,Vendedor 9
2312,2024-08-12,Cliente 21,SURCO,AUTO HONDA CITY 2016,1,23000.0,23000.0,Vendedor 2
2313,2024-08-12,Cliente 37,LA MOLINA,ACEITE DE MOTOR 5W30 FULL SINTÉTICO,1,109.2,109.2,Vendedor 4
2314,2024-08-12,Cliente 49,LA MOLINA,"LLANTAS 18""",1,79.0,79.0,Vendedor 1
2315,2024-08-12,Cliente 8,LA MOLINA,BATERÍA DE 18 PLACAS,1,107.8,107.8,Vendedor 9
2316,2024-08-13,Cliente 24,SURCO,AUTO HONDA CITY 2016,1,23000.0,23000.0,Vendedor 9
2317,2024-08-13,Cliente 43,LA MOLINA,ACEITE DE MOTOR 5W30 FULL SINTÉTICO,2,109.2,218.4,Vendedor 1
2318,2024-08-13,Cliente 43,LA MOLINA,"LLANTAS 18""",1,79.0,79.0,Vendedor 9
2319,2024-08-14,Cliente 34,LA MOLINA,"LLANTAS 18""",2,79.0,158.0,Vendedor 6
2320,2024-08-17,Cliente 39,SURCO,ACEITE DE MOTOR 5W30 FULL SINTÉTICO,2,109.2,218.4,Vendedor 9
2321,2024-08-17,Cliente 38,SURCO,FILTRO DE COMBUSTIBLE,1,127.7,127.7,Vendedor 6
2322,2024-08-17,Cliente 47,SURCO,AMORTIGUADORES DELANTEROS,3,261.5,784.5,Vendedor 10
2323,2024-08-17,Cliente 36,SURCO,AMORTIGUADORES POSTERIORES,4,82.0,328.0,Vendedor 5
2324,2024-08-17,Cliente 42,LA MOLINA,"LLANTAS 18""",3,79.0,237.0,Vendedor 3
2325,2024-08-17,Cliente 6,LA MOLINA,BATERÍA DE 18 PLACAS,2,107.8,215.6,Vendedor 5
2326,2024-08-18,Cliente 35,SURCO,ACEITE DE MOTOR 5W30 FULL SINTÉTICO,4,109.2,436.8,Vendedor 4
2327,2024-08-18,Cliente 41,LA MOLINA,FILTRO DE COMBUSTIBLE,1,127.7,127.7,Vendedor 5
2328,2024-08-18,Cliente 37,LA MOLINA,AMORTIGUADORES DELANTEROS,2,261.5,523.0,Vendedor 9
2329,2024-08-18,Cliente 27,SURCO,AMORTIGUADORES POSTERIORES,5,82.0,410.0,Vendedor 3
2330,2024-08-18,Cliente 25,LA MOLINA,"LLANTAS 18""",3,79.0,237.0,Vendedor 1
2331,2024-08-18,Cliente 18,SURCO,BATERÍA DE 18 PLACAS,1,107.8,107.8,Vendedor 2
2332,2024-08-19,Cliente 44,SURCO,ACEITE DE MOTOR 5W30 FULL SINTÉTICO,4,109.2,436.8,Vendedor 9
2333,2024-08-19,Cliente 22,SURCO,AMORTIGUADORES DELANTEROS,4,261.5,1046.0,Vendedor 2
2334,2024-08-19,Cliente 50,LA MOLINA,AMORTIGUADORES POSTERIORES,6,82.0,492.0,Vendedor 5
2335,2024-08-19,Cliente 18,SURCO,"LLANTAS 18""",2,79.0,158.0,Vendedor 1
2336,2024-08-19,Cliente 15,LA MOLINA,BATERÍA DE 18 PLACAS,1,107.8,107.8,Vendedor 7
2337,2024-08-20,Cliente 12,LA MOLINA,ACEITE DE MOTOR 5W30 FULL SINTÉTICO,1,109.2,109.2,Vendedor 9
2338,2024-08-20,Cliente 7,LA MOLINA,AMORTIGUADORES DELANTEROS,3,261.5,784.5,Vendedor 9
2339,2024-08-20,Cliente 36,LA MOLINA,AMORTIGUADORES POSTERIORES,4,82.0,328.0,Vendedor 5
2340,2024-08-20,Cliente 11,SURCO,"LLANTAS 18""",1,79.0,79.0,Vendedor 6
2341,2024-08-20,Cliente 23,SURCO,BATERÍA DE 18 PLACAS,2,107.8,215.6,Vendedor 9
2342,2024-08-21,Cliente 31,LA MOLINA,ACEITE DE MOTOR 5W30 FULL SINTÉTICO,5,109.2,546.0,Vendedor 10
2343,2024-08-21,Cliente 1,LA MOLINA,AMORTIGUADORES DELANTEROS,2,261.5,523.0,Vendedor 9
2344,2024-08-21,Cliente 10,SURCO,AMORTIGUADORES POSTERIORES,1,82.0,82.0,Vendedor 7
2345,2024-08-21,Cliente 4,LA MOLINA,"LLANTAS 18""",4,79.0,316.0,Vendedor 6
2346,2024-08-21,Cliente 46,LA MOLINA,BATERÍA DE 18 PLACAS,1,107.8,107.8,Vendedor 8
2347,2024-08-22,Cliente 23,LA MOLINA,ACEITE DE MOTOR 5W30 FULL SINTÉTICO,2,109.2,218.4,Vendedor 8
2348,2024-08-22,Cliente 18,LA MOLINA,AMORTIGUADORES DELANTEROS,3,261.5,784.5,Vendedor 7
2349,2024-08-22,Cliente 41,SURCO,"LLANTAS 18""",2,79.0,158.0,Vendedor 2
2350,2024-08-22,Cliente 50,LA MOLINA,BATERÍA DE 18 PLACAS,1,107.8,107.8,Vendedor 6
2351,2024-08-23,Cliente 41,LA MOLINA,ACEITE DE MOTOR 5W30 FULL SINTÉTICO,2,109.2,218.4,Vendedor 2
2352,2024-08-23,Cliente 6,SURCO,AMORTIGUADORES DELANTEROS,1,261.5,261.5,Vendedor 3
2353,2024-08-23,Cliente 48,SURCO,"LLANTAS 18""",1,79.0,79.0,Vendedor 5
2354,2024-08-23,Cliente 28,SURCO,BATERÍA DE 18 PLACAS,2,107.8,215.6,Vendedor 9
2355,2024-08-24,Cliente 32,SURCO,AMORTIGUADORES DELANTEROS,2,261.5,523.0,Vendedor 9
2356,2024-08-24,Cliente 26,SURCO,"LLANTAS 18""",4,79.0,316.0,Vendedor 1
2357,2024-09-01,Cliente 14,LA MOLINA,AUTO HONDA ACCORD 2014,1,20500.0,20500.0,Vendedor 1
2358,2024-09-01,Cliente 14,LA MOLINA,AUTO HONDA CIVIC 2014,1,24500.0,24500.0,Vendedor 5
2359,2024-09-01,Cliente 30,SURCO,AUTO HONDA CRV 2014,1,26000.0,26000.0,Vendedor 10
2360,2024-09-01,Cliente 4,SURCO,AUTO HONDA PILOT 2013,1,25000.0,25000.0,Vendedor 6
2361,2024-09-02,Cliente 1,SURCO,AUTO HONDA ACCORD 2014,1,20500.0,20500.0,Vendedor 6
2362,2024-09-02,Cliente 26,SURCO,AUTO HONDA CIVIC 2014,1,24500.0,24500.0,Vendedor 6
2363,2024-09-02,Cliente 7,SURCO,AUTO HONDA CRV 2014,1,26000.0,26000.0,Vendedor 7
2364,2024-09-02,Cliente 13,SURCO,AUTO HONDA PILOT 2013,1,25000.0,25000.0,Vendedor 2
2365,2024-09-03,Cliente 10,SURCO,AUTO HONDA ACCORD 2014,1,20500.0,20500.0,Vendedor 5
2366,2024-09-03,Cliente 31,SURCO,AUTO HONDA CIVIC 2014,1,24500.0,24500.0,Vendedor 7
2367,2024-09-03,Cliente 20,LA MOLINA,AUTO HONDA CRV 2014,1,26000.0,26000.0,Vendedor 6
2368,2024-09-03,Cliente 12,SURCO,AUTO HONDA PILOT 2013,1,25000.0,25000.0,Vendedor 9
2369,2024-09-03,Cliente 29,SURCO,ACEITE DE MOTOR 5W30 FULL SINTÉTICO,2,126.6,253.2,Vendedor 8
2370,2024-09-03,Cliente 9,SURCO,FILTRO DE COMBUSTIBLE,1,119.2,119.2,Vendedor 6
2371,2024-09-03,Cliente 23,SURCO,AMORTIGUADORES DELANTEROS,2,241.0,482.0,Vendedor 4
2372,2024-09-03,Cliente 19,SURCO,AMORTIGUADORES POSTERIORES,1,128.3,128.3,Vendedor 1
2373,2024-09-03,Cliente 27,LA MOLINA,"LLANTAS 18""",1,76.5,76.5,Vendedor 6
2374,2024-09-03,Cliente 43,SURCO,BATERÍA DE 18 PLACAS,1,101.1,101.1,Vendedor 4
2375,2024-09-04,Cliente 43,LA MOLINA,AUTO HONDA ACCORD 2014,1,20500.0,20500.0,Vendedor 5
2376,2024-09-04,Cliente 27,SURCO,AUTO HONDA CIVIC 2014,1,24500.0,24500.0,Vendedor 8
2377,2024-09-04,Cliente 44,SURCO,AUTO HONDA PILOT 2013,1,25000.0,25000.0,Vendedor 3
2378,2024-09-04,Cliente 33,LA MOLINA,ACEITE DE MOTOR 5W30 FULL SINTÉTICO,2,126.6,253.2,Vendedor 7
2379,2024-09-04,Cliente 8,LA MOLINA,FILTRO DE COMBUSTIBLE,1,119.2,119.2,Vendedor 2
2380,2024-09-04,Cliente 10,SURCO,AMORTIGUADORES DELANTEROS,1,241.0,241.0,Vendedor 6
2381,2024-09-04,Cliente 50,SURCO,AMORTIGUADORES POSTERIORES,5,128.3,641.5,Vendedor 4
2382,2024-09-04,Cliente 28,LA MOLINA,"LLANTAS 18""",1,76.5,76.5,Vendedor 10
2383,2024-09-04,Cliente 31,LA MOLINA,BATERÍA DE 18 PLACAS,1,101.1,101.1,Vendedor 5
2384,2024-09-05,Cliente 32,LA MOLINA,AUTO HONDA ACCORD 2014,1,20500.0,20500.0,Vendedor 2
2385,2024-09-05,Cliente 16,SURCO,AUTO HONDA PILOT 2013,1,25000.0,25000.0,Vendedor 10
2386,2024-09-05,Cliente 16,SURCO,ACEITE DE MOTOR 5W30 FULL SINTÉTICO,1,126.6,126.6,Vendedor 5
2387,2024-09-05,Cliente 45,LA MOLINA,AMORTIGUADORES DELANTEROS,1,241.0,241.0,Vendedor 4
2388,2024-09-05,Cliente 31,SURCO,AMORTIGUADORES POSTERIORES,4,128.3,513.2,Vendedor 2
2389,2024-09-05,Cliente 13,SURCO,"LLANTAS 18""",3,76.5,229.5,Vendedor 10
2390,2024-09-05,Cliente 8,SURCO,BATERÍA DE 18 PLACAS,1,101.1,101.1,Vendedor 3
2391,2024-09-06,Cliente 3,SURCO,AUTO HONDA ACCORD 2014,1,20500.0,20500.0,Vendedor 5
2392,2024-09-06,Cliente 28,SURCO,ACEITE DE MOTOR 5W30 FULL SINTÉTICO,1,126.6,126.6,Vendedor 1
2393,2024-09-06,Cliente 4,SURCO,AMORTIGUADORES DELANTEROS,1,241.0,241.0,Vendedor 7
2394,2024-09-06,Cliente 45,LA MOLINA,AMORTIGUADORES POSTERIORES,4,128.3,513.2,Vendedor 4
2395,2024-09-06,Cliente 28,LA MOLINA,"LLANTAS 18""",1,76.5,76.5,Vendedor 8
2396,2024-09-06,Cliente 42,LA MOLINA,BATERÍA DE 18 PLACAS,1,101.1,101.1,Vendedor 1
2397,2024-09-07,Cliente 8,SURCO,AUTO HONDA ACCORD 2014,1,20500.0,20500.0,Vendedor 5
2398,2024-09-07,Cliente 23,LA MOLINA,ACEITE DE MOTOR 5W30 FULL SINTÉTICO,2,126.6,253.2,Vendedor 7
2399,2024-09-07,Cliente 4,LA MOLINA,AMORTIGUADORES DELANTEROS,1,241.0,241.0,Vendedor 3
2400,2024-09-07,Cliente 4,LA MOLINA,AMORTIGUADORES POSTERIORES,1,128.3,128.3,Vendedor 6
2401,2024-09-07,Cliente 31,LA MOLINA,"LLANTAS 18""",1,76.5,76.5,Vendedor 5
2402,2024-09-07,Cliente 12,LA MOLINA,BATERÍA DE 18 PLACAS,1,101.1,101.1,Vendedor 5
2403,2024-09-08,Cliente 22,LA MOLINA,ACEITE DE MOTOR 5W30 FULL SINTÉTICO,2,126.6,253.2,Vendedor 5
2404,2024-09-08,Cliente 43,SURCO,AMORTIGUADORES DELANTEROS,1,241.0,241.0,Vendedor 1
2405,2024-09-08,Cliente 22,LA MOLINA,AMORTIGUADORES POSTERIORES,5,128.3,641.5,Vendedor 6
2406,2024-09-08,Cliente 48,LA MOLINA,"LLANTAS 18""",3,76.5,229.5,Vendedor 10
2407,2024-09-08,Cliente 42,SURCO,BATERÍA DE 18 PLACAS,2,101.1,202.2,Vendedor 5
2408,2024-09-09,Cliente 38,SURCO,AUTO HONDA FIT 2016,1,28000.0,28000.0,Vendedor 7
2409,2024-09-09,Cliente 7,SURCO,AUTO HONDA CITY 2016,1,28500.0,28500.0,Vendedor 3
2410,2024-09-09,Cliente 3,SURCO,ACEITE DE MOTOR 5W30 FULL SINTÉTICO,3,126.6,379.8,Vendedor 10
2411,2024-09-09,Cliente 13,SURCO,AMORTIGUADORES DELANTEROS,3,241.0,723.0,Vendedor 8
2412,2024-09-09,Cliente 20,LA MOLINA,"LLANTAS 18""",1,76.5,76.5,Vendedor 8
2413,2024-09-09,Cliente 3,SURCO,BATERÍA DE 18 PLACAS,1,101.1,101.1,Vendedor 3
2414,2024-09-10,Cliente 27,SURCO,AUTO HONDA FIT 2016,1,28000.0,28000.0,Vendedor 9
2415,2024-09-10,Cliente 49,SURCO,AUTO HONDA CITY 2016,1,28500.0,28500.0,Vendedor 9
2416,2024-09-10,Cliente 29,LA MOLINA,ACEITE DE MOTOR 5W30 FULL SINTÉTICO,2,126.6,253.2,Vendedor 2
2417,2024-09-10,Cliente 31,SURCO,AMORTIGUADORES DELANTEROS,2,241.0,482.0,Vendedor 7
2418,2024-09-10,Cliente 11,SURCO,"LLANTAS 18""",3,76.5,229.5,Vendedor 10
2419,2024-09-10,Cliente 19,LA MOLINA,BATERÍA DE 18 PLACAS,2,101.1,202.2,Vendedor 1
2420,2024-09-11,Cliente 45,SURCO,AUTO HONDA FIT 2016,1,28000.0,28000.0,Vendedor 4
2421,2024-09-11,Cliente 32,LA MOLINA,ACEITE DE MOTOR 5W30 FULL SINTÉTICO,2,126.6,253.2,Vendedor 9
2422,2024-09-11,Cliente 11,LA MOLINA,AMORTIGUADORES DELANTEROS,3,241.0,723.0,Vendedor 8
2423,2024-09-11,Cliente 26,LA MOLINA,"LLANTAS 18""",2,76.5,153.0,Vendedor 10
2424,2024-09-12,Cliente 12,SURCO,AUTO HONDA FIT 2016,1,28000.0,28000.0,Vendedor 1
2425,2024-09-12,Cliente 38,SURCO,ACEITE DE MOTOR 5W30 FULL SINTÉTICO,1,126.6,126.6,Vendedor 1
2426,2024-09-12,Cliente 33,LA MOLINA,AMORTIGUADORES DELANTEROS,3,241.0,723.0,Vendedor 9
2427,2024-09-12,Cliente 19,SURCO,"LLANTAS 18""",3,76.5,229.5,Vendedor 5
2428,2024-09-13,Cliente 3,SURCO,ACEITE DE MOTOR 5W30 FULL SINTÉTICO,2,126.6,253.2,Vendedor 9
2429,2024-09-13,Cliente 3,LA MOLINA,AMORTIGUADORES DELANTEROS,1,241.0,241.0,Vendedor 3
2430,2024-09-13,Cliente 4,SURCO,"LLANTAS 18""",1,76.5,76.5,Vendedor 4
2431,2024-09-14,Cliente 41,LA MOLINA,AMORTIGUADORES DELANTEROS,1,241.0,241.0,Vendedor 10
2432,2024-09-17,Cliente 12,LA MOLINA,ACEITE DE MOTOR 5W30 FULL SINTÉTICO,2,126.6,253.2,Vendedor 5
2433,2024-09-17,Cliente 35,SURCO,FILTRO DE COMBUSTIBLE,1,119.2,119.2,Vendedor 10
2434,2024-09-17,Cliente 42,LA MOLINA,AMORTIGUADORES DELANTEROS,1,241.0,241.0,Vendedor 5
2435,2024-09-17,Cliente 15,LA MOLINA,AMORTIGUADORES POSTERIORES,4,128.3,513.2,Vendedor 6
2436,2024-09-17,Cliente 38,SURCO,"LLANTAS 18""",3,76.5,229.5,Vendedor 7
2437,2024-09-17,Cliente 15,LA MOLINA,BATERÍA DE 18 PLACAS,1,101.1,101.1,Vendedor 7
2438,2024-09-18,Cliente 31,SURCO,ACEITE DE MOTOR 5W30 FULL SINTÉTICO,3,126.6,379.8,Vendedor 2
2439,2024-09-18,Cliente 12,LA MOLINA,FILTRO DE COMBUSTIBLE,1,119.2,119.2,Vendedor 8
2440,2024-09-18,Cliente 13,SURCO,AMORTIGUADORES DELANTEROS,2,241.0,482.0,Vendedor 10
2441,2024-09-18,Cliente 42,SURCO,AMORTIGUADORES POSTERIORES,8,128.3,1026.4,Vendedor 5
2442,2024-09-18,Cliente 11,LA MOLINA,"LLANTAS 18""",1,76.5,76.5,Vendedor 3
2443,2024-09-18,Cliente 5,SURCO,BATERÍA DE 18 PLACAS,2,101.1,202.2,Vendedor 3
2444,2024-09-19,Cliente 16,LA MOLINA,ACEITE DE MOTOR 5W30 FULL SINTÉTICO,1,126.6,126.6,Vendedor 8
2445,2024-09-19,Cliente 47,SURCO,AMORTIGUADORES DELANTEROS,4,241.0,964.0,Vendedor 9
2446,2024-09-19,Cliente 39,SURCO,AMORTIGUADORES POSTERIORES,2,128.3,256.6,Vendedor 2
2447,2024-09-19,Cliente 2,LA MOLINA,"LLANTAS 18""",4,76.5,306.0,Vendedor 2
2448,2024-09-19,Cliente 9,SURCO,BATERÍA DE 18 PLACAS,1,101.1,101.1,Vendedor 4
2449,2024-09-20,Cliente 10,LA MOLINA,ACEITE DE MOTOR 5W30 FULL SINTÉTICO,1,126.6,126.6,Vendedor 10
2450,2024-09-20,Cliente 7,SURCO,AMORTIGUADORES DELANTEROS,1,241.0,241.0,Vendedor 9
2451,2024-09-20,Cliente 13,LA MOLINA,AMORTIGUADORES POSTERIORES,6,128.3,769.8,Vendedor 3
2452,2024-09-20,Cliente 11,LA MOLINA,"LLANTAS 18""",4,76.5,306.0,Vendedor 5
2453,2024-09-20,Cliente 10,LA MOLINA,BATERÍA DE 18 PLACAS,3,101.1,303.3,Vendedor 4
2454,2024-09-21,Cliente 41,LA MOLINA,ACEITE DE MOTOR 5W30 FULL SINTÉTICO,1,126.6,126.6,Vendedor 9
2455,2024-09-21,Cliente 3,SURCO,AMORTIGUADORES DELANTEROS,1,241.0,241.0,Vendedor 2
2456,2024-09-21,Cliente 33,SURCO,"LLANTAS 18""",3,76.5,229.5,Vendedor 7
2457,2024-09-21,Cliente 15,SURCO,BATERÍA DE 18 PLACAS,2,101.1,202.2,Vendedor 1
2458,2024-09-22,Cliente 25,LA MOLINA,ACEITE DE MOTOR 5W30 FULL SINTÉTICO,2,126.6,253.2,Vendedor 3
2459,2024-09-22,Cliente 15,LA MOLINA,AMORTIGUADORES DELANTEROS,3,241.0,723.0,Vendedor 7
2460,2024-09-22,Cliente 32,SURCO,"LLANTAS 18""",4,76.5,306.0,Vendedor 3
2461,2024-09-22,Cliente 7,LA MOLINA,BATERÍA DE 18 PLACAS,1,101.1,101.1,Vendedor 5
2462,2024-09-23,Cliente 40,SURCO,ACEITE DE MOTOR 5W30 FULL SINTÉTICO,3,126.6,379.8,Vendedor 6
2463,2024-09-23,Cliente 6,LA MOLINA,AMORTIGUADORES DELANTEROS,1,241.0,241.0,Vendedor 1
2464,2024-09-23,Cliente 28,LA MOLINA,"LLANTAS 18""",1,76.5,76.5,Vendedor 9
2465,2024-09-24,Cliente 10,LA MOLINA,ACEITE DE MOTOR 5W30 FULL SINTÉTICO,3,126.6,379.8,Vendedor 5
2466,2024-09-24,Cliente 23,LA MOLINA,AMORTIGUADORES DELANTEROS,5,241.0,1205.0,Vendedor 2
2467,2024-09-25,Cliente 46,SURCO,ACEITE DE MOTOR 5W30 FULL SINTÉTICO,4,126.6,506.4,Vendedor 2
2468,2024-09-25,Cliente 50,SURCO,AMORTIGUADORES DELANTEROS,1,241.0,241.0,Vendedor 3
2469,2024-09-26,Cliente 5,SURCO,AMORTIGUADORES DELANTEROS,1,241.0,241.0,Vendedor 2
2470,2024-10-01,Cliente 16,SURCO,AUTO HONDA ACCORD 2014,1,28500.0,28500.0,Vendedor 6
2471,2024-10-01,Cliente 14,SURCO,AUTO HONDA CIVIC 2014,1,26000.0,26000.0,Vendedor 1
2472,2024-10-01,Cliente 36,LA MOLINA,AUTO HONDA ODISSEY 2013,1,30000.0,30000.0,Vendedor 8
2473,2024-10-01,Cliente 8,SURCO,AUTO HONDA CRV 2014,1,23000.0,23000.0,Vendedor 1
2474,2024-10-01,Cliente 24,SURCO,AUTO HONDA FIT 2016,1,27500.0,27500.0,Vendedor 3
2475,2024-10-01,Cliente 30,SURCO,AUTO HONDA CITY 2016,1,24000.0,24000.0,Vendedor 3
2476,2024-10-02,Cliente 48,LA MOLINA,AUTO HONDA ACCORD 2014,1,28500.0,28500.0,Vendedor 3
2477,2024-10-02,Cliente 45,SURCO,AUTO HONDA CIVIC 2014,1,26000.0,26000.0,Vendedor 3
2478,2024-10-02,Cliente 47,LA MOLINA,AUTO HONDA ODISSEY 2013,1,30000.0,30000.0,Vendedor 1
2479,2024-10-02,Cliente 24,LA MOLINA,AUTO HONDA CRV 2014,1,23000.0,23000.0,Vendedor 1
2480,2024-10-02,Cliente 43,SURCO,AUTO HONDA CITY 2016,1,24000.0,24000.0,Vendedor 10
2481,2024-10-03,Cliente 10,LA MOLINA,AUTO HONDA ACCORD 2014,1,28500.0,28500.0,Vendedor 2
2482,2024-10-03,Cliente 5,LA MOLINA,AUTO HONDA CIVIC 2014,1,26000.0,26000.0,Vendedor 1
2483,2024-10-03,Cliente 10,LA MOLINA,AUTO HONDA ODISSEY 2013,1,30000.0,30000.0,Vendedor 3
2484,2024-10-03,Cliente 48,SURCO,AUTO HONDA CITY 2016,1,24000.0,24000.0,Vendedor 3
2485,2024-10-03,Cliente 27,LA MOLINA,ACEITE DE MOTOR 5W30 FULL SINTÉTICO,2,128.6,257.2,Vendedor 6
2486,2024-10-03,Cliente 42,LA MOLINA,FILTRO DE COMBUSTIBLE,1,118.0,118.0,Vendedor 1
2487,2024-10-03,Cliente 10,SURCO,AMORTIGUADORES DELANTEROS,2,272.5,545.0,Vendedor 1
2488,2024-10-03,Cliente 33,SURCO,AMORTIGUADORES POSTERIORES,1,129.4,129.4,Vendedor 3
2489,2024-10-03,Cliente 28,LA MOLINA,"LLANTAS 18""",1,90.9,90.9,Vendedor 8
2490,2024-10-03,Cliente 46,LA MOLINA,BATERÍA DE 18 PLACAS,2,90.3,180.6,Vendedor 4
2491,2024-10-04,Cliente 11,LA MOLINA,AUTO HONDA CIVIC 2014,1,26000.0,26000.0,Vendedor 5
2492,2024-10-04,Cliente 34,SURCO,AUTO HONDA ODISSEY 2013,1,30000.0,30000.0,Vendedor 7
2493,2024-10-04,Cliente 26,SURCO,ACEITE DE MOTOR 5W30 FULL SINTÉTICO,1,128.6,128.6,Vendedor 10
2494,2024-10-04,Cliente 26,SURCO,AMORTIGUADORES DELANTEROS,1,272.5,272.5,Vendedor 3
2495,2024-10-04,Cliente 31,LA MOLINA,AMORTIGUADORES POSTERIORES,1,129.4,129.4,Vendedor 6
2496,2024-10-04,Cliente 25,LA MOLINA,"LLANTAS 18""",3,90.9,272.7,Vendedor 3
2497,2024-10-04,Cliente 42,LA MOLINA,BATERÍA DE 18 PLACAS,1,90.3,90.3,Vendedor 7
2498,2024-10-05,Cliente 18,SURCO,AUTO HONDA ODISSEY 2013,1,30000.0,30000.0,Vendedor 2
2499,2024-10-05,Cliente 24,SURCO,ACEITE DE MOTOR 5W30 FULL SINTÉTICO,1,128.6,128.6,Vendedor 10
2500,2024-10-05,Cliente 16,SURCO,AMORTIGUADORES DELANTEROS,3,272.5,817.5,Vendedor 5
2501,2024-10-05,Cliente 5,SURCO,AMORTIGUADORES POSTERIORES,2,129.4,258.8,Vendedor 4
2502,2024-10-05,Cliente 49,SURCO,"LLANTAS 18""",3,90.9,272.7,Vendedor 5
2503,2024-10-05,Cliente 41,SURCO,BATERÍA DE 18 PLACAS,1,90.3,90.3,Vendedor 1
2504,2024-10-06,Cliente 18,SURCO,AUTO HONDA ODISSEY 2013,1,30000.0,30000.0,Vendedor 2
2505,2024-10-06,Cliente 37,SURCO,ACEITE DE MOTOR 5W30 FULL SINTÉTICO,3,128.6,385.8,Vendedor 8
2506,2024-10-06,Cliente 21,SURCO,AMORTIGUADORES DELANTEROS,1,272.5,272.5,Vendedor 2
2507,2024-10-06,Cliente 23,SURCO,AMORTIGUADORES POSTERIORES,3,129.4,388.2,Vendedor 5
2508,2024-10-06,Cliente 21,SURCO,"LLANTAS 18""",2,90.9,181.8,Vendedor 7
2509,2024-10-06,Cliente 45,SURCO,BATERÍA DE 18 PLACAS,2,90.3,180.6,Vendedor 2
2510,2024-10-07,Cliente 48,LA MOLINA,ACEITE DE MOTOR 5W30 FULL SINTÉTICO,2,128.6,257.2,Vendedor 9
2511,2024-10-07,Cliente 2,SURCO,AMORTIGUADORES DELANTEROS,1,272.5,272.5,Vendedor 10
2512,2024-10-07,Cliente 38,LA MOLINA,AMORTIGUADORES POSTERIORES,4,129.4,517.6,Vendedor 1
2513,2024-10-07,Cliente 10,SURCO,"LLANTAS 18""",2,90.9,181.8,Vendedor 8
2514,2024-10-07,Cliente 46,SURCO,BATERÍA DE 18 PLACAS,1,90.3,90.3,Vendedor 4
2515,2024-10-08,Cliente 50,SURCO,ACEITE DE MOTOR 5W30 FULL SINTÉTICO,1,128.6,128.6,Vendedor 3
2516,2024-10-08,Cliente 9,LA MOLINA,AMORTIGUADORES DELANTEROS,3,272.5,817.5,Vendedor 6
2517,2024-10-08,Cliente 40,LA MOLINA,AMORTIGUADORES POSTERIORES,3,129.4,388.2,Vendedor 7
2518,2024-10-08,Cliente 16,LA MOLINA,"LLANTAS 18""",1,90.9,90.9,Vendedor 4
2519,2024-10-08,Cliente 37,SURCO,BATERÍA DE 18 PLACAS,1,90.3,90.3,Vendedor 8
2520,2024-10-09,Cliente 10,SURCO,ACEITE DE MOTOR 5W30 FULL SINTÉTICO,1,128.6,128.6,Vendedor 5
2521,2024-10-09,Cliente 7,LA MOLINA,AMORTIGUADORES DELANTEROS,1,272.5,272.5,Vendedor 8
2522,2024-10-09,Cliente 19,SURCO,AMORTIGUADORES POSTERIORES,3,129.4,388.2,Vendedor 3
2523,2024-10-09,Cliente 37,LA MOLINA,"LLANTAS 18""",1,90.9,90.9,Vendedor 6
2524,2024-10-09,Cliente 5,LA MOLINA,BATERÍA DE 18 PLACAS,2,90.3,180.6,Vendedor 3
2525,2024-10-10,Cliente 17,LA MOLINA,AUTO HONDA ACCORD 2014,1,28500.0,28500.0,Vendedor 8
2526,2024-10-10,Cliente 49,SURCO,AUTO HONDA PILOT 2013,1,20500.0,20500.0,Vendedor 8
2527,2024-10-10,Cliente 8,SURCO,AUTO HONDA FIT 2016,1,27500.0,27500.0,Vendedor 10
2528,2024-10-10,Cliente 3,SURCO,AUTO HONDA CITY 2016,1,24000.0,24000.0,Vendedor 6
2529,2024-10-10,Cliente 27,LA MOLINA,ACEITE DE MOTOR 5W30 FULL SINTÉTICO,2,128.6,257.2,Vendedor 10
2530,2024-10-10,Cliente 24,LA MOLINA,AMORTIGUADORES DELANTEROS,2,272.5,545.0,Vendedor 9
2531,2024-10-10,Cliente 24,LA MOLINA,AMORTIGUADORES POSTERIORES,2,129.4,258.8,Vendedor 2
2532,2024-10-10,Cliente 33,LA MOLINA,"LLANTAS 18""",3,90.9,272.7,Vendedor 8
2533,2024-10-11,Cliente 40,SURCO,AUTO HONDA PILOT 2013,1,20500.0,20500.0,Vendedor 1
2534,2024-10-11,Cliente 45,SURCO,AUTO HONDA FIT 2016,1,27500.0,27500.0,Vendedor 9
2535,2024-10-11,Cliente 10,SURCO,AUTO HONDA CITY 2016,1,24000.0,24000.0,Vendedor 2
2536,2024-10-11,Cliente 11,LA MOLINA,ACEITE DE MOTOR 5W30 FULL SINTÉTICO,2,128.6,257.2,Vendedor 10
2537,2024-10-11,Cliente 15,SURCO,AMORTIGUADORES DELANTEROS,2,272.5,545.0,Vendedor 7
2538,2024-10-11,Cliente 23,SURCO,AMORTIGUADORES POSTERIORES,1,129.4,129.4,Vendedor 8
2539,2024-10-11,Cliente 7,LA MOLINA,"LLANTAS 18""",1,90.9,90.9,Vendedor 2
2540,2024-10-12,Cliente 26,SURCO,AUTO HONDA PILOT 2013,1,20500.0,20500.0,Vendedor 7
2541,2024-10-12,Cliente 26,SURCO,AUTO HONDA FIT 2016,1,27500.0,27500.0,Vendedor 6
2542,2024-10-12,Cliente 22,LA MOLINA,ACEITE DE MOTOR 5W30 FULL SINTÉTICO,1,128.6,128.6,Vendedor 10
2543,2024-10-12,Cliente 45,LA MOLINA,AMORTIGUADORES DELANTEROS,4,272.5,1090.0,Vendedor 8
2544,2024-10-12,Cliente 3,SURCO,"LLANTAS 18""",3,90.9,272.7,Vendedor 9
2545,2024-10-13,Cliente 10,SURCO,AUTO HONDA PILOT 2013,1,20500.0,20500.0,Vendedor 4
2546,2024-10-13,Cliente 37,SURCO,AUTO HONDA FIT 2016,1,27500.0,27500.0,Vendedor 1
2547,2024-10-13,Cliente 4,LA MOLINA,ACEITE DE MOTOR 5W30 FULL SINTÉTICO,1,128.6,128.6,Vendedor 6
2548,2024-10-14,Cliente 49,SURCO,ACEITE DE MOTOR 5W30 FULL SINTÉTICO,1,128.6,128.6,Vendedor 7
2549,2024-10-15,Cliente 18,SURCO,ACEITE DE MOTOR 5W30 FULL SINTÉTICO,1,128.6,128.6,Vendedor 7
2550,2024-10-16,Cliente 12,SURCO,ACEITE DE MOTOR 5W30 FULL SINTÉTICO,1,128.6,128.6,Vendedor 1
2551,2024-10-17,Cliente 23,SURCO,ACEITE DE MOTOR 5W30 FULL SINTÉTICO,2,128.6,257.2,Vendedor 7
2552,2024-10-17,Cliente 35,LA MOLINA,AMORTIGUADORES DELANTEROS,4,272.5,1090.0,Vendedor 3
2553,2024-10-17,Cliente 23,LA MOLINA,AMORTIGUADORES POSTERIORES,6,129.4,776.4,Vendedor 10
2554,2024-10-17,Cliente 36,SURCO,"LLANTAS 18""",4,90.9,363.6,Vendedor 10
2555,2024-10-17,Cliente 47,SURCO,BATERÍA DE 18 PLACAS,1,90.3,90.3,Vendedor 10
2556,2024-10-18,Cliente 43,LA MOLINA,ACEITE DE MOTOR 5W30 FULL SINTÉTICO,2,128.6,257.2,Vendedor 6
2557,2024-10-18,Cliente 30,SURCO,AMORTIGUADORES DELANTEROS,1,272.5,272.5,Vendedor 3
2558,2024-10-18,Cliente 8,LA MOLINA,AMORTIGUADORES POSTERIORES,4,129.4,517.6,Vendedor 7
2559,2024-10-18,Cliente 29,SURCO,"LLANTAS 18""",3,90.9,272.7,Vendedor 3
2560,2024-10-18,Cliente 41,LA MOLINA,BATERÍA DE 18 PLACAS,3,90.3,270.9,Vendedor 10
2561,2024-10-19,Cliente 14,SURCO,ACEITE DE MOTOR 5W30 FULL SINTÉTICO,1,128.6,128.6,Vendedor 4
2562,2024-10-19,Cliente 39,SURCO,AMORTIGUADORES DELANTEROS,4,272.5,1090.0,Vendedor 7
2563,2024-10-19,Cliente 14,SURCO,AMORTIGUADORES POSTERIORES,4,129.4,517.6,Vendedor 4
2564,2024-10-19,Cliente 24,SURCO,"LLANTAS 18""",3,90.9,272.7,Vendedor 6
2565,2024-10-19,Cliente 20,LA MOLINA,BATERÍA DE 18 PLACAS,1,90.3,90.3,Vendedor 9
2566,2024-10-20,Cliente 42,LA MOLINA,ACEITE DE MOTOR 5W30 FULL SINTÉTICO,1,128.6,128.6,Vendedor 8
2567,2024-10-20,Cliente 23,LA MOLINA,AMORTIGUADORES DELANTEROS,4,272.5,1090.0,Vendedor 6
2568,2024-10-20,Cliente 8,SURCO,AMORTIGUADORES POSTERIORES,6,129.4,776.4,Vendedor 3
2569,2024-10-20,Cliente 24,LA MOLINA,"LLANTAS 18""",4,90.9,363.6,Vendedor 3
2570,2024-10-20,Cliente 35,SURCO,BATERÍA DE 18 PLACAS,3,90.3,270.9,Vendedor 7
2571,2024-10-21,Cliente 43,LA MOLINA,ACEITE DE MOTOR 5W30 FULL SINTÉTICO,4,128.6,514.4,Vendedor 7
2572,2024-10-21,Cliente 45,LA MOLINA,AMORTIGUADORES DELANTEROS,2,272.5,545.0,Vendedor 10
2573,2024-10-21,Cliente 6,LA MOLINA,"LLANTAS 18""",1,90.9,90.9,Vendedor 1
2574,2024-10-21,Cliente 7,LA MOLINA,BATERÍA DE 18 PLACAS,1,90.3,90.3,Vendedor 8
2575,2024-10-22,Cliente 41,SURCO,ACEITE DE MOTOR 5W30 FULL SINTÉTICO,5,128.6,643.0,Vendedor 8
2576,2024-10-22,Cliente 43,SURCO,AMORTIGUADORES DELANTEROS,5,272.5,1362.5,Vendedor 5
2577,2024-10-22,Cliente 50,LA MOLINA,"LLANTAS 18""",2,90.9,181.8,Vendedor 8
2578,2024-10-22,Cliente 13,SURCO,BATERÍA DE 18 PLACAS,1,90.3,90.3,Vendedor 8
2579,2024-10-23,Cliente 30,LA MOLINA,ACEITE DE MOTOR 5W30 FULL SINTÉTICO,1,128.6,128.6,Vendedor 7
2580,2024-10-23,Cliente 33,LA MOLINA,"LLANTAS 18""",3,90.9,272.7,Vendedor 5
2581,2024-10-24,Cliente 20,LA MOLINA,ACEITE DE MOTOR 5W30 FULL SINTÉTICO,2,128.6,257.2,Vendedor 7
2582,2024-11-01,Cliente 21,SURCO,AUTO HONDA ACCORD 2014,1,28500.0,28500.0,Vendedor 4
2583,2024-11-01,Cliente 6,SURCO,AUTO HONDA CIVIC 2014,1,30500.0,30500.0,Vendedor 1
2584,2024-11-01,Cliente 1,LA MOLINA,AUTO HONDA ODISSEY 2013,1,26000.0,26000.0,Vendedor 10
2585,2024-11-01,Cliente 2,SURCO,AUTO HONDA CRV 2014,1,23000.0,23000.0,Vendedor 10
2586,2024-11-01,Cliente 37,SURCO,AUTO HONDA PILOT 2013,1,20500.0,20500.0,Vendedor 7
2587,2024-11-01,Cliente 30,SURCO,FILTRO DE COMBUSTIBLE,1,102.7,102.7,Vendedor 6
2588,2024-11-02,Cliente 20,SURCO,AUTO HONDA ACCORD 2014,1,28500.0,28500.0,Vendedor 4
2589,2024-11-02,Cliente 47,SURCO,AUTO HONDA CIVIC 2014,1,30500.0,30500.0,Vendedor 7
2590,2024-11-02,Cliente 43,LA MOLINA,AUTO HONDA CRV 2014,1,23000.0,23000.0,Vendedor 1
2591,2024-11-02,Cliente 10,LA MOLINA,FILTRO DE COMBUSTIBLE,1,102.7,102.7,Vendedor 1
2592,2024-11-03,Cliente 7,SURCO,AUTO HONDA ACCORD 2014,1,28500.0,28500.0,Vendedor 3
2593,2024-11-03,Cliente 17,LA MOLINA,AUTO HONDA CIVIC 2014,1,30500.0,30500.0,Vendedor 3
2594,2024-11-03,Cliente 5,SURCO,AUTO HONDA CRV 2014,1,23000.0,23000.0,Vendedor 8
2595,2024-11-03,Cliente 26,SURCO,ACEITE DE MOTOR 5W30 FULL SINTÉTICO,2,101.7,203.4,Vendedor 2
2596,2024-11-03,Cliente 27,SURCO,AMORTIGUADORES DELANTEROS,2,264.9,529.8,Vendedor 2
2597,2024-11-03,Cliente 14,SURCO,AMORTIGUADORES POSTERIORES,2,84.1,168.2,Vendedor 7
2598,2024-11-03,Cliente 41,LA MOLINA,"LLANTAS 18""",2,72.4,144.8,Vendedor 8
2599,2024-11-03,Cliente 12,SURCO,BATERÍA DE 18 PLACAS,1,140.4,140.4,Vendedor 5
2600,2024-11-04,Cliente 12,SURCO,AUTO HONDA ACCORD 2014,1,28500.0,28500.0,Vendedor 10
2601,2024-11-04,Cliente 8,SURCO,AUTO HONDA CIVIC 2014,1,30500.0,30500.0,Vendedor 6
2602,2024-11-04,Cliente 31,LA MOLINA,AUTO HONDA CRV 2014,1,23000.0,23000.0,Vendedor 10
2603,2024-11-04,Cliente 34,SURCO,ACEITE DE MOTOR 5W30 FULL SINTÉTICO,1,101.7,101.7,Vendedor 5
2604,2024-11-04,Cliente 39,SURCO,AMORTIGUADORES DELANTEROS,1,264.9,264.9,Vendedor 1
2605,2024-11-04,Cliente 34,SURCO,AMORTIGUADORES POSTERIORES,3,84.1,252.3,Vendedor 9
2606,2024-11-04,Cliente 24,SURCO,"LLANTAS 18""",1,72.4,72.4,Vendedor 2
2607,2024-11-04,Cliente 2,SURCO,BATERÍA DE 18 PLACAS,1,140.4,140.4,Vendedor 6
2608,2024-11-05,Cliente 15,LA MOLINA,AUTO HONDA ACCORD 2014,1,28500.0,28500.0,Vendedor 2
2609,2024-11-05,Cliente 18,LA MOLINA,AUTO HONDA CIVIC 2014,1,30500.0,30500.0,Vendedor 5
2610,2024-11-05,Cliente 13,LA MOLINA,AUTO HONDA CRV 2014,1,23000.0,23000.0,Vendedor 2
2611,2024-11-05,Cliente 30,LA MOLINA,ACEITE DE MOTOR 5W30 FULL SINTÉTICO,2,101.7,203.4,Vendedor 8
2612,2024-11-05,Cliente 13,LA MOLINA,AMORTIGUADORES DELANTEROS,2,264.9,529.8,Vendedor 5
2613,2024-11-05,Cliente 44,SURCO,AMORTIGUADORES POSTERIORES,1,84.1,84.1,Vendedor 5
2614,2024-11-05,Cliente 38,SURCO,"LLANTAS 18""",2,72.4,144.8,Vendedor 10
2615,2024-11-05,Cliente 11,LA MOLINA,BATERÍA DE 18 PLACAS,1,140.4,140.4,Vendedor 4
2616,2024-11-06,Cliente 28,LA MOLINA,AUTO HONDA CRV 2014,1,23000.0,23000.0,Vendedor 8
2617,2024-11-06,Cliente 21,LA MOLINA,ACEITE DE MOTOR 5W30 FULL SINTÉTICO,2,101.7,203.4,Vendedor 10
2618,2024-11-06,Cliente 28,LA MOLINA,AMORTIGUADORES DELANTEROS,1,264.9,264.9,Vendedor 4
2619,2024-11-06,Cliente 24,LA MOLINA,AMORTIGUADORES POSTERIORES,3,84.1,252.3,Vendedor 2
2620,2024-11-06,Cliente 3,SURCO,"LLANTAS 18""",2,72.4,144.8,Vendedor 9
2621,2024-11-06,Cliente 38,LA MOLINA,BATERÍA DE 18 PLACAS,1,140.4,140.4,Vendedor 7
2622,2024-11-07,Cliente 26,LA MOLINA,ACEITE DE MOTOR 5W30 FULL SINTÉTICO,2,101.7,203.4,Vendedor 1
2623,2024-11-07,Cliente 21,SURCO,AMORTIGUADORES DELANTEROS,1,264.9,264.9,Vendedor 7
2624,2024-11-07,Cliente 16,LA MOLINA,AMORTIGUADORES POSTERIORES,1,84.1,84.1,Vendedor 2
2625,2024-11-07,Cliente 24,LA MOLINA,"LLANTAS 18""",1,72.4,72.4,Vendedor 3
2626,2024-11-07,Cliente 8,LA MOLINA,BATERÍA DE 18 PLACAS,1,140.4,140.4,Vendedor 1
2627,2024-11-08,Cliente 46,SURCO,ACEITE DE MOTOR 5W30 FULL SINTÉTICO,2,101.7,203.4,Vendedor 6
2628,2024-11-08,Cliente 37,LA MOLINA,AMORTIGUADORES DELANTEROS,1,264.9,264.9,Vendedor 6
2629,2024-11-08,Cliente 25,SURCO,AMORTIGUADORES POSTERIORES,1,84.1,84.1,Vendedor 5
2630,2024-11-08,Cliente 7,SURCO,"LLANTAS 18""",2,72.4,144.8,Vendedor 9
2631,2024-11-08,Cliente 46,LA MOLINA,BATERÍA DE 18 PLACAS,1,140.4,140.4,Vendedor 10
2632,2024-11-09,Cliente 37,SURCO,AUTO HONDA PILOT 2013,1,20500.0,20500.0,Vendedor 7
2633,2024-11-09,Cliente 21,SURCO,AUTO HONDA FIT 2016,1,17000.0,17000.0,Vendedor 6
2634,2024-11-09,Cliente 13,SURCO,AUTO HONDA CITY 2016,1,24000.0,24000.0,Vendedor 1
2635,2024-11-09,Cliente 3,LA MOLINA,ACEITE DE MOTOR 5W30 FULL SINTÉTICO,2,101.7,203.4,Vendedor 5
2636,2024-11-09,Cliente 8,SURCO,AMORTIGUADORES DELANTEROS,2,264.9,529.8,Vendedor 8
2637,2024-11-09,Cliente 38,LA MOLINA,AMORTIGUADORES POSTERIORES,1,84.1,84.1,Vendedor 7
2638,2024-11-09,Cliente 19,SURCO,"LLANTAS 18""",2,72.4,144.8,Vendedor 1
2639,2024-11-09,Cliente 30,SURCO,BATERÍA DE 18 PLACAS,1,140.4,140.4,Vendedor 5
2640,2024-11-10,Cliente 26,SURCO,AUTO HONDA PILOT 2013,1,20500.0,20500.0,Vendedor 1
2641,2024-11-10,Cliente 22,SURCO,AUTO HONDA FIT 2016,1,17000.0,17000.0,Vendedor 1
2642,2024-11-10,Cliente 31,SURCO,AUTO HONDA CITY 2016,1,24000.0,24000.0,Vendedor 2
2643,2024-11-10,Cliente 18,LA MOLINA,ACEITE DE MOTOR 5W30 FULL SINTÉTICO,2,101.7,203.4,Vendedor 6
2644,2024-11-10,Cliente 6,LA MOLINA,AMORTIGUADORES DELANTEROS,2,264.9,529.8,Vendedor 9
2645,2024-11-10,Cliente 40,LA MOLINA,AMORTIGUADORES POSTERIORES,3,84.1,252.3,Vendedor 1
2646,2024-11-10,Cliente 45,LA MOLINA,"LLANTAS 18""",4,72.4,289.6,Vendedor 8
2647,2024-11-10,Cliente 42,LA MOLINA,BATERÍA DE 18 PLACAS,1,140.4,140.4,Vendedor 2
2648,2024-11-11,Cliente 40,SURCO,AUTO HONDA FIT 2016,1,17000.0,17000.0,Vendedor 2
2649,2024-11-11,Cliente 15,SURCO,AUTO HONDA CITY 2016,1,24000.0,24000.0,Vendedor 1
2650,2024-11-11,Cliente 7,SURCO,ACEITE DE MOTOR 5W30 FULL SINTÉTICO,1,101.7,101.7,Vendedor 6
2651,2024-11-11,Cliente 15,LA MOLINA,AMORTIGUADORES DELANTEROS,3,264.9,794.7,Vendedor 3
2652,2024-11-11,Cliente 47,SURCO,AMORTIGUADORES POSTERIORES,1,84.1,84.1,Vendedor 6
2653,2024-11-11,Cliente 17,SURCO,"LLANTAS 18""",1,72.4,72.4,Vendedor 1
2654,2024-11-11,Cliente 20,SURCO,BATERÍA DE 18 PLACAS,1,140.4,140.4,Vendedor 2
2655,2024-11-12,Cliente 22,SURCO,AUTO HONDA FIT 2016,1,17000.0,17000.0,Vendedor 10
2656,2024-11-12,Cliente 18,SURCO,AUTO HONDA CITY 2016,1,24000.0,24000.0,Vendedor 3
2657,2024-11-12,Cliente 8,SURCO,ACEITE DE MOTOR 5W30 FULL SINTÉTICO,1,101.7,101.7,Vendedor 3
2658,2024-11-12,Cliente 49,SURCO,AMORTIGUADORES DELANTEROS,2,264.9,529.8,Vendedor 10
2659,2024-11-12,Cliente 43,LA MOLINA,AMORTIGUADORES POSTERIORES,2,84.1,168.2,Vendedor 2
2660,2024-11-12,Cliente 43,LA MOLINA,"LLANTAS 18""",2,72.4,144.8,Vendedor 8
2661,2024-11-12,Cliente 50,SURCO,BATERÍA DE 18 PLACAS,1,140.4,140.4,Vendedor 8
2662,2024-11-13,Cliente 6,SURCO,AUTO HONDA CITY 2016,1,24000.0,24000.0,Vendedor 5
2663,2024-11-13,Cliente 23,SURCO,ACEITE DE MOTOR 5W30 FULL SINTÉTICO,2,101.7,203.4,Vendedor 9
2664,2024-11-13,Cliente 45,SURCO,AMORTIGUADORES DELANTEROS,1,264.9,264.9,Vendedor 2
2665,2024-11-13,Cliente 4,SURCO,AMORTIGUADORES POSTERIORES,1,84.1,84.1,Vendedor 4
2666,2024-11-13,Cliente 30,LA MOLINA,"LLANTAS 18""",1,72.4,72.4,Vendedor 7
2667,2024-11-14,Cliente 22,SURCO,ACEITE DE MOTOR 5W30 FULL SINTÉTICO,1,101.7,101.7,Vendedor 4
2668,2024-11-14,Cliente 49,LA MOLINA,AMORTIGUADORES DELANTEROS,1,264.9,264.9,Vendedor 5
2669,2024-11-14,Cliente 33,SURCO,AMORTIGUADORES POSTERIORES,1,84.1,84.1,Vendedor 2
2670,2024-11-15,Cliente 40,SURCO,AMORTIGUADORES DELANTEROS,1,264.9,264.9,Vendedor 9
2671,2024-11-17,Cliente 30,SURCO,ACEITE DE MOTOR 5W30 FULL SINTÉTICO,1,101.7,101.7,Vendedor 2
2672,2024-11-17,Cliente 16,SURCO,FILTRO DE COMBUSTIBLE,1,102.7,102.7,Vendedor 1
2673,2024-11-17,Cliente 18,SURCO,AMORTIGUADORES DELANTEROS,2,264.9,529.8,Vendedor 1
2674,2024-11-17,Cliente 23,LA MOLINA,AMORTIGUADORES POSTERIORES,4,84.1,336.4,Vendedor 5
2675,2024-11-17,Cliente 23,SURCO,"LLANTAS 18""",1,72.4,72.4,Vendedor 7
2676,2024-11-17,Cliente 26,SURCO,BATERÍA DE 18 PLACAS,1,140.4,140.4,Vendedor 9
2677,2024-11-18,Cliente 4,LA MOLINA,ACEITE DE MOTOR 5W30 FULL SINTÉTICO,4,101.7,406.8,Vendedor 8
2678,2024-11-18,Cliente 24,LA MOLINA,FILTRO DE COMBUSTIBLE,1,102.7,102.7,Vendedor 2
2679,2024-11-18,Cliente 47,LA MOLINA,AMORTIGUADORES DELANTEROS,1,264.9,264.9,Vendedor 7
2680,2024-11-18,Cliente 13,LA MOLINA,AMORTIGUADORES POSTERIORES,2,84.1,168.2,Vendedor 7
2681,2024-11-18,Cliente 34,LA MOLINA,"LLANTAS 18""",2,72.4,144.8,Vendedor 10
2682,2024-11-18,Cliente 7,LA MOLINA,BATERÍA DE 18 PLACAS,2,140.4,280.8,Vendedor 1
2683,2024-11-19,Cliente 15,SURCO,ACEITE DE MOTOR 5W30 FULL SINTÉTICO,2,101.7,203.4,Vendedor 2
2684,2024-11-19,Cliente 37,SURCO,AMORTIGUADORES DELANTEROS,1,264.9,264.9,Vendedor 5
2685,2024-11-19,Cliente 35,SURCO,AMORTIGUADORES POSTERIORES,2,84.1,168.2,Vendedor 2
2686,2024-11-19,Cliente 40,SURCO,"LLANTAS 18""",3,72.4,217.2,Vendedor 7
2687,2024-11-19,Cliente 7,LA MOLINA,BATERÍA DE 18 PLACAS,2,140.4,280.8,Vendedor 4
2688,2024-11-20,Cliente 14,LA MOLINA,ACEITE DE MOTOR 5W30 FULL SINTÉTICO,3,101.7,305.1,Vendedor 3
2689,2024-11-20,Cliente 41,LA MOLINA,AMORTIGUADORES DELANTEROS,2,264.9,529.8,Vendedor 5
2690,2024-11-20,Cliente 47,LA MOLINA,AMORTIGUADORES POSTERIORES,4,84.1,336.4,Vendedor 1
2691,2024-11-20,Cliente 33,SURCO,"LLANTAS 18""",1,72.4,72.4,Vendedor 10
2692,2024-11-20,Cliente 45,LA MOLINA,BATERÍA DE 18 PLACAS,1,140.4,140.4,Vendedor 4
2693,2024-11-21,Cliente 44,LA MOLINA,ACEITE DE MOTOR 5W30 FULL SINTÉTICO,2,101.7,203.4,Vendedor 2
2694,2024-11-21,Cliente 22,SURCO,AMORTIGUADORES DELANTEROS,2,264.9,529.8,Vendedor 8
2695,2024-11-21,Cliente 43,SURCO,AMORTIGUADORES POSTERIORES,2,84.1,168.2,Vendedor 8
2696,2024-11-21,Cliente 2,LA MOLINA,"LLANTAS 18""",4,72.4,289.6,Vendedor 3
2697,2024-11-21,Cliente 11,SURCO,BATERÍA DE 18 PLACAS,2,140.4,280.8,Vendedor 1
2698,2024-11-22,Cliente 31,LA MOLINA,ACEITE DE MOTOR 5W30 FULL SINTÉTICO,1,101.7,101.7,Vendedor 10
2699,2024-11-22,Cliente 16,LA MOLINA,AMORTIGUADORES DELANTEROS,1,264.9,264.9,Vendedor 8
2700,2024-11-22,Cliente 2,SURCO,AMORTIGUADORES POSTERIORES,1,84.1,84.1,Vendedor 10
2701,2024-11-22,Cliente 15,LA MOLINA,"LLANTAS 18""",4,72.4,289.6,Vendedor 9
2702,2024-11-22,Cliente 49,SURCO,BATERÍA DE 18 PLACAS,2,140.4,280.8,Vendedor 3
2703,2024-11-23,Cliente 20,SURCO,ACEITE DE MOTOR 5W30 FULL SINTÉTICO,1,101.7,101.7,Vendedor 6
2704,2024-11-23,Cliente 48,LA MOLINA,AMORTIGUADORES DELANTEROS,4,264.9,1059.6,Vendedor 6
2705,2024-11-23,Cliente 43,SURCO,AMORTIGUADORES POSTERIORES,5,84.1,420.5,Vendedor 8
2706,2024-11-23,Cliente 30,SURCO,"LLANTAS 18""",5,72.4,362.0,Vendedor 1
2707,2024-11-24,Cliente 34,SURCO,ACEITE DE MOTOR 5W30 FULL SINTÉTICO,3,101.7,305.1,Vendedor 10
2708,2024-11-24,Cliente 18,SURCO,AMORTIGUADORES DELANTEROS,4,264.9,1059.6,Vendedor 9
2709,2024-11-25,Cliente 43,SURCO,ACEITE DE MOTOR 5W30 FULL SINTÉTICO,3,101.7,305.1,Vendedor 3
2710,2024-11-25,Cliente 2,LA MOLINA,AMORTIGUADORES DELANTEROS,2,264.9,529.8,Vendedor 4
2711,2024-12-01,Cliente 30,SURCO,AUTO HONDA ACCORD 2014,1,24500.0,24500.0,Vendedor 3
2712,2024-12-01,Cliente 40,LA MOLINA,AUTO HONDA CIVIC 2014,1,30000.0,30000.0,Vendedor 9
2713,2024-12-01,Cliente 20,SURCO,AUTO HONDA ODISSEY 2013,1,27500.0,27500.0,Vendedor 8
2714,2024-12-01,Cliente 5,LA MOLINA,AUTO HONDA CRV 2014,1,26500.0,26500.0,Vendedor 5
2715,2024-12-01,Cliente 30,SURCO,AUTO HONDA PILOT 2013,1,18500.0,18500.0,Vendedor 1
2716,2024-12-01,Cliente 19,SURCO,AUTO HONDA FIT 2016,1,27000.0,27000.0,Vendedor 10
2717,2024-12-02,Cliente 1,LA MOLINA,AUTO HONDA ACCORD 2014,1,24500.0,24500.0,Vendedor 7
2718,2024-12-02,Cliente 43,LA MOLINA,AUTO HONDA CIVIC 2014,1,30000.0,30000.0,Vendedor 1
2719,2024-12-02,Cliente 17,SURCO,AUTO HONDA ODISSEY 2013,1,27500.0,27500.0,Vendedor 3
2720,2024-12-02,Cliente 19,SURCO,AUTO HONDA CRV 2014,1,26500.0,26500.0,Vendedor 9
2721,2024-12-02,Cliente 6,SURCO,AUTO HONDA PILOT 2013,1,18500.0,18500.0,Vendedor 5
2722,2024-12-03,Cliente 19,LA MOLINA,AUTO HONDA ACCORD 2014,1,24500.0,24500.0,Vendedor 4
2723,2024-12-03,Cliente 31,SURCO,AUTO HONDA CIVIC 2014,1,30000.0,30000.0,Vendedor 6
2724,2024-12-03,Cliente 44,SURCO,AUTO HONDA ODISSEY 2013,1,27500.0,27500.0,Vendedor 7
2725,2024-12-03,Cliente 26,SURCO,AUTO HONDA CRV 2014,1,26500.0,26500.0,Vendedor 2
2726,2024-12-03,Cliente 39,LA MOLINA,ACEITE DE MOTOR 5W30 FULL SINTÉTICO,3,85.8,257.4,Vendedor 5
2727,2024-12-03,Cliente 37,SURCO,FILTRO DE COMBUSTIBLE,1,128.6,128.6,Vendedor 7
2728,2024-12-03,Cliente 38,LA MOLINA,AMORTIGUADORES DELANTEROS,3,277.3,831.9,Vendedor 3
2729,2024-12-03,Cliente 17,SURCO,AMORTIGUADORES POSTERIORES,3,122.6,367.8,Vendedor 3
2730,2024-12-03,Cliente 20,SURCO,"LLANTAS 18""",2,70.8,141.6,Vendedor 5
2731,2024-12-03,Cliente 20,SURCO,BATERÍA DE 18 PLACAS,1,103.2,103.2,Vendedor 10
2732,2024-12-04,Cliente 35,LA MOLINA,AUTO HONDA ACCORD 2014,1,24500.0,24500.0,Vendedor 3
2733,2024-12-04,Cliente 28,LA MOLINA,AUTO HONDA ODISSEY 2013,1,27500.0,27500.0,Vendedor 2
2734,2024-12-04,Cliente 34,SURCO,AUTO HONDA CRV 2014,1,26500.0,26500.0,Vendedor 8
2735,2024-12-04,Cliente 30,LA MOLINA,ACEITE DE MOTOR 5W30 FULL SINTÉTICO,3,85.8,257.4,Vendedor 6
2736,2024-12-04,Cliente 30,LA MOLINA,FILTRO DE COMBUSTIBLE,1,128.6,128.6,Vendedor 7
2737,2024-12-04,Cliente 2,LA MOLINA,AMORTIGUADORES DELANTEROS,2,277.3,554.6,Vendedor 9
2738,2024-12-04,Cliente 6,LA MOLINA,AMORTIGUADORES POSTERIORES,1,122.6,122.6,Vendedor 3
2739,2024-12-04,Cliente 38,SURCO,"LLANTAS 18""",2,70.8,141.6,Vendedor 9
2740,2024-12-04,Cliente 9,LA MOLINA,BATERÍA DE 18 PLACAS,1,103.2,103.2,Vendedor 10
2741,2024-12-05,Cliente 49,SURCO,ACEITE DE MOTOR 5W30 FULL SINTÉTICO,3,85.8,257.4,Vendedor 7
2742,2024-12-05,Cliente 43,LA MOLINA,AMORTIGUADORES DELANTEROS,1,277.3,277.3,Vendedor 1
2743,2024-12-05,Cliente 4,LA MOLINA,AMORTIGUADORES POSTERIORES,2,122.6,245.2,Vendedor 2
2744,2024-12-05,Cliente 42,LA MOLINA,"LLANTAS 18""",1,70.8,70.8,Vendedor 2
2745,2024-12-05,Cliente 39,LA MOLINA,BATERÍA DE 18 PLACAS,1,103.2,103.2,Vendedor 2
2746,2024-12-06,Cliente 45,LA MOLINA,ACEITE DE MOTOR 5W30 FULL SINTÉTICO,3,85.8,257.4,Vendedor 6
2747,2024-12-06,Cliente 48,SURCO,AMORTIGUADORES DELANTEROS,1,277.3,277.3,Vendedor 10
2748,2024-12-06,Cliente 34,SURCO,AMORTIGUADORES POSTERIORES,1,122.6,122.6,Vendedor 3
2749,2024-12-06,Cliente 15,SURCO,"LLANTAS 18""",2,70.8,141.6,Vendedor 3
2750,2024-12-06,Cliente 41,LA MOLINA,BATERÍA DE 18 PLACAS,1,103.2,103.2,Vendedor 5
2751,2024-12-07,Cliente 40,LA MOLINA,ACEITE DE MOTOR 5W30 FULL SINTÉTICO,1,85.8,85.8,Vendedor 4
2752,2024-12-07,Cliente 1,SURCO,AMORTIGUADORES DELANTEROS,1,277.3,277.3,Vendedor 3
2753,2024-12-07,Cliente 16,SURCO,AMORTIGUADORES POSTERIORES,1,122.6,122.6,Vendedor 4
2754,2024-12-07,Cliente 2,LA MOLINA,"LLANTAS 18""",1,70.8,70.8,Vendedor 9
2755,2024-12-07,Cliente 26,LA MOLINA,BATERÍA DE 18 PLACAS,1,103.2,103.2,Vendedor 1
2756,2024-12-08,Cliente 26,SURCO,ACEITE DE MOTOR 5W30 FULL SINTÉTICO,1,85.8,85.8,Vendedor 8
2757,2024-12-08,Cliente 35,SURCO,AMORTIGUADORES DELANTEROS,1,277.3,277.3,Vendedor 5
2758,2024-12-08,Cliente 28,SURCO,AMORTIGUADORES POSTERIORES,4,122.6,490.4,Vendedor 3
2759,2024-12-08,Cliente 10,SURCO,"LLANTAS 18""",1,70.8,70.8,Vendedor 4
2760,2024-12-08,Cliente 33,SURCO,BATERÍA DE 18 PLACAS,1,103.2,103.2,Vendedor 9
2761,2024-12-09,Cliente 31,SURCO,ACEITE DE MOTOR 5W30 FULL SINTÉTICO,2,85.8,171.6,Vendedor 5
2762,2024-12-09,Cliente 38,SURCO,AMORTIGUADORES DELANTEROS,2,277.3,554.6,Vendedor 8
2763,2024-12-09,Cliente 26,LA MOLINA,AMORTIGUADORES POSTERIORES,3,122.6,367.8,Vendedor 7
2764,2024-12-09,Cliente 27,LA MOLINA,"LLANTAS 18""",1,70.8,70.8,Vendedor 7
2765,2024-12-09,Cliente 2,SURCO,BATERÍA DE 18 PLACAS,1,103.2,103.2,Vendedor 5
2766,2024-12-10,Cliente 8,SURCO,AUTO HONDA PILOT 2013,1,18500.0,18500.0,Vendedor 10
2767,2024-12-10,Cliente 1,SURCO,AUTO HONDA FIT 2016,1,27000.0,27000.0,Vendedor 10
2768,2024-12-10,Cliente 3,SURCO,AUTO HONDA CITY 2016,1,22000.0,22000.0,Vendedor 10
2769,2024-12-10,Cliente 23,SURCO,ACEITE DE MOTOR 5W30 FULL SINTÉTICO,4,85.8,343.2,Vendedor 3
2770,2024-12-10,Cliente 18,LA MOLINA,AMORTIGUADORES DELANTEROS,2,277.3,554.6,Vendedor 1
2771,2024-12-10,Cliente 33,LA MOLINA,AMORTIGUADORES POSTERIORES,2,122.6,245.2,Vendedor 9
2772,2024-12-10,Cliente 46,LA MOLINA,"LLANTAS 18""",1,70.8,70.8,Vendedor 9
2773,2024-12-10,Cliente 33,LA MOLINA,BATERÍA DE 18 PLACAS,1,103.2,103.2,Vendedor 2
2774,2024-12-11,Cliente 42,SURCO,AUTO HONDA FIT 2016,1,27000.0,27000.0,Vendedor 3
2775,2024-12-11,Cliente 42,SURCO,AUTO HONDA CITY 2016,1,22000.0,22000.0,Vendedor 10
2776,2024-12-11,Cliente 18,SURCO,AMORTIGUADORES DELANTEROS,4,277.3,1109.2,Vendedor 5
2777,2024-12-11,Cliente 42,SURCO,AMORTIGUADORES POSTERIORES,1,122.6,122.6,Vendedor 8
2778,2024-12-11,Cliente 39,LA MOLINA,"LLANTAS 18""",2,70.8,141.6,Vendedor 3
2779,2024-12-11,Cliente 9,SURCO,BATERÍA DE 18 PLACAS,1,103.2,103.2,Vendedor 6
2780,2024-12-12,Cliente 38,SURCO,AUTO HONDA CITY 2016,1,22000.0,22000.0,Vendedor 10
2781,2024-12-12,Cliente 2,SURCO,AMORTIGUADORES DELANTEROS,1,277.3,277.3,Vendedor 3
2782,2024-12-12,Cliente 43,LA MOLINA,AMORTIGUADORES POSTERIORES,2,122.6,245.2,Vendedor 2
2783,2024-12-12,Cliente 21,LA MOLINA,"LLANTAS 18""",2,70.8,141.6,Vendedor 4
2784,2024-12-12,Cliente 7,SURCO,BATERÍA DE 18 PLACAS,1,103.2,103.2,Vendedor 3
2785,2024-12-13,Cliente 49,SURCO,AUTO HONDA CITY 2016,1,22000.0,22000.0,Vendedor 7
2786,2024-12-13,Cliente 8,LA MOLINA,AMORTIGUADORES DELANTEROS,1,277.3,277.3,Vendedor 1
2787,2024-12-13,Cliente 39,LA MOLINA,"LLANTAS 18""",2,70.8,141.6,Vendedor 1
2788,2024-12-14,Cliente 21,SURCO,AUTO HONDA CITY 2016,1,22000.0,22000.0,Vendedor 2
2789,2024-12-14,Cliente 9,LA MOLINA,AMORTIGUADORES DELANTEROS,1,277.3,277.3,Vendedor 10
2790,2024-12-14,Cliente 17,SURCO,"LLANTAS 18""",1,70.8,70.8,Vendedor 8
2791,2024-12-15,Cliente 28,SURCO,"LLANTAS 18""",1,70.8,70.8,Vendedor 9
2792,2024-12-16,Cliente 14,SURCO,"LLANTAS 18""",1,70.8,70.8,Vendedor 1
2793,2024-12-17,Cliente 1,SURCO,ACEITE DE MOTOR 5W30 FULL SINTÉTICO,7,85.8,600.6,Vendedor 6
2794,2024-12-17,Cliente 37,LA MOLINA,FILTRO DE COMBUSTIBLE,1,128.6,128.6,Vendedor 9
2795,2024-12-17,Cliente 12,LA MOLINA,AMORTIGUADORES DELANTEROS,1,277.3,277.3,Vendedor 9
2796,2024-12-17,Cliente 14,SURCO,AMORTIGUADORES POSTERIORES,4,122.6,490.4,Vendedor 10
2797,2024-12-17,Cliente 23,LA MOLINA,"LLANTAS 18""",2,70.8,141.6,Vendedor 10
2798,2024-12-17,Cliente 5,SURCO,BATERÍA DE 18 PLACAS,1,103.2,103.2,Vendedor 8
2799,2024-12-18,Cliente 5,LA MOLINA,ACEITE DE MOTOR 5W30 FULL SINTÉTICO,4,85.8,343.2,Vendedor 10
2800,2024-12-18,Cliente 9,SURCO,FILTRO DE COMBUSTIBLE,1,128.6,128.6,Vendedor 9
2801,2024-12-18,Cliente 8,SURCO,AMORTIGUADORES DELANTEROS,3,277.3,831.9,Vendedor 8
2802,2024-12-18,Cliente 39,SURCO,AMORTIGUADORES POSTERIORES,2,122.6,245.2,Vendedor 9
2803,2024-12-18,Cliente 15,SURCO,"LLANTAS 18""",2,70.8,141.6,Vendedor 5
2804,2024-12-18,Cliente 46,LA MOLINA,BATERÍA DE 18 PLACAS,2,103.2,206.4,Vendedor 6
2805,2024-12-19,Cliente 19,SURCO,ACEITE DE MOTOR 5W30 FULL SINTÉTICO,1,85.8,85.8,Vendedor 2
2806,2024-12-19,Cliente 34,SURCO,AMORTIGUADORES DELANTEROS,5,277.3,1386.5,Vendedor 10
2807,2024-12-19,Cliente 26,LA MOLINA,AMORTIGUADORES POSTERIORES,5,122.6,613.0,Vendedor 10
2808,2024-12-19,Cliente 38,SURCO,"LLANTAS 18""",1,70.8,70.8,Vendedor 8
2809,2024-12-19,Cliente 3,SURCO,BATERÍA DE 18 PLACAS,2,103.2,206.4,Vendedor 6
2810,2024-12-20,Cliente 13,LA MOLINA,ACEITE DE MOTOR 5W30 FULL SINTÉTICO,6,85.8,514.8,Vendedor 6
2811,2024-12-20,Cliente 14,SURCO,AMORTIGUADORES DELANTEROS,1,277.3,277.3,Vendedor 9
2812,2024-12-20,Cliente 49,LA MOLINA,AMORTIGUADORES POSTERIORES,5,122.6,613.0,Vendedor 1
2813,2024-12-20,Cliente 5,LA MOLINA,"LLANTAS 18""",1,70.8,70.8,Vendedor 10
2814,2024-12-20,Cliente 5,LA MOLINA,BATERÍA DE 18 PLACAS,1,103.2,103.2,Vendedor 7
2815,2024-12-21,Cliente 9,SURCO,ACEITE DE MOTOR 5W30 FULL SINTÉTICO,2,85.8,171.6,Vendedor 5
2816,2024-12-21,Cliente 7,SURCO,AMORTIGUADORES DELANTEROS,1,277.3,277.3,Vendedor 1
2817,2024-12-21,Cliente 42,SURCO,AMORTIGUADORES POSTERIORES,4,122.6,490.4,Vendedor 6
2818,2024-12-21,Cliente 20,LA MOLINA,"LLANTAS 18""",2,70.8,141.6,Vendedor 4
2819,2024-12-21,Cliente 2,SURCO,BATERÍA DE 18 PLACAS,1,103.2,103.2,Vendedor 4
2820,2024-12-22,Cliente 36,LA MOLINA,AMORTIGUADORES DELANTEROS,6,277.3,1663.8,Vendedor 8
2821,2024-12-22,Cliente 45,LA MOLINA,"LLANTAS 18""",2,70.8,141.6,Vendedor 3
2822,2024-12-22,Cliente 36,LA MOLINA,BATERÍA DE 18 PLACAS,2,103.2,206.4,Vendedor 3
2823,2024-12-23,Cliente 40,LA MOLINA,AMORTIGUADORES DELANTEROS,3,277.3,831.9,Vendedor 6
2824,2024-12-23,Cliente 28,LA MOLINA,"LLANTAS 18""",1,70.8,70.8,Vendedor 1
2825,2024-12-23,Cliente 6,SURCO,BATERÍA DE 18 PLACAS,1,103.2,103.2,Vendedor 10
2826,2024-12-24,Cliente 1,SURCO,"LLANTAS 18""",3,70.8,212.4,Vendedor 4
2827,2024-12-25,Cliente 19,SURCO,"LLANTAS 18""",2,70.8,141.6,Vendedor 1
2828,2024-12-26,Cliente 31,LA MOLINA,"LLANTAS 18""",2,70.8,141.6,Vendedor 2
2829,2025-01-01,Cliente 45,SURCO,AUTO HONDA ACCORD 2014,1,28500.0,28500.0,Vendedor 8
2830,2025-01-01,Cliente 8,LA MOLINA,AUTO HONDA CIVIC 2014,1,30000.0,30000.0,Vendedor 1
2831,2025-01-01,Cliente 3,LA MOLINA,AUTO HONDA ODISSEY 2013,1,20000.0,20000.0,Vendedor 5
2832,2025-01-01,Cliente 38,SURCO,AUTO HONDA PILOT 2013,1,16500.0,16500.0,Vendedor 7
2833,2025-01-01,Cliente 6,SURCO,AUTO HONDA FIT 2016,1,27000.0,27000.0,Vendedor 1
2834,2025-01-02,Cliente 25,LA MOLINA,AUTO HONDA ACCORD 2014,1,28500.0,28500.0,Vendedor 8
2835,2025-01-02,Cliente 15,SURCO,AUTO HONDA CIVIC 2014,1,30000.0,30000.0,Vendedor 4
2836,2025-01-02,Cliente 12,LA MOLINA,AUTO HONDA ODISSEY 2013,1,20000.0,20000.0,Vendedor 7
2837,2025-01-02,Cliente 43,SURCO,AUTO HONDA PILOT 2013,1,16500.0,16500.0,Vendedor 5
2838,2025-01-02,Cliente 35,SURCO,AUTO HONDA FIT 2016,1,27000.0,27000.0,Vendedor 6
2839,2025-01-03,Cliente 47,LA MOLINA,AUTO HONDA ACCORD 2014,1,28500.0,28500.0,Vendedor 10
2840,2025-01-03,Cliente 28,LA MOLINA,AUTO HONDA CIVIC 2014,1,30000.0,30000.0,Vendedor 1
2841,2025-01-03,Cliente 36,SURCO,AUTO HONDA ODISSEY 2013,1,20000.0,20000.0,Vendedor 7
2842,2025-01-03,Cliente 35,LA MOLINA,ACEITE DE MOTOR 5W30 FULL SINTÉTICO,3,126.4,379.2,Vendedor 8
2843,2025-01-03,Cliente 37,LA MOLINA,FILTRO DE COMBUSTIBLE,1,131.2,131.2,Vendedor 10
2844,2025-01-03,Cliente 25,SURCO,AMORTIGUADORES DELANTEROS,2,242.4,484.8,Vendedor 8
2845,2025-01-03,Cliente 1,SURCO,AMORTIGUADORES POSTERIORES,1,92.4,92.4,Vendedor 5
2846,2025-01-03,Cliente 16,SURCO,"LLANTAS 18""",3,50.9,152.7,Vendedor 9
2847,2025-01-03,Cliente 37,LA MOLINA,BATERÍA DE 18 PLACAS,2,111.4,222.8,Vendedor 7
2848,2025-01-04,Cliente 40,SURCO,AUTO HONDA ACCORD 2014,1,28500.0,28500.0,Vendedor 5
2849,2025-01-04,Cliente 18,LA MOLINA,AUTO HONDA CIVIC 2014,1,30000.0,30000.0,Vendedor 5
2850,2025-01-04,Cliente 8,SURCO,AUTO HONDA ODISSEY 2013,1,20000.0,20000.0,Vendedor 5
2851,2025-01-04,Cliente 17,LA MOLINA,ACEITE DE MOTOR 5W30 FULL SINTÉTICO,3,126.4,379.2,Vendedor 3
2852,2025-01-04,Cliente 30,SURCO,FILTRO DE COMBUSTIBLE,1,131.2,131.2,Vendedor 1
2853,2025-01-04,Cliente 30,SURCO,AMORTIGUADORES DELANTEROS,2,242.4,484.8,Vendedor 1
2854,2025-01-04,Cliente 41,LA MOLINA,AMORTIGUADORES POSTERIORES,2,92.4,184.8,Vendedor 9
2855,2025-01-04,Cliente 4,LA MOLINA,"LLANTAS 18""",2,50.9,101.8,Vendedor 10
2856,2025-01-04,Cliente 40,LA MOLINA,BATERÍA DE 18 PLACAS,1,111.4,111.4,Vendedor 9
2857,2025-01-05,Cliente 5,SURCO,AUTO HONDA CIVIC 2014,1,30000.0,30000.0,Vendedor 8
2858,2025-01-05,Cliente 17,LA MOLINA,AUTO HONDA ODISSEY 2013,1,20000.0,20000.0,Vendedor 5
2859,2025-01-05,Cliente 9,LA MOLINA,ACEITE DE MOTOR 5W30 FULL SINTÉTICO,2,126.4,252.8,Vendedor 4
2860,2025-01-05,Cliente 40,SURCO,AMORTIGUADORES DELANTEROS,1,242.4,242.4,Vendedor 1
2861,2025-01-05,Cliente 42,SURCO,AMORTIGUADORES POSTERIORES,1,92.4,92.4,Vendedor 1
2862,2025-01-05,Cliente 38,LA MOLINA,"LLANTAS 18""",2,50.9,101.8,Vendedor 6
2863,2025-01-05,Cliente 4,SURCO,BATERÍA DE 18 PLACAS,1,111.4,111.4,Vendedor 5
2864,2025-01-06,Cliente 2,SURCO,AUTO HONDA CIVIC 2014,1,30000.0,30000.0,Vendedor 6
2865,2025-01-06,Cliente 39,SURCO,ACEITE DE MOTOR 5W30 FULL SINTÉTICO,3,126.4,379.2,Vendedor 4
2866,2025-01-06,Cliente 5,SURCO,AMORTIGUADORES DELANTEROS,2,242.4,484.8,Vendedor 9
2867,2025-01-06,Cliente 33,SURCO,AMORTIGUADORES POSTERIORES,2,92.4,184.8,Vendedor 2
2868,2025-01-06,Cliente 21,SURCO,"LLANTAS 18""",2,50.9,101.8,Vendedor 10
2869,2025-01-06,Cliente 5,LA MOLINA,BATERÍA DE 18 PLACAS,2,111.4,222.8,Vendedor 7
2870,2025-01-07,Cliente 2,SURCO,ACEITE DE MOTOR 5W30 FULL SINTÉTICO,2,126.4,252.8,Vendedor 6
2871,2025-01-07,Cliente 27,LA MOLINA,AMORTIGUADORES DELANTEROS,2,242.4,484.8,Vendedor 6
2872,2025-01-07,Cliente 40,LA MOLINA,AMORTIGUADORES POSTERIORES,2,92.4,184.8,Vendedor 1
2873,2025-01-07,Cliente 3,LA MOLINA,"LLANTAS 18""",2,50.9,101.8,Vendedor 5
2874,2025-01-07,Cliente 7,SURCO,BATERÍA DE 18 PLACAS,1,111.4,111.4,Vendedor 10
2875,2025-01-08,Cliente 33,LA MOLINA,ACEITE DE MOTOR 5W30 FULL SINTÉTICO,2,126.4,252.8,Vendedor 9
2876,2025-01-08,Cliente 25,SURCO,AMORTIGUADORES DELANTEROS,2,242.4,484.8,Vendedor 10
2877,2025-01-08,Cliente 25,SURCO,AMORTIGUADORES POSTERIORES,1,92.4,92.4,Vendedor 2
2878,2025-01-08,Cliente 37,SURCO,"LLANTAS 18""",1,50.9,50.9,Vendedor 9
2879,2025-01-08,Cliente 34,SURCO,BATERÍA DE 18 PLACAS,2,111.4,222.8,Vendedor 1
2880,2025-01-09,Cliente 43,SURCO,AUTO HONDA PILOT 2013,1,16500.0,16500.0,Vendedor 9
2881,2025-01-09,Cliente 21,SURCO,AUTO HONDA FIT 2016,1,27000.0,27000.0,Vendedor 5
2882,2025-01-09,Cliente 37,SURCO,AUTO HONDA CITY 2016,1,22000.0,22000.0,Vendedor 5
2883,2025-01-09,Cliente 16,SURCO,ACEITE DE MOTOR 5W30 FULL SINTÉTICO,2,126.4,252.8,Vendedor 6
2884,2025-01-09,Cliente 21,LA MOLINA,AMORTIGUADORES DELANTEROS,1,242.4,242.4,Vendedor 2
2885,2025-01-09,Cliente 29,SURCO,AMORTIGUADORES POSTERIORES,3,92.4,277.2,Vendedor 7
2886,2025-01-09,Cliente 23,SURCO,"LLANTAS 18""",3,50.9,152.7,Vendedor 9
2887,2025-01-09,Cliente 42,SURCO,BATERÍA DE 18 PLACAS,1,111.4,111.4,Vendedor 8
2888,2025-01-10,Cliente 29,SURCO,AUTO HONDA PILOT 2013,1,16500.0,16500.0,Vendedor 7
2889,2025-01-10,Cliente 37,SURCO,AUTO HONDA FIT 2016,1,27000.0,27000.0,Vendedor 3
2890,2025-01-10,Cliente 50,SURCO,AUTO HONDA CITY 2016,1,22000.0,22000.0,Vendedor 7
2891,2025-01-10,Cliente 19,SURCO,ACEITE DE MOTOR 5W30 FULL SINTÉTICO,2,126.4,252.8,Vendedor 6
2892,2025-01-10,Cliente 6,SURCO,AMORTIGUADORES DELANTEROS,1,242.4,242.4,Vendedor 7
2893,2025-01-10,Cliente 37,SURCO,AMORTIGUADORES POSTERIORES,2,92.4,184.8,Vendedor 8
2894,2025-01-10,Cliente 30,SURCO,"LLANTAS 18""",1,50.9,50.9,Vendedor 1
2895,2025-01-11,Cliente 27,SURCO,AUTO HONDA PILOT 2013,1,16500.0,16500.0,Vendedor 5
2896,2025-01-11,Cliente 48,SURCO,AUTO HONDA CITY 2016,1,22000.0,22000.0,Vendedor 2
2897,2025-01-11,Cliente 28,SURCO,ACEITE DE MOTOR 5W30 FULL SINTÉTICO,1,126.4,126.4,Vendedor 1
2898,2025-01-11,Cliente 9,LA MOLINA,AMORTIGUADORES DELANTEROS,1,242.4,242.4,Vendedor 9
2899,2025-01-11,Cliente 28,LA MOLINA,AMORTIGUADORES POSTERIORES,3,92.4,277.2,Vendedor 6
2900,2025-01-11,Cliente 45,LA MOLINA,"LLANTAS 18""",2,50.9,101.8,Vendedor 9
2901,2025-01-12,Cliente 8,SURCO,AUTO HONDA CITY 2016,1,22000.0,22000.0,Vendedor 6
2902,2025-01-12,Cliente 5,LA MOLINA,AMORTIGUADORES DELANTEROS,1,242.4,242.4,Vendedor 6
2903,2025-01-12,Cliente 41,LA MOLINA,AMORTIGUADORES POSTERIORES,2,92.4,184.8,Vendedor 8
2904,2025-01-12,Cliente 49,LA MOLINA,"LLANTAS 18""",2,50.9,101.8,Vendedor 8
2905,2025-01-13,Cliente 1,LA MOLINA,AMORTIGUADORES DELANTEROS,1,242.4,242.4,Vendedor 10
2906,2025-01-13,Cliente 44,LA MOLINA,AMORTIGUADORES POSTERIORES,1,92.4,92.4,Vendedor 8
2907,2025-01-14,Cliente 50,LA MOLINA,AMORTIGUADORES DELANTEROS,1,242.4,242.4,Vendedor 2
2908,2025-01-15,Cliente 19,LA MOLINA,AMORTIGUADORES DELANTEROS,1,242.4,242.4,Vendedor 6
2909,2025-01-16,Cliente 28,LA MOLINA,AMORTIGUADORES DELANTEROS,1,242.4,242.4,Vendedor 9
2910,2025-01-17,Cliente 23,SURCO,ACEITE DE MOTOR 5W30 FULL SINTÉTICO,3,126.4,379.2,Vendedor 5
2911,2025-01-17,Cliente 8,SURCO,FILTRO DE COMBUSTIBLE,1,131.2,131.2,Vendedor 5
2912,2025-01-17,Cliente 29,LA MOLINA,AMORTIGUADORES DELANTEROS,2,242.4,484.8,Vendedor 4
2913,2025-01-17,Cliente 17,LA MOLINA,AMORTIGUADORES POSTERIORES,2,92.4,184.8,Vendedor 10
2914,2025-01-17,Cliente 43,SURCO,"LLANTAS 18""",1,50.9,50.9,Vendedor 5
2915,2025-01-17,Cliente 14,SURCO,BATERÍA DE 18 PLACAS,1,111.4,111.4,Vendedor 9
2916,2025-01-18,Cliente 2,SURCO,ACEITE DE MOTOR 5W30 FULL SINTÉTICO,5,126.4,632.0,Vendedor 10
2917,2025-01-18,Cliente 35,LA MOLINA,FILTRO DE COMBUSTIBLE,1,131.2,131.2,Vendedor 9
2918,2025-01-18,Cliente 32,SURCO,AMORTIGUADORES DELANTEROS,1,242.4,242.4,Vendedor 1
2919,2025-01-18,Cliente 19,SURCO,AMORTIGUADORES POSTERIORES,3,92.4,277.2,Vendedor 10
2920,2025-01-18,Cliente 34,LA MOLINA,"LLANTAS 18""",4,50.9,203.6,Vendedor 3
2921,2025-01-18,Cliente 8,LA MOLINA,BATERÍA DE 18 PLACAS,2,111.4,222.8,Vendedor 2
2922,2025-01-19,Cliente 32,LA MOLINA,ACEITE DE MOTOR 5W30 FULL SINTÉTICO,4,126.4,505.6,Vendedor 5
2923,2025-01-19,Cliente 18,SURCO,AMORTIGUADORES DELANTEROS,1,242.4,242.4,Vendedor 2
2924,2025-01-19,Cliente 48,SURCO,AMORTIGUADORES POSTERIORES,3,92.4,277.2,Vendedor 4
2925,2025-01-19,Cliente 21,SURCO,"LLANTAS 18""",6,50.9,305.4,Vendedor 3
2926,2025-01-19,Cliente 18,LA MOLINA,BATERÍA DE 18 PLACAS,3,111.4,334.2,Vendedor 8
2927,2025-01-20,Cliente 46,SURCO,ACEITE DE MOTOR 5W30 FULL SINTÉTICO,2,126.4,252.8,Vendedor 6
2928,2025-01-20,Cliente 7,LA MOLINA,AMORTIGUADORES DELANTEROS,1,242.4,242.4,Vendedor 9
2929,2025-01-20,Cliente 36,SURCO,AMORTIGUADORES POSTERIORES,3,92.4,277.2,Vendedor 1
2930,2025-01-20,Cliente 16,SURCO,"LLANTAS 18""",3,50.9,152.7,Vendedor 3
2931,2025-01-20,Cliente 15,SURCO,BATERÍA DE 18 PLACAS,3,111.4,334.2,Vendedor 4
2932,2025-01-21,Cliente 10,LA MOLINA,ACEITE DE MOTOR 5W30 FULL SINTÉTICO,3,126.4,379.2,Vendedor 8
2933,2025-01-21,Cliente 19,LA MOLINA,AMORTIGUADORES DELANTEROS,1,242.4,242.4,Vendedor 3
2934,2025-01-21,Cliente 34,SURCO,AMORTIGUADORES POSTERIORES,1,92.4,92.4,Vendedor 4
2935,2025-01-21,Cliente 5,LA MOLINA,"LLANTAS 18""",1,50.9,50.9,Vendedor 8
2936,2025-01-21,Cliente 46,SURCO,BATERÍA DE 18 PLACAS,1,111.4,111.4,Vendedor 3
2937,2025-01-22,Cliente 45,LA MOLINA,ACEITE DE MOTOR 5W30 FULL SINTÉTICO,1,126.4,126.4,Vendedor 5
2938,2025-01-22,Cliente 41,SURCO,AMORTIGUADORES DELANTEROS,4,242.4,969.6,Vendedor 6
2939,2025-01-22,Cliente 20,LA MOLINA,AMORTIGUADORES POSTERIORES,4,92.4,369.6,Vendedor 4
2940,2025-01-22,Cliente 32,LA MOLINA,"LLANTAS 18""",5,50.9,254.5,Vendedor 7
2941,2025-01-23,Cliente 7,LA MOLINA,ACEITE DE MOTOR 5W30 FULL SINTÉTICO,2,126.4,252.8,Vendedor 4
2942,2025-01-23,Cliente 27,LA MOLINA,AMORTIGUADORES DELANTEROS,1,242.4,242.4,Vendedor 8
2943,2025-01-23,Cliente 43,LA MOLINA,AMORTIGUADORES POSTERIORES,3,92.4,277.2,Vendedor 7
2944,2025-01-24,Cliente 23,SURCO,AMORTIGUADORES DELANTEROS,3,242.4,727.2,Vendedor 7
2945,2025-01-24,Cliente 32,LA MOLINA,AMORTIGUADORES POSTERIORES,1,92.4,92.4,Vendedor 10
2946,2025-01-25,Cliente 33,LA MOLINA,AMORTIGUADORES DELANTEROS,3,242.4,727.2,Vendedor 4
2947,2025-01-26,Cliente 27,SURCO,AMORTIGUADORES DELANTEROS,1,242.4,242.4,Vendedor 7
2948,2025-02-01,Cliente 24,SURCO,AUTO HONDA ACCORD 2014,1,33000.0,33000.0,Vendedor 9
2949,2025-02-01,Cliente 11,SURCO,AUTO HONDA CIVIC 2014,1,29500.0,29500.0,Vendedor 9
2950,2025-02-01,Cliente 46,LA MOLINA,AUTO HONDA ODISSEY 2013,1,31500.0,31500.0,Vendedor 4
2951,2025-02-01,Cliente 11,LA MOLINA,AUTO HONDA CRV 2014,1,20500.0,20500.0,Vendedor 6
2952,2025-02-01,Cliente 27,SURCO,AUTO HONDA FIT 2016,1,27500.0,27500.0,Vendedor 4
2953,2025-02-01,Cliente 1,SURCO,AUTO HONDA CITY 2016,1,21500.0,21500.0,Vendedor 1
2954,2025-02-02,Cliente 3,LA MOLINA,AUTO HONDA ACCORD 2014,1,33000.0,33000.0,Vendedor 3
2955,2025-02-02,Cliente 20,LA MOLINA,AUTO HONDA CIVIC 2014,1,29500.0,29500.0,Vendedor 1
2956,2025-02-02,Cliente 41,SURCO,AUTO HONDA ODISSEY 2013,1,31500.0,31500.0,Vendedor 4
2957,2025-02-02,Cliente 18,SURCO,AUTO HONDA CRV 2014,1,20500.0,20500.0,Vendedor 2
2958,2025-02-03,Cliente 6,LA MOLINA,AUTO HONDA ACCORD 2014,1,33000.0,33000.0,Vendedor 2
2959,2025-02-03,Cliente 33,SURCO,AUTO HONDA CIVIC 2014,1,29500.0,29500.0,Vendedor 7
2960,2025-02-03,Cliente 1,SURCO,AUTO HONDA ODISSEY 2013,1,31500.0,31500.0,Vendedor 9
2961,2025-02-03,Cliente 7,SURCO,AUTO HONDA CRV 2014,1,20500.0,20500.0,Vendedor 10
2962,2025-02-03,Cliente 39,SURCO,ACEITE DE MOTOR 5W30 FULL SINTÉTICO,2,86.1,172.2,Vendedor 5
2963,2025-02-03,Cliente 28,LA MOLINA,FILTRO DE COMBUSTIBLE,1,110.1,110.1,Vendedor 9
2964,2025-02-03,Cliente 18,LA MOLINA,AMORTIGUADORES DELANTEROS,1,295.2,295.2,Vendedor 8
2965,2025-02-03,Cliente 17,SURCO,AMORTIGUADORES POSTERIORES,2,93.7,187.4,Vendedor 10
2966,2025-02-03,Cliente 19,LA MOLINA,"LLANTAS 18""",4,95.9,383.6,Vendedor 7
2967,2025-02-03,Cliente 15,SURCO,BATERÍA DE 18 PLACAS,1,87.0,87.0,Vendedor 7
2968,2025-02-04,Cliente 31,LA MOLINA,AUTO HONDA ACCORD 2014,1,33000.0,33000.0,Vendedor 5
2969,2025-02-04,Cliente 25,LA MOLINA,AUTO HONDA CIVIC 2014,1,29500.0,29500.0,Vendedor 1
2970,2025-02-04,Cliente 47,LA MOLINA,AUTO HONDA ODISSEY 2013,1,31500.0,31500.0,Vendedor 7
2971,2025-02-04,Cliente 29,SURCO,ACEITE DE MOTOR 5W30 FULL SINTÉTICO,2,86.1,172.2,Vendedor 4
2972,2025-02-04,Cliente 26,SURCO,FILTRO DE COMBUSTIBLE,1,110.1,110.1,Vendedor 4
2973,2025-02-04,Cliente 31,LA MOLINA,AMORTIGUADORES DELANTEROS,4,295.2,1180.8,Vendedor 10
2974,2025-02-04,Cliente 22,LA MOLINA,AMORTIGUADORES POSTERIORES,1,93.7,93.7,Vendedor 3
2975,2025-02-04,Cliente 36,SURCO,"LLANTAS 18""",1,95.9,95.9,Vendedor 3
2976,2025-02-04,Cliente 32,SURCO,BATERÍA DE 18 PLACAS,1,87.0,87.0,Vendedor 10
2977,2025-02-05,Cliente 6,SURCO,AUTO HONDA ACCORD 2014,1,33000.0,33000.0,Vendedor 3
2978,2025-02-05,Cliente 34,LA MOLINA,ACEITE DE MOTOR 5W30 FULL SINTÉTICO,2,86.1,172.2,Vendedor 10
2979,2025-02-05,Cliente 50,SURCO,AMORTIGUADORES DELANTEROS,2,295.2,590.4,Vendedor 8
2980,2025-02-05,Cliente 20,LA MOLINA,AMORTIGUADORES POSTERIORES,3,93.7,281.1,Vendedor 6
2981,2025-02-05,Cliente 21,SURCO,"LLANTAS 18""",2,95.9,191.8,Vendedor 10
2982,2025-02-05,Cliente 1,LA MOLINA,BATERÍA DE 18 PLACAS,1,87.0,87.0,Vendedor 5
2983,2025-02-06,Cliente 49,SURCO,AUTO HONDA ACCORD 2014,1,33000.0,33000.0,Vendedor 9
2984,2025-02-06,Cliente 21,LA MOLINA,ACEITE DE MOTOR 5W30 FULL SINTÉTICO,2,86.1,172.2,Vendedor 4
2985,2025-02-06,Cliente 46,LA MOLINA,AMORTIGUADORES DELANTEROS,3,295.2,885.6,Vendedor 8
2986,2025-02-06,Cliente 28,SURCO,AMORTIGUADORES POSTERIORES,1,93.7,93.7,Vendedor 2
2987,2025-02-06,Cliente 49,SURCO,"LLANTAS 18""",4,95.9,383.6,Vendedor 1
2988,2025-02-06,Cliente 11,SURCO,BATERÍA DE 18 PLACAS,1,87.0,87.0,Vendedor 4
2989,2025-02-07,Cliente 3,SURCO,ACEITE DE MOTOR 5W30 FULL SINTÉTICO,2,86.1,172.2,Vendedor 7
2990,2025-02-07,Cliente 41,SURCO,AMORTIGUADORES DELANTEROS,4,295.2,1180.8,Vendedor 9
2991,2025-02-07,Cliente 48,SURCO,AMORTIGUADORES POSTERIORES,4,93.7,374.8,Vendedor 9
2992,2025-02-07,Cliente 1,LA MOLINA,"LLANTAS 18""",4,95.9,383.6,Vendedor 5
2993,2025-02-07,Cliente 19,LA MOLINA,BATERÍA DE 18 PLACAS,1,87.0,87.0,Vendedor 5
2994,2025-02-08,Cliente 40,LA MOLINA,ACEITE DE MOTOR 5W30 FULL SINTÉTICO,3,86.1,258.3,Vendedor 6
2995,2025-02-08,Cliente 19,SURCO,AMORTIGUADORES DELANTEROS,2,295.2,590.4,Vendedor 9
2996,2025-02-08,Cliente 34,LA MOLINA,AMORTIGUADORES POSTERIORES,2,93.7,187.4,Vendedor 10
2997,2025-02-08,Cliente 30,LA MOLINA,"LLANTAS 18""",2,95.9,191.8,Vendedor 4
2998,2025-02-08,Cliente 11,SURCO,BATERÍA DE 18 PLACAS,2,87.0,174.0,Vendedor 9
2999,2025-02-09,Cliente 1,SURCO,AUTO HONDA PILOT 2013,1,16500.0,16500.0,Vendedor 6
3000,2025-02-09,Cliente 12,SURCO,AUTO HONDA FIT 2016,1,27500.0,27500.0,Vendedor 3
3001,2025-02-09,Cliente 5,SURCO,AUTO HONDA CITY 2016,1,21500.0,21500.0,Vendedor 1
3002,2025-02-09,Cliente 13,SURCO,ACEITE DE MOTOR 5W30 FULL SINTÉTICO,2,86.1,172.2,Vendedor 2
3003,2025-02-09,Cliente 7,LA MOLINA,AMORTIGUADORES DELANTEROS,2,295.2,590.4,Vendedor 1
3004,2025-02-09,Cliente 5,SURCO,AMORTIGUADORES POSTERIORES,3,93.7,281.1,Vendedor 6
3005,2025-02-09,Cliente 23,SURCO,"LLANTAS 18""",3,95.9,287.7,Vendedor 1
3006,2025-02-09,Cliente 19,LA MOLINA,BATERÍA DE 18 PLACAS,1,87.0,87.0,Vendedor 7
3007,2025-02-10,Cliente 24,SURCO,AUTO HONDA PILOT 2013,1,16500.0,16500.0,Vendedor 10
3008,2025-02-10,Cliente 17,SURCO,AUTO HONDA FIT 2016,1,27500.0,27500.0,Vendedor 9
3009,2025-02-10,Cliente 5,SURCO,ACEITE DE MOTOR 5W30 FULL SINTÉTICO,2,86.1,172.2,Vendedor 10
3010,2025-02-10,Cliente 47,SURCO,AMORTIGUADORES DELANTEROS,2,295.2,590.4,Vendedor 4
3011,2025-02-10,Cliente 17,LA MOLINA,AMORTIGUADORES POSTERIORES,3,93.7,281.1,Vendedor 10
3012,2025-02-10,Cliente 22,LA MOLINA,BATERÍA DE 18 PLACAS,1,87.0,87.0,Vendedor 10
3013,2025-02-11,Cliente 48,SURCO,AUTO HONDA PILOT 2013,1,16500.0,16500.0,Vendedor 10
3014,2025-02-11,Cliente 14,SURCO,AUTO HONDA FIT 2016,1,27500.0,27500.0,Vendedor 3
3015,2025-02-11,Cliente 14,LA MOLINA,ACEITE DE MOTOR 5W30 FULL SINTÉTICO,1,86.1,86.1,Vendedor 2
3016,2025-02-11,Cliente 31,LA MOLINA,AMORTIGUADORES POSTERIORES,1,93.7,93.7,Vendedor 1
3017,2025-02-11,Cliente 9,LA MOLINA,BATERÍA DE 18 PLACAS,1,87.0,87.0,Vendedor 9
3018,2025-02-12,Cliente 28,SURCO,AUTO HONDA PILOT 2013,1,16500.0,16500.0,Vendedor 8
3019,2025-02-12,Cliente 20,SURCO,AUTO HONDA FIT 2016,1,27500.0,27500.0,Vendedor 9
3020,2025-02-12,Cliente 36,LA MOLINA,ACEITE DE MOTOR 5W30 FULL SINTÉTICO,1,86.1,86.1,Vendedor 7
3021,2025-02-13,Cliente 34,LA MOLINA,ACEITE DE MOTOR 5W30 FULL SINTÉTICO,1,86.1,86.1,Vendedor 2
3022,2025-02-17,Cliente 47,LA MOLINA,ACEITE DE MOTOR 5W30 FULL SINTÉTICO,4,86.1,344.4,Vendedor 7
3023,2025-02-17,Cliente 40,SURCO,FILTRO DE COMBUSTIBLE,1,110.1,110.1,Vendedor 9
3024,2025-02-17,Cliente 24,LA MOLINA,AMORTIGUADORES DELANTEROS,2,295.2,590.4,Vendedor 3
3025,2025-02-17,Cliente 13,SURCO,AMORTIGUADORES POSTERIORES,6,93.7,562.2,Vendedor 8
3026,2025-02-17,Cliente 1,SURCO,"LLANTAS 18""",6,95.9,575.4,Vendedor 10
3027,2025-02-17,Cliente 7,LA MOLINA,BATERÍA DE 18 PLACAS,2,87.0,174.0,Vendedor 6
3028,2025-02-18,Cliente 39,SURCO,ACEITE DE MOTOR 5W30 FULL SINTÉTICO,3,86.1,258.3,Vendedor 5
3029,2025-02-18,Cliente 42,LA MOLINA,FILTRO DE COMBUSTIBLE,1,110.1,110.1,Vendedor 5
3030,2025-02-18,Cliente 26,LA MOLINA,AMORTIGUADORES DELANTEROS,6,295.2,1771.2,Vendedor 1
3031,2025-02-18,Cliente 18,LA MOLINA,AMORTIGUADORES POSTERIORES,6,93.7,562.2,Vendedor 1
3032,2025-02-18,Cliente 39,LA MOLINA,"LLANTAS 18""",1,95.9,95.9,Vendedor 8
3033,2025-02-18,Cliente 31,SURCO,BATERÍA DE 18 PLACAS,2,87.0,174.0,Vendedor 9
3034,2025-02-19,Cliente 24,SURCO,ACEITE DE MOTOR 5W30 FULL SINTÉTICO,1,86.1,86.1,Vendedor 1
3035,2025-02-19,Cliente 46,SURCO,AMORTIGUADORES DELANTEROS,5,295.2,1476.0,Vendedor 3
3036,2025-02-19,Cliente 6,SURCO,AMORTIGUADORES POSTERIORES,4,93.7,374.8,Vendedor 7
3037,2025-02-19,Cliente 29,SURCO,"LLANTAS 18""",2,95.9,191.8,Vendedor 1
3038,2025-02-19,Cliente 35,SURCO,BATERÍA DE 18 PLACAS,2,87.0,174.0,Vendedor 5
3039,2025-02-20,Cliente 22,SURCO,ACEITE DE MOTOR 5W30 FULL SINTÉTICO,2,86.1,172.2,Vendedor 6
3040,2025-02-20,Cliente 34,LA MOLINA,AMORTIGUADORES DELANTEROS,2,295.2,590.4,Vendedor 1
3041,2025-02-20,Cliente 27,LA MOLINA,AMORTIGUADORES POSTERIORES,4,93.7,374.8,Vendedor 1
3042,2025-02-20,Cliente 49,SURCO,"LLANTAS 18""",2,95.9,191.8,Vendedor 9
3043,2025-02-20,Cliente 6,LA MOLINA,BATERÍA DE 18 PLACAS,1,87.0,87.0,Vendedor 3
3044,2025-02-21,Cliente 18,SURCO,ACEITE DE MOTOR 5W30 FULL SINTÉTICO,4,86.1,344.4,Vendedor 10
3045,2025-02-21,Cliente 12,SURCO,AMORTIGUADORES DELANTEROS,4,295.2,1180.8,Vendedor 1
3046,2025-02-21,Cliente 8,LA MOLINA,"LLANTAS 18""",5,95.9,479.5,Vendedor 6
3047,2025-02-21,Cliente 37,SURCO,BATERÍA DE 18 PLACAS,1,87.0,87.0,Vendedor 8
3048,2025-02-22,Cliente 6,LA MOLINA,ACEITE DE MOTOR 5W30 FULL SINTÉTICO,1,86.1,86.1,Vendedor 3
3049,2025-02-22,Cliente 21,SURCO,AMORTIGUADORES DELANTEROS,1,295.2,295.2,Vendedor 10
3050,2025-02-22,Cliente 14,LA MOLINA,"LLANTAS 18""",3,95.9,287.7,Vendedor 6
3051,2025-02-22,Cliente 47,LA MOLINA,BATERÍA DE 18 PLACAS,2,87.0,174.0,Vendedor 4
3052,2025-02-23,Cliente 48,LA MOLINA,ACEITE DE MOTOR 5W30 FULL SINTÉTICO,5,86.1,430.5,Vendedor 3
3053,2025-02-23,Cliente 12,LA MOLINA,"LLANTAS 18""",1,95.9,95.9,Vendedor 5
3054,2025-03-01,Cliente 6,LA MOLINA,AUTO HONDA CIVIC 2014,1,29500.0,29500.0,Vendedor 9
3055,2025-03-01,Cliente 17,SURCO,AUTO HONDA ODISSEY 2013,1,28500.0,28500.0,Vendedor 4
3056,2025-03-01,Cliente 17,LA MOLINA,AUTO HONDA CRV 2014,1,21500.0,21500.0,Vendedor 1
3057,2025-03-01,Cliente 34,SURCO,AUTO HONDA PILOT 2013,1,29000.0,29000.0,Vendedor 3
3058,2025-03-01,Cliente 9,SURCO,AUTO HONDA CITY 2016,1,26000.0,26000.0,Vendedor 8
3059,2025-03-02,Cliente 43,LA MOLINA,AUTO HONDA CIVIC 2014,1,29500.0,29500.0,Vendedor 10
3060,2025-03-02,Cliente 21,SURCO,AUTO HONDA ODISSEY 2013,1,28500.0,28500.0,Vendedor 2
3061,2025-03-02,Cliente 1,LA MOLINA,AUTO HONDA CRV 2014,1,21500.0,21500.0,Vendedor 3
3062,2025-03-02,Cliente 31,SURCO,AUTO HONDA CITY 2016,1,26000.0,26000.0,Vendedor 6
3063,2025-03-03,Cliente 20,LA MOLINA,AUTO HONDA CIVIC 2014,1,29500.0,29500.0,Vendedor 3
3064,2025-03-03,Cliente 35,LA MOLINA,AUTO HONDA ODISSEY 2013,1,28500.0,28500.0,Vendedor 3
3065,2025-03-03,Cliente 29,SURCO,AUTO HONDA CRV 2014,1,21500.0,21500.0,Vendedor 10
3066,2025-03-03,Cliente 38,SURCO,AUTO HONDA CITY 2016,1,26000.0,26000.0,Vendedor 10
3067,2025-03-03,Cliente 31,LA MOLINA,ACEITE DE MOTOR 5W30 FULL SINTÉTICO,4,130.0,520.0,Vendedor 4
3068,2025-03-03,Cliente 47,LA MOLINA,FILTRO DE COMBUSTIBLE,1,139.4,139.4,Vendedor 6
3069,2025-03-03,Cliente 31,LA MOLINA,AMORTIGUADORES DELANTEROS,3,243.8,731.4,Vendedor 7
3070,2025-03-03,Cliente 15,SURCO,AMORTIGUADORES POSTERIORES,3,87.6,262.8,Vendedor 9
3071,2025-03-03,Cliente 28,LA MOLINA,"LLANTAS 18""",1,59.5,59.5,Vendedor 5
3072,2025-03-03,Cliente 38,LA MOLINA,BATERÍA DE 18 PLACAS,1,102.3,102.3,Vendedor 1
3073,2025-03-04,Cliente 33,SURCO,AUTO HONDA CIVIC 2014,1,29500.0,29500.0,Vendedor 3
3074,2025-03-04,Cliente 39,LA MOLINA,AUTO HONDA ODISSEY 2013,1,28500.0,28500.0,Vendedor 9
3075,2025-03-04,Cliente 37,SURCO,AUTO HONDA CRV 2014,1,21500.0,21500.0,Vendedor 3
3076,2025-03-04,Cliente 4,LA MOLINA,ACEITE DE MOTOR 5W30 FULL SINTÉTICO,2,130.0,260.0,Vendedor 2
3077,2025-03-04,Cliente 50,SURCO,FILTRO DE COMBUSTIBLE,1,139.4,139.4,Vendedor 3
3078,2025-03-04,Cliente 26,LA MOLINA,AMORTIGUADORES DELANTEROS,2,243.8,487.6,Vendedor 3
3079,2025-03-04,Cliente 43,SURCO,AMORTIGUADORES POSTERIORES,4,87.6,350.4,Vendedor 3
3080,2025-03-04,Cliente 20,SURCO,"LLANTAS 18""",2,59.5,119.0,Vendedor 5
3081,2025-03-04,Cliente 12,SURCO,BATERÍA DE 18 PLACAS,1,102.3,102.3,Vendedor 4
3082,2025-03-05,Cliente 28,SURCO,AUTO HONDA ODISSEY 2013,1,28500.0,28500.0,Vendedor 2
3083,2025-03-05,Cliente 10,SURCO,AUTO HONDA CRV 2014,1,21500.0,21500.0,Vendedor 9
3084,2025-03-05,Cliente 31,SURCO,ACEITE DE MOTOR 5W30 FULL SINTÉTICO,3,130.0,390.0,Vendedor 3
3085,2025-03-05,Cliente 31,SURCO,AMORTIGUADORES DELANTEROS,2,243.8,487.6,Vendedor 9
3086,2025-03-05,Cliente 31,SURCO,AMORTIGUADORES POSTERIORES,3,87.6,262.8,Vendedor 7
3087,2025-03-05,Cliente 49,SURCO,"LLANTAS 18""",4,59.5,238.0,Vendedor 2
3088,2025-03-05,Cliente 9,LA MOLINA,BATERÍA DE 18 PLACAS,1,102.3,102.3,Vendedor 6
3089,2025-03-06,Cliente 26,LA MOLINA,AUTO HONDA ODISSEY 2013,1,28500.0,28500.0,Vendedor 6
3090,2025-03-06,Cliente 44,LA MOLINA,AUTO HONDA CRV 2014,1,21500.0,21500.0,Vendedor 7
3091,2025-03-06,Cliente 23,SURCO,ACEITE DE MOTOR 5W30 FULL SINTÉTICO,4,130.0,520.0,Vendedor 8
3092,2025-03-06,Cliente 15,SURCO,AMORTIGUADORES DELANTEROS,3,243.8,731.4,Vendedor 10
3093,2025-03-06,Cliente 24,LA MOLINA,AMORTIGUADORES POSTERIORES,2,87.6,175.2,Vendedor 6
3094,2025-03-06,Cliente 40,SURCO,"LLANTAS 18""",3,59.5,178.5,Vendedor 10
3095,2025-03-06,Cliente 5,LA MOLINA,BATERÍA DE 18 PLACAS,1,102.3,102.3,Vendedor 4
3096,2025-03-07,Cliente 13,LA MOLINA,ACEITE DE MOTOR 5W30 FULL SINTÉTICO,2,130.0,260.0,Vendedor 1
3097,2025-03-07,Cliente 28,LA MOLINA,AMORTIGUADORES DELANTEROS,1,243.8,243.8,Vendedor 2
3098,2025-03-07,Cliente 42,LA MOLINA,AMORTIGUADORES POSTERIORES,3,87.6,262.8,Vendedor 3
3099,2025-03-07,Cliente 19,SURCO,"LLANTAS 18""",1,59.5,59.5,Vendedor 5
3100,2025-03-07,Cliente 44,LA MOLINA,BATERÍA DE 18 PLACAS,1,102.3,102.3,Vendedor 8
3101,2025-03-08,Cliente 27,LA MOLINA,ACEITE DE MOTOR 5W30 FULL SINTÉTICO,1,130.0,130.0,Vendedor 3
3102,2025-03-08,Cliente 44,LA MOLINA,AMORTIGUADORES DELANTEROS,1,243.8,243.8,Vendedor 9
3103,2025-03-08,Cliente 6,LA MOLINA,AMORTIGUADORES POSTERIORES,1,87.6,87.6,Vendedor 6
3104,2025-03-08,Cliente 1,LA MOLINA,"LLANTAS 18""",1,59.5,59.5,Vendedor 3
3105,2025-03-08,Cliente 9,LA MOLINA,BATERÍA DE 18 PLACAS,1,102.3,102.3,Vendedor 10
3106,2025-03-09,Cliente 1,LA MOLINA,ACEITE DE MOTOR 5W30 FULL SINTÉTICO,1,130.0,130.0,Vendedor 8
3107,2025-03-09,Cliente 28,LA MOLINA,AMORTIGUADORES DELANTEROS,3,243.8,731.4,Vendedor 1
3108,2025-03-09,Cliente 17,LA MOLINA,AMORTIGUADORES POSTERIORES,3,87.6,262.8,Vendedor 2
3109,2025-03-09,Cliente 50,LA MOLINA,"LLANTAS 18""",4,59.5,238.0,Vendedor 8
3110,2025-03-09,Cliente 35,SURCO,BATERÍA DE 18 PLACAS,1,102.3,102.3,Vendedor 6
3111,2025-03-10,Cliente 28,SURCO,ACEITE DE MOTOR 5W30 FULL SINTÉTICO,1,130.0,130.0,Vendedor 9
3112,2025-03-10,Cliente 10,SURCO,AMORTIGUADORES DELANTEROS,2,243.8,487.6,Vendedor 1
3113,2025-03-10,Cliente 13,LA MOLINA,AMORTIGUADORES POSTERIORES,1,87.6,87.6,Vendedor 9
3114,2025-03-10,Cliente 4,LA MOLINA,"LLANTAS 18""",4,59.5,238.0,Vendedor 8
3115,2025-03-10,Cliente 3,SURCO,BATERÍA DE 18 PLACAS,1,102.3,102.3,Vendedor 2
3116,2025-03-11,Cliente 24,SURCO,ACEITE DE MOTOR 5W30 FULL SINTÉTICO,2,130.0,260.0,Vendedor 1
3117,2025-03-11,Cliente 17,SURCO,AMORTIGUADORES DELANTEROS,3,243.8,731.4,Vendedor 7
3118,2025-03-11,Cliente 35,SURCO,BATERÍA DE 18 PLACAS,1,102.3,102.3,Vendedor 5
3119,2025-03-12,Cliente 19,SURCO,AUTO HONDA ODISSEY 2013,1,28500.0,28500.0,Vendedor 6
3120,2025-03-12,Cliente 2,SURCO,AUTO HONDA PILOT 2013,1,29000.0,29000.0,Vendedor 8
3121,2025-03-12,Cliente 20,SURCO,AUTO HONDA FIT 2016,1,27000.0,27000.0,Vendedor 1
3122,2025-03-12,Cliente 23,SURCO,AUTO HONDA CITY 2016,1,26000.0,26000.0,Vendedor 1
3123,2025-03-12,Cliente 9,SURCO,BATERÍA DE 18 PLACAS,1,102.3,102.3,Vendedor 3
3124,2025-03-13,Cliente 28,LA MOLINA,AUTO HONDA ODISSEY 2013,1,28500.0,28500.0,Vendedor 5
3125,2025-03-13,Cliente 30,SURCO,AUTO HONDA PILOT 2013,1,29000.0,29000.0,Vendedor 10
3126,2025-03-13,Cliente 47,SURCO,AUTO HONDA FIT 2016,1,27000.0,27000.0,Vendedor 9
3127,2025-03-14,Cliente 24,LA MOLINA,AUTO HONDA ODISSEY 2013,1,28500.0,28500.0,Vendedor 1
3128,2025-03-14,Cliente 39,SURCO,AUTO HONDA PILOT 2013,1,29000.0,29000.0,Vendedor 2
3129,2025-03-14,Cliente 33,SURCO,AUTO HONDA FIT 2016,1,27000.0,27000.0,Vendedor 2
3130,2025-03-17,Cliente 24,SURCO,ACEITE DE MOTOR 5W30 FULL SINTÉTICO,6,130.0,780.0,Vendedor 10
3131,2025-03-17,Cliente 14,LA MOLINA,FILTRO DE COMBUSTIBLE,1,139.4,139.4,Vendedor 7
3132,2025-03-17,Cliente 18,SURCO,AMORTIGUADORES DELANTEROS,3,243.8,731.4,Vendedor 9
3133,2025-03-17,Cliente 39,SURCO,AMORTIGUADORES POSTERIORES,6,87.6,525.6,Vendedor 7
3134,2025-03-17,Cliente 18,LA MOLINA,"LLANTAS 18""",2,59.5,119.0,Vendedor 1
3135,2025-03-17,Cliente 2,SURCO,BATERÍA DE 18 PLACAS,2,102.3,204.6,Vendedor 7
3136,2025-03-18,Cliente 18,SURCO,ACEITE DE MOTOR 5W30 FULL SINTÉTICO,4,130.0,520.0,Vendedor 5
3137,2025-03-18,Cliente 39,SURCO,FILTRO DE COMBUSTIBLE,1,139.4,139.4,Vendedor 6
3138,2025-03-18,Cliente 15,SURCO,AMORTIGUADORES DELANTEROS,1,243.8,243.8,Vendedor 1
3139,2025-03-18,Cliente 15,LA MOLINA,AMORTIGUADORES POSTERIORES,6,87.6,525.6,Vendedor 2
3140,2025-03-18,Cliente 47,LA MOLINA,"LLANTAS 18""",5,59.5,297.5,Vendedor 10
3141,2025-03-18,Cliente 41,LA MOLINA,BATERÍA DE 18 PLACAS,2,102.3,204.6,Vendedor 10
3142,2025-03-19,Cliente 31,LA MOLINA,ACEITE DE MOTOR 5W30 FULL SINTÉTICO,3,130.0,390.0,Vendedor 9
3143,2025-03-19,Cliente 22,LA MOLINA,AMORTIGUADORES DELANTEROS,1,243.8,243.8,Vendedor 6
3144,2025-03-19,Cliente 10,LA MOLINA,AMORTIGUADORES POSTERIORES,3,87.6,262.8,Vendedor 8
3145,2025-03-19,Cliente 14,LA MOLINA,"LLANTAS 18""",3,59.5,178.5,Vendedor 9
3146,2025-03-19,Cliente 17,LA MOLINA,BATERÍA DE 18 PLACAS,1,102.3,102.3,Vendedor 7
3147,2025-03-20,Cliente 41,LA MOLINA,ACEITE DE MOTOR 5W30 FULL SINTÉTICO,1,130.0,130.0,Vendedor 8
3148,2025-03-20,Cliente 6,LA MOLINA,AMORTIGUADORES DELANTEROS,5,243.8,1219.0,Vendedor 4
3149,2025-03-20,Cliente 20,LA MOLINA,AMORTIGUADORES POSTERIORES,1,87.6,87.6,Vendedor 5
3150,2025-03-20,Cliente 29,SURCO,"LLANTAS 18""",7,59.5,416.5,Vendedor 8
3151,2025-03-20,Cliente 40,SURCO,BATERÍA DE 18 PLACAS,1,102.3,102.3,Vendedor 10
3152,2025-03-21,Cliente 37,LA MOLINA,ACEITE DE MOTOR 5W30 FULL SINTÉTICO,2,130.0,260.0,Vendedor 7
3153,2025-03-21,Cliente 49,SURCO,AMORTIGUADORES DELANTEROS,4,243.8,975.2,Vendedor 5
3154,2025-03-21,Cliente 16,SURCO,AMORTIGUADORES POSTERIORES,4,87.6,350.4,Vendedor 7
3155,2025-03-21,Cliente 25,SURCO,"LLANTAS 18""",3,59.5,178.5,Vendedor 10
3156,2025-03-21,Cliente 26,SURCO,BATERÍA DE 18 PLACAS,1,102.3,102.3,Vendedor 4
3157,2025-03-22,Cliente 37,LA MOLINA,ACEITE DE MOTOR 5W30 FULL SINTÉTICO,4,130.0,520.0,Vendedor 5
3158,2025-03-22,Cliente 50,SURCO,AMORTIGUADORES DELANTEROS,2,243.8,487.6,Vendedor 7
3159,2025-03-22,Cliente 27,SURCO,BATERÍA DE 18 PLACAS,1,102.3,102.3,Vendedor 10
3160,2025-03-23,Cliente 41,LA MOLINA,AMORTIGUADORES DELANTEROS,3,243.8,731.4,Vendedor 2
3161,2025-03-23,Cliente 32,LA MOLINA,BATERÍA DE 18 PLACAS,1,102.3,102.3,Vendedor 8
3162,2025-03-24,Cliente 11,LA MOLINA,AMORTIGUADORES DELANTEROS,1,243.8,243.8,Vendedor 3
3163,2025-03-24,Cliente 49,LA MOLINA,BATERÍA DE 18 PLACAS,1,102.3,102.3,Vendedor 8
3164,2025-04-01,Cliente 14,SURCO,AUTO HONDA ACCORD 2014,1,29500.0,29500.0,Vendedor 10
3165,2025-04-01,Cliente 30,LA MOLINA,AUTO HONDA CIVIC 2014,1,23000.0,23000.0,Vendedor 4
3166,2025-04-01,Cliente 16,SURCO,AUTO HONDA ODISSEY 2013,1,31500.0,31500.0,Vendedor 3
3167,2025-04-01,Cliente 33,LA MOLINA,AUTO HONDA CRV 2014,1,27500.0,27500.0,Vendedor 2
3168,2025-04-01,Cliente 11,SURCO,AUTO HONDA PILOT 2013,1,29000.0,29000.0,Vendedor 4
3169,2025-04-01,Cliente 47,SURCO,AUTO HONDA FIT 2016,1,23500.0,23500.0,Vendedor 2
3170,2025-04-01,Cliente 48,SURCO,AUTO HONDA CITY 2016,1,33500.0,33500.0,Vendedor 1
3171,2025-04-02,Cliente 17,LA MOLINA,AUTO HONDA ACCORD 2014,1,29500.0,29500.0,Vendedor 9
3172,2025-04-02,Cliente 46,SURCO,AUTO HONDA CIVIC 2014,1,23000.0,23000.0,Vendedor 10
3173,2025-04-02,Cliente 29,SURCO,AUTO HONDA CRV 2014,1,27500.0,27500.0,Vendedor 8
3174,2025-04-02,Cliente 19,SURCO,AUTO HONDA FIT 2016,1,23500.0,23500.0,Vendedor 7
3175,2025-04-03,Cliente 28,LA MOLINA,AUTO HONDA ACCORD 2014,1,29500.0,29500.0,Vendedor 2
3176,2025-04-03,Cliente 10,SURCO,AUTO HONDA CIVIC 2014,1,23000.0,23000.0,Vendedor 5
3177,2025-04-03,Cliente 47,SURCO,AUTO HONDA CRV 2014,1,27500.0,27500.0,Vendedor 3
3178,2025-04-03,Cliente 43,LA MOLINA,ACEITE DE MOTOR 5W30 FULL SINTÉTICO,2,120.3,240.6,Vendedor 6
3179,2025-04-03,Cliente 16,SURCO,FILTRO DE COMBUSTIBLE,1,147.4,147.4,Vendedor 8
3180,2025-04-03,Cliente 7,LA MOLINA,AMORTIGUADORES DELANTEROS,2,256.1,512.2,Vendedor 6
3181,2025-04-03,Cliente 30,SURCO,AMORTIGUADORES POSTERIORES,3,140.7,422.1,Vendedor 8
3182,2025-04-03,Cliente 22,LA MOLINA,"LLANTAS 18""",1,71.8,71.8,Vendedor 5
3183,2025-04-03,Cliente 22,LA MOLINA,BATERÍA DE 18 PLACAS,1,101.0,101.0,Vendedor 8
3184,2025-04-04,Cliente 37,LA MOLINA,AUTO HONDA ACCORD 2014,1,29500.0,29500.0,Vendedor 5
3185,2025-04-04,Cliente 49,SURCO,AUTO HONDA CIVIC 2014,1,23000.0,23000.0,Vendedor 3
3186,2025-04-04,Cliente 34,LA MOLINA,AUTO HONDA CRV 2014,1,27500.0,27500.0,Vendedor 5
3187,2025-04-04,Cliente 24,SURCO,ACEITE DE MOTOR 5W30 FULL SINTÉTICO,1,120.3,120.3,Vendedor 10
3188,2025-04-04,Cliente 46,LA MOLINA,FILTRO DE COMBUSTIBLE,1,147.4,147.4,Vendedor 5
3189,2025-04-04,Cliente 37,SURCO,AMORTIGUADORES DELANTEROS,3,256.1,768.3,Vendedor 5
3190,2025-04-04,Cliente 44,LA MOLINA,AMORTIGUADORES POSTERIORES,2,140.7,281.4,Vendedor 5
3191,2025-04-04,Cliente 10,SURCO,"LLANTAS 18""",1,71.8,71.8,Vendedor 10
3192,2025-04-04,Cliente 25,LA MOLINA,BATERÍA DE 18 PLACAS,1,101.0,101.0,Vendedor 5
3193,2025-04-05,Cliente 2,SURCO,AUTO HONDA ACCORD 2014,1,29500.0,29500.0,Vendedor 4
3194,2025-04-05,Cliente 10,LA MOLINA,AUTO HONDA CIVIC 2014,1,23000.0,23000.0,Vendedor 10
3195,2025-04-05,Cliente 24,LA MOLINA,ACEITE DE MOTOR 5W30 FULL SINTÉTICO,1,120.3,120.3,Vendedor 9
3196,2025-04-05,Cliente 40,LA MOLINA,AMORTIGUADORES DELANTEROS,4,256.1,1024.4,Vendedor 3
3197,2025-04-05,Cliente 38,SURCO,AMORTIGUADORES POSTERIORES,2,140.7,281.4,Vendedor 9
3198,2025-04-05,Cliente 25,LA MOLINA,"LLANTAS 18""",2,71.8,143.6,Vendedor 8
3199,2025-04-05,Cliente 34,SURCO,BATERÍA DE 18 PLACAS,1,101.0,101.0,Vendedor 8
3200,2025-04-06,Cliente 31,SURCO,AUTO HONDA CIVIC 2014,1,23000.0,23000.0,Vendedor 7
3201,2025-04-06,Cliente 22,SURCO,ACEITE DE MOTOR 5W30 FULL SINTÉTICO,1,120.3,120.3,Vendedor 4
3202,2025-04-06,Cliente 15,SURCO,AMORTIGUADORES DELANTEROS,3,256.1,768.3,Vendedor 3
3203,2025-04-06,Cliente 42,SURCO,AMORTIGUADORES POSTERIORES,2,140.7,281.4,Vendedor 4
3204,2025-04-06,Cliente 30,LA MOLINA,"LLANTAS 18""",2,71.8,143.6,Vendedor 10
3205,2025-04-06,Cliente 48,SURCO,BATERÍA DE 18 PLACAS,1,101.0,101.0,Vendedor 4
3206,2025-04-07,Cliente 26,SURCO,ACEITE DE MOTOR 5W30 FULL SINTÉTICO,2,120.3,240.6,Vendedor 2
3207,2025-04-07,Cliente 18,SURCO,AMORTIGUADORES DELANTEROS,3,256.1,768.3,Vendedor 9
3208,2025-04-07,Cliente 4,SURCO,AMORTIGUADORES POSTERIORES,3,140.7,422.1,Vendedor 8
3209,2025-04-07,Cliente 16,SURCO,"LLANTAS 18""",3,71.8,215.4,Vendedor 5
3210,2025-04-07,Cliente 15,SURCO,BATERÍA DE 18 PLACAS,1,101.0,101.0,Vendedor 8
3211,2025-04-08,Cliente 39,SURCO,ACEITE DE MOTOR 5W30 FULL SINTÉTICO,1,120.3,120.3,Vendedor 5
3212,2025-04-08,Cliente 48,SURCO,AMORTIGUADORES DELANTEROS,1,256.1,256.1,Vendedor 4
3213,2025-04-08,Cliente 9,LA MOLINA,AMORTIGUADORES POSTERIORES,3,140.7,422.1,Vendedor 9
3214,2025-04-08,Cliente 14,SURCO,"LLANTAS 18""",2,71.8,143.6,Vendedor 4
3215,2025-04-08,Cliente 30,LA MOLINA,BATERÍA DE 18 PLACAS,1,101.0,101.0,Vendedor 2
3216,2025-04-09,Cliente 21,SURCO,AUTO HONDA CIVIC 2014,1,23000.0,23000.0,Vendedor 2
3217,2025-04-09,Cliente 31,SURCO,AUTO HONDA ODISSEY 2013,1,31500.0,31500.0,Vendedor 2
3218,2025-04-09,Cliente 6,LA MOLINA,AUTO HONDA CRV 2014,1,27500.0,27500.0,Vendedor 8
3219,2025-04-09,Cliente 7,SURCO,AUTO HONDA CITY 2016,1,33500.0,33500.0,Vendedor 9
3220,2025-04-09,Cliente 20,LA MOLINA,ACEITE DE MOTOR 5W30 FULL SINTÉTICO,1,120.3,120.3,Vendedor 10
3221,2025-04-09,Cliente 8,LA MOLINA,AMORTIGUADORES DELANTEROS,1,256.1,256.1,Vendedor 8
3222,2025-04-09,Cliente 38,LA MOLINA,AMORTIGUADORES POSTERIORES,3,140.7,422.1,Vendedor 10
3223,2025-04-09,Cliente 17,SURCO,"LLANTAS 18""",2,71.8,143.6,Vendedor 7
3224,2025-04-09,Cliente 41,LA MOLINA,BATERÍA DE 18 PLACAS,2,101.0,202.0,Vendedor 3
3225,2025-04-10,Cliente 33,LA MOLINA,AUTO HONDA CIVIC 2014,1,23000.0,23000.0,Vendedor 8
3226,2025-04-10,Cliente 42,LA MOLINA,AUTO HONDA ODISSEY 2013,1,31500.0,31500.0,Vendedor 5
3227,2025-04-10,Cliente 35,SURCO,AUTO HONDA CITY 2016,1,33500.0,33500.0,Vendedor 4
3228,2025-04-10,Cliente 44,LA MOLINA,ACEITE DE MOTOR 5W30 FULL SINTÉTICO,2,120.3,240.6,Vendedor 9
3229,2025-04-10,Cliente 41,LA MOLINA,AMORTIGUADORES DELANTEROS,3,256.1,768.3,Vendedor 8
3230,2025-04-10,Cliente 32,LA MOLINA,AMORTIGUADORES POSTERIORES,1,140.7,140.7,Vendedor 1
3231,2025-04-10,Cliente 32,LA MOLINA,"LLANTAS 18""",2,71.8,143.6,Vendedor 3
3232,2025-04-10,Cliente 49,SURCO,BATERÍA DE 18 PLACAS,1,101.0,101.0,Vendedor 7
3233,2025-04-11,Cliente 7,LA MOLINA,AUTO HONDA ODISSEY 2013,1,31500.0,31500.0,Vendedor 8
3234,2025-04-11,Cliente 41,SURCO,AUTO HONDA CITY 2016,1,33500.0,33500.0,Vendedor 9
3235,2025-04-11,Cliente 50,SURCO,ACEITE DE MOTOR 5W30 FULL SINTÉTICO,1,120.3,120.3,Vendedor 2
3236,2025-04-11,Cliente 33,LA MOLINA,AMORTIGUADORES POSTERIORES,1,140.7,140.7,Vendedor 5
3237,2025-04-11,Cliente 7,LA MOLINA,"LLANTAS 18""",2,71.8,143.6,Vendedor 5
3238,2025-04-11,Cliente 21,SURCO,BATERÍA DE 18 PLACAS,1,101.0,101.0,Vendedor 3
3239,2025-04-12,Cliente 50,SURCO,AUTO HONDA CITY 2016,1,33500.0,33500.0,Vendedor 7
3240,2025-04-12,Cliente 40,SURCO,ACEITE DE MOTOR 5W30 FULL SINTÉTICO,1,120.3,120.3,Vendedor 3
3241,2025-04-12,Cliente 50,LA MOLINA,"LLANTAS 18""",1,71.8,71.8,Vendedor 5
3242,2025-04-13,Cliente 20,LA MOLINA,ACEITE DE MOTOR 5W30 FULL SINTÉTICO,2,120.3,240.6,Vendedor 6
3243,2025-04-13,Cliente 48,SURCO,"LLANTAS 18""",2,71.8,143.6,Vendedor 6
3244,2025-04-14,Cliente 37,LA MOLINA,ACEITE DE MOTOR 5W30 FULL SINTÉTICO,2,120.3,240.6,Vendedor 7
3245,2025-04-15,Cliente 42,SURCO,ACEITE DE MOTOR 5W30 FULL SINTÉTICO,2,120.3,240.6,Vendedor 3
3246,2025-04-16,Cliente 19,SURCO,ACEITE DE MOTOR 5W30 FULL SINTÉTICO,1,120.3,120.3,Vendedor 6
3247,2025-04-17,Cliente 14,SURCO,ACEITE DE MOTOR 5W30 FULL SINTÉTICO,2,120.3,240.6,Vendedor 10
3248,2025-04-17,Cliente 18,LA MOLINA,FILTRO DE COMBUSTIBLE,1,147.4,147.4,Vendedor 2
3249,2025-04-17,Cliente 11,SURCO,AMORTIGUADORES DELANTEROS,1,256.1,256.1,Vendedor 6
3250,2025-04-17,Cliente 3,LA MOLINA,AMORTIGUADORES POSTERIORES,4,140.7,562.8,Vendedor 7
3251,2025-04-17,Cliente 18,SURCO,"LLANTAS 18""",4,71.8,287.2,Vendedor 10
3252,2025-04-17,Cliente 4,LA MOLINA,BATERÍA DE 18 PLACAS,3,101.0,303.0,Vendedor 2
3253,2025-04-18,Cliente 18,LA MOLINA,ACEITE DE MOTOR 5W30 FULL SINTÉTICO,1,120.3,120.3,Vendedor 9
3254,2025-04-18,Cliente 29,SURCO,FILTRO DE COMBUSTIBLE,1,147.4,147.4,Vendedor 5
3255,2025-04-18,Cliente 9,LA MOLINA,AMORTIGUADORES DELANTEROS,1,256.1,256.1,Vendedor 2
3256,2025-04-18,Cliente 10,LA MOLINA,AMORTIGUADORES POSTERIORES,3,140.7,422.1,Vendedor 3
3257,2025-04-18,Cliente 36,SURCO,"LLANTAS 18""",3,71.8,215.4,Vendedor 2
3258,2025-04-18,Cliente 21,SURCO,BATERÍA DE 18 PLACAS,2,101.0,202.0,Vendedor 10
3259,2025-04-19,Cliente 36,LA MOLINA,ACEITE DE MOTOR 5W30 FULL SINTÉTICO,3,120.3,360.9,Vendedor 9
3260,2025-04-19,Cliente 9,SURCO,AMORTIGUADORES DELANTEROS,5,256.1,1280.5,Vendedor 2
3261,2025-04-19,Cliente 50,LA MOLINA,AMORTIGUADORES POSTERIORES,3,140.7,422.1,Vendedor 8
3262,2025-04-19,Cliente 21,SURCO,"LLANTAS 18""",2,71.8,143.6,Vendedor 8
3263,2025-04-19,Cliente 24,LA MOLINA,BATERÍA DE 18 PLACAS,1,101.0,101.0,Vendedor 6
3264,2025-04-20,Cliente 17,LA MOLINA,ACEITE DE MOTOR 5W30 FULL SINTÉTICO,1,120.3,120.3,Vendedor 10
3265,2025-04-20,Cliente 8,SURCO,AMORTIGUADORES DELANTEROS,1,256.1,256.1,Vendedor 7
3266,2025-04-20,Cliente 32,SURCO,AMORTIGUADORES POSTERIORES,4,140.7,562.8,Vendedor 1
3267,2025-04-20,Cliente 33,SURCO,"LLANTAS 18""",1,71.8,71.8,Vendedor 6
3268,2025-04-20,Cliente 3,LA MOLINA,BATERÍA DE 18 PLACAS,1,101.0,101.0,Vendedor 9
3269,2025-04-21,Cliente 19,LA MOLINA,ACEITE DE MOTOR 5W30 FULL SINTÉTICO,3,120.3,360.9,Vendedor 10
3270,2025-04-21,Cliente 48,SURCO,AMORTIGUADORES DELANTEROS,3,256.1,768.3,Vendedor 2
3271,2025-04-21,Cliente 36,SURCO,AMORTIGUADORES POSTERIORES,5,140.7,703.5,Vendedor 2
3272,2025-04-21,Cliente 33,LA MOLINA,"LLANTAS 18""",5,71.8,359.0,Vendedor 2
3273,2025-04-21,Cliente 40,SURCO,BATERÍA DE 18 PLACAS,3,101.0,303.0,Vendedor 4
3274,2025-04-22,Cliente 18,LA MOLINA,ACEITE DE MOTOR 5W30 FULL SINTÉTICO,1,120.3,120.3,Vendedor 8
3275,2025-04-22,Cliente 42,LA MOLINA,AMORTIGUADORES DELANTEROS,8,256.1,2048.8,Vendedor 6
3276,2025-04-22,Cliente 42,SURCO,AMORTIGUADORES POSTERIORES,1,140.7,140.7,Vendedor 10
3277,2025-04-22,Cliente 34,LA MOLINA,"LLANTAS 18""",3,71.8,215.4,Vendedor 7
3278,2025-04-23,Cliente 1,LA MOLINA,ACEITE DE MOTOR 5W30 FULL SINTÉTICO,1,120.3,120.3,Vendedor 10
3279,2025-04-23,Cliente 1,LA MOLINA,AMORTIGUADORES DELANTEROS,1,256.1,256.1,Vendedor 4
3280,2025-04-23,Cliente 17,LA MOLINA,"LLANTAS 18""",2,71.8,143.6,Vendedor 4
3281,2025-04-24,Cliente 42,SURCO,ACEITE DE MOTOR 5W30 FULL SINTÉTICO,5,120.3,601.5,Vendedor 4
3282,2025-05-01,Cliente 26,LA MOLINA,AUTO HONDA ACCORD 2014,1,30500.0,30500.0,Vendedor 4
3283,2025-05-01,Cliente 50,LA MOLINA,AUTO HONDA CIVIC 2014,1,23000.0,23000.0,Vendedor 7
3284,2025-05-01,Cliente 6,SURCO,AUTO HONDA ODISSEY 2013,1,27500.0,27500.0,Vendedor 3
3285,2025-05-01,Cliente 11,SURCO,AUTO HONDA CRV 2014,1,18500.0,18500.0,Vendedor 4
3286,2025-05-01,Cliente 32,SURCO,AUTO HONDA PILOT 2013,1,24000.0,24000.0,Vendedor 10
3287,2025-05-01,Cliente 48,SURCO,AUTO HONDA FIT 2016,1,25500.0,25500.0,Vendedor 6
3288,2025-05-02,Cliente 31,LA MOLINA,AUTO HONDA CIVIC 2014,1,23000.0,23000.0,Vendedor 5
3289,2025-05-02,Cliente 30,SURCO,AUTO HONDA ODISSEY 2013,1,27500.0,27500.0,Vendedor 1
3290,2025-05-02,Cliente 25,SURCO,AUTO HONDA CRV 2014,1,18500.0,18500.0,Vendedor 7
3291,2025-05-02,Cliente 7,SURCO,AUTO HONDA PILOT 2013,1,24000.0,24000.0,Vendedor 6
3292,2025-05-02,Cliente 20,SURCO,AUTO HONDA FIT 2016,1,25500.0,25500.0,Vendedor 2
3293,2025-05-03,Cliente 42,SURCO,AUTO HONDA ODISSEY 2013,1,27500.0,27500.0,Vendedor 7
3294,2025-05-03,Cliente 2,SURCO,AUTO HONDA PILOT 2013,1,24000.0,24000.0,Vendedor 5
3295,2025-05-03,Cliente 3,SURCO,AUTO HONDA FIT 2016,1,25500.0,25500.0,Vendedor 3
3296,2025-05-03,Cliente 37,SURCO,ACEITE DE MOTOR 5W30 FULL SINTÉTICO,2,91.4,182.8,Vendedor 1
3297,2025-05-03,Cliente 34,SURCO,FILTRO DE COMBUSTIBLE,1,102.4,102.4,Vendedor 3
3298,2025-05-03,Cliente 49,LA MOLINA,AMORTIGUADORES DELANTEROS,1,300.5,300.5,Vendedor 1
3299,2025-05-03,Cliente 48,SURCO,AMORTIGUADORES POSTERIORES,1,99.1,99.1,Vendedor 5
3300,2025-05-03,Cliente 11,LA MOLINA,"LLANTAS 18""",2,67.9,135.8,Vendedor 7
3301,2025-05-03,Cliente 12,SURCO,BATERÍA DE 18 PLACAS,1,90.6,90.6,Vendedor 9
3302,2025-05-04,Cliente 48,LA MOLINA,AUTO HONDA ODISSEY 2013,1,27500.0,27500.0,Vendedor 3
3303,2025-05-04,Cliente 11,SURCO,ACEITE DE MOTOR 5W30 FULL SINTÉTICO,3,91.4,274.2,Vendedor 1
3304,2025-05-04,Cliente 14,LA MOLINA,FILTRO DE COMBUSTIBLE,1,102.4,102.4,Vendedor 5
3305,2025-05-04,Cliente 17,LA MOLINA,AMORTIGUADORES DELANTEROS,2,300.5,601.0,Vendedor 10
3306,2025-05-04,Cliente 2,SURCO,AMORTIGUADORES POSTERIORES,2,99.1,198.2,Vendedor 6
3307,2025-05-04,Cliente 3,LA MOLINA,"LLANTAS 18""",1,67.9,67.9,Vendedor 3
3308,2025-05-04,Cliente 3,LA MOLINA,BATERÍA DE 18 PLACAS,1,90.6,90.6,Vendedor 9
3309,2025-05-05,Cliente 49,LA MOLINA,AUTO HONDA ODISSEY 2013,1,27500.0,27500.0,Vendedor 10
3310,2025-05-05,Cliente 7,SURCO,ACEITE DE MOTOR 5W30 FULL SINTÉTICO,2,91.4,182.8,Vendedor 1
3311,2025-05-05,Cliente 6,SURCO,AMORTIGUADORES DELANTEROS,2,300.5,601.0,Vendedor 7
3312,2025-05-05,Cliente 31,SURCO,AMORTIGUADORES POSTERIORES,1,99.1,99.1,Vendedor 8
3313,2025-05-05,Cliente 9,LA MOLINA,"LLANTAS 18""",4,67.9,271.6,Vendedor 10
3314,2025-05-05,Cliente 20,SURCO,BATERÍA DE 18 PLACAS,1,90.6,90.6,Vendedor 8
3315,2025-05-06,Cliente 17,LA MOLINA,AUTO HONDA ODISSEY 2013,1,27500.0,27500.0,Vendedor 3
3316,2025-05-06,Cliente 40,LA MOLINA,ACEITE DE MOTOR 5W30 FULL SINTÉTICO,3,91.4,274.2,Vendedor 2
3317,2025-05-06,Cliente 48,LA MOLINA,AMORTIGUADORES DELANTEROS,2,300.5,601.0,Vendedor 10
3318,2025-05-06,Cliente 15,SURCO,AMORTIGUADORES POSTERIORES,1,99.1,99.1,Vendedor 9
3319,2025-05-06,Cliente 15,SURCO,"LLANTAS 18""",2,67.9,135.8,Vendedor 2
3320,2025-05-06,Cliente 46,SURCO,BATERÍA DE 18 PLACAS,1,90.6,90.6,Vendedor 7
3321,2025-05-07,Cliente 16,SURCO,ACEITE DE MOTOR 5W30 FULL SINTÉTICO,3,91.4,274.2,Vendedor 4
3322,2025-05-07,Cliente 47,SURCO,AMORTIGUADORES DELANTEROS,2,300.5,601.0,Vendedor 5
3323,2025-05-07,Cliente 43,LA MOLINA,AMORTIGUADORES POSTERIORES,2,99.1,198.2,Vendedor 10
3324,2025-05-07,Cliente 21,SURCO,"LLANTAS 18""",3,67.9,203.7,Vendedor 7
3325,2025-05-07,Cliente 38,SURCO,BATERÍA DE 18 PLACAS,2,90.6,181.2,Vendedor 1
3326,2025-05-08,Cliente 13,LA MOLINA,ACEITE DE MOTOR 5W30 FULL SINTÉTICO,4,91.4,365.6,Vendedor 3
3327,2025-05-08,Cliente 41,SURCO,AMORTIGUADORES DELANTEROS,1,300.5,300.5,Vendedor 1
3328,2025-05-08,Cliente 26,SURCO,AMORTIGUADORES POSTERIORES,1,99.1,99.1,Vendedor 6
3329,2025-05-08,Cliente 31,LA MOLINA,"LLANTAS 18""",1,67.9,67.9,Vendedor 6
3330,2025-05-08,Cliente 29,LA MOLINA,BATERÍA DE 18 PLACAS,1,90.6,90.6,Vendedor 4
3331,2025-05-09,Cliente 35,LA MOLINA,ACEITE DE MOTOR 5W30 FULL SINTÉTICO,3,91.4,274.2,Vendedor 8
3332,2025-05-09,Cliente 42,LA MOLINA,AMORTIGUADORES DELANTEROS,1,300.5,300.5,Vendedor 9
3333,2025-05-09,Cliente 12,LA MOLINA,AMORTIGUADORES POSTERIORES,2,99.1,198.2,Vendedor 5
3334,2025-05-09,Cliente 50,LA MOLINA,"LLANTAS 18""",2,67.9,135.8,Vendedor 9
3335,2025-05-09,Cliente 43,LA MOLINA,BATERÍA DE 18 PLACAS,2,90.6,181.2,Vendedor 6
3336,2025-05-10,Cliente 5,LA MOLINA,AUTO HONDA CIVIC 2014,1,23000.0,23000.0,Vendedor 6
3337,2025-05-10,Cliente 42,SURCO,AUTO HONDA FIT 2016,1,25500.0,25500.0,Vendedor 1
3338,2025-05-10,Cliente 7,SURCO,AUTO HONDA CITY 2016,1,33500.0,33500.0,Vendedor 4
3339,2025-05-10,Cliente 36,SURCO,AMORTIGUADORES DELANTEROS,1,300.5,300.5,Vendedor 5
3340,2025-05-10,Cliente 20,LA MOLINA,AMORTIGUADORES POSTERIORES,1,99.1,99.1,Vendedor 8
3341,2025-05-10,Cliente 33,SURCO,"LLANTAS 18""",4,67.9,271.6,Vendedor 3
3342,2025-05-10,Cliente 10,LA MOLINA,BATERÍA DE 18 PLACAS,1,90.6,90.6,Vendedor 4
3343,2025-05-11,Cliente 13,SURCO,AUTO HONDA FIT 2016,1,25500.0,25500.0,Vendedor 6
3344,2025-05-11,Cliente 37,SURCO,AUTO HONDA CITY 2016,1,33500.0,33500.0,Vendedor 9
3345,2025-05-11,Cliente 35,LA MOLINA,AMORTIGUADORES DELANTEROS,3,300.5,901.5,Vendedor 4
3346,2025-05-11,Cliente 24,SURCO,AMORTIGUADORES POSTERIORES,3,99.1,297.3,Vendedor 3
3347,2025-05-11,Cliente 41,SURCO,"LLANTAS 18""",1,67.9,67.9,Vendedor 10
3348,2025-05-12,Cliente 35,SURCO,AUTO HONDA CITY 2016,1,33500.0,33500.0,Vendedor 10
3349,2025-05-12,Cliente 4,LA MOLINA,AMORTIGUADORES DELANTEROS,1,300.5,300.5,Vendedor 7
3350,2025-05-12,Cliente 34,LA MOLINA,AMORTIGUADORES POSTERIORES,2,99.1,198.2,Vendedor 7
3351,2025-05-13,Cliente 9,SURCO,AUTO HONDA CITY 2016,1,33500.0,33500.0,Vendedor 5
3352,2025-05-13,Cliente 46,SURCO,AMORTIGUADORES DELANTEROS,1,300.5,300.5,Vendedor 9
3353,2025-05-13,Cliente 14,LA MOLINA,AMORTIGUADORES POSTERIORES,3,99.1,297.3,Vendedor 10
3354,2025-05-14,Cliente 9,SURCO,AUTO HONDA CITY 2016,1,33500.0,33500.0,Vendedor 3
3355,2025-05-14,Cliente 26,SURCO,AMORTIGUADORES DELANTEROS,1,300.5,300.5,Vendedor 3
3356,2025-05-14,Cliente 26,SURCO,AMORTIGUADORES POSTERIORES,1,99.1,99.1,Vendedor 10
3357,2025-05-15,Cliente 18,SURCO,AMORTIGUADORES DELANTEROS,1,300.5,300.5,Vendedor 3
3358,2025-05-16,Cliente 44,SURCO,AMORTIGUADORES DELANTEROS,1,300.5,300.5,Vendedor 5
3359,2025-05-17,Cliente 34,LA MOLINA,ACEITE DE MOTOR 5W30 FULL SINTÉTICO,5,91.4,457.0,Vendedor 2
3360,2025-05-17,Cliente 15,LA MOLINA,FILTRO DE COMBUSTIBLE,1,102.4,102.4,Vendedor 8
3361,2025-05-17,Cliente 35,SURCO,AMORTIGUADORES DELANTEROS,3,300.5,901.5,Vendedor 10
3362,2025-05-17,Cliente 5,SURCO,AMORTIGUADORES POSTERIORES,2,99.1,198.2,Vendedor 6
3363,2025-05-17,Cliente 25,SURCO,"LLANTAS 18""",3,67.9,203.7,Vendedor 5
3364,2025-05-17,Cliente 28,LA MOLINA,BATERÍA DE 18 PLACAS,1,90.6,90.6,Vendedor 10
3365,2025-05-18,Cliente 49,LA MOLINA,ACEITE DE MOTOR 5W30 FULL SINTÉTICO,2,91.4,182.8,Vendedor 5
3366,2025-05-18,Cliente 34,SURCO,FILTRO DE COMBUSTIBLE,1,102.4,102.4,Vendedor 2
3367,2025-05-18,Cliente 16,LA MOLINA,AMORTIGUADORES DELANTEROS,1,300.5,300.5,Vendedor 8
3368,2025-05-18,Cliente 4,LA MOLINA,AMORTIGUADORES POSTERIORES,4,99.1,396.4,Vendedor 2
3369,2025-05-18,Cliente 17,LA MOLINA,"LLANTAS 18""",3,67.9,203.7,Vendedor 9
3370,2025-05-18,Cliente 43,LA MOLINA,BATERÍA DE 18 PLACAS,2,90.6,181.2,Vendedor 5
3371,2025-05-19,Cliente 1,SURCO,ACEITE DE MOTOR 5W30 FULL SINTÉTICO,3,91.4,274.2,Vendedor 2
3372,2025-05-19,Cliente 38,SURCO,AMORTIGUADORES DELANTEROS,4,300.5,1202.0,Vendedor 8
3373,2025-05-19,Cliente 43,LA MOLINA,AMORTIGUADORES POSTERIORES,2,99.1,198.2,Vendedor 5
3374,2025-05-19,Cliente 36,LA MOLINA,"LLANTAS 18""",1,67.9,67.9,Vendedor 10
3375,2025-05-19,Cliente 39,LA MOLINA,BATERÍA DE 18 PLACAS,2,90.6,181.2,Vendedor 9
3376,2025-05-20,Cliente 3,LA MOLINA,ACEITE DE MOTOR 5W30 FULL SINTÉTICO,3,91.4,274.2,Vendedor 10
3377,2025-05-20,Cliente 37,SURCO,AMORTIGUADORES DELANTEROS,1,300.5,300.5,Vendedor 2
3378,2025-05-20,Cliente 24,SURCO,AMORTIGUADORES POSTERIORES,1,99.1,99.1,Vendedor 10
3379,2025-05-20,Cliente 26,LA MOLINA,"LLANTAS 18""",6,67.9,407.4,Vendedor 1
3380,2025-05-20,Cliente 30,SURCO,BATERÍA DE 18 PLACAS,2,90.6,181.2,Vendedor 10
3381,2025-05-21,Cliente 41,SURCO,ACEITE DE MOTOR 5W30 FULL SINTÉTICO,1,91.4,91.4,Vendedor 7
3382,2025-05-21,Cliente 37,LA MOLINA,AMORTIGUADORES DELANTEROS,1,300.5,300.5,Vendedor 3
3383,2025-05-21,Cliente 7,LA MOLINA,AMORTIGUADORES POSTERIORES,1,99.1,99.1,Vendedor 5
3384,2025-05-21,Cliente 47,SURCO,"LLANTAS 18""",4,67.9,271.6,Vendedor 8
3385,2025-05-21,Cliente 44,SURCO,BATERÍA DE 18 PLACAS,2,90.6,181.2,Vendedor 6
3386,2025-05-22,Cliente 18,SURCO,ACEITE DE MOTOR 5W30 FULL SINTÉTICO,6,91.4,548.4,Vendedor 8
3387,2025-05-22,Cliente 30,LA MOLINA,AMORTIGUADORES DELANTEROS,1,300.5,300.5,Vendedor 5
3388,2025-05-22,Cliente 36,SURCO,AMORTIGUADORES POSTERIORES,2,99.1,198.2,Vendedor 9
3389,2025-05-22,Cliente 48,SURCO,"LLANTAS 18""",3,67.9,203.7,Vendedor 7
3390,2025-05-22,Cliente 32,SURCO,BATERÍA DE 18 PLACAS,1,90.6,90.6,Vendedor 2
3391,2025-05-23,Cliente 21,LA MOLINA,AMORTIGUADORES DELANTEROS,3,300.5,901.5,Vendedor 5
3392,2025-05-23,Cliente 41,SURCO,AMORTIGUADORES POSTERIORES,1,99.1,99.1,Vendedor 7
3393,2025-05-24,Cliente 13,LA MOLINA,AMORTIGUADORES DELANTEROS,2,300.5,601.0,Vendedor 5
3394,2025-05-24,Cliente 22,LA MOLINA,AMORTIGUADORES POSTERIORES,3,99.1,297.3,Vendedor 8
3395,2025-05-25,Cliente 8,LA MOLINA,AMORTIGUADORES DELANTEROS,2,300.5,601.0,Vendedor 4
3396,2025-05-25,Cliente 33,SURCO,AMORTIGUADORES POSTERIORES,4,99.1,396.4,Vendedor 9
3397,2025-06-01,Cliente 10,SURCO,AUTO HONDA ACCORD 2014,1,24000.0,24000.0,Vendedor 1
3398,2025-06-01,Cliente 16,LA MOLINA,AUTO HONDA CIVIC 2014,1,23500.0,23500.0,Vendedor 1
3399,2025-06-01,Cliente 29,LA MOLINA,AUTO HONDA ODISSEY 2013,1,22500.0,22500.0,Vendedor 7
3400,2025-06-01,Cliente 27,SURCO,AUTO HONDA CRV 2014,1,18500.0,18500.0,Vendedor 3
3401,2025-06-01,Cliente 41,SURCO,AUTO HONDA PILOT 2013,1,24000.0,24000.0,Vendedor 10
3402,2025-06-02,Cliente 24,LA MOLINA,AUTO HONDA ODISSEY 2013,1,22500.0,22500.0,Vendedor 6
3403,2025-06-02,Cliente 21,SURCO,AUTO HONDA CRV 2014,1,18500.0,18500.0,Vendedor 9
3404,2025-06-02,Cliente 5,SURCO,AUTO HONDA PILOT 2013,1,24000.0,24000.0,Vendedor 3
3405,2025-06-03,Cliente 35,SURCO,AUTO HONDA ODISSEY 2013,1,22500.0,22500.0,Vendedor 6
3406,2025-06-03,Cliente 39,SURCO,AUTO HONDA CRV 2014,1,18500.0,18500.0,Vendedor 4
3407,2025-06-03,Cliente 46,LA MOLINA,ACEITE DE MOTOR 5W30 FULL SINTÉTICO,3,120.7,362.1,Vendedor 9
3408,2025-06-03,Cliente 30,SURCO,FILTRO DE COMBUSTIBLE,1,113.4,113.4,Vendedor 5
3409,2025-06-03,Cliente 40,LA MOLINA,AMORTIGUADORES DELANTEROS,1,259.3,259.3,Vendedor 8
3410,2025-06-03,Cliente 5,LA MOLINA,AMORTIGUADORES POSTERIORES,4,112.5,450.0,Vendedor 3
3411,2025-06-03,Cliente 36,LA MOLINA,"LLANTAS 18""",1,70.7,70.7,Vendedor 1
3412,2025-06-03,Cliente 31,LA MOLINA,BATERÍA DE 18 PLACAS,1,93.2,93.2,Vendedor 3
3413,2025-06-04,Cliente 44,SURCO,AUTO HONDA ODISSEY 2013,1,22500.0,22500.0,Vendedor 6
3414,2025-06-04,Cliente 37,LA MOLINA,ACEITE DE MOTOR 5W30 FULL SINTÉTICO,1,120.7,120.7,Vendedor 5
3415,2025-06-04,Cliente 46,LA MOLINA,FILTRO DE COMBUSTIBLE,1,113.4,113.4,Vendedor 10
3416,2025-06-04,Cliente 46,LA MOLINA,AMORTIGUADORES DELANTEROS,4,259.3,1037.2,Vendedor 3
3417,2025-06-04,Cliente 43,SURCO,AMORTIGUADORES POSTERIORES,4,112.5,450.0,Vendedor 8
3418,2025-06-04,Cliente 22,LA MOLINA,"LLANTAS 18""",2,70.7,141.4,Vendedor 4
3419,2025-06-04,Cliente 10,LA MOLINA,BATERÍA DE 18 PLACAS,1,93.2,93.2,Vendedor 9
3420,2025-06-05,Cliente 1,LA MOLINA,ACEITE DE MOTOR 5W30 FULL SINTÉTICO,3,120.7,362.1,Vendedor 10
3421,2025-06-05,Cliente 38,LA MOLINA,AMORTIGUADORES DELANTEROS,1,259.3,259.3,Vendedor 2
3422,2025-06-05,Cliente 34,SURCO,AMORTIGUADORES POSTERIORES,1,112.5,112.5,Vendedor 7
3423,2025-06-05,Cliente 47,SURCO,"LLANTAS 18""",3,70.7,212.1,Vendedor 4
3424,2025-06-05,Cliente 39,SURCO,BATERÍA DE 18 PLACAS,1,93.2,93.2,Vendedor 3
3425,2025-06-06,Cliente 42,SURCO,ACEITE DE MOTOR 5W30 FULL SINTÉTICO,1,120.7,120.7,Vendedor 8
3426,2025-06-06,Cliente 6,LA MOLINA,AMORTIGUADORES DELANTEROS,1,259.3,259.3,Vendedor 2
3427,2025-06-06,Cliente 27,LA MOLINA,AMORTIGUADORES POSTERIORES,4,112.5,450.0,Vendedor 7
3428,2025-06-06,Cliente 9,LA MOLINA,"LLANTAS 18""",3,70.7,212.1,Vendedor 6
3429,2025-06-06,Cliente 7,SURCO,BATERÍA DE 18 PLACAS,1,93.2,93.2,Vendedor 5
3430,2025-06-07,Cliente 46,SURCO,ACEITE DE MOTOR 5W30 FULL SINTÉTICO,3,120.7,362.1,Vendedor 7
3431,2025-06-07,Cliente 6,LA MOLINA,AMORTIGUADORES DELANTEROS,3,259.3,777.9,Vendedor 3
3432,2025-06-07,Cliente 13,LA MOLINA,AMORTIGUADORES POSTERIORES,2,112.5,225.0,Vendedor 4
3433,2025-06-07,Cliente 22,SURCO,"LLANTAS 18""",2,70.7,141.4,Vendedor 8
3434,2025-06-07,Cliente 34,SURCO,BATERÍA DE 18 PLACAS,1,93.2,93.2,Vendedor 5
3435,2025-06-08,Cliente 36,SURCO,ACEITE DE MOTOR 5W30 FULL SINTÉTICO,1,120.7,120.7,Vendedor 1
3436,2025-06-08,Cliente 11,SURCO,AMORTIGUADORES DELANTEROS,3,259.3,777.9,Vendedor 1
3437,2025-06-08,Cliente 1,SURCO,AMORTIGUADORES POSTERIORES,5,112.5,562.5,Vendedor 6
3438,2025-06-08,Cliente 2,LA MOLINA,"LLANTAS 18""",2,70.7,141.4,Vendedor 10
3439,2025-06-08,Cliente 5,LA MOLINA,BATERÍA DE 18 PLACAS,1,93.2,93.2,Vendedor 3
3440,2025-06-09,Cliente 41,SURCO,AUTO HONDA ODISSEY 2013,1,22500.0,22500.0,Vendedor 10
3441,2025-06-09,Cliente 12,SURCO,AUTO HONDA PILOT 2013,1,24000.0,24000.0,Vendedor 9
3442,2025-06-09,Cliente 23,SURCO,AUTO HONDA FIT 2016,1,28500.0,28500.0,Vendedor 2
3443,2025-06-09,Cliente 39,SURCO,AUTO HONDA CITY 2016,1,28500.0,28500.0,Vendedor 6
3444,2025-06-09,Cliente 46,LA MOLINA,ACEITE DE MOTOR 5W30 FULL SINTÉTICO,2,120.7,241.4,Vendedor 3
3445,2025-06-09,Cliente 29,SURCO,AMORTIGUADORES DELANTEROS,5,259.3,1296.5,Vendedor 1
3446,2025-06-09,Cliente 20,SURCO,"LLANTAS 18""",1,70.7,70.7,Vendedor 5
3447,2025-06-09,Cliente 23,SURCO,BATERÍA DE 18 PLACAS,1,93.2,93.2,Vendedor 3
3448,2025-06-10,Cliente 7,SURCO,AUTO HONDA ODISSEY 2013,1,22500.0,22500.0,Vendedor 8
3449,2025-06-10,Cliente 39,SURCO,AUTO HONDA PILOT 2013,1,24000.0,24000.0,Vendedor 3
3450,2025-06-10,Cliente 30,SURCO,AUTO HONDA FIT 2016,1,28500.0,28500.0,Vendedor 9
3451,2025-06-10,Cliente 8,LA MOLINA,ACEITE DE MOTOR 5W30 FULL SINTÉTICO,1,120.7,120.7,Vendedor 9
3452,2025-06-10,Cliente 16,SURCO,AMORTIGUADORES DELANTEROS,1,259.3,259.3,Vendedor 6
3453,2025-06-10,Cliente 13,LA MOLINA,"LLANTAS 18""",1,70.7,70.7,Vendedor 7
3454,2025-06-10,Cliente 23,SURCO,BATERÍA DE 18 PLACAS,1,93.2,93.2,Vendedor 1
3455,2025-06-11,Cliente 43,SURCO,AUTO HONDA PILOT 2013,1,24000.0,24000.0,Vendedor 10
3456,2025-06-11,Cliente 34,SURCO,AUTO HONDA FIT 2016,1,28500.0,28500.0,Vendedor 2
3457,2025-06-11,Cliente 49,SURCO,ACEITE DE MOTOR 5W30 FULL SINTÉTICO,3,120.7,362.1,Vendedor 9
3458,2025-06-11,Cliente 21,SURCO,AMORTIGUADORES DELANTEROS,1,259.3,259.3,Vendedor 3
3459,2025-06-11,Cliente 41,LA MOLINA,"LLANTAS 18""",1,70.7,70.7,Vendedor 7
3460,2025-06-11,Cliente 28,LA MOLINA,BATERÍA DE 18 PLACAS,1,93.2,93.2,Vendedor 7
3461,2025-06-12,Cliente 2,SURCO,ACEITE DE MOTOR 5W30 FULL SINTÉTICO,1,120.7,120.7,Vendedor 8
3462,2025-06-12,Cliente 40,SURCO,"LLANTAS 18""",3,70.7,212.1,Vendedor 7
3463,2025-06-12,Cliente 32,LA MOLINA,BATERÍA DE 18 PLACAS,1,93.2,93.2,Vendedor 5
3464,2025-06-13,Cliente 13,SURCO,ACEITE DE MOTOR 5W30 FULL SINTÉTICO,1,120.7,120.7,Vendedor 2
3465,2025-06-13,Cliente 48,SURCO,"LLANTAS 18""",1,70.7,70.7,Vendedor 1
3466,2025-06-17,Cliente 44,LA MOLINA,ACEITE DE MOTOR 5W30 FULL SINTÉTICO,5,120.7,603.5,Vendedor 1
3467,2025-06-17,Cliente 7,SURCO,FILTRO DE COMBUSTIBLE,1,113.4,113.4,Vendedor 8
3468,2025-06-17,Cliente 46,SURCO,AMORTIGUADORES DELANTEROS,2,259.3,518.6,Vendedor 6
3469,2025-06-17,Cliente 32,SURCO,AMORTIGUADORES POSTERIORES,2,112.5,225.0,Vendedor 4
3470,2025-06-17,Cliente 3,SURCO,"LLANTAS 18""",5,70.7,353.5,Vendedor 7
3471,2025-06-17,Cliente 45,SURCO,BATERÍA DE 18 PLACAS,1,93.2,93.2,Vendedor 2
3472,2025-06-18,Cliente 16,SURCO,ACEITE DE MOTOR 5W30 FULL SINTÉTICO,3,120.7,362.1,Vendedor 6
3473,2025-06-18,Cliente 25,LA MOLINA,FILTRO DE COMBUSTIBLE,1,113.4,113.4,Vendedor 4
3474,2025-06-18,Cliente 3,LA MOLINA,AMORTIGUADORES DELANTEROS,6,259.3,1555.8,Vendedor 3
3475,2025-06-18,Cliente 40,SURCO,AMORTIGUADORES POSTERIORES,3,112.5,337.5,Vendedor 5
3476,2025-06-18,Cliente 14,LA MOLINA,"LLANTAS 18""",4,70.7,282.8,Vendedor 5
3477,2025-06-18,Cliente 27,SURCO,BATERÍA DE 18 PLACAS,2,93.2,186.4,Vendedor 7
3478,2025-06-19,Cliente 13,LA MOLINA,ACEITE DE MOTOR 5W30 FULL SINTÉTICO,4,120.7,482.8,Vendedor 8
3479,2025-06-19,Cliente 41,SURCO,AMORTIGUADORES DELANTEROS,5,259.3,1296.5,Vendedor 7
3480,2025-06-19,Cliente 9,LA MOLINA,AMORTIGUADORES POSTERIORES,1,112.5,112.5,Vendedor 4
3481,2025-06-19,Cliente 8,SURCO,"LLANTAS 18""",1,70.7,70.7,Vendedor 3
3482,2025-06-19,Cliente 12,SURCO,BATERÍA DE 18 PLACAS,2,93.2,186.4,Vendedor 9
3483,2025-06-20,Cliente 48,SURCO,ACEITE DE MOTOR 5W30 FULL SINTÉTICO,3,120.7,362.1,Vendedor 5
3484,2025-06-20,Cliente 35,LA MOLINA,AMORTIGUADORES DELANTEROS,4,259.3,1037.2,Vendedor 5
3485,2025-06-20,Cliente 7,LA MOLINA,AMORTIGUADORES POSTERIORES,5,112.5,562.5,Vendedor 2
3486,2025-06-20,Cliente 6,SURCO,"LLANTAS 18""",4,70.7,282.8,Vendedor 9
3487,2025-06-20,Cliente 9,LA MOLINA,BATERÍA DE 18 PLACAS,2,93.2,186.4,Vendedor 9
3488,2025-06-21,Cliente 31,LA MOLINA,ACEITE DE MOTOR 5W30 FULL SINTÉTICO,1,120.7,120.7,Vendedor 2
3489,2025-06-21,Cliente 3,SURCO,AMORTIGUADORES DELANTEROS,2,259.3,518.6,Vendedor 7
3490,2025-06-21,Cliente 49,SURCO,AMORTIGUADORES POSTERIORES,3,112.5,337.5,Vendedor 2
3491,2025-06-21,Cliente 40,LA MOLINA,"LLANTAS 18""",2,70.7,141.4,Vendedor 6
3492,2025-06-21,Cliente 29,LA MOLINA,BATERÍA DE 18 PLACAS,2,93.2,186.4,Vendedor 10
3493,2025-06-22,Cliente 43,SURCO,ACEITE DE MOTOR 5W30 FULL SINTÉTICO,4,120.7,482.8,Vendedor 9
3494,2025-06-22,Cliente 47,SURCO,AMORTIGUADORES DELANTEROS,1,259.3,259.3,Vendedor 6
3495,2025-06-22,Cliente 10,SURCO,AMORTIGUADORES POSTERIORES,1,112.5,112.5,Vendedor 6
3496,2025-06-22,Cliente 23,LA MOLINA,"LLANTAS 18""",3,70.7,212.1,Vendedor 8
3497,2025-06-22,Cliente 26,LA MOLINA,BATERÍA DE 18 PLACAS,1,93.2,93.2,Vendedor 7
3498,2025-06-23,Cliente 15,SURCO,AMORTIGUADORES POSTERIORES,1,112.5,112.5,Vendedor 3
3499,2025-06-23,Cliente 22,LA MOLINA,"LLANTAS 18""",1,70.7,70.7,Vendedor 8
3500,2025-06-24,Cliente 39,LA MOLINA,AMORTIGUADORES POSTERIORES,4,112.5,450.0,Vendedor 9
3501,2025-07-01,Cliente 41,LA MOLINA,AUTO HONDA ACCORD 2014,1,24000.0,24000.0,Vendedor 8
3502,2025-07-01,Cliente 10,LA MOLINA,AUTO HONDA CIVIC 2014,1,25000.0,25000.0,Vendedor 8
3503,2025-07-01,Cliente 15,LA MOLINA,AUTO HONDA ODISSEY 2013,1,22500.0,22500.0,Vendedor 3
3504,2025-07-01,Cliente 41,LA MOLINA,AUTO HONDA CRV 2014,1,20500.0,20500.0,Vendedor 3
3505,2025-07-01,Cliente 17,SURCO,AUTO HONDA FIT 2016,1,27000.0,27000.0,Vendedor 3
3506,2025-07-01,Cliente 48,SURCO,AUTO HONDA CITY 2016,1,28500.0,28500.0,Vendedor 1
3507,2025-07-02,Cliente 27,LA MOLINA,AUTO HONDA ACCORD 2014,1,24000.0,24000.0,Vendedor 9
3508,2025-07-02,Cliente 26,SURCO,AUTO HONDA CIVIC 2014,1,25000.0,25000.0,Vendedor 3
3509,2025-07-02,Cliente 14,LA MOLINA,AUTO HONDA ODISSEY 2013,1,22500.0,22500.0,Vendedor 7
3510,2025-07-02,Cliente 27,LA MOLINA,AUTO HONDA CRV 2014,1,20500.0,20500.0,Vendedor 8
3511,2025-07-02,Cliente 29,SURCO,AUTO HONDA CITY 2016,1,28500.0,28500.0,Vendedor 7
3512,2025-07-03,Cliente 9,LA MOLINA,AUTO HONDA ACCORD 2014,1,24000.0,24000.0,Vendedor 9
3513,2025-07-03,Cliente 16,SURCO,AUTO HONDA CIVIC 2014,1,25000.0,25000.0,Vendedor 4
3514,2025-07-03,Cliente 37,SURCO,AUTO HONDA ODISSEY 2013,1,22500.0,22500.0,Vendedor 4
3515,2025-07-03,Cliente 30,LA MOLINA,AUTO HONDA CRV 2014,1,20500.0,20500.0,Vendedor 9
3516,2025-07-03,Cliente 24,SURCO,AUTO HONDA CITY 2016,1,28500.0,28500.0,Vendedor 5
3517,2025-07-03,Cliente 10,LA MOLINA,ACEITE DE MOTOR 5W30 FULL SINTÉTICO,1,111.5,111.5,Vendedor 8
3518,2025-07-03,Cliente 35,SURCO,FILTRO DE COMBUSTIBLE,1,117.5,117.5,Vendedor 8
3519,2025-07-03,Cliente 4,LA MOLINA,AMORTIGUADORES DELANTEROS,2,295.0,590.0,Vendedor 4
3520,2025-07-03,Cliente 36,LA MOLINA,AMORTIGUADORES POSTERIORES,1,122.6,122.6,Vendedor 3
3521,2025-07-03,Cliente 12,LA MOLINA,"LLANTAS 18""",2,60.7,121.4,Vendedor 8
3522,2025-07-03,Cliente 45,SURCO,BATERÍA DE 18 PLACAS,1,126.0,126.0,Vendedor 4
3523,2025-07-04,Cliente 37,LA MOLINA,AUTO HONDA ACCORD 2014,1,24000.0,24000.0,Vendedor 3
3524,2025-07-04,Cliente 48,LA MOLINA,AUTO HONDA ODISSEY 2013,1,22500.0,22500.0,Vendedor 10
3525,2025-07-04,Cliente 42,SURCO,AUTO HONDA CRV 2014,1,20500.0,20500.0,Vendedor 7
3526,2025-07-04,Cliente 10,SURCO,AUTO HONDA CITY 2016,1,28500.0,28500.0,Vendedor 7
3527,2025-07-04,Cliente 16,LA MOLINA,ACEITE DE MOTOR 5W30 FULL SINTÉTICO,2,111.5,223.0,Vendedor 3
3528,2025-07-04,Cliente 21,LA MOLINA,FILTRO DE COMBUSTIBLE,1,117.5,117.5,Vendedor 10
3529,2025-07-04,Cliente 44,SURCO,AMORTIGUADORES DELANTEROS,3,295.0,885.0,Vendedor 2
3530,2025-07-04,Cliente 2,SURCO,AMORTIGUADORES POSTERIORES,1,122.6,122.6,Vendedor 1
3531,2025-07-04,Cliente 6,LA MOLINA,"LLANTAS 18""",1,60.7,60.7,Vendedor 6
3532,2025-07-04,Cliente 13,LA MOLINA,BATERÍA DE 18 PLACAS,1,126.0,126.0,Vendedor 3
3533,2025-07-05,Cliente 20,SURCO,AUTO HONDA CRV 2014,1,20500.0,20500.0,Vendedor 2
3534,2025-07-05,Cliente 38,LA MOLINA,ACEITE DE MOTOR 5W30 FULL SINTÉTICO,2,111.5,223.0,Vendedor 8
3535,2025-07-05,Cliente 46,LA MOLINA,AMORTIGUADORES DELANTEROS,2,295.0,590.0,Vendedor 3
3536,2025-07-05,Cliente 7,LA MOLINA,AMORTIGUADORES POSTERIORES,2,122.6,245.2,Vendedor 9
3537,2025-07-05,Cliente 11,SURCO,"LLANTAS 18""",1,60.7,60.7,Vendedor 7
3538,2025-07-05,Cliente 35,SURCO,BATERÍA DE 18 PLACAS,1,126.0,126.0,Vendedor 10
3539,2025-07-06,Cliente 11,LA MOLINA,AUTO HONDA CRV 2014,1,20500.0,20500.0,Vendedor 9
3540,2025-07-06,Cliente 45,LA MOLINA,ACEITE DE MOTOR 5W30 FULL SINTÉTICO,3,111.5,334.5,Vendedor 5
3541,2025-07-06,Cliente 8,SURCO,AMORTIGUADORES DELANTEROS,3,295.0,885.0,Vendedor 3
3542,2025-07-06,Cliente 49,SURCO,AMORTIGUADORES POSTERIORES,2,122.6,245.2,Vendedor 1
3543,2025-07-06,Cliente 31,LA MOLINA,"LLANTAS 18""",1,60.7,60.7,Vendedor 7
3544,2025-07-06,Cliente 11,LA MOLINA,BATERÍA DE 18 PLACAS,1,126.0,126.0,Vendedor 1
3545,2025-07-07,Cliente 29,LA MOLINA,ACEITE DE MOTOR 5W30 FULL SINTÉTICO,2,111.5,223.0,Vendedor 10
3546,2025-07-07,Cliente 29,SURCO,AMORTIGUADORES DELANTEROS,3,295.0,885.0,Vendedor 1
3547,2025-07-07,Cliente 22,LA MOLINA,AMORTIGUADORES POSTERIORES,2,122.6,245.2,Vendedor 2
3548,2025-07-07,Cliente 12,SURCO,"LLANTAS 18""",2,60.7,121.4,Vendedor 3
3549,2025-07-07,Cliente 44,LA MOLINA,BATERÍA DE 18 PLACAS,1,126.0,126.0,Vendedor 7
3550,2025-07-08,Cliente 43,SURCO,ACEITE DE MOTOR 5W30 FULL SINTÉTICO,2,111.5,223.0,Vendedor 4
3551,2025-07-08,Cliente 19,LA MOLINA,AMORTIGUADORES DELANTEROS,3,295.0,885.0,Vendedor 2
3552,2025-07-08,Cliente 2,LA MOLINA,AMORTIGUADORES POSTERIORES,2,122.6,245.2,Vendedor 10
3553,2025-07-08,Cliente 11,LA MOLINA,"LLANTAS 18""",3,60.7,182.1,Vendedor 6
3554,2025-07-08,Cliente 13,LA MOLINA,BATERÍA DE 18 PLACAS,1,126.0,126.0,Vendedor 9
3555,2025-07-09,Cliente 32,SURCO,ACEITE DE MOTOR 5W30 FULL SINTÉTICO,3,111.5,334.5,Vendedor 6
3556,2025-07-09,Cliente 42,SURCO,AMORTIGUADORES DELANTEROS,1,295.0,295.0,Vendedor 4
3557,2025-07-09,Cliente 17,LA MOLINA,AMORTIGUADORES POSTERIORES,3,122.6,367.8,Vendedor 8
3558,2025-07-09,Cliente 3,LA MOLINA,"LLANTAS 18""",2,60.7,121.4,Vendedor 5
3559,2025-07-09,Cliente 43,LA MOLINA,BATERÍA DE 18 PLACAS,1,126.0,126.0,Vendedor 2
3560,2025-07-10,Cliente 36,SURCO,AUTO HONDA PILOT 2013,1,27500.0,27500.0,Vendedor 1
3561,2025-07-10,Cliente 40,SURCO,AUTO HONDA CITY 2016,1,28500.0,28500.0,Vendedor 1
3562,2025-07-10,Cliente 25,SURCO,ACEITE DE MOTOR 5W30 FULL SINTÉTICO,1,111.5,111.5,Vendedor 4
3563,2025-07-10,Cliente 25,LA MOLINA,AMORTIGUADORES DELANTEROS,2,295.0,590.0,Vendedor 1
3564,2025-07-10,Cliente 45,SURCO,AMORTIGUADORES POSTERIORES,3,122.6,367.8,Vendedor 7
3565,2025-07-10,Cliente 33,LA MOLINA,"LLANTAS 18""",1,60.7,60.7,Vendedor 7
3566,2025-07-10,Cliente 46,SURCO,BATERÍA DE 18 PLACAS,1,126.0,126.0,Vendedor 6
3567,2025-07-11,Cliente 23,SURCO,AUTO HONDA PILOT 2013,1,27500.0,27500.0,Vendedor 5
3568,2025-07-11,Cliente 19,SURCO,ACEITE DE MOTOR 5W30 FULL SINTÉTICO,2,111.5,223.0,Vendedor 5
3569,2025-07-11,Cliente 43,LA MOLINA,AMORTIGUADORES DELANTEROS,1,295.0,295.0,Vendedor 2
3570,2025-07-11,Cliente 33,SURCO,AMORTIGUADORES POSTERIORES,3,122.6,367.8,Vendedor 2
3571,2025-07-11,Cliente 49,SURCO,"LLANTAS 18""",1,60.7,60.7,Vendedor 2
3572,2025-07-11,Cliente 5,SURCO,BATERÍA DE 18 PLACAS,1,126.0,126.0,Vendedor 3
3573,2025-07-12,Cliente 5,SURCO,AUTO HONDA PILOT 2013,1,27500.0,27500.0,Vendedor 3
3574,2025-07-12,Cliente 5,SURCO,ACEITE DE MOTOR 5W30 FULL SINTÉTICO,2,111.5,223.0,Vendedor 1
3575,2025-07-12,Cliente 40,SURCO,AMORTIGUADORES POSTERIORES,1,122.6,122.6,Vendedor 2
3576,2025-07-12,Cliente 41,SURCO,"LLANTAS 18""",1,60.7,60.7,Vendedor 6
3577,2025-07-12,Cliente 40,SURCO,BATERÍA DE 18 PLACAS,1,126.0,126.0,Vendedor 2
3578,2025-07-13,Cliente 12,SURCO,"LLANTAS 18""",1,60.7,60.7,Vendedor 2
3579,2025-07-14,Cliente 14,SURCO,"LLANTAS 18""",3,60.7,182.1,Vendedor 1
3580,2025-07-15,Cliente 31,SURCO,"LLANTAS 18""",1,60.7,60.7,Vendedor 4
3581,2025-07-17,Cliente 29,SURCO,ACEITE DE MOTOR 5W30 FULL SINTÉTICO,5,111.5,557.5,Vendedor 3
3582,2025-07-17,Cliente 6,SURCO,FILTRO DE COMBUSTIBLE,1,117.5,117.5,Vendedor 3
3583,2025-07-17,Cliente 10,LA MOLINA,AMORTIGUADORES DELANTEROS,2,295.0,590.0,Vendedor 9
3584,2025-07-17,Cliente 45,SURCO,AMORTIGUADORES POSTERIORES,2,122.6,245.2,Vendedor 2
3585,2025-07-17,Cliente 21,SURCO,"LLANTAS 18""",2,60.7,121.4,Vendedor 4
3586,2025-07-17,Cliente 41,LA MOLINA,BATERÍA DE 18 PLACAS,1,126.0,126.0,Vendedor 10
3587,2025-07-18,Cliente 33,LA MOLINA,ACEITE DE MOTOR 5W30 FULL SINTÉTICO,3,111.5,334.5,Vendedor 5
3588,2025-07-18,Cliente 28,LA MOLINA,FILTRO DE COMBUSTIBLE,1,117.5,117.5,Vendedor 5
3589,2025-07-18,Cliente 34,SURCO,AMORTIGUADORES DELANTEROS,3,295.0,885.0,Vendedor 1
3590,2025-07-18,Cliente 49,LA MOLINA,AMORTIGUADORES POSTERIORES,3,122.6,367.8,Vendedor 3
3591,2025-07-18,Cliente 5,SURCO,"LLANTAS 18""",1,60.7,60.7,Vendedor 8
3592,2025-07-18,Cliente 40,SURCO,BATERÍA DE 18 PLACAS,2,126.0,252.0,Vendedor 7
3593,2025-07-19,Cliente 1,LA MOLINA,ACEITE DE MOTOR 5W30 FULL SINTÉTICO,1,111.5,111.5,Vendedor 2
3594,2025-07-19,Cliente 45,LA MOLINA,AMORTIGUADORES DELANTEROS,3,295.0,885.0,Vendedor 10
3595,2025-07-19,Cliente 47,LA MOLINA,AMORTIGUADORES POSTERIORES,1,122.6,122.6,Vendedor 6
3596,2025-07-19,Cliente 48,LA MOLINA,"LLANTAS 18""",4,60.7,242.8,Vendedor 8
3597,2025-07-19,Cliente 20,LA MOLINA,BATERÍA DE 18 PLACAS,2,126.0,252.0,Vendedor 8
3598,2025-07-20,Cliente 15,SURCO,ACEITE DE MOTOR 5W30 FULL SINTÉTICO,3,111.5,334.5,Vendedor 10
3599,2025-07-20,Cliente 45,SURCO,AMORTIGUADORES DELANTEROS,2,295.0,590.0,Vendedor 6
3600,2025-07-20,Cliente 30,LA MOLINA,AMORTIGUADORES POSTERIORES,4,122.6,490.4,Vendedor 6
3601,2025-07-20,Cliente 30,LA MOLINA,"LLANTAS 18""",4,60.7,242.8,Vendedor 8
3602,2025-07-20,Cliente 48,SURCO,BATERÍA DE 18 PLACAS,1,126.0,126.0,Vendedor 7
3603,2025-07-21,Cliente 9,SURCO,ACEITE DE MOTOR 5W30 FULL SINTÉTICO,2,111.5,223.0,Vendedor 6
3604,2025-07-21,Cliente 26,SURCO,AMORTIGUADORES DELANTEROS,4,295.0,1180.0,Vendedor 6
3605,2025-07-21,Cliente 43,LA MOLINA,AMORTIGUADORES POSTERIORES,1,122.6,122.6,Vendedor 3
3606,2025-07-21,Cliente 14,SURCO,"LLANTAS 18""",2,60.7,121.4,Vendedor 2
3607,2025-07-21,Cliente 31,LA MOLINA,BATERÍA DE 18 PLACAS,1,126.0,126.0,Vendedor 3
3608,2025-07-22,Cliente 13,LA MOLINA,ACEITE DE MOTOR 5W30 FULL SINTÉTICO,3,111.5,334.5,Vendedor 1
3609,2025-07-22,Cliente 11,LA MOLINA,AMORTIGUADORES DELANTEROS,4,295.0,1180.0,Vendedor 5
3610,2025-07-22,Cliente 13,SURCO,AMORTIGUADORES POSTERIORES,3,122.6,367.8,Vendedor 8
3611,2025-07-22,Cliente 28,LA MOLINA,"LLANTAS 18""",2,60.7,121.4,Vendedor 7
3612,2025-07-22,Cliente 43,LA MOLINA,BATERÍA DE 18 PLACAS,1,126.0,126.0,Vendedor 1
3613,2025-07-23,Cliente 5,LA MOLINA,ACEITE DE MOTOR 5W30 FULL SINTÉTICO,3,111.5,334.5,Vendedor 6
3614,2025-07-23,Cliente 39,LA MOLINA,AMORTIGUADORES DELANTEROS,1,295.0,295.0,Vendedor 5
3615,2025-07-23,Cliente 34,SURCO,AMORTIGUADORES POSTERIORES,2,122.6,245.2,Vendedor 8
3616,2025-07-23,Cliente 32,SURCO,"LLANTAS 18""",2,60.7,121.4,Vendedor 1
3617,2025-07-23,Cliente 22,SURCO,BATERÍA DE 18 PLACAS,2,126.0,252.0,Vendedor 5
3618,2025-07-24,Cliente 39,SURCO,AMORTIGUADORES DELANTEROS,1,295.0,295.0,Vendedor 3
3619,2025-07-24,Cliente 22,LA MOLINA,AMORTIGUADORES POSTERIORES,1,122.6,122.6,Vendedor 6
3620,2025-07-24,Cliente 37,SURCO,"LLANTAS 18""",2,60.7,121.4,Vendedor 8
3621,2025-07-25,Cliente 16,SURCO,AMORTIGUADORES POSTERIORES,3,122.6,367.8,Vendedor 4
3622,2025-08-01,Cliente 50,LA MOLINA,AUTO HONDA ACCORD 2014,1,18500.0,18500.0,Vendedor 1
3623,2025-08-01,Cliente 16,LA MOLINA,AUTO HONDA CIVIC 2014,1,25000.0,25000.0,Vendedor 4
3624,2025-08-01,Cliente 21,SURCO,AUTO HONDA CRV 2014,1,29500.0,29500.0,Vendedor 6
3625,2025-08-01,Cliente 36,SURCO,AUTO HONDA PILOT 2013,1,24500.0,24500.0,Vendedor 3
3626,2025-08-01,Cliente 21,SURCO,AUTO HONDA FIT 2016,1,26000.0,26000.0,Vendedor 8
3627,2025-08-02,Cliente 19,SURCO,AUTO HONDA ACCORD 2014,1,18500.0,18500.0,Vendedor 1
3628,2025-08-02,Cliente 34,SURCO,AUTO HONDA CIVIC 2014,1,25000.0,25000.0,Vendedor 9
3629,2025-08-02,Cliente 16,LA MOLINA,AUTO HONDA CRV 2014,1,29500.0,29500.0,Vendedor 7
3630,2025-08-02,Cliente 45,SURCO,AUTO HONDA PILOT 2013,1,24500.0,24500.0,Vendedor 1
3631,2025-08-02,Cliente 17,SURCO,AUTO HONDA FIT 2016,1,26000.0,26000.0,Vendedor 4
3632,2025-08-03,Cliente 6,SURCO,AUTO HONDA ACCORD 2014,1,18500.0,18500.0,Vendedor 6
3633,2025-08-03,Cliente 50,LA MOLINA,AUTO HONDA CIVIC 2014,1,25000.0,25000.0,Vendedor 3
3634,2025-08-03,Cliente 41,SURCO,AUTO HONDA CRV 2014,1,29500.0,29500.0,Vendedor 7
3635,2025-08-03,Cliente 39,SURCO,AUTO HONDA FIT 2016,1,26000.0,26000.0,Vendedor 8
3636,2025-08-03,Cliente 18,SURCO,ACEITE DE MOTOR 5W30 FULL SINTÉTICO,2,100.8,201.6,Vendedor 8
3637,2025-08-03,Cliente 13,LA MOLINA,FILTRO DE COMBUSTIBLE,1,125.0,125.0,Vendedor 10
3638,2025-08-03,Cliente 11,LA MOLINA,AMORTIGUADORES DELANTEROS,4,271.9,1087.6,Vendedor 10
3639,2025-08-03,Cliente 2,LA MOLINA,AMORTIGUADORES POSTERIORES,1,120.6,120.6,Vendedor 2
3640,2025-08-03,Cliente 36,LA MOLINA,"LLANTAS 18""",1,60.3,60.3,Vendedor 8
3641,2025-08-03,Cliente 10,LA MOLINA,BATERÍA DE 18 PLACAS,1,108.9,108.9,Vendedor 6
3642,2025-08-04,Cliente 36,SURCO,AUTO HONDA ACCORD 2014,1,18500.0,18500.0,Vendedor 1
3643,2025-08-04,Cliente 42,LA MOLINA,AUTO HONDA CIVIC 2014,1,25000.0,25000.0,Vendedor 6
3644,2025-08-04,Cliente 12,SURCO,AUTO HONDA CRV 2014,1,29500.0,29500.0,Vendedor 6
3645,2025-08-04,Cliente 42,SURCO,AUTO HONDA FIT 2016,1,26000.0,26000.0,Vendedor 5
3646,2025-08-04,Cliente 33,SURCO,ACEITE DE MOTOR 5W30 FULL SINTÉTICO,2,100.8,201.6,Vendedor 1
3647,2025-08-04,Cliente 32,SURCO,FILTRO DE COMBUSTIBLE,1,125.0,125.0,Vendedor 2
3648,2025-08-04,Cliente 10,SURCO,AMORTIGUADORES DELANTEROS,1,271.9,271.9,Vendedor 2
3649,2025-08-04,Cliente 6,SURCO,AMORTIGUADORES POSTERIORES,1,120.6,120.6,Vendedor 6
3650,2025-08-04,Cliente 6,LA MOLINA,"LLANTAS 18""",2,60.3,120.6,Vendedor 7
3651,2025-08-04,Cliente 49,LA MOLINA,BATERÍA DE 18 PLACAS,1,108.9,108.9,Vendedor 2
3652,2025-08-05,Cliente 26,SURCO,AUTO HONDA ACCORD 2014,1,18500.0,18500.0,Vendedor 9
3653,2025-08-05,Cliente 42,LA MOLINA,ACEITE DE MOTOR 5W30 FULL SINTÉTICO,1,100.8,100.8,Vendedor 7
3654,2025-08-05,Cliente 14,SURCO,AMORTIGUADORES DELANTEROS,2,271.9,543.8,Vendedor 8
3655,2025-08-05,Cliente 49,SURCO,AMORTIGUADORES POSTERIORES,1,120.6,120.6,Vendedor 5
3656,2025-08-05,Cliente 4,SURCO,"LLANTAS 18""",2,60.3,120.6,Vendedor 9
3657,2025-08-05,Cliente 4,SURCO,BATERÍA DE 18 PLACAS,1,108.9,108.9,Vendedor 4
3658,2025-08-06,Cliente 3,SURCO,ACEITE DE MOTOR 5W30 FULL SINTÉTICO,4,100.8,403.2,Vendedor 4
3659,2025-08-06,Cliente 9,SURCO,AMORTIGUADORES DELANTEROS,2,271.9,543.8,Vendedor 9
3660,2025-08-06,Cliente 25,LA MOLINA,AMORTIGUADORES POSTERIORES,2,120.6,241.2,Vendedor 7
3661,2025-08-06,Cliente 32,LA MOLINA,"LLANTAS 18""",1,60.3,60.3,Vendedor 1
3662,2025-08-06,Cliente 36,LA MOLINA,BATERÍA DE 18 PLACAS,1,108.9,108.9,Vendedor 2
3663,2025-08-07,Cliente 38,SURCO,ACEITE DE MOTOR 5W30 FULL SINTÉTICO,1,100.8,100.8,Vendedor 1
3664,2025-08-07,Cliente 38,SURCO,AMORTIGUADORES DELANTEROS,2,271.9,543.8,Vendedor 8
3665,2025-08-07,Cliente 45,LA MOLINA,AMORTIGUADORES POSTERIORES,1,120.6,120.6,Vendedor 2
3666,2025-08-07,Cliente 26,SURCO,"LLANTAS 18""",3,60.3,180.9,Vendedor 4
3667,2025-08-07,Cliente 35,SURCO,BATERÍA DE 18 PLACAS,1,108.9,108.9,Vendedor 1
3668,2025-08-08,Cliente 36,LA MOLINA,ACEITE DE MOTOR 5W30 FULL SINTÉTICO,3,100.8,302.4,Vendedor 6
3669,2025-08-08,Cliente 11,LA MOLINA,AMORTIGUADORES DELANTEROS,5,271.9,1359.5,Vendedor 4
3670,2025-08-08,Cliente 13,LA MOLINA,AMORTIGUADORES POSTERIORES,2,120.6,241.2,Vendedor 6
3671,2025-08-08,Cliente 8,LA MOLINA,"LLANTAS 18""",3,60.3,180.9,Vendedor 5
3672,2025-08-08,Cliente 2,LA MOLINA,BATERÍA DE 18 PLACAS,1,108.9,108.9,Vendedor 8
3673,2025-08-09,Cliente 14,SURCO,AUTO HONDA CITY 2016,1,25000.0,25000.0,Vendedor 3
3674,2025-08-09,Cliente 25,SURCO,ACEITE DE MOTOR 5W30 FULL SINTÉTICO,1,100.8,100.8,Vendedor 2
3675,2025-08-09,Cliente 49,SURCO,AMORTIGUADORES DELANTEROS,2,271.9,543.8,Vendedor 10
3676,2025-08-09,Cliente 38,SURCO,AMORTIGUADORES POSTERIORES,2,120.6,241.2,Vendedor 5
3677,2025-08-09,Cliente 4,LA MOLINA,"LLANTAS 18""",3,60.3,180.9,Vendedor 4
3678,2025-08-09,Cliente 14,LA MOLINA,BATERÍA DE 18 PLACAS,1,108.9,108.9,Vendedor 9
3679,2025-08-10,Cliente 20,SURCO,AUTO HONDA CITY 2016,1,25000.0,25000.0,Vendedor 1
3680,2025-08-10,Cliente 22,LA MOLINA,ACEITE DE MOTOR 5W30 FULL SINTÉTICO,2,100.8,201.6,Vendedor 4
3681,2025-08-10,Cliente 47,LA MOLINA,AMORTIGUADORES DELANTEROS,1,271.9,271.9,Vendedor 6
3682,2025-08-10,Cliente 39,LA MOLINA,AMORTIGUADORES POSTERIORES,2,120.6,241.2,Vendedor 3
3683,2025-08-10,Cliente 36,SURCO,"LLANTAS 18""",4,60.3,241.2,Vendedor 10
3684,2025-08-10,Cliente 43,SURCO,BATERÍA DE 18 PLACAS,1,108.9,108.9,Vendedor 4
3685,2025-08-11,Cliente 40,SURCO,AUTO HONDA CITY 2016,1,25000.0,25000.0,Vendedor 2
3686,2025-08-11,Cliente 40,LA MOLINA,ACEITE DE MOTOR 5W30 FULL SINTÉTICO,1,100.8,100.8,Vendedor 1
3687,2025-08-11,Cliente 1,SURCO,AMORTIGUADORES DELANTEROS,1,271.9,271.9,Vendedor 5
3688,2025-08-11,Cliente 47,LA MOLINA,AMORTIGUADORES POSTERIORES,2,120.6,241.2,Vendedor 10
3689,2025-08-11,Cliente 4,SURCO,"LLANTAS 18""",1,60.3,60.3,Vendedor 6
3690,2025-08-11,Cliente 42,SURCO,BATERÍA DE 18 PLACAS,1,108.9,108.9,Vendedor 4
3691,2025-08-12,Cliente 48,SURCO,AUTO HONDA CITY 2016,1,25000.0,25000.0,Vendedor 6
3692,2025-08-12,Cliente 27,LA MOLINA,ACEITE DE MOTOR 5W30 FULL SINTÉTICO,1,100.8,100.8,Vendedor 1
3693,2025-08-12,Cliente 20,SURCO,AMORTIGUADORES POSTERIORES,1,120.6,120.6,Vendedor 3
3694,2025-08-12,Cliente 14,SURCO,BATERÍA DE 18 PLACAS,1,108.9,108.9,Vendedor 2
3695,2025-08-13,Cliente 31,SURCO,AUTO HONDA CITY 2016,1,25000.0,25000.0,Vendedor 3
3696,2025-08-13,Cliente 6,LA MOLINA,ACEITE DE MOTOR 5W30 FULL SINTÉTICO,1,100.8,100.8,Vendedor 4
3697,2025-08-13,Cliente 18,SURCO,AMORTIGUADORES POSTERIORES,3,120.6,361.8,Vendedor 1
3698,2025-08-14,Cliente 14,LA MOLINA,ACEITE DE MOTOR 5W30 FULL SINTÉTICO,1,100.8,100.8,Vendedor 2
3699,2025-08-14,Cliente 2,SURCO,AMORTIGUADORES POSTERIORES,2,120.6,241.2,Vendedor 1
3700,2025-08-17,Cliente 50,SURCO,ACEITE DE MOTOR 5W30 FULL SINTÉTICO,6,100.8,604.8,Vendedor 5
3701,2025-08-17,Cliente 47,LA MOLINA,FILTRO DE COMBUSTIBLE,1,125.0,125.0,Vendedor 8
3702,2025-08-17,Cliente 2,LA MOLINA,AMORTIGUADORES DELANTEROS,4,271.9,1087.6,Vendedor 5
3703,2025-08-17,Cliente 45,SURCO,AMORTIGUADORES POSTERIORES,1,120.6,120.6,Vendedor 8
3704,2025-08-17,Cliente 37,SURCO,"LLANTAS 18""",1,60.3,60.3,Vendedor 7
3705,2025-08-17,Cliente 46,SURCO,BATERÍA DE 18 PLACAS,2,108.9,217.8,Vendedor 1
3706,2025-08-18,Cliente 6,LA MOLINA,ACEITE DE MOTOR 5W30 FULL SINTÉTICO,3,100.8,302.4,Vendedor 10
3707,2025-08-18,Cliente 30,SURCO,FILTRO DE COMBUSTIBLE,1,125.0,125.0,Vendedor 8
3708,2025-08-18,Cliente 24,SURCO,AMORTIGUADORES DELANTEROS,9,271.9,2447.1,Vendedor 6
3709,2025-08-18,Cliente 21,SURCO,AMORTIGUADORES POSTERIORES,3,120.6,361.8,Vendedor 6
3710,2025-08-18,Cliente 38,SURCO,"LLANTAS 18""",4,60.3,241.2,Vendedor 7
3711,2025-08-18,Cliente 23,LA MOLINA,BATERÍA DE 18 PLACAS,2,108.9,217.8,Vendedor 5
3712,2025-08-19,Cliente 44,LA MOLINA,ACEITE DE MOTOR 5W30 FULL SINTÉTICO,2,100.8,201.6,Vendedor 9
3713,2025-08-19,Cliente 28,LA MOLINA,AMORTIGUADORES DELANTEROS,6,271.9,1631.4,Vendedor 2
3714,2025-08-19,Cliente 9,LA MOLINA,AMORTIGUADORES POSTERIORES,3,120.6,361.8,Vendedor 6
3715,2025-08-19,Cliente 29,LA MOLINA,"LLANTAS 18""",3,60.3,180.9,Vendedor 9
3716,2025-08-19,Cliente 22,SURCO,BATERÍA DE 18 PLACAS,1,108.9,108.9,Vendedor 9
3717,2025-08-20,Cliente 39,SURCO,ACEITE DE MOTOR 5W30 FULL SINTÉTICO,4,100.8,403.2,Vendedor 6
3718,2025-08-20,Cliente 37,SURCO,AMORTIGUADORES DELANTEROS,1,271.9,271.9,Vendedor 3
3719,2025-08-20,Cliente 6,LA MOLINA,AMORTIGUADORES POSTERIORES,1,120.6,120.6,Vendedor 7
3720,2025-08-20,Cliente 34,SURCO,"LLANTAS 18""",1,60.3,60.3,Vendedor 2
3721,2025-08-20,Cliente 36,LA MOLINA,BATERÍA DE 18 PLACAS,1,108.9,108.9,Vendedor 3
3722,2025-08-21,Cliente 44,LA MOLINA,ACEITE DE MOTOR 5W30 FULL SINTÉTICO,5,100.8,504.0,Vendedor 6
3723,2025-08-21,Cliente 47,LA MOLINA,AMORTIGUADORES POSTERIORES,1,120.6,120.6,Vendedor 6
3724,2025-08-21,Cliente 34,LA MOLINA,"LLANTAS 18""",5,60.3,301.5,Vendedor 7
3725,2025-08-21,Cliente 48,LA MOLINA,BATERÍA DE 18 PLACAS,1,108.9,108.9,Vendedor 7
3726,2025-08-22,Cliente 10,LA MOLINA,AMORTIGUADORES POSTERIORES,2,120.6,241.2,Vendedor 4
3727,2025-08-22,Cliente 33,SURCO,"LLANTAS 18""",4,60.3,241.2,Vendedor 2
3728,2025-08-22,Cliente 5,SURCO,BATERÍA DE 18 PLACAS,2,108.9,217.8,Vendedor 5
3729,2025-08-23,Cliente 35,SURCO,AMORTIGUADORES POSTERIORES,3,120.6,361.8,Vendedor 2
3730,2025-08-23,Cliente 2,LA MOLINA,"LLANTAS 18""",2,60.3,120.6,Vendedor 1
3731,2025-08-23,Cliente 14,LA MOLINA,BATERÍA DE 18 PLACAS,1,108.9,108.9,Vendedor 3
3732,2025-08-24,Cliente 8,LA MOLINA,AMORTIGUADORES POSTERIORES,3,120.6,361.8,Vendedor 7
3733,2025-08-25,Cliente 22,SURCO,AMORTIGUADORES POSTERIORES,3,120.6,361.8,Vendedor 7
3734,2025-09-01,Cliente 3,LA MOLINA,AUTO HONDA ACCORD 2014,1,25500.0,25500.0,Vendedor 6
3735,2025-09-01,Cliente 36,LA MOLINA,AUTO HONDA CIVIC 2014,1,24000.0,24000.0,Vendedor 8
3736,2025-09-01,Cliente 40,SURCO,AUTO HONDA ODISSEY 2013,1,24000.0,24000.0,Vendedor 7
3737,2025-09-01,Cliente 1,SURCO,AUTO HONDA CRV 2014,1,29500.0,29500.0,Vendedor 3
3738,2025-09-01,Cliente 33,SURCO,AUTO HONDA PILOT 2013,1,24500.0,24500.0,Vendedor 8
3739,2025-09-01,Cliente 33,SURCO,AUTO HONDA FIT 2016,1,22500.0,22500.0,Vendedor 3
3740,2025-09-02,Cliente 38,LA MOLINA,AUTO HONDA ACCORD 2014,1,25500.0,25500.0,Vendedor 2
3741,2025-09-02,Cliente 12,LA MOLINA,AUTO HONDA CIVIC 2014,1,24000.0,24000.0,Vendedor 8
3742,2025-09-02,Cliente 11,LA MOLINA,AUTO HONDA ODISSEY 2013,1,24000.0,24000.0,Vendedor 1
3743,2025-09-02,Cliente 39,LA MOLINA,AUTO HONDA CRV 2014,1,29500.0,29500.0,Vendedor 6
3744,2025-09-02,Cliente 8,SURCO,AUTO HONDA PILOT 2013,1,24500.0,24500.0,Vendedor 3
3745,2025-09-03,Cliente 1,SURCO,AUTO HONDA CIVIC 2014,1,24000.0,24000.0,Vendedor 7
3746,2025-09-03,Cliente 50,SURCO,AUTO HONDA ODISSEY 2013,1,24000.0,24000.0,Vendedor 7
3747,2025-09-03,Cliente 20,SURCO,AUTO HONDA CRV 2014,1,29500.0,29500.0,Vendedor 3
3748,2025-09-03,Cliente 22,SURCO,AUTO HONDA PILOT 2013,1,24500.0,24500.0,Vendedor 10
3749,2025-09-03,Cliente 46,SURCO,ACEITE DE MOTOR 5W30 FULL SINTÉTICO,2,99.7,199.4,Vendedor 8
3750,2025-09-03,Cliente 7,SURCO,FILTRO DE COMBUSTIBLE,1,100.1,100.1,Vendedor 3
3751,2025-09-03,Cliente 48,SURCO,AMORTIGUADORES DELANTEROS,2,280.5,561.0,Vendedor 10
3752,2025-09-03,Cliente 29,SURCO,AMORTIGUADORES POSTERIORES,3,127.2,381.6,Vendedor 8
3753,2025-09-03,Cliente 2,LA MOLINA,"LLANTAS 18""",2,92.1,184.2,Vendedor 9
3754,2025-09-03,Cliente 41,LA MOLINA,BATERÍA DE 18 PLACAS,1,112.3,112.3,Vendedor 9
3755,2025-09-04,Cliente 27,SURCO,AUTO HONDA CIVIC 2014,1,24000.0,24000.0,Vendedor 8
3756,2025-09-04,Cliente 18,SURCO,AUTO HONDA ODISSEY 2013,1,24000.0,24000.0,Vendedor 7
3757,2025-09-04,Cliente 5,LA MOLINA,ACEITE DE MOTOR 5W30 FULL SINTÉTICO,3,99.7,299.1,Vendedor 2
3758,2025-09-04,Cliente 43,LA MOLINA,AMORTIGUADORES DELANTEROS,1,280.5,280.5,Vendedor 6
3759,2025-09-04,Cliente 33,LA MOLINA,AMORTIGUADORES POSTERIORES,2,127.2,254.4,Vendedor 4
3760,2025-09-04,Cliente 2,SURCO,"LLANTAS 18""",1,92.1,92.1,Vendedor 3
3761,2025-09-04,Cliente 37,SURCO,BATERÍA DE 18 PLACAS,1,112.3,112.3,Vendedor 3
3762,2025-09-05,Cliente 29,SURCO,AUTO HONDA ODISSEY 2013,1,24000.0,24000.0,Vendedor 9
3763,2025-09-05,Cliente 31,LA MOLINA,ACEITE DE MOTOR 5W30 FULL SINTÉTICO,2,99.7,199.4,Vendedor 2
3764,2025-09-05,Cliente 8,LA MOLINA,AMORTIGUADORES DELANTEROS,2,280.5,561.0,Vendedor 9
3765,2025-09-05,Cliente 13,SURCO,AMORTIGUADORES POSTERIORES,1,127.2,127.2,Vendedor 3
3766,2025-09-05,Cliente 48,SURCO,"LLANTAS 18""",2,92.1,184.2,Vendedor 7
3767,2025-09-05,Cliente 24,SURCO,BATERÍA DE 18 PLACAS,1,112.3,112.3,Vendedor 1
3768,2025-09-06,Cliente 8,SURCO,AUTO HONDA ODISSEY 2013,1,24000.0,24000.0,Vendedor 9
3769,2025-09-06,Cliente 38,LA MOLINA,ACEITE DE MOTOR 5W30 FULL SINTÉTICO,3,99.7,299.1,Vendedor 9
3770,2025-09-06,Cliente 9,LA MOLINA,AMORTIGUADORES DELANTEROS,1,280.5,280.5,Vendedor 6
3771,2025-09-06,Cliente 14,LA MOLINA,AMORTIGUADORES POSTERIORES,1,127.2,127.2,Vendedor 4
3772,2025-09-06,Cliente 31,LA MOLINA,"LLANTAS 18""",2,92.1,184.2,Vendedor 4
3773,2025-09-06,Cliente 12,SURCO,BATERÍA DE 18 PLACAS,1,112.3,112.3,Vendedor 7
3774,2025-09-07,Cliente 10,SURCO,ACEITE DE MOTOR 5W30 FULL SINTÉTICO,3,99.7,299.1,Vendedor 3
3775,2025-09-07,Cliente 31,SURCO,AMORTIGUADORES DELANTEROS,2,280.5,561.0,Vendedor 9
3776,2025-09-07,Cliente 16,SURCO,AMORTIGUADORES POSTERIORES,1,127.2,127.2,Vendedor 7
3777,2025-09-07,Cliente 17,SURCO,"LLANTAS 18""",2,92.1,184.2,Vendedor 7
3778,2025-09-07,Cliente 49,SURCO,BATERÍA DE 18 PLACAS,1,112.3,112.3,Vendedor 7
3779,2025-09-08,Cliente 50,LA MOLINA,ACEITE DE MOTOR 5W30 FULL SINTÉTICO,1,99.7,99.7,Vendedor 7
3780,2025-09-08,Cliente 43,SURCO,AMORTIGUADORES DELANTEROS,1,280.5,280.5,Vendedor 6
3781,2025-09-08,Cliente 39,LA MOLINA,AMORTIGUADORES POSTERIORES,2,127.2,254.4,Vendedor 4
3782,2025-09-08,Cliente 40,LA MOLINA,"LLANTAS 18""",1,92.1,92.1,Vendedor 9
3783,2025-09-08,Cliente 42,LA MOLINA,BATERÍA DE 18 PLACAS,1,112.3,112.3,Vendedor 3
3784,2025-09-09,Cliente 39,SURCO,AUTO HONDA PILOT 2013,1,24500.0,24500.0,Vendedor 9
3785,2025-09-09,Cliente 32,SURCO,AUTO HONDA FIT 2016,1,22500.0,22500.0,Vendedor 2
3786,2025-09-09,Cliente 39,SURCO,AUTO HONDA CITY 2016,1,25000.0,25000.0,Vendedor 1
3787,2025-09-09,Cliente 36,SURCO,ACEITE DE MOTOR 5W30 FULL SINTÉTICO,2,99.7,199.4,Vendedor 2
3788,2025-09-09,Cliente 24,SURCO,AMORTIGUADORES DELANTEROS,2,280.5,561.0,Vendedor 5
3789,2025-09-09,Cliente 30,LA MOLINA,AMORTIGUADORES POSTERIORES,2,127.2,254.4,Vendedor 6
3790,2025-09-09,Cliente 20,LA MOLINA,"LLANTAS 18""",2,92.1,184.2,Vendedor 8
3791,2025-09-09,Cliente 25,LA MOLINA,BATERÍA DE 18 PLACAS,1,112.3,112.3,Vendedor 10
3792,2025-09-10,Cliente 31,SURCO,AUTO HONDA FIT 2016,1,22500.0,22500.0,Vendedor 6
3793,2025-09-10,Cliente 45,SURCO,AUTO HONDA CITY 2016,1,25000.0,25000.0,Vendedor 8
3794,2025-09-10,Cliente 17,SURCO,ACEITE DE MOTOR 5W30 FULL SINTÉTICO,2,99.7,199.4,Vendedor 5
3795,2025-09-10,Cliente 39,LA MOLINA,AMORTIGUADORES DELANTEROS,3,280.5,841.5,Vendedor 9
3796,2025-09-10,Cliente 21,LA MOLINA,AMORTIGUADORES POSTERIORES,1,127.2,127.2,Vendedor 4
3797,2025-09-10,Cliente 20,LA MOLINA,"LLANTAS 18""",1,92.1,92.1,Vendedor 4
3798,2025-09-10,Cliente 34,LA MOLINA,BATERÍA DE 18 PLACAS,1,112.3,112.3,Vendedor 7
3799,2025-09-11,Cliente 17,SURCO,AUTO HONDA FIT 2016,1,22500.0,22500.0,Vendedor 10
3800,2025-09-11,Cliente 43,SURCO,AUTO HONDA CITY 2016,1,25000.0,25000.0,Vendedor 4
3801,2025-09-11,Cliente 50,SURCO,ACEITE DE MOTOR 5W30 FULL SINTÉTICO,1,99.7,99.7,Vendedor 5
3802,2025-09-11,Cliente 46,LA MOLINA,AMORTIGUADORES DELANTEROS,2,280.5,561.0,Vendedor 9
3803,2025-09-11,Cliente 14,LA MOLINA,AMORTIGUADORES POSTERIORES,2,127.2,254.4,Vendedor 8
3804,2025-09-11,Cliente 47,SURCO,"LLANTAS 18""",1,92.1,92.1,Vendedor 5
3805,2025-09-11,Cliente 14,SURCO,BATERÍA DE 18 PLACAS,1,112.3,112.3,Vendedor 10
3806,2025-09-12,Cliente 12,SURCO,AUTO HONDA CITY 2016,1,25000.0,25000.0,Vendedor 8
3807,2025-09-12,Cliente 26,LA MOLINA,ACEITE DE MOTOR 5W30 FULL SINTÉTICO,1,99.7,99.7,Vendedor 8
3808,2025-09-12,Cliente 35,LA MOLINA,AMORTIGUADORES DELANTEROS,1,280.5,280.5,Vendedor 6
3809,2025-09-12,Cliente 39,SURCO,AMORTIGUADORES POSTERIORES,1,127.2,127.2,Vendedor 2
3810,2025-09-12,Cliente 25,SURCO,"LLANTAS 18""",2,92.1,184.2,Vendedor 9
3811,2025-09-12,Cliente 1,LA MOLINA,BATERÍA DE 18 PLACAS,1,112.3,112.3,Vendedor 2
3812,2025-09-13,Cliente 17,SURCO,AUTO HONDA CITY 2016,1,25000.0,25000.0,Vendedor 8
3813,2025-09-13,Cliente 33,SURCO,AMORTIGUADORES DELANTEROS,3,280.5,841.5,Vendedor 10
3814,2025-09-13,Cliente 18,SURCO,AMORTIGUADORES POSTERIORES,2,127.2,254.4,Vendedor 1
3815,2025-09-13,Cliente 39,LA MOLINA,"LLANTAS 18""",2,92.1,184.2,Vendedor 2
3816,2025-09-14,Cliente 8,SURCO,AMORTIGUADORES POSTERIORES,2,127.2,254.4,Vendedor 3
3817,2025-09-14,Cliente 24,SURCO,"LLANTAS 18""",1,92.1,92.1,Vendedor 1
3818,2025-09-15,Cliente 9,SURCO,"LLANTAS 18""",1,92.1,92.1,Vendedor 2
3819,2025-09-17,Cliente 19,LA MOLINA,ACEITE DE MOTOR 5W30 FULL SINTÉTICO,3,99.7,299.1,Vendedor 7
3820,2025-09-17,Cliente 15,SURCO,AMORTIGUADORES DELANTEROS,2,280.5,561.0,Vendedor 10
3821,2025-09-17,Cliente 16,LA MOLINA,AMORTIGUADORES POSTERIORES,3,127.2,381.6,Vendedor 3
3822,2025-09-17,Cliente 49,LA MOLINA,"LLANTAS 18""",1,92.1,92.1,Vendedor 4
3823,2025-09-17,Cliente 14,LA MOLINA,BATERÍA DE 18 PLACAS,1,112.3,112.3,Vendedor 9
3824,2025-09-18,Cliente 11,SURCO,ACEITE DE MOTOR 5W30 FULL SINTÉTICO,5,99.7,498.5,Vendedor 2
3825,2025-09-18,Cliente 32,LA MOLINA,AMORTIGUADORES DELANTEROS,5,280.5,1402.5,Vendedor 2
3826,2025-09-18,Cliente 27,SURCO,AMORTIGUADORES POSTERIORES,1,127.2,127.2,Vendedor 4
3827,2025-09-18,Cliente 40,LA MOLINA,"LLANTAS 18""",1,92.1,92.1,Vendedor 3
3828,2025-09-18,Cliente 18,SURCO,BATERÍA DE 18 PLACAS,1,112.3,112.3,Vendedor 2
3829,2025-09-19,Cliente 43,SURCO,ACEITE DE MOTOR 5W30 FULL SINTÉTICO,1,99.7,99.7,Vendedor 5
3830,2025-09-19,Cliente 29,LA MOLINA,AMORTIGUADORES DELANTEROS,4,280.5,1122.0,Vendedor 4
3831,2025-09-19,Cliente 6,SURCO,AMORTIGUADORES POSTERIORES,2,127.2,254.4,Vendedor 7
3832,2025-09-19,Cliente 10,LA MOLINA,"LLANTAS 18""",4,92.1,368.4,Vendedor 7
3833,2025-09-19,Cliente 35,SURCO,BATERÍA DE 18 PLACAS,2,112.3,224.6,Vendedor 5
3834,2025-09-20,Cliente 28,LA MOLINA,ACEITE DE MOTOR 5W30 FULL SINTÉTICO,2,99.7,199.4,Vendedor 9
3835,2025-09-20,Cliente 2,LA MOLINA,AMORTIGUADORES DELANTEROS,1,280.5,280.5,Vendedor 8
3836,2025-09-20,Cliente 29,LA MOLINA,AMORTIGUADORES POSTERIORES,5,127.2,636.0,Vendedor 10
3837,2025-09-20,Cliente 10,LA MOLINA,"LLANTAS 18""",2,92.1,184.2,Vendedor 2
3838,2025-09-20,Cliente 26,SURCO,BATERÍA DE 18 PLACAS,2,112.3,224.6,Vendedor 4
3839,2025-09-21,Cliente 23,LA MOLINA,ACEITE DE MOTOR 5W30 FULL SINTÉTICO,2,99.7,199.4,Vendedor 7
3840,2025-09-21,Cliente 46,SURCO,AMORTIGUADORES DELANTEROS,5,280.5,1402.5,Vendedor 5
3841,2025-09-21,Cliente 39,LA MOLINA,AMORTIGUADORES POSTERIORES,2,127.2,254.4,Vendedor 8
3842,2025-09-21,Cliente 42,SURCO,"LLANTAS 18""",1,92.1,92.1,Vendedor 2
3843,2025-09-21,Cliente 25,LA MOLINA,BATERÍA DE 18 PLACAS,2,112.3,224.6,Vendedor 10
3844,2025-09-22,Cliente 25,LA MOLINA,ACEITE DE MOTOR 5W30 FULL SINTÉTICO,3,99.7,299.1,Vendedor 1
3845,2025-09-22,Cliente 47,SURCO,AMORTIGUADORES DELANTEROS,3,280.5,841.5,Vendedor 8
3846,2025-09-22,Cliente 28,SURCO,AMORTIGUADORES POSTERIORES,4,127.2,508.8,Vendedor 5
3847,2025-09-22,Cliente 18,SURCO,"LLANTAS 18""",3,92.1,276.3,Vendedor 6
3848,2025-09-22,Cliente 11,LA MOLINA,BATERÍA DE 18 PLACAS,2,112.3,224.6,Vendedor 3
3849,2025-09-23,Cliente 3,SURCO,ACEITE DE MOTOR 5W30 FULL SINTÉTICO,2,99.7,199.4,Vendedor 7
3850,2025-09-23,Cliente 6,SURCO,AMORTIGUADORES POSTERIORES,1,127.2,127.2,Vendedor 3
3851,2025-09-23,Cliente 17,SURCO,"LLANTAS 18""",1,92.1,92.1,Vendedor 2
3852,2025-09-24,Cliente 10,SURCO,ACEITE DE MOTOR 5W30 FULL SINTÉTICO,2,99.7,199.4,Vendedor 5
3853,2025-09-24,Cliente 12,SURCO,AMORTIGUADORES POSTERIORES,2,127.2,254.4,Vendedor 4
3854,2025-09-24,Cliente 11,LA MOLINA,"LLANTAS 18""",2,92.1,184.2,Vendedor 9
3855,2025-09-25,Cliente 19,SURCO,"LLANTAS 18""",1,92.1,92.1,Vendedor 9
3856,2025-09-26,Cliente 13,SURCO,"LLANTAS 18""",2,92.1,184.2,Vendedor 10
3857,2025-09-27,Cliente 50,SURCO,"LLANTAS 18""",1,92.1,92.1,Vendedor 8
3858,2025-10-01,Cliente 9,SURCO,AUTO HONDA ACCORD 2014,1,17500.0,17500.0,Vendedor 4
3859,2025-10-01,Cliente 37,LA MOLINA,AUTO HONDA CIVIC 2014,1,24000.0,24000.0,Vendedor 5
3860,2025-10-01,Cliente 16,LA MOLINA,AUTO HONDA ODISSEY 2013,1,25000.0,25000.0,Vendedor 8
3861,2025-10-01,Cliente 46,SURCO,AUTO HONDA CRV 2014,1,28000.0,28000.0,Vendedor 2
3862,2025-10-01,Cliente 11,SURCO,AUTO HONDA PILOT 2013,1,30500.0,30500.0,Vendedor 10
3863,2025-10-01,Cliente 5,SURCO,AUTO HONDA FIT 2016,1,19500.0,19500.0,Vendedor 7
3864,2025-10-01,Cliente 19,SURCO,FILTRO DE COMBUSTIBLE,1,111.2,111.2,Vendedor 8
3865,2025-10-02,Cliente 36,LA MOLINA,AUTO HONDA CIVIC 2014,1,24000.0,24000.0,Vendedor 9
3866,2025-10-02,Cliente 34,LA MOLINA,AUTO HONDA ODISSEY 2013,1,25000.0,25000.0,Vendedor 8
3867,2025-10-02,Cliente 39,LA MOLINA,AUTO HONDA CRV 2014,1,28000.0,28000.0,Vendedor 10
3868,2025-10-02,Cliente 49,LA MOLINA,FILTRO DE COMBUSTIBLE,1,111.2,111.2,Vendedor 5
3869,2025-10-03,Cliente 9,LA MOLINA,AUTO HONDA CIVIC 2014,1,24000.0,24000.0,Vendedor 1
3870,2025-10-03,Cliente 5,SURCO,AUTO HONDA CRV 2014,1,28000.0,28000.0,Vendedor 10
3871,2025-10-03,Cliente 8,LA MOLINA,ACEITE DE MOTOR 5W30 FULL SINTÉTICO,2,135.1,270.2,Vendedor 10
3872,2025-10-03,Cliente 25,LA MOLINA,AMORTIGUADORES DELANTEROS,2,220.4,440.8,Vendedor 5
3873,2025-10-03,Cliente 21,SURCO,AMORTIGUADORES POSTERIORES,2,133.8,267.6,Vendedor 8
3874,2025-10-03,Cliente 14,SURCO,"LLANTAS 18""",2,90.0,180.0,Vendedor 7
3875,2025-10-03,Cliente 29,SURCO,BATERÍA DE 18 PLACAS,1,124.3,124.3,Vendedor 10
3876,2025-10-04,Cliente 42,SURCO,AUTO HONDA CIVIC 2014,1,24000.0,24000.0,Vendedor 5
3877,2025-10-04,Cliente 16,LA MOLINA,AUTO HONDA CRV 2014,1,28000.0,28000.0,Vendedor 3
3878,2025-10-04,Cliente 29,SURCO,ACEITE DE MOTOR 5W30 FULL SINTÉTICO,1,135.1,135.1,Vendedor 5
3879,2025-10-04,Cliente 30,LA MOLINA,AMORTIGUADORES DELANTEROS,2,220.4,440.8,Vendedor 8
3880,2025-10-04,Cliente 30,SURCO,AMORTIGUADORES POSTERIORES,2,133.8,267.6,Vendedor 3
3881,2025-10-04,Cliente 16,SURCO,"LLANTAS 18""",4,90.0,360.0,Vendedor 3
3882,2025-10-04,Cliente 19,SURCO,BATERÍA DE 18 PLACAS,1,124.3,124.3,Vendedor 6
3883,2025-10-05,Cliente 23,SURCO,AUTO HONDA CIVIC 2014,1,24000.0,24000.0,Vendedor 8
3884,2025-10-05,Cliente 42,LA MOLINA,AUTO HONDA CRV 2014,1,28000.0,28000.0,Vendedor 7
3885,2025-10-05,Cliente 23,LA MOLINA,ACEITE DE MOTOR 5W30 FULL SINTÉTICO,1,135.1,135.1,Vendedor 9
3886,2025-10-05,Cliente 3,LA MOLINA,AMORTIGUADORES DELANTEROS,3,220.4,661.2,Vendedor 8
3887,2025-10-05,Cliente 22,LA MOLINA,AMORTIGUADORES POSTERIORES,1,133.8,133.8,Vendedor 4
3888,2025-10-05,Cliente 1,SURCO,"LLANTAS 18""",3,90.0,270.0,Vendedor 2
3889,2025-10-05,Cliente 48,SURCO,BATERÍA DE 18 PLACAS,1,124.3,124.3,Vendedor 9
3890,2025-10-06,Cliente 4,SURCO,AUTO HONDA CIVIC 2014,1,24000.0,24000.0,Vendedor 1
3891,2025-10-06,Cliente 2,LA MOLINA,ACEITE DE MOTOR 5W30 FULL SINTÉTICO,2,135.1,270.2,Vendedor 8
3892,2025-10-06,Cliente 40,LA MOLINA,AMORTIGUADORES DELANTEROS,2,220.4,440.8,Vendedor 8
3893,2025-10-06,Cliente 19,LA MOLINA,AMORTIGUADORES POSTERIORES,2,133.8,267.6,Vendedor 6
3894,2025-10-06,Cliente 29,SURCO,"LLANTAS 18""",1,90.0,90.0,Vendedor 8
3895,2025-10-06,Cliente 49,LA MOLINA,BATERÍA DE 18 PLACAS,1,124.3,124.3,Vendedor 9
3896,2025-10-07,Cliente 10,SURCO,ACEITE DE MOTOR 5W30 FULL SINTÉTICO,1,135.1,135.1,Vendedor 7
3897,2025-10-07,Cliente 47,LA MOLINA,AMORTIGUADORES DELANTEROS,1,220.4,220.4,Vendedor 5
3898,2025-10-07,Cliente 49,SURCO,AMORTIGUADORES POSTERIORES,1,133.8,133.8,Vendedor 4
3899,2025-10-07,Cliente 18,LA MOLINA,"LLANTAS 18""",1,90.0,90.0,Vendedor 7
3900,2025-10-07,Cliente 3,SURCO,BATERÍA DE 18 PLACAS,1,124.3,124.3,Vendedor 1
3901,2025-10-08,Cliente 9,SURCO,ACEITE DE MOTOR 5W30 FULL SINTÉTICO,3,135.1,405.3,Vendedor 4
3902,2025-10-08,Cliente 27,SURCO,AMORTIGUADORES DELANTEROS,2,220.4,440.8,Vendedor 3
3903,2025-10-08,Cliente 14,LA MOLINA,AMORTIGUADORES POSTERIORES,2,133.8,267.6,Vendedor 1
3904,2025-10-08,Cliente 3,LA MOLINA,"LLANTAS 18""",1,90.0,90.0,Vendedor 5
3905,2025-10-08,Cliente 5,LA MOLINA,BATERÍA DE 18 PLACAS,1,124.3,124.3,Vendedor 4
3906,2025-10-09,Cliente 44,SURCO,ACEITE DE MOTOR 5W30 FULL SINTÉTICO,4,135.1,540.4,Vendedor 8
3907,2025-10-09,Cliente 43,SURCO,AMORTIGUADORES DELANTEROS,1,220.4,220.4,Vendedor 8
3908,2025-10-09,Cliente 31,LA MOLINA,AMORTIGUADORES POSTERIORES,2,133.8,267.6,Vendedor 5
3909,2025-10-09,Cliente 34,LA MOLINA,"LLANTAS 18""",3,90.0,270.0,Vendedor 3
3910,2025-10-09,Cliente 39,LA MOLINA,BATERÍA DE 18 PLACAS,1,124.3,124.3,Vendedor 4
3911,2025-10-10,Cliente 2,SURCO,AUTO HONDA PILOT 2013,1,30500.0,30500.0,Vendedor 7
3912,2025-10-10,Cliente 18,SURCO,AUTO HONDA FIT 2016,1,19500.0,19500.0,Vendedor 6
3913,2025-10-10,Cliente 32,SURCO,AUTO HONDA CITY 2016,1,27000.0,27000.0,Vendedor 7
3914,2025-10-10,Cliente 17,LA MOLINA,ACEITE DE MOTOR 5W30 FULL SINTÉTICO,1,135.1,135.1,Vendedor 2
3915,2025-10-10,Cliente 15,SURCO,AMORTIGUADORES DELANTEROS,2,220.4,440.8,Vendedor 4
3916,2025-10-10,Cliente 7,SURCO,AMORTIGUADORES POSTERIORES,2,133.8,267.6,Vendedor 9
3917,2025-10-10,Cliente 48,LA MOLINA,"LLANTAS 18""",3,90.0,270.0,Vendedor 7
3918,2025-10-10,Cliente 37,LA MOLINA,BATERÍA DE 18 PLACAS,1,124.3,124.3,Vendedor 6
3919,2025-10-11,Cliente 6,SURCO,AUTO HONDA PILOT 2013,1,30500.0,30500.0,Vendedor 4
3920,2025-10-11,Cliente 40,SURCO,AUTO HONDA FIT 2016,1,19500.0,19500.0,Vendedor 8
3921,2025-10-11,Cliente 50,SURCO,AUTO HONDA CITY 2016,1,27000.0,27000.0,Vendedor 6
3922,2025-10-11,Cliente 26,LA MOLINA,ACEITE DE MOTOR 5W30 FULL SINTÉTICO,1,135.1,135.1,Vendedor 7
3923,2025-10-11,Cliente 31,SURCO,AMORTIGUADORES DELANTEROS,2,220.4,440.8,Vendedor 1
3924,2025-10-11,Cliente 8,LA MOLINA,AMORTIGUADORES POSTERIORES,2,133.8,267.6,Vendedor 5
3925,2025-10-11,Cliente 32,LA MOLINA,"LLANTAS 18""",2,90.0,180.0,Vendedor 7
3926,2025-10-11,Cliente 26,SURCO,BATERÍA DE 18 PLACAS,1,124.3,124.3,Vendedor 7
3927,2025-10-12,Cliente 19,SURCO,AUTO HONDA PILOT 2013,1,30500.0,30500.0,Vendedor 4
3928,2025-10-12,Cliente 22,SURCO,AUTO HONDA CITY 2016,1,27000.0,27000.0,Vendedor 3
3929,2025-10-12,Cliente 6,LA MOLINA,ACEITE DE MOTOR 5W30 FULL SINTÉTICO,3,135.1,405.3,Vendedor 2
3930,2025-10-12,Cliente 48,SURCO,AMORTIGUADORES DELANTEROS,1,220.4,220.4,Vendedor 1
3931,2025-10-12,Cliente 32,LA MOLINA,AMORTIGUADORES POSTERIORES,1,133.8,133.8,Vendedor 2
3932,2025-10-12,Cliente 1,LA MOLINA,BATERÍA DE 18 PLACAS,1,124.3,124.3,Vendedor 8
3933,2025-10-13,Cliente 3,SURCO,AUTO HONDA PILOT 2013,1,30500.0,30500.0,Vendedor 3
3934,2025-10-13,Cliente 24,SURCO,AUTO HONDA CITY 2016,1,27000.0,27000.0,Vendedor 6
3935,2025-10-13,Cliente 11,SURCO,ACEITE DE MOTOR 5W30 FULL SINTÉTICO,1,135.1,135.1,Vendedor 5
3936,2025-10-13,Cliente 3,SURCO,AMORTIGUADORES DELANTEROS,2,220.4,440.8,Vendedor 10
3937,2025-10-13,Cliente 40,SURCO,AMORTIGUADORES POSTERIORES,1,133.8,133.8,Vendedor 1
3938,2025-10-14,Cliente 26,SURCO,AUTO HONDA CITY 2016,1,27000.0,27000.0,Vendedor 8
3939,2025-10-14,Cliente 40,SURCO,AMORTIGUADORES POSTERIORES,2,133.8,267.6,Vendedor 5
3940,2025-10-17,Cliente 22,LA MOLINA,ACEITE DE MOTOR 5W30 FULL SINTÉTICO,1,135.1,135.1,Vendedor 3
3941,2025-10-17,Cliente 23,LA MOLINA,AMORTIGUADORES DELANTEROS,4,220.4,881.6,Vendedor 9
3942,2025-10-17,Cliente 42,LA MOLINA,AMORTIGUADORES POSTERIORES,3,133.8,401.4,Vendedor 7
3943,2025-10-17,Cliente 20,SURCO,"LLANTAS 18""",4,90.0,360.0,Vendedor 6
3944,2025-10-17,Cliente 30,SURCO,BATERÍA DE 18 PLACAS,1,124.3,124.3,Vendedor 3
3945,2025-10-18,Cliente 3,SURCO,ACEITE DE MOTOR 5W30 FULL SINTÉTICO,6,135.1,810.6,Vendedor 2
3946,2025-10-18,Cliente 10,SURCO,AMORTIGUADORES DELANTEROS,1,220.4,220.4,Vendedor 2
3947,2025-10-18,Cliente 10,SURCO,AMORTIGUADORES POSTERIORES,4,133.8,535.2,Vendedor 2
3948,2025-10-18,Cliente 45,LA MOLINA,"LLANTAS 18""",3,90.0,270.0,Vendedor 6
3949,2025-10-18,Cliente 28,LA MOLINA,BATERÍA DE 18 PLACAS,1,124.3,124.3,Vendedor 7
3950,2025-10-19,Cliente 46,LA MOLINA,ACEITE DE MOTOR 5W30 FULL SINTÉTICO,1,135.1,135.1,Vendedor 4
3951,2025-10-19,Cliente 24,SURCO,AMORTIGUADORES DELANTEROS,4,220.4,881.6,Vendedor 3
3952,2025-10-19,Cliente 23,SURCO,AMORTIGUADORES POSTERIORES,4,133.8,535.2,Vendedor 2
3953,2025-10-19,Cliente 17,SURCO,"LLANTAS 18""",1,90.0,90.0,Vendedor 7
3954,2025-10-19,Cliente 30,LA MOLINA,BATERÍA DE 18 PLACAS,1,124.3,124.3,Vendedor 7
3955,2025-10-20,Cliente 29,LA MOLINA,ACEITE DE MOTOR 5W30 FULL SINTÉTICO,6,135.1,810.6,Vendedor 3
3956,2025-10-20,Cliente 43,LA MOLINA,AMORTIGUADORES DELANTEROS,3,220.4,661.2,Vendedor 6
3957,2025-10-20,Cliente 1,SURCO,AMORTIGUADORES POSTERIORES,2,133.8,267.6,Vendedor 3
3958,2025-10-20,Cliente 6,LA MOLINA,"LLANTAS 18""",3,90.0,270.0,Vendedor 8
3959,2025-10-20,Cliente 3,SURCO,BATERÍA DE 18 PLACAS,2,124.3,248.6,Vendedor 3
3960,2025-10-21,Cliente 18,LA MOLINA,ACEITE DE MOTOR 5W30 FULL SINTÉTICO,2,135.1,270.2,Vendedor 4
3961,2025-10-21,Cliente 27,SURCO,AMORTIGUADORES DELANTEROS,5,220.4,1102.0,Vendedor 1
3962,2025-10-21,Cliente 46,LA MOLINA,AMORTIGUADORES POSTERIORES,1,133.8,133.8,Vendedor 6
3963,2025-10-21,Cliente 22,LA MOLINA,"LLANTAS 18""",4,90.0,360.0,Vendedor 1
3964,2025-10-21,Cliente 50,LA MOLINA,BATERÍA DE 18 PLACAS,1,124.3,124.3,Vendedor 9
3965,2025-10-22,Cliente 10,SURCO,ACEITE DE MOTOR 5W30 FULL SINTÉTICO,2,135.1,270.2,Vendedor 6
3966,2025-10-22,Cliente 34,LA MOLINA,AMORTIGUADORES DELANTEROS,3,220.4,661.2,Vendedor 7
3967,2025-10-22,Cliente 28,LA MOLINA,AMORTIGUADORES POSTERIORES,5,133.8,669.0,Vendedor 1
3968,2025-10-22,Cliente 35,SURCO,"LLANTAS 18""",5,90.0,450.0,Vendedor 8
3969,2025-10-22,Cliente 22,LA MOLINA,BATERÍA DE 18 PLACAS,1,124.3,124.3,Vendedor 1
3970,2025-10-23,Cliente 31,SURCO,ACEITE DE MOTOR 5W30 FULL SINTÉTICO,2,135.1,270.2,Vendedor 7
3971,2025-10-23,Cliente 21,LA MOLINA,AMORTIGUADORES POSTERIORES,1,133.8,133.8,Vendedor 10
3972,2025-10-23,Cliente 20,LA MOLINA,BATERÍA DE 18 PLACAS,1,124.3,124.3,Vendedor 1
3973,2025-10-24,Cliente 1,SURCO,BATERÍA DE 18 PLACAS,2,124.3,248.6,Vendedor 9
3974,2025-11-01,Cliente 42,LA MOLINA,AUTO HONDA ACCORD 2014,1,17500.0,17500.0,Vendedor 4
3975,2025-11-01,Cliente 2,LA MOLINA,AUTO HONDA CIVIC 2014,1,29500.0,29500.0,Vendedor 2
3976,2025-11-01,Cliente 48,SURCO,AUTO HONDA ODISSEY 2013,1,29000.0,29000.0,Vendedor 5
3977,2025-11-01,Cliente 43,SURCO,AUTO HONDA CRV 2014,1,29000.0,29000.0,Vendedor 5
3978,2025-11-01,Cliente 27,SURCO,AUTO HONDA FIT 2016,1,19500.0,19500.0,Vendedor 3
3979,2025-11-01,Cliente 47,SURCO,FILTRO DE COMBUSTIBLE,1,131.2,131.2,Vendedor 3
3980,2025-11-02,Cliente 35,LA MOLINA,AUTO HONDA ACCORD 2014,1,17500.0,17500.0,Vendedor 9
3981,2025-11-02,Cliente 5,SURCO,AUTO HONDA CIVIC 2014,1,29500.0,29500.0,Vendedor 3
3982,2025-11-02,Cliente 1,SURCO,AUTO HONDA ODISSEY 2013,1,29000.0,29000.0,Vendedor 4
3983,2025-11-02,Cliente 50,SURCO,AUTO HONDA CRV 2014,1,29000.0,29000.0,Vendedor 5
3984,2025-11-02,Cliente 8,SURCO,AUTO HONDA FIT 2016,1,19500.0,19500.0,Vendedor 8
3985,2025-11-02,Cliente 33,LA MOLINA,FILTRO DE COMBUSTIBLE,1,131.2,131.2,Vendedor 9
3986,2025-11-03,Cliente 43,LA MOLINA,AUTO HONDA ACCORD 2014,1,17500.0,17500.0,Vendedor 10
3987,2025-11-03,Cliente 6,LA MOLINA,AUTO HONDA CIVIC 2014,1,29500.0,29500.0,Vendedor 6
3988,2025-11-03,Cliente 23,SURCO,AUTO HONDA ODISSEY 2013,1,29000.0,29000.0,Vendedor 3
3989,2025-11-03,Cliente 13,LA MOLINA,AUTO HONDA CRV 2014,1,29000.0,29000.0,Vendedor 9
3990,2025-11-03,Cliente 40,SURCO,ACEITE DE MOTOR 5W30 FULL SINTÉTICO,2,131.3,262.6,Vendedor 2
3991,2025-11-03,Cliente 10,SURCO,AMORTIGUADORES DELANTEROS,1,284.8,284.8,Vendedor 6
3992,2025-11-03,Cliente 31,SURCO,AMORTIGUADORES POSTERIORES,1,112.6,112.6,Vendedor 6
3993,2025-11-03,Cliente 25,LA MOLINA,"LLANTAS 18""",1,90.5,90.5,Vendedor 7
3994,2025-11-03,Cliente 33,SURCO,BATERÍA DE 18 PLACAS,1,128.3,128.3,Vendedor 7
3995,2025-11-04,Cliente 11,SURCO,AUTO HONDA ACCORD 2014,1,17500.0,17500.0,Vendedor 4
3996,2025-11-04,Cliente 50,SURCO,AUTO HONDA CIVIC 2014,1,29500.0,29500.0,Vendedor 10
3997,2025-11-04,Cliente 48,SURCO,AUTO HONDA ODISSEY 2013,1,29000.0,29000.0,Vendedor 4
3998,2025-11-04,Cliente 36,LA MOLINA,AUTO HONDA CRV 2014,1,29000.0,29000.0,Vendedor 8
3999,2025-11-04,Cliente 42,LA MOLINA,ACEITE DE MOTOR 5W30 FULL SINTÉTICO,2,131.3,262.6,Vendedor 6
4000,2025-11-04,Cliente 3,SURCO,AMORTIGUADORES DELANTEROS,2,284.8,569.6,Vendedor 8
4001,2025-11-04,Cliente 37,SURCO,AMORTIGUADORES POSTERIORES,1,112.6,112.6,Vendedor 6
4002,2025-11-04,Cliente 42,LA MOLINA,"LLANTAS 18""",1,90.5,90.5,Vendedor 6
4003,2025-11-04,Cliente 48,LA MOLINA,BATERÍA DE 18 PLACAS,1,128.3,128.3,Vendedor 1
4004,2025-11-05,Cliente 30,LA MOLINA,AUTO HONDA ACCORD 2014,1,17500.0,17500.0,Vendedor 2
4005,2025-11-05,Cliente 7,SURCO,AUTO HONDA ODISSEY 2013,1,29000.0,29000.0,Vendedor 10
4006,2025-11-05,Cliente 38,SURCO,AUTO HONDA CRV 2014,1,29000.0,29000.0,Vendedor 3
4007,2025-11-05,Cliente 36,LA MOLINA,ACEITE DE MOTOR 5W30 FULL SINTÉTICO,2,131.3,262.6,Vendedor 9
4008,2025-11-05,Cliente 40,SURCO,AMORTIGUADORES DELANTEROS,3,284.8,854.4,Vendedor 1
4009,2025-11-05,Cliente 16,LA MOLINA,AMORTIGUADORES POSTERIORES,3,112.6,337.8,Vendedor 5
4010,2025-11-05,Cliente 19,LA MOLINA,"LLANTAS 18""",3,90.5,271.5,Vendedor 1
4011,2025-11-05,Cliente 4,SURCO,BATERÍA DE 18 PLACAS,1,128.3,128.3,Vendedor 5
4012,2025-11-06,Cliente 45,SURCO,AUTO HONDA ACCORD 2014,1,17500.0,17500.0,Vendedor 5
4013,2025-11-06,Cliente 18,SURCO,ACEITE DE MOTOR 5W30 FULL SINTÉTICO,2,131.3,262.6,Vendedor 6
4014,2025-11-06,Cliente 34,SURCO,AMORTIGUADORES DELANTEROS,4,284.8,1139.2,Vendedor 6
4015,2025-11-06,Cliente 20,LA MOLINA,AMORTIGUADORES POSTERIORES,1,112.6,112.6,Vendedor 5
4016,2025-11-06,Cliente 2,SURCO,"LLANTAS 18""",2,90.5,181.0,Vendedor 5
4017,2025-11-06,Cliente 12,LA MOLINA,BATERÍA DE 18 PLACAS,1,128.3,128.3,Vendedor 2
4018,2025-11-07,Cliente 34,SURCO,AUTO HONDA ACCORD 2014,1,17500.0,17500.0,Vendedor 10
4019,2025-11-07,Cliente 24,SURCO,ACEITE DE MOTOR 5W30 FULL SINTÉTICO,3,131.3,393.9,Vendedor 2
4020,2025-11-07,Cliente 50,LA MOLINA,AMORTIGUADORES DELANTEROS,1,284.8,284.8,Vendedor 6
4021,2025-11-07,Cliente 12,SURCO,AMORTIGUADORES POSTERIORES,2,112.6,225.2,Vendedor 10
4022,2025-11-07,Cliente 15,SURCO,"LLANTAS 18""",1,90.5,90.5,Vendedor 1
4023,2025-11-07,Cliente 20,LA MOLINA,BATERÍA DE 18 PLACAS,1,128.3,128.3,Vendedor 9
4024,2025-11-08,Cliente 46,SURCO,ACEITE DE MOTOR 5W30 FULL SINTÉTICO,3,131.3,393.9,Vendedor 9
4025,2025-11-08,Cliente 36,LA MOLINA,AMORTIGUADORES DELANTEROS,5,284.8,1424.0,Vendedor 5
4026,2025-11-08,Cliente 49,LA MOLINA,AMORTIGUADORES POSTERIORES,1,112.6,112.6,Vendedor 1
4027,2025-11-08,Cliente 6,LA MOLINA,"LLANTAS 18""",2,90.5,181.0,Vendedor 6
4028,2025-11-08,Cliente 48,LA MOLINA,BATERÍA DE 18 PLACAS,1,128.3,128.3,Vendedor 1
4029,2025-11-09,Cliente 5,SURCO,AUTO HONDA CIVIC 2014,1,29500.0,29500.0,Vendedor 2
4030,2025-11-09,Cliente 7,SURCO,AUTO HONDA PILOT 2013,1,30500.0,30500.0,Vendedor 8
4031,2025-11-09,Cliente 31,SURCO,AUTO HONDA FIT 2016,1,19500.0,19500.0,Vendedor 6
4032,2025-11-09,Cliente 17,LA MOLINA,ACEITE DE MOTOR 5W30 FULL SINTÉTICO,2,131.3,262.6,Vendedor 3
4033,2025-11-09,Cliente 6,LA MOLINA,AMORTIGUADORES DELANTEROS,4,284.8,1139.2,Vendedor 6
4034,2025-11-09,Cliente 42,SURCO,AMORTIGUADORES POSTERIORES,1,112.6,112.6,Vendedor 10
4035,2025-11-09,Cliente 41,SURCO,"LLANTAS 18""",3,90.5,271.5,Vendedor 1
4036,2025-11-09,Cliente 14,LA MOLINA,BATERÍA DE 18 PLACAS,1,128.3,128.3,Vendedor 3
4037,2025-11-10,Cliente 48,SURCO,AUTO HONDA CIVIC 2014,1,29500.0,29500.0,Vendedor 9
4038,2025-11-10,Cliente 27,SURCO,AUTO HONDA PILOT 2013,1,30500.0,30500.0,Vendedor 1
4039,2025-11-10,Cliente 37,SURCO,AUTO HONDA FIT 2016,1,19500.0,19500.0,Vendedor 4
4040,2025-11-10,Cliente 4,LA MOLINA,ACEITE DE MOTOR 5W30 FULL SINTÉTICO,2,131.3,262.6,Vendedor 7
4041,2025-11-10,Cliente 13,LA MOLINA,AMORTIGUADORES POSTERIORES,3,112.6,337.8,Vendedor 9
4042,2025-11-10,Cliente 9,LA MOLINA,"LLANTAS 18""",2,90.5,181.0,Vendedor 7
4043,2025-11-10,Cliente 18,SURCO,BATERÍA DE 18 PLACAS,2,128.3,256.6,Vendedor 4
4044,2025-11-11,Cliente 46,SURCO,AUTO HONDA PILOT 2013,1,30500.0,30500.0,Vendedor 7
4045,2025-11-11,Cliente 42,SURCO,AUTO HONDA FIT 2016,1,19500.0,19500.0,Vendedor 10
4046,2025-11-11,Cliente 8,LA MOLINA,ACEITE DE MOTOR 5W30 FULL SINTÉTICO,2,131.3,262.6,Vendedor 7
4047,2025-11-11,Cliente 45,LA MOLINA,AMORTIGUADORES POSTERIORES,1,112.6,112.6,Vendedor 3
4048,2025-11-11,Cliente 43,SURCO,"LLANTAS 18""",2,90.5,181.0,Vendedor 4
4049,2025-11-11,Cliente 15,SURCO,BATERÍA DE 18 PLACAS,1,128.3,128.3,Vendedor 4
4050,2025-11-12,Cliente 47,SURCO,AUTO HONDA PILOT 2013,1,30500.0,30500.0,Vendedor 2
4051,2025-11-12,Cliente 18,SURCO,AMORTIGUADORES POSTERIORES,1,112.6,112.6,Vendedor 2
4052,2025-11-12,Cliente 46,SURCO,"LLANTAS 18""",1,90.5,90.5,Vendedor 2
4053,2025-11-13,Cliente 29,SURCO,AMORTIGUADORES POSTERIORES,3,112.6,337.8,Vendedor 3
4054,2025-11-13,Cliente 24,SURCO,"LLANTAS 18""",1,90.5,90.5,Vendedor 6
4055,2025-11-14,Cliente 43,LA MOLINA,AMORTIGUADORES POSTERIORES,1,112.6,112.6,Vendedor 4
4056,2025-11-14,Cliente 25,LA MOLINA,"LLANTAS 18""",1,90.5,90.5,Vendedor 6
4057,2025-11-15,Cliente 28,SURCO,AMORTIGUADORES POSTERIORES,1,112.6,112.6,Vendedor 1
4058,2025-11-17,Cliente 14,LA MOLINA,ACEITE DE MOTOR 5W30 FULL SINTÉTICO,4,131.3,525.2,Vendedor 7
4059,2025-11-17,Cliente 19,SURCO,FILTRO DE COMBUSTIBLE,1,131.2,131.2,Vendedor 3
4060,2025-11-17,Cliente 12,LA MOLINA,AMORTIGUADORES DELANTEROS,5,284.8,1424.0,Vendedor 7
4061,2025-11-17,Cliente 49,LA MOLINA,AMORTIGUADORES POSTERIORES,1,112.6,112.6,Vendedor 9
4062,2025-11-17,Cliente 23,LA MOLINA,"LLANTAS 18""",1,90.5,90.5,Vendedor 5
4063,2025-11-17,Cliente 13,LA MOLINA,BATERÍA DE 18 PLACAS,1,128.3,128.3,Vendedor 5
4064,2025-11-18,Cliente 18,LA MOLINA,ACEITE DE MOTOR 5W30 FULL SINTÉTICO,4,131.3,525.2,Vendedor 3
4065,2025-11-18,Cliente 15,LA MOLINA,FILTRO DE COMBUSTIBLE,1,131.2,131.2,Vendedor 8
4066,2025-11-18,Cliente 50,SURCO,AMORTIGUADORES DELANTEROS,3,284.8,854.4,Vendedor 4
4067,2025-11-18,Cliente 15,LA MOLINA,AMORTIGUADORES POSTERIORES,4,112.6,450.4,Vendedor 9
4068,2025-11-18,Cliente 8,SURCO,"LLANTAS 18""",5,90.5,452.5,Vendedor 5
4069,2025-11-18,Cliente 45,LA MOLINA,BATERÍA DE 18 PLACAS,2,128.3,256.6,Vendedor 2
4070,2025-11-19,Cliente 48,LA MOLINA,ACEITE DE MOTOR 5W30 FULL SINTÉTICO,2,131.3,262.6,Vendedor 7
4071,2025-11-19,Cliente 37,SURCO,AMORTIGUADORES DELANTEROS,1,284.8,284.8,Vendedor 2
4072,2025-11-19,Cliente 17,LA MOLINA,AMORTIGUADORES POSTERIORES,2,112.6,225.2,Vendedor 4
4073,2025-11-19,Cliente 41,SURCO,"LLANTAS 18""",5,90.5,452.5,Vendedor 8
4074,2025-11-19,Cliente 10,SURCO,BATERÍA DE 18 PLACAS,3,128.3,384.9,Vendedor 1
4075,2025-11-20,Cliente 37,SURCO,ACEITE DE MOTOR 5W30 FULL SINTÉTICO,3,131.3,393.9,Vendedor 6
4076,2025-11-20,Cliente 13,LA MOLINA,AMORTIGUADORES DELANTEROS,1,284.8,284.8,Vendedor 3
4077,2025-11-20,Cliente 47,LA MOLINA,AMORTIGUADORES POSTERIORES,1,112.6,112.6,Vendedor 7
4078,2025-11-20,Cliente 38,LA MOLINA,"LLANTAS 18""",3,90.5,271.5,Vendedor 4
4079,2025-11-20,Cliente 43,LA MOLINA,BATERÍA DE 18 PLACAS,2,128.3,256.6,Vendedor 10
4080,2025-11-21,Cliente 7,SURCO,ACEITE DE MOTOR 5W30 FULL SINTÉTICO,5,131.3,656.5,Vendedor 7
4081,2025-11-21,Cliente 16,SURCO,AMORTIGUADORES DELANTEROS,6,284.8,1708.8,Vendedor 6
4082,2025-11-21,Cliente 23,LA MOLINA,AMORTIGUADORES POSTERIORES,1,112.6,112.6,Vendedor 8
4083,2025-11-21,Cliente 32,LA MOLINA,"LLANTAS 18""",2,90.5,181.0,Vendedor 4
4084,2025-11-21,Cliente 45,SURCO,BATERÍA DE 18 PLACAS,2,128.3,256.6,Vendedor 2
4085,2025-11-22,Cliente 15,SURCO,ACEITE DE MOTOR 5W30 FULL SINTÉTICO,1,131.3,131.3,Vendedor 7
4086,2025-11-22,Cliente 30,LA MOLINA,AMORTIGUADORES DELANTEROS,1,284.8,284.8,Vendedor 7
4087,2025-11-22,Cliente 7,SURCO,AMORTIGUADORES POSTERIORES,5,112.6,563.0,Vendedor 9
4088,2025-11-22,Cliente 15,LA MOLINA,"LLANTAS 18""",4,90.5,362.0,Vendedor 4
4089,2025-11-23,Cliente 3,SURCO,ACEITE DE MOTOR 5W30 FULL SINTÉTICO,1,131.3,131.3,Vendedor 5
4090,2025-11-23,Cliente 8,LA MOLINA,AMORTIGUADORES DELANTEROS,1,284.8,284.8,Vendedor 5
4091,2025-11-23,Cliente 14,LA MOLINA,AMORTIGUADORES POSTERIORES,1,112.6,112.6,Vendedor 2
4092,2025-11-24,Cliente 39,LA MOLINA,AMORTIGUADORES DELANTEROS,2,284.8,569.6,Vendedor 9
4093,2025-11-24,Cliente 3,SURCO,AMORTIGUADORES POSTERIORES,4,112.6,450.4,Vendedor 8
4094,2025-12-01,Cliente 4,LA MOLINA,AUTO HONDA ACCORD 2014,1,22000.0,22000.0,Vendedor 8
4095,2025-12-01,Cliente 40,SURCO,AUTO HONDA CIVIC 2014,1,29500.0,29500.0,Vendedor 3
4096,2025-12-01,Cliente 8,LA MOLINA,AUTO HONDA ODISSEY 2013,1,26000.0,26000.0,Vendedor 4
4097,2025-12-01,Cliente 41,LA MOLINA,AUTO HONDA CRV 2014,1,26500.0,26500.0,Vendedor 5
4098,2025-12-01,Cliente 10,SURCO,AUTO HONDA CITY 2016,1,26000.0,26000.0,Vendedor 2
4099,2025-12-02,Cliente 11,SURCO,AUTO HONDA ACCORD 2014,1,22000.0,22000.0,Vendedor 6
4100,2025-12-02,Cliente 35,LA MOLINA,AUTO HONDA CIVIC 2014,1,29500.0,29500.0,Vendedor 3
4101,2025-12-02,Cliente 7,LA MOLINA,AUTO HONDA ODISSEY 2013,1,26000.0,26000.0,Vendedor 2
4102,2025-12-02,Cliente 14,SURCO,AUTO HONDA CRV 2014,1,26500.0,26500.0,Vendedor 2
4103,2025-12-02,Cliente 27,SURCO,AUTO HONDA CITY 2016,1,26000.0,26000.0,Vendedor 2
4104,2025-12-03,Cliente 18,SURCO,AUTO HONDA ACCORD 2014,1,22000.0,22000.0,Vendedor 9
4105,2025-12-03,Cliente 29,LA MOLINA,AUTO HONDA CIVIC 2014,1,29500.0,29500.0,Vendedor 3
4106,2025-12-03,Cliente 29,LA MOLINA,AUTO HONDA ODISSEY 2013,1,26000.0,26000.0,Vendedor 7
4107,2025-12-03,Cliente 40,SURCO,AUTO HONDA CRV 2014,1,26500.0,26500.0,Vendedor 8
4108,2025-12-03,Cliente 21,SURCO,AUTO HONDA CITY 2016,1,26000.0,26000.0,Vendedor 5
4109,2025-12-03,Cliente 13,SURCO,ACEITE DE MOTOR 5W30 FULL SINTÉTICO,2,106.0,212.0,Vendedor 7
4110,2025-12-03,Cliente 25,LA MOLINA,FILTRO DE COMBUSTIBLE,1,104.1,104.1,Vendedor 9
4111,2025-12-03,Cliente 38,SURCO,AMORTIGUADORES DELANTEROS,4,211.4,845.6,Vendedor 2
4112,2025-12-03,Cliente 4,SURCO,AMORTIGUADORES POSTERIORES,3,136.6,409.8,Vendedor 4
4113,2025-12-03,Cliente 36,SURCO,"LLANTAS 18""",1,51.1,51.1,Vendedor 8
4114,2025-12-03,Cliente 42,LA MOLINA,BATERÍA DE 18 PLACAS,1,93.9,93.9,Vendedor 10
4115,2025-12-04,Cliente 4,LA MOLINA,AUTO HONDA CIVIC 2014,1,29500.0,29500.0,Vendedor 9
4116,2025-12-04,Cliente 35,LA MOLINA,AUTO HONDA ODISSEY 2013,1,26000.0,26000.0,Vendedor 4
4117,2025-12-04,Cliente 16,LA MOLINA,AUTO HONDA CRV 2014,1,26500.0,26500.0,Vendedor 1
4118,2025-12-04,Cliente 16,SURCO,AUTO HONDA CITY 2016,1,26000.0,26000.0,Vendedor 9
4119,2025-12-04,Cliente 34,LA MOLINA,ACEITE DE MOTOR 5W30 FULL SINTÉTICO,1,106.0,106.0,Vendedor 9
4120,2025-12-04,Cliente 17,SURCO,FILTRO DE COMBUSTIBLE,1,104.1,104.1,Vendedor 5
4121,2025-12-04,Cliente 12,SURCO,AMORTIGUADORES DELANTEROS,3,211.4,634.2,Vendedor 1
4122,2025-12-04,Cliente 14,LA MOLINA,AMORTIGUADORES POSTERIORES,2,136.6,273.2,Vendedor 3
4123,2025-12-04,Cliente 34,SURCO,"LLANTAS 18""",1,51.1,51.1,Vendedor 3
4124,2025-12-04,Cliente 5,LA MOLINA,BATERÍA DE 18 PLACAS,1,93.9,93.9,Vendedor 7
4125,2025-12-05,Cliente 48,LA MOLINA,AUTO HONDA ODISSEY 2013,1,26000.0,26000.0,Vendedor 6
4126,2025-12-05,Cliente 11,LA MOLINA,AUTO HONDA CRV 2014,1,26500.0,26500.0,Vendedor 5
4127,2025-12-05,Cliente 2,SURCO,AUTO HONDA CITY 2016,1,26000.0,26000.0,Vendedor 1
4128,2025-12-05,Cliente 50,SURCO,ACEITE DE MOTOR 5W30 FULL SINTÉTICO,1,106.0,106.0,Vendedor 1
4129,2025-12-05,Cliente 21,SURCO,AMORTIGUADORES DELANTEROS,1,211.4,211.4,Vendedor 3
4130,2025-12-05,Cliente 6,SURCO,AMORTIGUADORES POSTERIORES,3,136.6,409.8,Vendedor 4
4131,2025-12-05,Cliente 29,SURCO,"LLANTAS 18""",2,51.1,102.2,Vendedor 9
4132,2025-12-05,Cliente 4,LA MOLINA,BATERÍA DE 18 PLACAS,1,93.9,93.9,Vendedor 10
4133,2025-12-06,Cliente 23,SURCO,ACEITE DE MOTOR 5W30 FULL SINTÉTICO,1,106.0,106.0,Vendedor 6
4134,2025-12-06,Cliente 33,SURCO,AMORTIGUADORES DELANTEROS,2,211.4,422.8,Vendedor 5
4135,2025-12-06,Cliente 11,LA MOLINA,AMORTIGUADORES POSTERIORES,2,136.6,273.2,Vendedor 2
4136,2025-12-06,Cliente 19,LA MOLINA,"LLANTAS 18""",1,51.1,51.1,Vendedor 8
4137,2025-12-06,Cliente 10,SURCO,BATERÍA DE 18 PLACAS,1,93.9,93.9,Vendedor 3
4138,2025-12-07,Cliente 21,SURCO,ACEITE DE MOTOR 5W30 FULL SINTÉTICO,3,106.0,318.0,Vendedor 7
4139,2025-12-07,Cliente 33,LA MOLINA,AMORTIGUADORES DELANTEROS,4,211.4,845.6,Vendedor 7
4140,2025-12-07,Cliente 3,SURCO,AMORTIGUADORES POSTERIORES,2,136.6,273.2,Vendedor 10
4141,2025-12-07,Cliente 43,SURCO,"LLANTAS 18""",1,51.1,51.1,Vendedor 5
4142,2025-12-07,Cliente 25,SURCO,BATERÍA DE 18 PLACAS,1,93.9,93.9,Vendedor 6
4143,2025-12-08,Cliente 24,SURCO,ACEITE DE MOTOR 5W30 FULL SINTÉTICO,3,106.0,318.0,Vendedor 9
4144,2025-12-08,Cliente 26,LA MOLINA,AMORTIGUADORES DELANTEROS,3,211.4,634.2,Vendedor 7
4145,2025-12-08,Cliente 16,SURCO,AMORTIGUADORES POSTERIORES,2,136.6,273.2,Vendedor 7
4146,2025-12-08,Cliente 33,LA MOLINA,"LLANTAS 18""",1,51.1,51.1,Vendedor 4
4147,2025-12-08,Cliente 24,LA MOLINA,BATERÍA DE 18 PLACAS,1,93.9,93.9,Vendedor 1
4148,2025-12-09,Cliente 11,LA MOLINA,ACEITE DE MOTOR 5W30 FULL SINTÉTICO,3,106.0,318.0,Vendedor 10
4149,2025-12-09,Cliente 36,LA MOLINA,AMORTIGUADORES DELANTEROS,3,211.4,634.2,Vendedor 1
4150,2025-12-09,Cliente 4,LA MOLINA,AMORTIGUADORES POSTERIORES,3,136.6,409.8,Vendedor 7
4151,2025-12-09,Cliente 27,SURCO,"LLANTAS 18""",1,51.1,51.1,Vendedor 10
4152,2025-12-09,Cliente 40,LA MOLINA,BATERÍA DE 18 PLACAS,1,93.9,93.9,Vendedor 6
4153,2025-12-10,Cliente 50,SURCO,AUTO HONDA ACCORD 2014,1,22000.0,22000.0,Vendedor 10
4154,2025-12-10,Cliente 9,SURCO,AUTO HONDA CIVIC 2014,1,29500.0,29500.0,Vendedor 2
4155,2025-12-10,Cliente 18,SURCO,AUTO HONDA FIT 2016,1,22500.0,22500.0,Vendedor 1
4156,2025-12-10,Cliente 17,LA MOLINA,ACEITE DE MOTOR 5W30 FULL SINTÉTICO,1,106.0,106.0,Vendedor 9
4157,2025-12-10,Cliente 17,LA MOLINA,AMORTIGUADORES POSTERIORES,3,136.6,409.8,Vendedor 5
4158,2025-12-10,Cliente 32,LA MOLINA,"LLANTAS 18""",1,51.1,51.1,Vendedor 4
4159,2025-12-10,Cliente 25,SURCO,BATERÍA DE 18 PLACAS,1,93.9,93.9,Vendedor 4
4160,2025-12-11,Cliente 26,SURCO,AUTO HONDA ACCORD 2014,1,22000.0,22000.0,Vendedor 5
4161,2025-12-11,Cliente 10,SURCO,AUTO HONDA FIT 2016,1,22500.0,22500.0,Vendedor 2
4162,2025-12-11,Cliente 40,LA MOLINA,ACEITE DE MOTOR 5W30 FULL SINTÉTICO,2,106.0,212.0,Vendedor 5
4163,2025-12-11,Cliente 20,LA MOLINA,"LLANTAS 18""",2,51.1,102.2,Vendedor 3
4164,2025-12-11,Cliente 16,SURCO,BATERÍA DE 18 PLACAS,1,93.9,93.9,Vendedor 7
4165,2025-12-12,Cliente 24,SURCO,AUTO HONDA ACCORD 2014,1,22000.0,22000.0,Vendedor 9
4166,2025-12-12,Cliente 14,SURCO,AUTO HONDA FIT 2016,1,22500.0,22500.0,Vendedor 2
4167,2025-12-12,Cliente 6,LA MOLINA,ACEITE DE MOTOR 5W30 FULL SINTÉTICO,3,106.0,318.0,Vendedor 8
4168,2025-12-12,Cliente 11,LA MOLINA,"LLANTAS 18""",2,51.1,102.2,Vendedor 6
4169,2025-12-12,Cliente 49,SURCO,BATERÍA DE 18 PLACAS,1,93.9,93.9,Vendedor 5
4170,2025-12-13,Cliente 22,LA MOLINA,"LLANTAS 18""",1,51.1,51.1,Vendedor 9
4171,2025-12-14,Cliente 43,SURCO,"LLANTAS 18""",1,51.1,51.1,Vendedor 2
4172,2025-12-15,Cliente 19,LA MOLINA,"LLANTAS 18""",2,51.1,102.2,Vendedor 9
4173,2025-12-16,Cliente 24,SURCO,"LLANTAS 18""",1,51.1,51.1,Vendedor 4
4174,2025-12-17,Cliente 18,SURCO,ACEITE DE MOTOR 5W30 FULL SINTÉTICO,5,106.0,530.0,Vendedor 6
4175,2025-12-17,Cliente 30,SURCO,FILTRO DE COMBUSTIBLE,1,104.1,104.1,Vendedor 10
4176,2025-12-17,Cliente 44,SURCO,AMORTIGUADORES DELANTEROS,6,211.4,1268.4,Vendedor 6
4177,2025-12-17,Cliente 44,LA MOLINA,AMORTIGUADORES POSTERIORES,1,136.6,136.6,Vendedor 1
4178,2025-12-17,Cliente 14,SURCO,"LLANTAS 18""",2,51.1,102.2,Vendedor 4
4179,2025-12-17,Cliente 13,LA MOLINA,BATERÍA DE 18 PLACAS,1,93.9,93.9,Vendedor 9
4180,2025-12-18,Cliente 46,LA MOLINA,ACEITE DE MOTOR 5W30 FULL SINTÉTICO,3,106.0,318.0,Vendedor 2
4181,2025-12-18,Cliente 47,LA MOLINA,FILTRO DE COMBUSTIBLE,1,104.1,104.1,Vendedor 4
4182,2025-12-18,Cliente 7,SURCO,AMORTIGUADORES DELANTEROS,4,211.4,845.6,Vendedor 2
4183,2025-12-18,Cliente 34,LA MOLINA,AMORTIGUADORES POSTERIORES,1,136.6,136.6,Vendedor 8
4184,2025-12-18,Cliente 39,SURCO,"LLANTAS 18""",1,51.1,51.1,Vendedor 4
4185,2025-12-18,Cliente 41,SURCO,BATERÍA DE 18 PLACAS,1,93.9,93.9,Vendedor 4
4186,2025-12-19,Cliente 9,SURCO,ACEITE DE MOTOR 5W30 FULL SINTÉTICO,4,106.0,424.0,Vendedor 7
4187,2025-12-19,Cliente 15,LA MOLINA,AMORTIGUADORES DELANTEROS,6,211.4,1268.4,Vendedor 1
4188,2025-12-19,Cliente 47,SURCO,AMORTIGUADORES POSTERIORES,4,136.6,546.4,Vendedor 2
4189,2025-12-19,Cliente 49,LA MOLINA,"LLANTAS 18""",1,51.1,51.1,Vendedor 6
4190,2025-12-19,Cliente 30,SURCO,BATERÍA DE 18 PLACAS,2,93.9,187.8,Vendedor 9
4191,2025-12-20,Cliente 1,SURCO,ACEITE DE MOTOR 5W30 FULL SINTÉTICO,1,106.0,106.0,Vendedor 3
4192,2025-12-20,Cliente 2,LA MOLINA,AMORTIGUADORES DELANTEROS,2,211.4,422.8,Vendedor 10
4193,2025-12-20,Cliente 50,LA MOLINA,AMORTIGUADORES POSTERIORES,1,136.6,136.6,Vendedor 7
4194,2025-12-20,Cliente 39,SURCO,"LLANTAS 18""",1,51.1,51.1,Vendedor 9
4195,2025-12-20,Cliente 45,SURCO,BATERÍA DE 18 PLACAS,1,93.9,93.9,Vendedor 7
4196,2025-12-21,Cliente 41,LA MOLINA,ACEITE DE MOTOR 5W30 FULL SINTÉTICO,6,106.0,636.0,Vendedor 8
4197,2025-12-21,Cliente 39,LA MOLINA,AMORTIGUADORES DELANTEROS,2,211.4,422.8,Vendedor 2
4198,2025-12-21,Cliente 40,SURCO,AMORTIGUADORES POSTERIORES,4,136.6,546.4,Vendedor 4
4199,2025-12-21,Cliente 40,LA MOLINA,"LLANTAS 18""",2,51.1,102.2,Vendedor 6
4200,2025-12-21,Cliente 5,SURCO,BATERÍA DE 18 PLACAS,1,93.9,93.9,Vendedor 5
4201,2025-12-22,Cliente 34,LA MOLINA,ACEITE DE MOTOR 5W30 FULL SINTÉTICO,1,106.0,106.0,Vendedor 10
4202,2025-12-22,Cliente 15,LA MOLINA,AMORTIGUADORES POSTERIORES,1,136.6,136.6,Vendedor 4
4203,2025-12-22,Cliente 22,LA MOLINA,"LLANTAS 18""",2,51.1,102.2,Vendedor 1
4204,2025-12-22,Cliente 13,LA MOLINA,BATERÍA DE 18 PLACAS,1,93.9,93.9,Vendedor 3
4205,2025-12-23,Cliente 5,SURCO,AMORTIGUADORES POSTERIORES,2,136.6,273.2,Vendedor 4
4206,2025-12-23,Cliente 22,LA MOLINA,"LLANTAS 18""",2,51.1,102.2,Vendedor 6
4207,2025-12-23,Cliente 6,LA MOLINA,BATERÍA DE 18 PLACAS,2,93.9,187.8,Vendedor 5
4208,2025-12-24,Cliente 48,LA MOLINA,AMORTIGUADORES POSTERIORES,2,136.6,273.2,Vendedor 1
4209,2025-12-24,Cliente 50,SURCO,"LLANTAS 18""",2,51.1,102.2,Vendedor 6
4210,2025-12-24,Cliente 26,LA MOLINA,BATERÍA DE 18 PLACAS,1,93.9,93.9,Vendedor 7
4211,2025-12-25,Cliente 8,LA MOLINA,AMORTIGUADORES POSTERIORES,1,136.6,136.6,Vendedor 3
4212,2025-12-25,Cliente 3,SURCO,"LLANTAS 18""",2,51.1,102.2,Vendedor 4
4213,2025-12-26,Cliente 26,LA MOLINA,AMORTIGUADORES POSTERIORES,3,136.6,409.8,Vendedor 10
4214,2025-12-26,Cliente 25,SURCO,"LLANTAS 18""",1,51.1,51.1,Vendedor 3
4215,2025-12-27,Cliente 12,LA MOLINA,"LLANTAS 18""",1,51.1,51.1,Vendedor 4
